"ID","Type","Workspace","PrimaryRoute","ImplementationClass","ImplementationStatus","OwnerAction","RepositoryObjects","MutationContract","Projection","GraphBacklinkProof","ReceiptAuditProof","DataControlProof","PolicyBoundary","Tests","ManualAuditNotes","EvidencePath","LastVerifiedAt"
"C01-001","Функция","Core / invisible OS spine","/app/system","P0-kernel","planned","","LifeObject, SourceRef, Receipt, AuditEvent, PolicyBoundary, GraphEdge","","","","","","","","","",""
"C01-002","Качество","Providers","/app/providers","Guard-only","planned-guard","","ProviderBoundary, ModelProfile, MediaTranscriptJob, ScreenSession, DeviceSyncState","","","","","","","","","",""
"C01-003","Функция","Inbox","/app/inbox","P1-corridor","planned","","Source, SourcePacket, Attachment, ImportJob, CaptureDraft","","","","","","","","","",""
"C01-004","Функция","Core / invisible OS spine","/app/system","P0-kernel","planned","","LifeObject, SourceRef, Receipt, AuditEvent, PolicyBoundary, GraphEdge","","","","","","","","","",""
"C01-005","Качество","Core / invisible OS spine","/app/system","Guard-only","planned-guard","","LifeObject, SourceRef, Receipt, AuditEvent, PolicyBoundary, GraphEdge","","","","","","","","","",""
"C01-006","Качество","Core / invisible OS spine","/app/system","Guard-only","planned-guard","","LifeObject, SourceRef, Receipt, AuditEvent, PolicyBoundary, GraphEdge","","","","","","","","","",""
"C01-007","Качество","Core / invisible OS spine","/app/system","Guard-only","planned-guard","","LifeObject, SourceRef, Receipt, AuditEvent, PolicyBoundary, GraphEdge","","","","","","","","","",""
"C01-008","Качество","Core / invisible OS spine","/app/system","Guard-only","planned-guard","","LifeObject, SourceRef, Receipt, AuditEvent, PolicyBoundary, GraphEdge","","","","","","","","","",""
"C01-009","Минус","Plan","/app/plan","Guard-only","planned-guard","","Task, Project, CalendarBlock, PlannerBlock, FocusSession, WeekPlan","","","","","","","","","",""
"C01-010","Минус","Core / invisible OS spine","/app/system","Guard-only","planned-guard","","LifeObject, SourceRef, Receipt, AuditEvent, PolicyBoundary, GraphEdge","","","","","","","","","",""
"C01-011","Минус","Core / invisible OS spine","/app/system","Guard-only","planned-guard","","LifeObject, SourceRef, Receipt, AuditEvent, PolicyBoundary, GraphEdge","","","","","","","","","",""
"C01-012","Минус","Core / invisible OS spine","/app/system","Guard-only","planned-guard","","LifeObject, SourceRef, Receipt, AuditEvent, PolicyBoundary, GraphEdge","","","","","","","","","",""
"C01-013","Минус","Core / invisible OS spine","/app/system","Guard-only","planned-guard","","LifeObject, SourceRef, Receipt, AuditEvent, PolicyBoundary, GraphEdge","","","","","","","","","",""
"C01-014","Качество","Core / invisible OS spine","/app/system","Guard-only","planned-guard","","LifeObject, SourceRef, Receipt, AuditEvent, PolicyBoundary, GraphEdge","","","","","","","","","",""
"C01-015","Качество","Core / invisible OS spine","/app/system","Guard-only","planned-guard","","LifeObject, SourceRef, Receipt, AuditEvent, PolicyBoundary, GraphEdge","","","","","","","","","",""
"C01-016","Качество","Core / invisible OS spine","/app/system","Guard-only","planned-guard","","LifeObject, SourceRef, Receipt, AuditEvent, PolicyBoundary, GraphEdge","","","","","","","","","",""
"C01-017","Качество","Core / invisible OS spine","/app/system","Guard-only","planned-guard","","LifeObject, SourceRef, Receipt, AuditEvent, PolicyBoundary, GraphEdge","","","","","","","","","",""
"C01-018","Качество","Core / invisible OS spine","/app/system","Guard-only","planned-guard","","LifeObject, SourceRef, Receipt, AuditEvent, PolicyBoundary, GraphEdge","","","","","","","","","",""
"C01-019","Качество","Core / invisible OS spine","/app/system","Guard-only","planned-guard","","LifeObject, SourceRef, Receipt, AuditEvent, PolicyBoundary, GraphEdge","","","","","","","","","",""
"C01-020","Функция","Core / invisible OS spine","/app/system","P0-kernel","planned","","LifeObject, SourceRef, Receipt, AuditEvent, PolicyBoundary, GraphEdge","","","","","","","","","",""
"C02-001","Качество","Inbox","/app/inbox","Guard-only","planned-guard","","Source, SourcePacket, Attachment, ImportJob, CaptureDraft","","","","","","","","","",""
"C02-002","Качество","Providers","/app/providers","Guard-only","planned-guard","","ProviderBoundary, ModelProfile, MediaTranscriptJob, ScreenSession, DeviceSyncState","","","","","","","","","",""
"C02-003","Качество","Inbox","/app/inbox","Guard-only","planned-guard","","Source, SourcePacket, Attachment, ImportJob, CaptureDraft","","","","","","","","","",""
"C02-004","Качество","Inbox","/app/inbox","Guard-only","planned-guard","","Source, SourcePacket, Attachment, ImportJob, CaptureDraft","","","","","","","","","",""
"C02-005","Качество","Inbox","/app/inbox","Guard-only","planned-guard","","Source, SourcePacket, Attachment, ImportJob, CaptureDraft","","","","","","","","","",""
"C02-006","Функция","Inbox","/app/inbox","P2-expand","planned","","Source, SourcePacket, Attachment, ImportJob, CaptureDraft","","","","","","","","","",""
"C02-007","Функция","Inbox","/app/inbox","P2-expand","planned","","Source, SourcePacket, Attachment, ImportJob, CaptureDraft","","","","","","","","","",""
"C02-008","Функция","Packs","/app/packs","P3-domain","deferred-after-kernel","","PackManifest, CustomObjectType, Template, BuilderBlock, InstallImpact","","","","","","","","","",""
"C02-009","Функция","Domains","/app/domains","P3-domain","deferred-after-kernel","","HealthSignal, Routine, Relationship, HomeItem, MoneyEvent, Trip, Meal, DomainPack","","","","","","","","","",""
"C02-010","Функция","Agents","/app/agents","P2-expand","planned","","AgentManifest, ToolScope, WorkflowManifest, WorkflowRunPreview, ActionProposal","","","","","","","","","",""
"C02-011","Функция","Agents","/app/agents","P2-expand","planned","","AgentManifest, ToolScope, WorkflowManifest, WorkflowRunPreview, ActionProposal","","","","","","","","","",""
"C02-012","Функция","Packs","/app/packs","P3-domain","deferred-after-kernel","","PackManifest, CustomObjectType, Template, BuilderBlock, InstallImpact","","","","","","","","","",""
"C02-013","Функция","Inbox","/app/inbox","P2-expand","planned","","Source, SourcePacket, Attachment, ImportJob, CaptureDraft","","","","","","","","","",""
"C02-014","Функция","Inbox","/app/inbox","P2-expand","planned","","Source, SourcePacket, Attachment, ImportJob, CaptureDraft","","","","","","","","","",""
"C02-015","Функция","Inbox","/app/inbox","P2-expand","planned","","Source, SourcePacket, Attachment, ImportJob, CaptureDraft","","","","","","","","","",""
"C02-016","Функция","Inbox","/app/inbox","P2-expand","planned","","Source, SourcePacket, Attachment, ImportJob, CaptureDraft","","","","","","","","","",""
"C02-017","Функция","Inbox","/app/inbox","P2-expand","planned","","Source, SourcePacket, Attachment, ImportJob, CaptureDraft","","","","","","","","","",""
"C02-018","Функция","Inbox","/app/inbox","P2-expand","planned","","Source, SourcePacket, Attachment, ImportJob, CaptureDraft","","","","","","","","","",""
"C02-019","Функция","Inbox","/app/inbox","P2-expand","planned","","Source, SourcePacket, Attachment, ImportJob, CaptureDraft","","","","","","","","","",""
"C02-020","Функция","Inbox","/app/inbox","P2-expand","planned","","Source, SourcePacket, Attachment, ImportJob, CaptureDraft","","","","","","","","","",""
"C02-021","Функция","Domains","/app/domains","P3-domain","deferred-after-kernel","","HealthSignal, Routine, Relationship, HomeItem, MoneyEvent, Trip, Meal, DomainPack","","","","","","","","","",""
"C02-022","Функция","Inbox","/app/inbox","P2-expand","planned","","Source, SourcePacket, Attachment, ImportJob, CaptureDraft","","","","","","","","","",""
"C02-023","Функция","Graph","/app/graph","P2-expand","planned","","GraphNode, GraphEdge, Entity, EntityCandidate, RelationshipReason","","","","","","","","","",""
"C02-024","Минус","Control","/app/control","Guard-only","planned-guard","","Receipt, DataControlItem, AuditEvent, ExportJob, DeletePreview, PrivacyZone, PermissionGrant","","","","","","","","","",""
"C02-025","Минус","Inbox","/app/inbox","Guard-only","planned-guard","","Source, SourcePacket, Attachment, ImportJob, CaptureDraft","","","","","","","","","",""
"C02-026","Минус","Inbox","/app/inbox","Guard-only","planned-guard","","Source, SourcePacket, Attachment, ImportJob, CaptureDraft","","","","","","","","","",""
"C02-027","Минус","Inbox","/app/inbox","Guard-only","planned-guard","","Source, SourcePacket, Attachment, ImportJob, CaptureDraft","","","","","","","","","",""
"C02-028","Минус","Inbox","/app/inbox","Guard-only","planned-guard","","Source, SourcePacket, Attachment, ImportJob, CaptureDraft","","","","","","","","","",""
"C02-029","Функция","Providers","/app/providers","Blocked-provider","blocked-provider","","ProviderBoundary, ModelProfile, MediaTranscriptJob, ScreenSession, DeviceSyncState","","","","","","","","","",""
"C02-030","Функция","Providers","/app/providers","Blocked-provider","blocked-provider","","ProviderBoundary, ModelProfile, MediaTranscriptJob, ScreenSession, DeviceSyncState","","","","","","","","","",""
"C02-031","Функция","Today","/app/today","P2-expand","planned","","TodayPage, DailyReview, JournalEntry, NextAction, RecoveryPlan","","","","","","","","","",""
"C02-032","Функция","Plan","/app/plan","P2-expand","planned","","Task, Project, CalendarBlock, PlannerBlock, FocusSession, WeekPlan","","","","","","","","","",""
"C02-033","Качество","Core / invisible OS spine","/app/system","Guard-only","planned-guard","","LifeObject, SourceRef, Receipt, AuditEvent, PolicyBoundary, GraphEdge","","","","","","","","","",""
"C02-034","Функция","Agents","/app/agents","P2-expand","planned","","AgentManifest, ToolScope, WorkflowManifest, WorkflowRunPreview, ActionProposal","","","","","","","","","",""
"C02-035","Функция","Inbox","/app/inbox","P2-expand","planned","","Source, SourcePacket, Attachment, ImportJob, CaptureDraft","","","","","","","","","",""
"C02-036","Качество","Inbox","/app/inbox","Guard-only","planned-guard","","Source, SourcePacket, Attachment, ImportJob, CaptureDraft","","","","","","","","","",""
"C03-001","Качество","Inbox","/app/inbox","Guard-only","planned-guard","","Source, SourcePacket, Attachment, ImportJob, CaptureDraft","","","","","","","","","",""
"C03-002","Качество","Inbox","/app/inbox","Guard-only","planned-guard","","Source, SourcePacket, Attachment, ImportJob, CaptureDraft","","","","","","","","","",""
"C03-003","Качество","Inbox","/app/inbox","Guard-only","planned-guard","","Source, SourcePacket, Attachment, ImportJob, CaptureDraft","","","","","","","","","",""
"C03-004","Качество","Inbox","/app/inbox","Guard-only","planned-guard","","Source, SourcePacket, Attachment, ImportJob, CaptureDraft","","","","","","","","","",""
"C03-005","Качество","Inbox","/app/inbox","Guard-only","planned-guard","","Source, SourcePacket, Attachment, ImportJob, CaptureDraft","","","","","","","","","",""
"C03-006","Качество","Inbox","/app/inbox","Guard-only","planned-guard","","Source, SourcePacket, Attachment, ImportJob, CaptureDraft","","","","","","","","","",""
"C03-007","Функция","Inbox","/app/inbox","P1-corridor","planned","","Source, SourcePacket, Attachment, ImportJob, CaptureDraft","","","","","","","","","",""
"C03-008","Функция","Inbox","/app/inbox","P2-expand","planned","","Source, SourcePacket, Attachment, ImportJob, CaptureDraft","","","","","","","","","",""
"C03-009","Функция","Inbox","/app/inbox","P2-expand","planned","","Source, SourcePacket, Attachment, ImportJob, CaptureDraft","","","","","","","","","",""
"C03-010","Функция","Inbox","/app/inbox","P2-expand","planned","","Source, SourcePacket, Attachment, ImportJob, CaptureDraft","","","","","","","","","",""
"C03-011","Функция","Inbox","/app/inbox","P2-expand","planned","","Source, SourcePacket, Attachment, ImportJob, CaptureDraft","","","","","","","","","",""
"C03-012","Функция","Inbox","/app/inbox","P2-expand","planned","","Source, SourcePacket, Attachment, ImportJob, CaptureDraft","","","","","","","","","",""
"C03-013","Функция","Inbox","/app/inbox","P1-corridor","planned","","Source, SourcePacket, Attachment, ImportJob, CaptureDraft","","","","","","","","","",""
"C03-014","Функция","Inbox","/app/inbox","P2-expand","planned","","Source, SourcePacket, Attachment, ImportJob, CaptureDraft","","","","","","","","","",""
"C03-015","Функция","Inbox","/app/inbox","P2-expand","planned","","Source, SourcePacket, Attachment, ImportJob, CaptureDraft","","","","","","","","","",""
"C03-016","Функция","Inbox","/app/inbox","P2-expand","planned","","Source, SourcePacket, Attachment, ImportJob, CaptureDraft","","","","","","","","","",""
"C03-017","Функция","Inbox","/app/inbox","P2-expand","planned","","Source, SourcePacket, Attachment, ImportJob, CaptureDraft","","","","","","","","","",""
"C03-018","Функция","Inbox","/app/inbox","P2-expand","planned","","Source, SourcePacket, Attachment, ImportJob, CaptureDraft","","","","","","","","","",""
"C03-019","Функция","Inbox","/app/inbox","P2-expand","planned","","Source, SourcePacket, Attachment, ImportJob, CaptureDraft","","","","","","","","","",""
"C03-020","Функция","Inbox","/app/inbox","P2-expand","planned","","Source, SourcePacket, Attachment, ImportJob, CaptureDraft","","","","","","","","","",""
"C03-021","Функция","Inbox","/app/inbox","P2-expand","planned","","Source, SourcePacket, Attachment, ImportJob, CaptureDraft","","","","","","","","","",""
"C03-022","Функция","Inbox","/app/inbox","P2-expand","planned","","Source, SourcePacket, Attachment, ImportJob, CaptureDraft","","","","","","","","","",""
"C03-023","Функция","Inbox","/app/inbox","P2-expand","planned","","Source, SourcePacket, Attachment, ImportJob, CaptureDraft","","","","","","","","","",""
"C03-024","Функция","Inbox","/app/inbox","P2-expand","planned","","Source, SourcePacket, Attachment, ImportJob, CaptureDraft","","","","","","","","","",""
"C03-025","Функция","Inbox","/app/inbox","P2-expand","planned","","Source, SourcePacket, Attachment, ImportJob, CaptureDraft","","","","","","","","","",""
"C03-026","Функция","Inbox","/app/inbox","P2-expand","planned","","Source, SourcePacket, Attachment, ImportJob, CaptureDraft","","","","","","","","","",""
"C03-027","Функция","Inbox","/app/inbox","P2-expand","planned","","Source, SourcePacket, Attachment, ImportJob, CaptureDraft","","","","","","","","","",""
"C03-028","Функция","Inbox","/app/inbox","P2-expand","planned","","Source, SourcePacket, Attachment, ImportJob, CaptureDraft","","","","","","","","","",""
"C03-029","Функция","Inbox","/app/inbox","P2-expand","planned","","Source, SourcePacket, Attachment, ImportJob, CaptureDraft","","","","","","","","","",""
"C03-030","Функция","Core / invisible OS spine","/app/system","P0-kernel","planned","","LifeObject, SourceRef, Receipt, AuditEvent, PolicyBoundary, GraphEdge","","","","","","","","","",""
"C03-031","Функция","Inbox","/app/inbox","P2-expand","planned","","Source, SourcePacket, Attachment, ImportJob, CaptureDraft","","","","","","","","","",""
"C03-032","Функция","Inbox","/app/inbox","P2-expand","planned","","Source, SourcePacket, Attachment, ImportJob, CaptureDraft","","","","","","","","","",""
"C03-033","Качество","Inbox","/app/inbox","Guard-only","planned-guard","","Source, SourcePacket, Attachment, ImportJob, CaptureDraft","","","","","","","","","",""
"C03-034","Функция","Inbox","/app/inbox","P2-expand","planned","","Source, SourcePacket, Attachment, ImportJob, CaptureDraft","","","","","","","","","",""
"C03-035","Функция","Inbox","/app/inbox","P2-expand","planned","","Source, SourcePacket, Attachment, ImportJob, CaptureDraft","","","","","","","","","",""
"C03-036","Функция","Inbox","/app/inbox","P2-expand","planned","","Source, SourcePacket, Attachment, ImportJob, CaptureDraft","","","","","","","","","",""
"C03-037","Качество","Inbox","/app/inbox","Guard-only","planned-guard","","Source, SourcePacket, Attachment, ImportJob, CaptureDraft","","","","","","","","","",""
"C03-038","Качество","Inbox","/app/inbox","Guard-only","planned-guard","","Source, SourcePacket, Attachment, ImportJob, CaptureDraft","","","","","","","","","",""
"C03-039","Функция","Inbox","/app/inbox","P2-expand","planned","","Source, SourcePacket, Attachment, ImportJob, CaptureDraft","","","","","","","","","",""
"C03-040","Функция","Core / invisible OS spine","/app/system","P0-kernel","planned","","LifeObject, SourceRef, Receipt, AuditEvent, PolicyBoundary, GraphEdge","","","","","","","","","",""
"C03-041","Функция","Inbox","/app/inbox","P2-expand","planned","","Source, SourcePacket, Attachment, ImportJob, CaptureDraft","","","","","","","","","",""
"C03-042","Минус","Inbox","/app/inbox","Guard-only","planned-guard","","Source, SourcePacket, Attachment, ImportJob, CaptureDraft","","","","","","","","","",""
"C03-043","Минус","Inbox","/app/inbox","Guard-only","planned-guard","","Source, SourcePacket, Attachment, ImportJob, CaptureDraft","","","","","","","","","",""
"C03-044","Минус","Inbox","/app/inbox","Guard-only","planned-guard","","Source, SourcePacket, Attachment, ImportJob, CaptureDraft","","","","","","","","","",""
"C03-045","Минус","Inbox","/app/inbox","Guard-only","planned-guard","","Source, SourcePacket, Attachment, ImportJob, CaptureDraft","","","","","","","","","",""
"C03-046","Функция","Plan","/app/plan","P2-expand","planned","","Task, Project, CalendarBlock, PlannerBlock, FocusSession, WeekPlan","","","","","","","","","",""
"C03-047","Функция","Inbox","/app/inbox","P2-expand","planned","","Source, SourcePacket, Attachment, ImportJob, CaptureDraft","","","","","","","","","",""
"C03-048","Функция","Inbox","/app/inbox","P2-expand","planned","","Source, SourcePacket, Attachment, ImportJob, CaptureDraft","","","","","","","","","",""
"C03-049","Функция","Inbox","/app/inbox","P2-expand","planned","","Source, SourcePacket, Attachment, ImportJob, CaptureDraft","","","","","","","","","",""
"C03-050","Функция","Inbox","/app/inbox","P2-expand","planned","","Source, SourcePacket, Attachment, ImportJob, CaptureDraft","","","","","","","","","",""
"C03-051","Функция","Inbox","/app/inbox","P2-expand","planned","","Source, SourcePacket, Attachment, ImportJob, CaptureDraft","","","","","","","","","",""
"C03-052","Функция","Inbox","/app/inbox","P2-expand","planned","","Source, SourcePacket, Attachment, ImportJob, CaptureDraft","","","","","","","","","",""
"C03-053","Функция","Inbox","/app/inbox","P2-expand","planned","","Source, SourcePacket, Attachment, ImportJob, CaptureDraft","","","","","","","","","",""
"C03-054","Функция","Inbox","/app/inbox","P2-expand","planned","","Source, SourcePacket, Attachment, ImportJob, CaptureDraft","","","","","","","","","",""
"C03-055","Функция","Inbox","/app/inbox","P2-expand","planned","","Source, SourcePacket, Attachment, ImportJob, CaptureDraft","","","","","","","","","",""
"C03-056","Функция","Inbox","/app/inbox","P2-expand","planned","","Source, SourcePacket, Attachment, ImportJob, CaptureDraft","","","","","","","","","",""
"C03-057","Функция","Inbox","/app/inbox","P2-expand","planned","","Source, SourcePacket, Attachment, ImportJob, CaptureDraft","","","","","","","","","",""
"C03-058","Качество","Inbox","/app/inbox","Guard-only","planned-guard","","Source, SourcePacket, Attachment, ImportJob, CaptureDraft","","","","","","","","","",""
"C03-059","Качество","Core / invisible OS spine","/app/system","Guard-only","planned-guard","","LifeObject, SourceRef, Receipt, AuditEvent, PolicyBoundary, GraphEdge","","","","","","","","","",""
"C04-001","Качество","Providers","/app/providers","Guard-only","planned-guard","","ProviderBoundary, ModelProfile, MediaTranscriptJob, ScreenSession, DeviceSyncState","","","","","","","","","",""
"C04-002","Функция","Chat","/app/chat","P2-expand","planned","","ChatThread, ChatMessage, MeetingNote, Contact, ConversationContext","","","","","","","","","",""
"C04-003","Функция","Chat","/app/chat","P2-expand","planned","","ChatThread, ChatMessage, MeetingNote, Contact, ConversationContext","","","","","","","","","",""
"C04-004","Функция","Chat","/app/chat","P2-expand","planned","","ChatThread, ChatMessage, MeetingNote, Contact, ConversationContext","","","","","","","","","",""
"C04-005","Функция","Chat","/app/chat","P2-expand","planned","","ChatThread, ChatMessage, MeetingNote, Contact, ConversationContext","","","","","","","","","",""
"C04-006","Качество","Chat","/app/chat","Guard-only","planned-guard","","ChatThread, ChatMessage, MeetingNote, Contact, ConversationContext","","","","","","","","","",""
"C04-007","Функция","Chat","/app/chat","P2-expand","planned","","ChatThread, ChatMessage, MeetingNote, Contact, ConversationContext","","","","","","","","","",""
"C04-008","Функция","Chat","/app/chat","P2-expand","planned","","ChatThread, ChatMessage, MeetingNote, Contact, ConversationContext","","","","","","","","","",""
"C04-009","Функция","Chat","/app/chat","P2-expand","planned","","ChatThread, ChatMessage, MeetingNote, Contact, ConversationContext","","","","","","","","","",""
"C04-010","Функция","Core / invisible OS spine","/app/system","P0-kernel","planned","","LifeObject, SourceRef, Receipt, AuditEvent, PolicyBoundary, GraphEdge","","","","","","","","","",""
"C04-011","Функция","Chat","/app/chat","P2-expand","planned","","ChatThread, ChatMessage, MeetingNote, Contact, ConversationContext","","","","","","","","","",""
"C04-012","Функция","Chat","/app/chat","P2-expand","planned","","ChatThread, ChatMessage, MeetingNote, Contact, ConversationContext","","","","","","","","","",""
"C04-013","Функция","Chat","/app/chat","P1-corridor","planned","","ChatThread, ChatMessage, MeetingNote, Contact, ConversationContext","","","","","","","","","",""
"C04-014","Функция","Chat","/app/chat","P2-expand","planned","","ChatThread, ChatMessage, MeetingNote, Contact, ConversationContext","","","","","","","","","",""
"C04-015","Функция","Chat","/app/chat","P2-expand","planned","","ChatThread, ChatMessage, MeetingNote, Contact, ConversationContext","","","","","","","","","",""
"C04-016","Функция","Chat","/app/chat","P2-expand","planned","","ChatThread, ChatMessage, MeetingNote, Contact, ConversationContext","","","","","","","","","",""
"C04-017","Функция","Chat","/app/chat","P2-expand","planned","","ChatThread, ChatMessage, MeetingNote, Contact, ConversationContext","","","","","","","","","",""
"C04-018","Функция","Chat","/app/chat","P2-expand","planned","","ChatThread, ChatMessage, MeetingNote, Contact, ConversationContext","","","","","","","","","",""
"C04-019","Функция","Chat","/app/chat","P2-expand","planned","","ChatThread, ChatMessage, MeetingNote, Contact, ConversationContext","","","","","","","","","",""
"C04-020","Функция","Chat","/app/chat","P2-expand","planned","","ChatThread, ChatMessage, MeetingNote, Contact, ConversationContext","","","","","","","","","",""
"C04-021","Функция","Chat","/app/chat","P2-expand","planned","","ChatThread, ChatMessage, MeetingNote, Contact, ConversationContext","","","","","","","","","",""
"C04-022","Функция","Chat","/app/chat","P2-expand","planned","","ChatThread, ChatMessage, MeetingNote, Contact, ConversationContext","","","","","","","","","",""
"C04-023","Функция","Chat","/app/chat","P2-expand","planned","","ChatThread, ChatMessage, MeetingNote, Contact, ConversationContext","","","","","","","","","",""
"C04-024","Функция","Core / invisible OS spine","/app/system","P0-kernel","planned","","LifeObject, SourceRef, Receipt, AuditEvent, PolicyBoundary, GraphEdge","","","","","","","","","",""
"C04-025","Функция","Chat","/app/chat","P2-expand","planned","","ChatThread, ChatMessage, MeetingNote, Contact, ConversationContext","","","","","","","","","",""
"C04-026","Функция","Chat","/app/chat","P1-corridor","planned","","ChatThread, ChatMessage, MeetingNote, Contact, ConversationContext","","","","","","","","","",""
"C04-027","Функция","Chat","/app/chat","P2-expand","planned","","ChatThread, ChatMessage, MeetingNote, Contact, ConversationContext","","","","","","","","","",""
"C04-028","Функция","Chat","/app/chat","P1-corridor","planned","","ChatThread, ChatMessage, MeetingNote, Contact, ConversationContext","","","","","","","","","",""
"C04-029","Функция","Chat","/app/chat","P2-expand","planned","","ChatThread, ChatMessage, MeetingNote, Contact, ConversationContext","","","","","","","","","",""
"C04-030","Функция","Chat","/app/chat","P2-expand","planned","","ChatThread, ChatMessage, MeetingNote, Contact, ConversationContext","","","","","","","","","",""
"C04-031","Функция","Chat","/app/chat","P2-expand","planned","","ChatThread, ChatMessage, MeetingNote, Contact, ConversationContext","","","","","","","","","",""
"C04-032","Функция","Providers","/app/providers","Blocked-provider","blocked-provider","","ProviderBoundary, ModelProfile, MediaTranscriptJob, ScreenSession, DeviceSyncState","","","","","","","","","",""
"C04-033","Функция","Providers","/app/providers","Blocked-provider","blocked-provider","","ProviderBoundary, ModelProfile, MediaTranscriptJob, ScreenSession, DeviceSyncState","","","","","","","","","",""
"C04-034","Функция","Providers","/app/providers","Blocked-provider","blocked-provider","","ProviderBoundary, ModelProfile, MediaTranscriptJob, ScreenSession, DeviceSyncState","","","","","","","","","",""
"C04-035","Функция","Chat","/app/chat","P2-expand","planned","","ChatThread, ChatMessage, MeetingNote, Contact, ConversationContext","","","","","","","","","",""
"C04-036","Функция","Chat","/app/chat","P2-expand","planned","","ChatThread, ChatMessage, MeetingNote, Contact, ConversationContext","","","","","","","","","",""
"C04-037","Функция","Chat","/app/chat","P2-expand","planned","","ChatThread, ChatMessage, MeetingNote, Contact, ConversationContext","","","","","","","","","",""
"C04-038","Функция","Providers","/app/providers","Blocked-provider","blocked-provider","","ProviderBoundary, ModelProfile, MediaTranscriptJob, ScreenSession, DeviceSyncState","","","","","","","","","",""
"C04-039","Функция","Chat","/app/chat","P2-expand","planned","","ChatThread, ChatMessage, MeetingNote, Contact, ConversationContext","","","","","","","","","",""
"C04-040","Функция","Chat","/app/chat","P2-expand","planned","","ChatThread, ChatMessage, MeetingNote, Contact, ConversationContext","","","","","","","","","",""
"C04-041","Функция","Chat","/app/chat","P2-expand","planned","","ChatThread, ChatMessage, MeetingNote, Contact, ConversationContext","","","","","","","","","",""
"C04-042","Функция","Chat","/app/chat","P2-expand","planned","","ChatThread, ChatMessage, MeetingNote, Contact, ConversationContext","","","","","","","","","",""
"C04-043","Функция","Chat","/app/chat","P2-expand","planned","","ChatThread, ChatMessage, MeetingNote, Contact, ConversationContext","","","","","","","","","",""
"C04-044","Функция","Chat","/app/chat","P2-expand","planned","","ChatThread, ChatMessage, MeetingNote, Contact, ConversationContext","","","","","","","","","",""
"C04-045","Функция","Domains","/app/domains","P3-domain","deferred-after-kernel","","HealthSignal, Routine, Relationship, HomeItem, MoneyEvent, Trip, Meal, DomainPack","","","","","","","","","",""
"C04-046","Функция","Chat","/app/chat","P2-expand","planned","","ChatThread, ChatMessage, MeetingNote, Contact, ConversationContext","","","","","","","","","",""
"C04-047","Функция","Chat","/app/chat","P2-expand","planned","","ChatThread, ChatMessage, MeetingNote, Contact, ConversationContext","","","","","","","","","",""
"C04-048","Функция","Chat","/app/chat","P2-expand","planned","","ChatThread, ChatMessage, MeetingNote, Contact, ConversationContext","","","","","","","","","",""
"C04-049","Функция","Chat","/app/chat","P2-expand","planned","","ChatThread, ChatMessage, MeetingNote, Contact, ConversationContext","","","","","","","","","",""
"C04-050","Функция","Chat","/app/chat","P2-expand","planned","","ChatThread, ChatMessage, MeetingNote, Contact, ConversationContext","","","","","","","","","",""
"C04-051","Функция","Chat","/app/chat","P2-expand","planned","","ChatThread, ChatMessage, MeetingNote, Contact, ConversationContext","","","","","","","","","",""
"C04-052","Функция","Chat","/app/chat","P2-expand","planned","","ChatThread, ChatMessage, MeetingNote, Contact, ConversationContext","","","","","","","","","",""
"C04-053","Минус","Chat","/app/chat","Guard-only","planned-guard","","ChatThread, ChatMessage, MeetingNote, Contact, ConversationContext","","","","","","","","","",""
"C04-054","Минус","Chat","/app/chat","Guard-only","planned-guard","","ChatThread, ChatMessage, MeetingNote, Contact, ConversationContext","","","","","","","","","",""
"C04-055","Минус","Chat","/app/chat","Guard-only","planned-guard","","ChatThread, ChatMessage, MeetingNote, Contact, ConversationContext","","","","","","","","","",""
"C04-056","Минус","Providers","/app/providers","Guard-only","planned-guard","","ProviderBoundary, ModelProfile, MediaTranscriptJob, ScreenSession, DeviceSyncState","","","","","","","","","",""
"C04-057","Функция","Chat","/app/chat","P2-expand","planned","","ChatThread, ChatMessage, MeetingNote, Contact, ConversationContext","","","","","","","","","",""
"C04-058","Функция","Chat","/app/chat","P2-expand","planned","","ChatThread, ChatMessage, MeetingNote, Contact, ConversationContext","","","","","","","","","",""
"C04-059","Функция","Providers","/app/providers","Blocked-provider","blocked-provider","","ProviderBoundary, ModelProfile, MediaTranscriptJob, ScreenSession, DeviceSyncState","","","","","","","","","",""
"C04-060","Функция","Chat","/app/chat","P2-expand","planned","","ChatThread, ChatMessage, MeetingNote, Contact, ConversationContext","","","","","","","","","",""
"C04-061","Функция","Chat","/app/chat","P2-expand","planned","","ChatThread, ChatMessage, MeetingNote, Contact, ConversationContext","","","","","","","","","",""
"C04-062","Функция","Today","/app/today","P2-expand","planned","","TodayPage, DailyReview, JournalEntry, NextAction, RecoveryPlan","","","","","","","","","",""
"C04-063","Функция","Chat","/app/chat","P2-expand","planned","","ChatThread, ChatMessage, MeetingNote, Contact, ConversationContext","","","","","","","","","",""
"C04-064","Функция","Chat","/app/chat","P2-expand","planned","","ChatThread, ChatMessage, MeetingNote, Contact, ConversationContext","","","","","","","","","",""
"C04-065","Функция","Chat","/app/chat","P2-expand","planned","","ChatThread, ChatMessage, MeetingNote, Contact, ConversationContext","","","","","","","","","",""
"C04-066","Функция","Domains","/app/domains","P3-domain","deferred-after-kernel","","HealthSignal, Routine, Relationship, HomeItem, MoneyEvent, Trip, Meal, DomainPack","","","","","","","","","",""
"C04-067","Функция","Chat","/app/chat","P2-expand","planned","","ChatThread, ChatMessage, MeetingNote, Contact, ConversationContext","","","","","","","","","",""
"C04-068","Функция","Chat","/app/chat","P2-expand","planned","","ChatThread, ChatMessage, MeetingNote, Contact, ConversationContext","","","","","","","","","",""
"C04-069","Функция","Chat","/app/chat","P2-expand","planned","","ChatThread, ChatMessage, MeetingNote, Contact, ConversationContext","","","","","","","","","",""
"C04-070","Функция","Chat","/app/chat","P2-expand","planned","","ChatThread, ChatMessage, MeetingNote, Contact, ConversationContext","","","","","","","","","",""
"C04-071","Функция","Chat","/app/chat","P2-expand","planned","","ChatThread, ChatMessage, MeetingNote, Contact, ConversationContext","","","","","","","","","",""
"C04-072","Функция","Chat","/app/chat","P2-expand","planned","","ChatThread, ChatMessage, MeetingNote, Contact, ConversationContext","","","","","","","","","",""
"C04-073","Качество","Chat","/app/chat","Guard-only","planned-guard","","ChatThread, ChatMessage, MeetingNote, Contact, ConversationContext","","","","","","","","","",""
"C04-074","Функция","Chat","/app/chat","P2-expand","planned","","ChatThread, ChatMessage, MeetingNote, Contact, ConversationContext","","","","","","","","","",""
"C04-075","Функция","Chat","/app/chat","P2-expand","planned","","ChatThread, ChatMessage, MeetingNote, Contact, ConversationContext","","","","","","","","","",""
"C04-076","Функция","Chat","/app/chat","P2-expand","planned","","ChatThread, ChatMessage, MeetingNote, Contact, ConversationContext","","","","","","","","","",""
"C04-077","Функция","Chat","/app/chat","P2-expand","planned","","ChatThread, ChatMessage, MeetingNote, Contact, ConversationContext","","","","","","","","","",""
"C04-078","Функция","Chat","/app/chat","P2-expand","planned","","ChatThread, ChatMessage, MeetingNote, Contact, ConversationContext","","","","","","","","","",""
"C04-079","Функция","Chat","/app/chat","P2-expand","planned","","ChatThread, ChatMessage, MeetingNote, Contact, ConversationContext","","","","","","","","","",""
"C04-080","Функция","Domains","/app/domains","P3-domain","deferred-after-kernel","","HealthSignal, Routine, Relationship, HomeItem, MoneyEvent, Trip, Meal, DomainPack","","","","","","","","","",""
"C04-081","Функция","Chat","/app/chat","P2-expand","planned","","ChatThread, ChatMessage, MeetingNote, Contact, ConversationContext","","","","","","","","","",""
"C04-082","Функция","Chat","/app/chat","P2-expand","planned","","ChatThread, ChatMessage, MeetingNote, Contact, ConversationContext","","","","","","","","","",""
"C04-083","Функция","Chat","/app/chat","P2-expand","planned","","ChatThread, ChatMessage, MeetingNote, Contact, ConversationContext","","","","","","","","","",""
"C04-084","Функция","Chat","/app/chat","P2-expand","planned","","ChatThread, ChatMessage, MeetingNote, Contact, ConversationContext","","","","","","","","","",""
"C04-085","Качество","Chat","/app/chat","Guard-only","planned-guard","","ChatThread, ChatMessage, MeetingNote, Contact, ConversationContext","","","","","","","","","",""
"C05-001","Функция","Inbox","/app/inbox","P2-expand","planned","","Source, SourcePacket, Attachment, ImportJob, CaptureDraft","","","","","","","","","",""
"C05-002","Функция","Inbox","/app/inbox","P2-expand","planned","","Source, SourcePacket, Attachment, ImportJob, CaptureDraft","","","","","","","","","",""
"C05-003","Функция","Domains","/app/domains","P3-domain","deferred-after-kernel","","HealthSignal, Routine, Relationship, HomeItem, MoneyEvent, Trip, Meal, DomainPack","","","","","","","","","",""
"C05-004","Функция","Packs","/app/packs","P3-domain","deferred-after-kernel","","PackManifest, CustomObjectType, Template, BuilderBlock, InstallImpact","","","","","","","","","",""
"C05-005","Функция","Library","/app/library","P2-expand","planned","","Note, DailyNote, JournalEntry, KnowledgeItem, Tag, Space, Backlink, WikiLink","","","","","","","","","",""
"C05-006","Функция","Library","/app/library","P2-expand","planned","","Note, DailyNote, JournalEntry, KnowledgeItem, Tag, Space, Backlink, WikiLink","","","","","","","","","",""
"C05-007","Функция","Domains","/app/domains","P3-domain","deferred-after-kernel","","HealthSignal, Routine, Relationship, HomeItem, MoneyEvent, Trip, Meal, DomainPack","","","","","","","","","",""
"C05-008","Функция","Inbox","/app/inbox","P2-expand","planned","","Source, SourcePacket, Attachment, ImportJob, CaptureDraft","","","","","","","","","",""
"C05-009","Функция","Library","/app/library","P2-expand","planned","","Note, DailyNote, JournalEntry, KnowledgeItem, Tag, Space, Backlink, WikiLink","","","","","","","","","",""
"C05-010","Функция","Plan","/app/plan","P2-expand","planned","","Task, Project, CalendarBlock, PlannerBlock, FocusSession, WeekPlan","","","","","","","","","",""
"C05-011","Функция","Packs","/app/packs","P3-domain","deferred-after-kernel","","PackManifest, CustomObjectType, Template, BuilderBlock, InstallImpact","","","","","","","","","",""
"C05-012","Функция","Today","/app/today","P2-expand","planned","","TodayPage, DailyReview, JournalEntry, NextAction, RecoveryPlan","","","","","","","","","",""
"C05-013","Функция","Providers","/app/providers","Blocked-provider","blocked-provider","","ProviderBoundary, ModelProfile, MediaTranscriptJob, ScreenSession, DeviceSyncState","","","","","","","","","",""
"C05-014","Функция","Packs","/app/packs","P3-domain","deferred-after-kernel","","PackManifest, CustomObjectType, Template, BuilderBlock, InstallImpact","","","","","","","","","",""
"C05-015","Функция","Packs","/app/packs","P3-domain","deferred-after-kernel","","PackManifest, CustomObjectType, Template, BuilderBlock, InstallImpact","","","","","","","","","",""
"C05-016","Функция","Domains","/app/domains","P3-domain","deferred-after-kernel","","HealthSignal, Routine, Relationship, HomeItem, MoneyEvent, Trip, Meal, DomainPack","","","","","","","","","",""
"C05-017","Функция","Core / invisible OS spine","/app/system","P0-kernel","planned","","LifeObject, SourceRef, Receipt, AuditEvent, PolicyBoundary, GraphEdge","","","","","","","","","",""
"C05-018","Функция","Providers","/app/providers","Blocked-provider","blocked-provider","","ProviderBoundary, ModelProfile, MediaTranscriptJob, ScreenSession, DeviceSyncState","","","","","","","","","",""
"C05-019","Функция","Control","/app/control","P2-expand","planned","","Receipt, DataControlItem, AuditEvent, ExportJob, DeletePreview, PrivacyZone, PermissionGrant","","","","","","","","","",""
"C05-020","Функция","Domains","/app/domains","P3-domain","deferred-after-kernel","","HealthSignal, Routine, Relationship, HomeItem, MoneyEvent, Trip, Meal, DomainPack","","","","","","","","","",""
"C05-021","Функция","Packs","/app/packs","P3-domain","deferred-after-kernel","","PackManifest, CustomObjectType, Template, BuilderBlock, InstallImpact","","","","","","","","","",""
"C05-022","Функция","Inbox","/app/inbox","P2-expand","planned","","Source, SourcePacket, Attachment, ImportJob, CaptureDraft","","","","","","","","","",""
"C05-023","Функция","Core / invisible OS spine","/app/system","P0-kernel","planned","","LifeObject, SourceRef, Receipt, AuditEvent, PolicyBoundary, GraphEdge","","","","","","","","","",""
"C05-024","Функция","Inbox","/app/inbox","P2-expand","planned","","Source, SourcePacket, Attachment, ImportJob, CaptureDraft","","","","","","","","","",""
"C05-025","Функция","Control","/app/control","P2-expand","planned","","Receipt, DataControlItem, AuditEvent, ExportJob, DeletePreview, PrivacyZone, PermissionGrant","","","","","","","","","",""
"C05-026","Функция","Control","/app/control","P2-expand","planned","","Receipt, DataControlItem, AuditEvent, ExportJob, DeletePreview, PrivacyZone, PermissionGrant","","","","","","","","","",""
"C05-027","Функция","Core / invisible OS spine","/app/system","P0-kernel","planned","","LifeObject, SourceRef, Receipt, AuditEvent, PolicyBoundary, GraphEdge","","","","","","","","","",""
"C05-028","Функция","Packs","/app/packs","P3-domain","deferred-after-kernel","","PackManifest, CustomObjectType, Template, BuilderBlock, InstallImpact","","","","","","","","","",""
"C05-029","Функция","Control","/app/control","P2-expand","planned","","Receipt, DataControlItem, AuditEvent, ExportJob, DeletePreview, PrivacyZone, PermissionGrant","","","","","","","","","",""
"C05-030","Функция","Library","/app/library","P2-expand","planned","","Note, DailyNote, JournalEntry, KnowledgeItem, Tag, Space, Backlink, WikiLink","","","","","","","","","",""
"C05-031","Функция","Domains","/app/domains","P3-domain","deferred-after-kernel","","HealthSignal, Routine, Relationship, HomeItem, MoneyEvent, Trip, Meal, DomainPack","","","","","","","","","",""
"C05-032","Функция","Graph","/app/graph","P2-expand","planned","","GraphNode, GraphEdge, Entity, EntityCandidate, RelationshipReason","","","","","","","","","",""
"C05-033","Качество","Inbox","/app/inbox","Guard-only","planned-guard","","Source, SourcePacket, Attachment, ImportJob, CaptureDraft","","","","","","","","","",""
"C05-034","Минус","Agents","/app/agents","Guard-only","planned-guard","","AgentManifest, ToolScope, WorkflowManifest, WorkflowRunPreview, ActionProposal","","","","","","","","","",""
"C05-035","Минус","Core / invisible OS spine","/app/system","Guard-only","planned-guard","","LifeObject, SourceRef, Receipt, AuditEvent, PolicyBoundary, GraphEdge","","","","","","","","","",""
"C05-036","Минус","Core / invisible OS spine","/app/system","Guard-only","planned-guard","","LifeObject, SourceRef, Receipt, AuditEvent, PolicyBoundary, GraphEdge","","","","","","","","","",""
"C05-037","Функция","Packs","/app/packs","P3-domain","deferred-after-kernel","","PackManifest, CustomObjectType, Template, BuilderBlock, InstallImpact","","","","","","","","","",""
"C05-038","Функция","Core / invisible OS spine","/app/system","P0-kernel","planned","","LifeObject, SourceRef, Receipt, AuditEvent, PolicyBoundary, GraphEdge","","","","","","","","","",""
"C06-001","Качество","Library","/app/library","Guard-only","planned-guard","","Note, DailyNote, JournalEntry, KnowledgeItem, Tag, Space, Backlink, WikiLink","","","","","","","","","",""
"C06-002","Функция","Library","/app/library","P2-expand","planned","","Note, DailyNote, JournalEntry, KnowledgeItem, Tag, Space, Backlink, WikiLink","","","","","","","","","",""
"C06-003","Функция","Library","/app/library","P2-expand","planned","","Note, DailyNote, JournalEntry, KnowledgeItem, Tag, Space, Backlink, WikiLink","","","","","","","","","",""
"C06-004","Функция","Library","/app/library","P2-expand","planned","","Note, DailyNote, JournalEntry, KnowledgeItem, Tag, Space, Backlink, WikiLink","","","","","","","","","",""
"C06-005","Функция","Library","/app/library","P2-expand","planned","","Note, DailyNote, JournalEntry, KnowledgeItem, Tag, Space, Backlink, WikiLink","","","","","","","","","",""
"C06-006","Функция","Library","/app/library","P2-expand","planned","","Note, DailyNote, JournalEntry, KnowledgeItem, Tag, Space, Backlink, WikiLink","","","","","","","","","",""
"C06-007","Функция","Library","/app/library","P2-expand","planned","","Note, DailyNote, JournalEntry, KnowledgeItem, Tag, Space, Backlink, WikiLink","","","","","","","","","",""
"C06-008","Функция","Library","/app/library","P1-corridor","planned","","Note, DailyNote, JournalEntry, KnowledgeItem, Tag, Space, Backlink, WikiLink","","","","","","","","","",""
"C06-009","Функция","Library","/app/library","P1-corridor","planned","","Note, DailyNote, JournalEntry, KnowledgeItem, Tag, Space, Backlink, WikiLink","","","","","","","","","",""
"C06-010","Функция","Library","/app/library","P2-expand","planned","","Note, DailyNote, JournalEntry, KnowledgeItem, Tag, Space, Backlink, WikiLink","","","","","","","","","",""
"C06-011","Функция","Library","/app/library","P2-expand","planned","","Note, DailyNote, JournalEntry, KnowledgeItem, Tag, Space, Backlink, WikiLink","","","","","","","","","",""
"C06-012","Функция","Library","/app/library","P2-expand","planned","","Note, DailyNote, JournalEntry, KnowledgeItem, Tag, Space, Backlink, WikiLink","","","","","","","","","",""
"C06-013","Функция","Library","/app/library","P2-expand","planned","","Note, DailyNote, JournalEntry, KnowledgeItem, Tag, Space, Backlink, WikiLink","","","","","","","","","",""
"C06-014","Функция","Library","/app/library","P2-expand","planned","","Note, DailyNote, JournalEntry, KnowledgeItem, Tag, Space, Backlink, WikiLink","","","","","","","","","",""
"C06-015","Функция","Library","/app/library","P2-expand","planned","","Note, DailyNote, JournalEntry, KnowledgeItem, Tag, Space, Backlink, WikiLink","","","","","","","","","",""
"C06-016","Функция","Library","/app/library","P2-expand","planned","","Note, DailyNote, JournalEntry, KnowledgeItem, Tag, Space, Backlink, WikiLink","","","","","","","","","",""
"C06-017","Функция","Library","/app/library","P2-expand","planned","","Note, DailyNote, JournalEntry, KnowledgeItem, Tag, Space, Backlink, WikiLink","","","","","","","","","",""
"C06-018","Функция","Library","/app/library","P2-expand","planned","","Note, DailyNote, JournalEntry, KnowledgeItem, Tag, Space, Backlink, WikiLink","","","","","","","","","",""
"C06-019","Функция","Library","/app/library","P2-expand","planned","","Note, DailyNote, JournalEntry, KnowledgeItem, Tag, Space, Backlink, WikiLink","","","","","","","","","",""
"C06-020","Функция","Library","/app/library","P2-expand","planned","","Note, DailyNote, JournalEntry, KnowledgeItem, Tag, Space, Backlink, WikiLink","","","","","","","","","",""
"C06-021","Функция","Library","/app/library","P2-expand","planned","","Note, DailyNote, JournalEntry, KnowledgeItem, Tag, Space, Backlink, WikiLink","","","","","","","","","",""
"C06-022","Качество","Library","/app/library","Guard-only","planned-guard","","Note, DailyNote, JournalEntry, KnowledgeItem, Tag, Space, Backlink, WikiLink","","","","","","","","","",""
"C06-023","Функция","Library","/app/library","P2-expand","planned","","Note, DailyNote, JournalEntry, KnowledgeItem, Tag, Space, Backlink, WikiLink","","","","","","","","","",""
"C06-024","Функция","Library","/app/library","P2-expand","planned","","Note, DailyNote, JournalEntry, KnowledgeItem, Tag, Space, Backlink, WikiLink","","","","","","","","","",""
"C06-025","Функция","Library","/app/library","P2-expand","planned","","Note, DailyNote, JournalEntry, KnowledgeItem, Tag, Space, Backlink, WikiLink","","","","","","","","","",""
"C06-026","Функция","Library","/app/library","P2-expand","planned","","Note, DailyNote, JournalEntry, KnowledgeItem, Tag, Space, Backlink, WikiLink","","","","","","","","","",""
"C06-027","Функция","Library","/app/library","P2-expand","planned","","Note, DailyNote, JournalEntry, KnowledgeItem, Tag, Space, Backlink, WikiLink","","","","","","","","","",""
"C06-028","Функция","Library","/app/library","P2-expand","planned","","Note, DailyNote, JournalEntry, KnowledgeItem, Tag, Space, Backlink, WikiLink","","","","","","","","","",""
"C06-029","Функция","Library","/app/library","P2-expand","planned","","Note, DailyNote, JournalEntry, KnowledgeItem, Tag, Space, Backlink, WikiLink","","","","","","","","","",""
"C06-030","Функция","Library","/app/library","P2-expand","planned","","Note, DailyNote, JournalEntry, KnowledgeItem, Tag, Space, Backlink, WikiLink","","","","","","","","","",""
"C06-031","Функция","Library","/app/library","P2-expand","planned","","Note, DailyNote, JournalEntry, KnowledgeItem, Tag, Space, Backlink, WikiLink","","","","","","","","","",""
"C06-032","Функция","Library","/app/library","P2-expand","planned","","Note, DailyNote, JournalEntry, KnowledgeItem, Tag, Space, Backlink, WikiLink","","","","","","","","","",""
"C06-033","Функция","Library","/app/library","P2-expand","planned","","Note, DailyNote, JournalEntry, KnowledgeItem, Tag, Space, Backlink, WikiLink","","","","","","","","","",""
"C06-034","Функция","Library","/app/library","P2-expand","planned","","Note, DailyNote, JournalEntry, KnowledgeItem, Tag, Space, Backlink, WikiLink","","","","","","","","","",""
"C06-035","Функция","Library","/app/library","P2-expand","planned","","Note, DailyNote, JournalEntry, KnowledgeItem, Tag, Space, Backlink, WikiLink","","","","","","","","","",""
"C06-036","Функция","Library","/app/library","P2-expand","planned","","Note, DailyNote, JournalEntry, KnowledgeItem, Tag, Space, Backlink, WikiLink","","","","","","","","","",""
"C06-037","Функция","Library","/app/library","P2-expand","planned","","Note, DailyNote, JournalEntry, KnowledgeItem, Tag, Space, Backlink, WikiLink","","","","","","","","","",""
"C06-038","Функция","Library","/app/library","P2-expand","planned","","Note, DailyNote, JournalEntry, KnowledgeItem, Tag, Space, Backlink, WikiLink","","","","","","","","","",""
"C06-039","Функция","Library","/app/library","P2-expand","planned","","Note, DailyNote, JournalEntry, KnowledgeItem, Tag, Space, Backlink, WikiLink","","","","","","","","","",""
"C06-040","Функция","Library","/app/library","P2-expand","planned","","Note, DailyNote, JournalEntry, KnowledgeItem, Tag, Space, Backlink, WikiLink","","","","","","","","","",""
"C06-041","Функция","Library","/app/library","P2-expand","planned","","Note, DailyNote, JournalEntry, KnowledgeItem, Tag, Space, Backlink, WikiLink","","","","","","","","","",""
"C06-042","Функция","Library","/app/library","P2-expand","planned","","Note, DailyNote, JournalEntry, KnowledgeItem, Tag, Space, Backlink, WikiLink","","","","","","","","","",""
"C06-043","Функция","Library","/app/library","P2-expand","planned","","Note, DailyNote, JournalEntry, KnowledgeItem, Tag, Space, Backlink, WikiLink","","","","","","","","","",""
"C06-044","Функция","Library","/app/library","P2-expand","planned","","Note, DailyNote, JournalEntry, KnowledgeItem, Tag, Space, Backlink, WikiLink","","","","","","","","","",""
"C06-045","Функция","Library","/app/library","P2-expand","planned","","Note, DailyNote, JournalEntry, KnowledgeItem, Tag, Space, Backlink, WikiLink","","","","","","","","","",""
"C06-046","Функция","Library","/app/library","P2-expand","planned","","Note, DailyNote, JournalEntry, KnowledgeItem, Tag, Space, Backlink, WikiLink","","","","","","","","","",""
"C06-047","Функция","Library","/app/library","P2-expand","planned","","Note, DailyNote, JournalEntry, KnowledgeItem, Tag, Space, Backlink, WikiLink","","","","","","","","","",""
"C06-048","Функция","Library","/app/library","P2-expand","planned","","Note, DailyNote, JournalEntry, KnowledgeItem, Tag, Space, Backlink, WikiLink","","","","","","","","","",""
"C06-049","Функция","Library","/app/library","P2-expand","planned","","Note, DailyNote, JournalEntry, KnowledgeItem, Tag, Space, Backlink, WikiLink","","","","","","","","","",""
"C06-050","Функция","Library","/app/library","P2-expand","planned","","Note, DailyNote, JournalEntry, KnowledgeItem, Tag, Space, Backlink, WikiLink","","","","","","","","","",""
"C06-051","Функция","Library","/app/library","P2-expand","planned","","Note, DailyNote, JournalEntry, KnowledgeItem, Tag, Space, Backlink, WikiLink","","","","","","","","","",""
"C06-052","Функция","Library","/app/library","P2-expand","planned","","Note, DailyNote, JournalEntry, KnowledgeItem, Tag, Space, Backlink, WikiLink","","","","","","","","","",""
"C06-053","Функция","Library","/app/library","P2-expand","planned","","Note, DailyNote, JournalEntry, KnowledgeItem, Tag, Space, Backlink, WikiLink","","","","","","","","","",""
"C06-054","Функция","Library","/app/library","P2-expand","planned","","Note, DailyNote, JournalEntry, KnowledgeItem, Tag, Space, Backlink, WikiLink","","","","","","","","","",""
"C06-055","Функция","Library","/app/library","P2-expand","planned","","Note, DailyNote, JournalEntry, KnowledgeItem, Tag, Space, Backlink, WikiLink","","","","","","","","","",""
"C06-056","Функция","Library","/app/library","P2-expand","planned","","Note, DailyNote, JournalEntry, KnowledgeItem, Tag, Space, Backlink, WikiLink","","","","","","","","","",""
"C06-057","Функция","Library","/app/library","P2-expand","planned","","Note, DailyNote, JournalEntry, KnowledgeItem, Tag, Space, Backlink, WikiLink","","","","","","","","","",""
"C06-058","Функция","Library","/app/library","P2-expand","planned","","Note, DailyNote, JournalEntry, KnowledgeItem, Tag, Space, Backlink, WikiLink","","","","","","","","","",""
"C06-059","Функция","Library","/app/library","P2-expand","planned","","Note, DailyNote, JournalEntry, KnowledgeItem, Tag, Space, Backlink, WikiLink","","","","","","","","","",""
"C06-060","Функция","Library","/app/library","P2-expand","planned","","Note, DailyNote, JournalEntry, KnowledgeItem, Tag, Space, Backlink, WikiLink","","","","","","","","","",""
"C06-061","Функция","Library","/app/library","P2-expand","planned","","Note, DailyNote, JournalEntry, KnowledgeItem, Tag, Space, Backlink, WikiLink","","","","","","","","","",""
"C06-062","Функция","Library","/app/library","P2-expand","planned","","Note, DailyNote, JournalEntry, KnowledgeItem, Tag, Space, Backlink, WikiLink","","","","","","","","","",""
"C06-063","Функция","Library","/app/library","P1-corridor","planned","","Note, DailyNote, JournalEntry, KnowledgeItem, Tag, Space, Backlink, WikiLink","","","","","","","","","",""
"C06-064","Функция","Library","/app/library","P2-expand","planned","","Note, DailyNote, JournalEntry, KnowledgeItem, Tag, Space, Backlink, WikiLink","","","","","","","","","",""
"C06-065","Функция","Library","/app/library","P1-corridor","planned","","Note, DailyNote, JournalEntry, KnowledgeItem, Tag, Space, Backlink, WikiLink","","","","","","","","","",""
"C06-066","Функция","Library","/app/library","P2-expand","planned","","Note, DailyNote, JournalEntry, KnowledgeItem, Tag, Space, Backlink, WikiLink","","","","","","","","","",""
"C06-067","Функция","Library","/app/library","P2-expand","planned","","Note, DailyNote, JournalEntry, KnowledgeItem, Tag, Space, Backlink, WikiLink","","","","","","","","","",""
"C06-068","Функция","Library","/app/library","P2-expand","planned","","Note, DailyNote, JournalEntry, KnowledgeItem, Tag, Space, Backlink, WikiLink","","","","","","","","","",""
"C06-069","Функция","Library","/app/library","P2-expand","planned","","Note, DailyNote, JournalEntry, KnowledgeItem, Tag, Space, Backlink, WikiLink","","","","","","","","","",""
"C06-070","Функция","Library","/app/library","P2-expand","planned","","Note, DailyNote, JournalEntry, KnowledgeItem, Tag, Space, Backlink, WikiLink","","","","","","","","","",""
"C06-071","Функция","Library","/app/library","P2-expand","planned","","Note, DailyNote, JournalEntry, KnowledgeItem, Tag, Space, Backlink, WikiLink","","","","","","","","","",""
"C06-072","Функция","Library","/app/library","P2-expand","planned","","Note, DailyNote, JournalEntry, KnowledgeItem, Tag, Space, Backlink, WikiLink","","","","","","","","","",""
"C06-073","Функция","Library","/app/library","P2-expand","planned","","Note, DailyNote, JournalEntry, KnowledgeItem, Tag, Space, Backlink, WikiLink","","","","","","","","","",""
"C06-074","Функция","Library","/app/library","P2-expand","planned","","Note, DailyNote, JournalEntry, KnowledgeItem, Tag, Space, Backlink, WikiLink","","","","","","","","","",""
"C06-075","Функция","Library","/app/library","P2-expand","planned","","Note, DailyNote, JournalEntry, KnowledgeItem, Tag, Space, Backlink, WikiLink","","","","","","","","","",""
"C06-076","Функция","Library","/app/library","P2-expand","planned","","Note, DailyNote, JournalEntry, KnowledgeItem, Tag, Space, Backlink, WikiLink","","","","","","","","","",""
"C06-077","Функция","Library","/app/library","P2-expand","planned","","Note, DailyNote, JournalEntry, KnowledgeItem, Tag, Space, Backlink, WikiLink","","","","","","","","","",""
"C06-078","Функция","Library","/app/library","P2-expand","planned","","Note, DailyNote, JournalEntry, KnowledgeItem, Tag, Space, Backlink, WikiLink","","","","","","","","","",""
"C06-079","Функция","Library","/app/library","P2-expand","planned","","Note, DailyNote, JournalEntry, KnowledgeItem, Tag, Space, Backlink, WikiLink","","","","","","","","","",""
"C06-080","Функция","Library","/app/library","P2-expand","planned","","Note, DailyNote, JournalEntry, KnowledgeItem, Tag, Space, Backlink, WikiLink","","","","","","","","","",""
"C06-081","Функция","Library","/app/library","P2-expand","planned","","Note, DailyNote, JournalEntry, KnowledgeItem, Tag, Space, Backlink, WikiLink","","","","","","","","","",""
"C06-082","Функция","Library","/app/library","P2-expand","planned","","Note, DailyNote, JournalEntry, KnowledgeItem, Tag, Space, Backlink, WikiLink","","","","","","","","","",""
"C06-083","Функция","Library","/app/library","P2-expand","planned","","Note, DailyNote, JournalEntry, KnowledgeItem, Tag, Space, Backlink, WikiLink","","","","","","","","","",""
"C06-084","Функция","Library","/app/library","P2-expand","planned","","Note, DailyNote, JournalEntry, KnowledgeItem, Tag, Space, Backlink, WikiLink","","","","","","","","","",""
"C06-085","Функция","Library","/app/library","P2-expand","planned","","Note, DailyNote, JournalEntry, KnowledgeItem, Tag, Space, Backlink, WikiLink","","","","","","","","","",""
"C06-086","Минус","Library","/app/library","Guard-only","planned-guard","","Note, DailyNote, JournalEntry, KnowledgeItem, Tag, Space, Backlink, WikiLink","","","","","","","","","",""
"C06-087","Минус","Library","/app/library","Guard-only","planned-guard","","Note, DailyNote, JournalEntry, KnowledgeItem, Tag, Space, Backlink, WikiLink","","","","","","","","","",""
"C06-088","Минус","Library","/app/library","Guard-only","planned-guard","","Note, DailyNote, JournalEntry, KnowledgeItem, Tag, Space, Backlink, WikiLink","","","","","","","","","",""
"C06-089","Минус","Library","/app/library","Guard-only","planned-guard","","Note, DailyNote, JournalEntry, KnowledgeItem, Tag, Space, Backlink, WikiLink","","","","","","","","","",""
"C06-090","Минус","Library","/app/library","Guard-only","planned-guard","","Note, DailyNote, JournalEntry, KnowledgeItem, Tag, Space, Backlink, WikiLink","","","","","","","","","",""
"C06-091","Функция","Library","/app/library","P2-expand","planned","","Note, DailyNote, JournalEntry, KnowledgeItem, Tag, Space, Backlink, WikiLink","","","","","","","","","",""
"C06-092","Функция","Library","/app/library","P2-expand","planned","","Note, DailyNote, JournalEntry, KnowledgeItem, Tag, Space, Backlink, WikiLink","","","","","","","","","",""
"C06-093","Функция","Library","/app/library","P2-expand","planned","","Note, DailyNote, JournalEntry, KnowledgeItem, Tag, Space, Backlink, WikiLink","","","","","","","","","",""
"C06-094","Функция","Library","/app/library","P2-expand","planned","","Note, DailyNote, JournalEntry, KnowledgeItem, Tag, Space, Backlink, WikiLink","","","","","","","","","",""
"C06-095","Функция","Library","/app/library","P2-expand","planned","","Note, DailyNote, JournalEntry, KnowledgeItem, Tag, Space, Backlink, WikiLink","","","","","","","","","",""
"C06-096","Функция","Library","/app/library","P2-expand","planned","","Note, DailyNote, JournalEntry, KnowledgeItem, Tag, Space, Backlink, WikiLink","","","","","","","","","",""
"C06-097","Функция","Library","/app/library","P2-expand","planned","","Note, DailyNote, JournalEntry, KnowledgeItem, Tag, Space, Backlink, WikiLink","","","","","","","","","",""
"C06-098","Функция","Library","/app/library","P2-expand","planned","","Note, DailyNote, JournalEntry, KnowledgeItem, Tag, Space, Backlink, WikiLink","","","","","","","","","",""
"C06-099","Функция","Library","/app/library","P2-expand","planned","","Note, DailyNote, JournalEntry, KnowledgeItem, Tag, Space, Backlink, WikiLink","","","","","","","","","",""
"C06-100","Функция","Library","/app/library","P2-expand","planned","","Note, DailyNote, JournalEntry, KnowledgeItem, Tag, Space, Backlink, WikiLink","","","","","","","","","",""
"C06-101","Функция","Library","/app/library","P2-expand","planned","","Note, DailyNote, JournalEntry, KnowledgeItem, Tag, Space, Backlink, WikiLink","","","","","","","","","",""
"C06-102","Функция","Library","/app/library","P2-expand","planned","","Note, DailyNote, JournalEntry, KnowledgeItem, Tag, Space, Backlink, WikiLink","","","","","","","","","",""
"C06-103","Функция","Library","/app/library","P2-expand","planned","","Note, DailyNote, JournalEntry, KnowledgeItem, Tag, Space, Backlink, WikiLink","","","","","","","","","",""
"C06-104","Функция","Library","/app/library","P2-expand","planned","","Note, DailyNote, JournalEntry, KnowledgeItem, Tag, Space, Backlink, WikiLink","","","","","","","","","",""
"C06-105","Функция","Library","/app/library","P2-expand","planned","","Note, DailyNote, JournalEntry, KnowledgeItem, Tag, Space, Backlink, WikiLink","","","","","","","","","",""
"C06-106","Функция","Library","/app/library","P2-expand","planned","","Note, DailyNote, JournalEntry, KnowledgeItem, Tag, Space, Backlink, WikiLink","","","","","","","","","",""
"C06-107","Функция","Library","/app/library","P2-expand","planned","","Note, DailyNote, JournalEntry, KnowledgeItem, Tag, Space, Backlink, WikiLink","","","","","","","","","",""
"C06-108","Функция","Library","/app/library","P2-expand","planned","","Note, DailyNote, JournalEntry, KnowledgeItem, Tag, Space, Backlink, WikiLink","","","","","","","","","",""
"C06-109","Функция","Library","/app/library","P2-expand","planned","","Note, DailyNote, JournalEntry, KnowledgeItem, Tag, Space, Backlink, WikiLink","","","","","","","","","",""
"C06-110","Функция","Library","/app/library","P2-expand","planned","","Note, DailyNote, JournalEntry, KnowledgeItem, Tag, Space, Backlink, WikiLink","","","","","","","","","",""
"C06-111","Функция","Library","/app/library","P2-expand","planned","","Note, DailyNote, JournalEntry, KnowledgeItem, Tag, Space, Backlink, WikiLink","","","","","","","","","",""
"C06-112","Функция","Library","/app/library","P2-expand","planned","","Note, DailyNote, JournalEntry, KnowledgeItem, Tag, Space, Backlink, WikiLink","","","","","","","","","",""
"C06-113","Функция","Library","/app/library","P2-expand","planned","","Note, DailyNote, JournalEntry, KnowledgeItem, Tag, Space, Backlink, WikiLink","","","","","","","","","",""
"C06-114","Функция","Library","/app/library","P2-expand","planned","","Note, DailyNote, JournalEntry, KnowledgeItem, Tag, Space, Backlink, WikiLink","","","","","","","","","",""
"C06-115","Качество","Library","/app/library","Guard-only","planned-guard","","Note, DailyNote, JournalEntry, KnowledgeItem, Tag, Space, Backlink, WikiLink","","","","","","","","","",""
"C07-001","Функция","Today","/app/today","P1-corridor","planned","","TodayPage, DailyReview, JournalEntry, NextAction, RecoveryPlan","","","","","","","","","",""
"C07-002","Функция","Today","/app/today","P2-expand","planned","","TodayPage, DailyReview, JournalEntry, NextAction, RecoveryPlan","","","","","","","","","",""
"C07-003","Функция","Today","/app/today","P2-expand","planned","","TodayPage, DailyReview, JournalEntry, NextAction, RecoveryPlan","","","","","","","","","",""
"C07-004","Функция","Today","/app/today","P2-expand","planned","","TodayPage, DailyReview, JournalEntry, NextAction, RecoveryPlan","","","","","","","","","",""
"C07-005","Функция","Today","/app/today","P2-expand","planned","","TodayPage, DailyReview, JournalEntry, NextAction, RecoveryPlan","","","","","","","","","",""
"C07-006","Качество","Today","/app/today","Guard-only","planned-guard","","TodayPage, DailyReview, JournalEntry, NextAction, RecoveryPlan","","","","","","","","","",""
"C07-007","Качество","Today","/app/today","Guard-only","planned-guard","","TodayPage, DailyReview, JournalEntry, NextAction, RecoveryPlan","","","","","","","","","",""
"C07-008","Функция","Today","/app/today","P2-expand","planned","","TodayPage, DailyReview, JournalEntry, NextAction, RecoveryPlan","","","","","","","","","",""
"C07-009","Функция","Today","/app/today","P2-expand","planned","","TodayPage, DailyReview, JournalEntry, NextAction, RecoveryPlan","","","","","","","","","",""
"C07-010","Функция","Today","/app/today","P2-expand","planned","","TodayPage, DailyReview, JournalEntry, NextAction, RecoveryPlan","","","","","","","","","",""
"C07-011","Функция","Today","/app/today","P2-expand","planned","","TodayPage, DailyReview, JournalEntry, NextAction, RecoveryPlan","","","","","","","","","",""
"C07-012","Функция","Today","/app/today","P2-expand","planned","","TodayPage, DailyReview, JournalEntry, NextAction, RecoveryPlan","","","","","","","","","",""
"C07-013","Функция","Today","/app/today","P2-expand","planned","","TodayPage, DailyReview, JournalEntry, NextAction, RecoveryPlan","","","","","","","","","",""
"C07-014","Функция","Today","/app/today","P2-expand","planned","","TodayPage, DailyReview, JournalEntry, NextAction, RecoveryPlan","","","","","","","","","",""
"C07-015","Функция","Today","/app/today","P2-expand","planned","","TodayPage, DailyReview, JournalEntry, NextAction, RecoveryPlan","","","","","","","","","",""
"C07-016","Функция","Today","/app/today","P2-expand","planned","","TodayPage, DailyReview, JournalEntry, NextAction, RecoveryPlan","","","","","","","","","",""
"C07-017","Функция","Today","/app/today","P2-expand","planned","","TodayPage, DailyReview, JournalEntry, NextAction, RecoveryPlan","","","","","","","","","",""
"C07-018","Функция","Today","/app/today","P2-expand","planned","","TodayPage, DailyReview, JournalEntry, NextAction, RecoveryPlan","","","","","","","","","",""
"C07-019","Функция","Today","/app/today","P2-expand","planned","","TodayPage, DailyReview, JournalEntry, NextAction, RecoveryPlan","","","","","","","","","",""
"C07-020","Функция","Today","/app/today","P2-expand","planned","","TodayPage, DailyReview, JournalEntry, NextAction, RecoveryPlan","","","","","","","","","",""
"C07-021","Функция","Today","/app/today","P2-expand","planned","","TodayPage, DailyReview, JournalEntry, NextAction, RecoveryPlan","","","","","","","","","",""
"C07-022","Функция","Today","/app/today","P2-expand","planned","","TodayPage, DailyReview, JournalEntry, NextAction, RecoveryPlan","","","","","","","","","",""
"C07-023","Функция","Today","/app/today","P2-expand","planned","","TodayPage, DailyReview, JournalEntry, NextAction, RecoveryPlan","","","","","","","","","",""
"C07-024","Функция","Today","/app/today","P2-expand","planned","","TodayPage, DailyReview, JournalEntry, NextAction, RecoveryPlan","","","","","","","","","",""
"C07-025","Функция","Today","/app/today","P2-expand","planned","","TodayPage, DailyReview, JournalEntry, NextAction, RecoveryPlan","","","","","","","","","",""
"C07-026","Функция","Today","/app/today","P2-expand","planned","","TodayPage, DailyReview, JournalEntry, NextAction, RecoveryPlan","","","","","","","","","",""
"C07-027","Функция","Today","/app/today","P2-expand","planned","","TodayPage, DailyReview, JournalEntry, NextAction, RecoveryPlan","","","","","","","","","",""
"C07-028","Функция","Today","/app/today","P2-expand","planned","","TodayPage, DailyReview, JournalEntry, NextAction, RecoveryPlan","","","","","","","","","",""
"C07-029","Функция","Today","/app/today","P2-expand","planned","","TodayPage, DailyReview, JournalEntry, NextAction, RecoveryPlan","","","","","","","","","",""
"C07-030","Функция","Today","/app/today","P2-expand","planned","","TodayPage, DailyReview, JournalEntry, NextAction, RecoveryPlan","","","","","","","","","",""
"C07-031","Функция","Today","/app/today","P2-expand","planned","","TodayPage, DailyReview, JournalEntry, NextAction, RecoveryPlan","","","","","","","","","",""
"C07-032","Функция","Today","/app/today","P2-expand","planned","","TodayPage, DailyReview, JournalEntry, NextAction, RecoveryPlan","","","","","","","","","",""
"C07-033","Функция","Today","/app/today","P2-expand","planned","","TodayPage, DailyReview, JournalEntry, NextAction, RecoveryPlan","","","","","","","","","",""
"C07-034","Функция","Today","/app/today","P2-expand","planned","","TodayPage, DailyReview, JournalEntry, NextAction, RecoveryPlan","","","","","","","","","",""
"C07-035","Функция","Today","/app/today","P2-expand","planned","","TodayPage, DailyReview, JournalEntry, NextAction, RecoveryPlan","","","","","","","","","",""
"C07-036","Функция","Today","/app/today","P2-expand","planned","","TodayPage, DailyReview, JournalEntry, NextAction, RecoveryPlan","","","","","","","","","",""
"C07-037","Функция","Today","/app/today","P2-expand","planned","","TodayPage, DailyReview, JournalEntry, NextAction, RecoveryPlan","","","","","","","","","",""
"C07-038","Функция","Today","/app/today","P2-expand","planned","","TodayPage, DailyReview, JournalEntry, NextAction, RecoveryPlan","","","","","","","","","",""
"C07-039","Функция","Today","/app/today","P2-expand","planned","","TodayPage, DailyReview, JournalEntry, NextAction, RecoveryPlan","","","","","","","","","",""
"C07-040","Функция","Today","/app/today","P2-expand","planned","","TodayPage, DailyReview, JournalEntry, NextAction, RecoveryPlan","","","","","","","","","",""
"C07-041","Качество","Today","/app/today","Guard-only","planned-guard","","TodayPage, DailyReview, JournalEntry, NextAction, RecoveryPlan","","","","","","","","","",""
"C07-042","Качество","Today","/app/today","Guard-only","planned-guard","","TodayPage, DailyReview, JournalEntry, NextAction, RecoveryPlan","","","","","","","","","",""
"C07-043","Функция","Today","/app/today","P2-expand","planned","","TodayPage, DailyReview, JournalEntry, NextAction, RecoveryPlan","","","","","","","","","",""
"C07-044","Функция","Today","/app/today","P2-expand","planned","","TodayPage, DailyReview, JournalEntry, NextAction, RecoveryPlan","","","","","","","","","",""
"C07-045","Функция","Today","/app/today","P2-expand","planned","","TodayPage, DailyReview, JournalEntry, NextAction, RecoveryPlan","","","","","","","","","",""
"C07-046","Минус","Today","/app/today","Guard-only","planned-guard","","TodayPage, DailyReview, JournalEntry, NextAction, RecoveryPlan","","","","","","","","","",""
"C07-047","Минус","Today","/app/today","Guard-only","planned-guard","","TodayPage, DailyReview, JournalEntry, NextAction, RecoveryPlan","","","","","","","","","",""
"C07-048","Минус","Today","/app/today","Guard-only","planned-guard","","TodayPage, DailyReview, JournalEntry, NextAction, RecoveryPlan","","","","","","","","","",""
"C07-049","Функция","Today","/app/today","P2-expand","planned","","TodayPage, DailyReview, JournalEntry, NextAction, RecoveryPlan","","","","","","","","","",""
"C07-050","Функция","Today","/app/today","P2-expand","planned","","TodayPage, DailyReview, JournalEntry, NextAction, RecoveryPlan","","","","","","","","","",""
"C07-051","Функция","Today","/app/today","P2-expand","planned","","TodayPage, DailyReview, JournalEntry, NextAction, RecoveryPlan","","","","","","","","","",""
"C07-052","Функция","Today","/app/today","P2-expand","planned","","TodayPage, DailyReview, JournalEntry, NextAction, RecoveryPlan","","","","","","","","","",""
"C07-053","Функция","Today","/app/today","P2-expand","planned","","TodayPage, DailyReview, JournalEntry, NextAction, RecoveryPlan","","","","","","","","","",""
"C07-054","Функция","Today","/app/today","P2-expand","planned","","TodayPage, DailyReview, JournalEntry, NextAction, RecoveryPlan","","","","","","","","","",""
"C07-055","Функция","Today","/app/today","P2-expand","planned","","TodayPage, DailyReview, JournalEntry, NextAction, RecoveryPlan","","","","","","","","","",""
"C07-056","Качество","Today","/app/today","Guard-only","planned-guard","","TodayPage, DailyReview, JournalEntry, NextAction, RecoveryPlan","","","","","","","","","",""
"C07-057","Функция","Today","/app/today","P2-expand","planned","","TodayPage, DailyReview, JournalEntry, NextAction, RecoveryPlan","","","","","","","","","",""
"C07-058","Функция","Today","/app/today","P2-expand","planned","","TodayPage, DailyReview, JournalEntry, NextAction, RecoveryPlan","","","","","","","","","",""
"C07-059","Качество","Today","/app/today","Guard-only","planned-guard","","TodayPage, DailyReview, JournalEntry, NextAction, RecoveryPlan","","","","","","","","","",""
"C08-001","Функция","Plan","/app/plan","P2-expand","planned","","Task, Project, CalendarBlock, PlannerBlock, FocusSession, WeekPlan","","","","","","","","","",""
"C08-002","Функция","Plan","/app/plan","P2-expand","planned","","Task, Project, CalendarBlock, PlannerBlock, FocusSession, WeekPlan","","","","","","","","","",""
"C08-003","Функция","Plan","/app/plan","P2-expand","planned","","Task, Project, CalendarBlock, PlannerBlock, FocusSession, WeekPlan","","","","","","","","","",""
"C08-004","Функция","Plan","/app/plan","P2-expand","planned","","Task, Project, CalendarBlock, PlannerBlock, FocusSession, WeekPlan","","","","","","","","","",""
"C08-005","Функция","Plan","/app/plan","P2-expand","planned","","Task, Project, CalendarBlock, PlannerBlock, FocusSession, WeekPlan","","","","","","","","","",""
"C08-006","Функция","Plan","/app/plan","P2-expand","planned","","Task, Project, CalendarBlock, PlannerBlock, FocusSession, WeekPlan","","","","","","","","","",""
"C08-007","Функция","Plan","/app/plan","P2-expand","planned","","Task, Project, CalendarBlock, PlannerBlock, FocusSession, WeekPlan","","","","","","","","","",""
"C08-008","Качество","Plan","/app/plan","Guard-only","planned-guard","","Task, Project, CalendarBlock, PlannerBlock, FocusSession, WeekPlan","","","","","","","","","",""
"C08-009","Функция","Plan","/app/plan","P2-expand","planned","","Task, Project, CalendarBlock, PlannerBlock, FocusSession, WeekPlan","","","","","","","","","",""
"C08-010","Функция","Plan","/app/plan","P2-expand","planned","","Task, Project, CalendarBlock, PlannerBlock, FocusSession, WeekPlan","","","","","","","","","",""
"C08-011","Функция","Plan","/app/plan","P2-expand","planned","","Task, Project, CalendarBlock, PlannerBlock, FocusSession, WeekPlan","","","","","","","","","",""
"C08-012","Функция","Plan","/app/plan","P2-expand","planned","","Task, Project, CalendarBlock, PlannerBlock, FocusSession, WeekPlan","","","","","","","","","",""
"C08-013","Функция","Plan","/app/plan","P2-expand","planned","","Task, Project, CalendarBlock, PlannerBlock, FocusSession, WeekPlan","","","","","","","","","",""
"C08-014","Функция","Plan","/app/plan","P2-expand","planned","","Task, Project, CalendarBlock, PlannerBlock, FocusSession, WeekPlan","","","","","","","","","",""
"C08-015","Функция","Plan","/app/plan","P2-expand","planned","","Task, Project, CalendarBlock, PlannerBlock, FocusSession, WeekPlan","","","","","","","","","",""
"C08-016","Функция","Plan","/app/plan","P2-expand","planned","","Task, Project, CalendarBlock, PlannerBlock, FocusSession, WeekPlan","","","","","","","","","",""
"C08-017","Функция","Plan","/app/plan","P2-expand","planned","","Task, Project, CalendarBlock, PlannerBlock, FocusSession, WeekPlan","","","","","","","","","",""
"C08-018","Функция","Plan","/app/plan","P2-expand","planned","","Task, Project, CalendarBlock, PlannerBlock, FocusSession, WeekPlan","","","","","","","","","",""
"C08-019","Функция","Plan","/app/plan","P2-expand","planned","","Task, Project, CalendarBlock, PlannerBlock, FocusSession, WeekPlan","","","","","","","","","",""
"C08-020","Функция","Plan","/app/plan","P2-expand","planned","","Task, Project, CalendarBlock, PlannerBlock, FocusSession, WeekPlan","","","","","","","","","",""
"C08-021","Функция","Plan","/app/plan","P2-expand","planned","","Task, Project, CalendarBlock, PlannerBlock, FocusSession, WeekPlan","","","","","","","","","",""
"C08-022","Функция","Plan","/app/plan","P2-expand","planned","","Task, Project, CalendarBlock, PlannerBlock, FocusSession, WeekPlan","","","","","","","","","",""
"C08-023","Функция","Plan","/app/plan","P2-expand","planned","","Task, Project, CalendarBlock, PlannerBlock, FocusSession, WeekPlan","","","","","","","","","",""
"C08-024","Функция","Plan","/app/plan","P2-expand","planned","","Task, Project, CalendarBlock, PlannerBlock, FocusSession, WeekPlan","","","","","","","","","",""
"C08-025","Функция","Plan","/app/plan","P2-expand","planned","","Task, Project, CalendarBlock, PlannerBlock, FocusSession, WeekPlan","","","","","","","","","",""
"C08-026","Функция","Plan","/app/plan","P2-expand","planned","","Task, Project, CalendarBlock, PlannerBlock, FocusSession, WeekPlan","","","","","","","","","",""
"C08-027","Функция","Plan","/app/plan","P2-expand","planned","","Task, Project, CalendarBlock, PlannerBlock, FocusSession, WeekPlan","","","","","","","","","",""
"C08-028","Функция","Plan","/app/plan","P2-expand","planned","","Task, Project, CalendarBlock, PlannerBlock, FocusSession, WeekPlan","","","","","","","","","",""
"C08-029","Функция","Plan","/app/plan","P2-expand","planned","","Task, Project, CalendarBlock, PlannerBlock, FocusSession, WeekPlan","","","","","","","","","",""
"C08-030","Функция","Domains","/app/domains","P3-domain","deferred-after-kernel","","HealthSignal, Routine, Relationship, HomeItem, MoneyEvent, Trip, Meal, DomainPack","","","","","","","","","",""
"C08-031","Функция","Plan","/app/plan","P2-expand","planned","","Task, Project, CalendarBlock, PlannerBlock, FocusSession, WeekPlan","","","","","","","","","",""
"C08-032","Функция","Plan","/app/plan","P2-expand","planned","","Task, Project, CalendarBlock, PlannerBlock, FocusSession, WeekPlan","","","","","","","","","",""
"C08-033","Функция","Plan","/app/plan","P2-expand","planned","","Task, Project, CalendarBlock, PlannerBlock, FocusSession, WeekPlan","","","","","","","","","",""
"C08-034","Функция","Plan","/app/plan","P2-expand","planned","","Task, Project, CalendarBlock, PlannerBlock, FocusSession, WeekPlan","","","","","","","","","",""
"C08-035","Функция","Plan","/app/plan","P2-expand","planned","","Task, Project, CalendarBlock, PlannerBlock, FocusSession, WeekPlan","","","","","","","","","",""
"C08-036","Функция","Plan","/app/plan","P2-expand","planned","","Task, Project, CalendarBlock, PlannerBlock, FocusSession, WeekPlan","","","","","","","","","",""
"C08-037","Функция","Plan","/app/plan","P2-expand","planned","","Task, Project, CalendarBlock, PlannerBlock, FocusSession, WeekPlan","","","","","","","","","",""
"C08-038","Функция","Plan","/app/plan","P2-expand","planned","","Task, Project, CalendarBlock, PlannerBlock, FocusSession, WeekPlan","","","","","","","","","",""
"C08-039","Функция","Plan","/app/plan","P2-expand","planned","","Task, Project, CalendarBlock, PlannerBlock, FocusSession, WeekPlan","","","","","","","","","",""
"C08-040","Функция","Plan","/app/plan","P2-expand","planned","","Task, Project, CalendarBlock, PlannerBlock, FocusSession, WeekPlan","","","","","","","","","",""
"C08-041","Функция","Plan","/app/plan","P2-expand","planned","","Task, Project, CalendarBlock, PlannerBlock, FocusSession, WeekPlan","","","","","","","","","",""
"C08-042","Функция","Plan","/app/plan","P2-expand","planned","","Task, Project, CalendarBlock, PlannerBlock, FocusSession, WeekPlan","","","","","","","","","",""
"C08-043","Функция","Plan","/app/plan","P2-expand","planned","","Task, Project, CalendarBlock, PlannerBlock, FocusSession, WeekPlan","","","","","","","","","",""
"C08-044","Функция","Plan","/app/plan","P2-expand","planned","","Task, Project, CalendarBlock, PlannerBlock, FocusSession, WeekPlan","","","","","","","","","",""
"C08-045","Функция","Plan","/app/plan","P2-expand","planned","","Task, Project, CalendarBlock, PlannerBlock, FocusSession, WeekPlan","","","","","","","","","",""
"C08-046","Минус","Plan","/app/plan","Guard-only","planned-guard","","Task, Project, CalendarBlock, PlannerBlock, FocusSession, WeekPlan","","","","","","","","","",""
"C08-047","Минус","Plan","/app/plan","Guard-only","planned-guard","","Task, Project, CalendarBlock, PlannerBlock, FocusSession, WeekPlan","","","","","","","","","",""
"C08-048","Минус","Control","/app/control","Guard-only","planned-guard","","Receipt, DataControlItem, AuditEvent, ExportJob, DeletePreview, PrivacyZone, PermissionGrant","","","","","","","","","",""
"C08-049","Функция","Plan","/app/plan","P2-expand","planned","","Task, Project, CalendarBlock, PlannerBlock, FocusSession, WeekPlan","","","","","","","","","",""
"C08-050","Функция","Plan","/app/plan","P2-expand","planned","","Task, Project, CalendarBlock, PlannerBlock, FocusSession, WeekPlan","","","","","","","","","",""
"C08-051","Функция","Plan","/app/plan","P2-expand","planned","","Task, Project, CalendarBlock, PlannerBlock, FocusSession, WeekPlan","","","","","","","","","",""
"C08-052","Функция","Plan","/app/plan","P2-expand","planned","","Task, Project, CalendarBlock, PlannerBlock, FocusSession, WeekPlan","","","","","","","","","",""
"C08-053","Функция","Domains","/app/domains","P3-domain","deferred-after-kernel","","HealthSignal, Routine, Relationship, HomeItem, MoneyEvent, Trip, Meal, DomainPack","","","","","","","","","",""
"C09-001","Функция","Plan","/app/plan","P1-corridor","planned","","Task, Project, CalendarBlock, PlannerBlock, FocusSession, WeekPlan","","","","","","","","","",""
"C09-002","Качество","Plan","/app/plan","Guard-only","planned-guard","","Task, Project, CalendarBlock, PlannerBlock, FocusSession, WeekPlan","","","","","","","","","",""
"C09-003","Функция","Today","/app/today","P2-expand","planned","","TodayPage, DailyReview, JournalEntry, NextAction, RecoveryPlan","","","","","","","","","",""
"C09-004","Функция","Plan","/app/plan","P2-expand","planned","","Task, Project, CalendarBlock, PlannerBlock, FocusSession, WeekPlan","","","","","","","","","",""
"C09-005","Функция","Plan","/app/plan","P2-expand","planned","","Task, Project, CalendarBlock, PlannerBlock, FocusSession, WeekPlan","","","","","","","","","",""
"C09-006","Функция","Plan","/app/plan","P2-expand","planned","","Task, Project, CalendarBlock, PlannerBlock, FocusSession, WeekPlan","","","","","","","","","",""
"C09-007","Функция","Plan","/app/plan","P2-expand","planned","","Task, Project, CalendarBlock, PlannerBlock, FocusSession, WeekPlan","","","","","","","","","",""
"C09-008","Функция","Plan","/app/plan","P2-expand","planned","","Task, Project, CalendarBlock, PlannerBlock, FocusSession, WeekPlan","","","","","","","","","",""
"C09-009","Функция","Plan","/app/plan","P2-expand","planned","","Task, Project, CalendarBlock, PlannerBlock, FocusSession, WeekPlan","","","","","","","","","",""
"C09-010","Функция","Plan","/app/plan","P2-expand","planned","","Task, Project, CalendarBlock, PlannerBlock, FocusSession, WeekPlan","","","","","","","","","",""
"C09-011","Функция","Plan","/app/plan","P2-expand","planned","","Task, Project, CalendarBlock, PlannerBlock, FocusSession, WeekPlan","","","","","","","","","",""
"C09-012","Функция","Plan","/app/plan","P2-expand","planned","","Task, Project, CalendarBlock, PlannerBlock, FocusSession, WeekPlan","","","","","","","","","",""
"C09-013","Функция","Today","/app/today","P2-expand","planned","","TodayPage, DailyReview, JournalEntry, NextAction, RecoveryPlan","","","","","","","","","",""
"C09-014","Функция","Plan","/app/plan","P2-expand","planned","","Task, Project, CalendarBlock, PlannerBlock, FocusSession, WeekPlan","","","","","","","","","",""
"C09-015","Функция","Plan","/app/plan","P2-expand","planned","","Task, Project, CalendarBlock, PlannerBlock, FocusSession, WeekPlan","","","","","","","","","",""
"C09-016","Функция","Plan","/app/plan","P2-expand","planned","","Task, Project, CalendarBlock, PlannerBlock, FocusSession, WeekPlan","","","","","","","","","",""
"C09-017","Функция","Plan","/app/plan","P2-expand","planned","","Task, Project, CalendarBlock, PlannerBlock, FocusSession, WeekPlan","","","","","","","","","",""
"C09-018","Функция","Plan","/app/plan","P2-expand","planned","","Task, Project, CalendarBlock, PlannerBlock, FocusSession, WeekPlan","","","","","","","","","",""
"C09-019","Функция","Plan","/app/plan","P2-expand","planned","","Task, Project, CalendarBlock, PlannerBlock, FocusSession, WeekPlan","","","","","","","","","",""
"C09-020","Функция","Plan","/app/plan","P2-expand","planned","","Task, Project, CalendarBlock, PlannerBlock, FocusSession, WeekPlan","","","","","","","","","",""
"C09-021","Функция","Plan","/app/plan","P2-expand","planned","","Task, Project, CalendarBlock, PlannerBlock, FocusSession, WeekPlan","","","","","","","","","",""
"C09-022","Функция","Plan","/app/plan","P2-expand","planned","","Task, Project, CalendarBlock, PlannerBlock, FocusSession, WeekPlan","","","","","","","","","",""
"C09-023","Функция","Plan","/app/plan","P2-expand","planned","","Task, Project, CalendarBlock, PlannerBlock, FocusSession, WeekPlan","","","","","","","","","",""
"C09-024","Функция","Plan","/app/plan","P2-expand","planned","","Task, Project, CalendarBlock, PlannerBlock, FocusSession, WeekPlan","","","","","","","","","",""
"C09-025","Функция","Plan","/app/plan","P2-expand","planned","","Task, Project, CalendarBlock, PlannerBlock, FocusSession, WeekPlan","","","","","","","","","",""
"C09-026","Функция","Plan","/app/plan","P2-expand","planned","","Task, Project, CalendarBlock, PlannerBlock, FocusSession, WeekPlan","","","","","","","","","",""
"C09-027","Функция","Plan","/app/plan","P2-expand","planned","","Task, Project, CalendarBlock, PlannerBlock, FocusSession, WeekPlan","","","","","","","","","",""
"C09-028","Функция","Plan","/app/plan","P2-expand","planned","","Task, Project, CalendarBlock, PlannerBlock, FocusSession, WeekPlan","","","","","","","","","",""
"C09-029","Функция","Plan","/app/plan","P2-expand","planned","","Task, Project, CalendarBlock, PlannerBlock, FocusSession, WeekPlan","","","","","","","","","",""
"C09-030","Функция","Plan","/app/plan","P2-expand","planned","","Task, Project, CalendarBlock, PlannerBlock, FocusSession, WeekPlan","","","","","","","","","",""
"C09-031","Функция","Plan","/app/plan","P2-expand","planned","","Task, Project, CalendarBlock, PlannerBlock, FocusSession, WeekPlan","","","","","","","","","",""
"C09-032","Функция","Plan","/app/plan","P2-expand","planned","","Task, Project, CalendarBlock, PlannerBlock, FocusSession, WeekPlan","","","","","","","","","",""
"C09-033","Функция","Plan","/app/plan","P2-expand","planned","","Task, Project, CalendarBlock, PlannerBlock, FocusSession, WeekPlan","","","","","","","","","",""
"C09-034","Функция","Today","/app/today","P2-expand","planned","","TodayPage, DailyReview, JournalEntry, NextAction, RecoveryPlan","","","","","","","","","",""
"C09-035","Функция","Plan","/app/plan","P2-expand","planned","","Task, Project, CalendarBlock, PlannerBlock, FocusSession, WeekPlan","","","","","","","","","",""
"C09-036","Функция","Plan","/app/plan","P2-expand","planned","","Task, Project, CalendarBlock, PlannerBlock, FocusSession, WeekPlan","","","","","","","","","",""
"C09-037","Функция","Plan","/app/plan","P2-expand","planned","","Task, Project, CalendarBlock, PlannerBlock, FocusSession, WeekPlan","","","","","","","","","",""
"C09-038","Функция","Plan","/app/plan","P2-expand","planned","","Task, Project, CalendarBlock, PlannerBlock, FocusSession, WeekPlan","","","","","","","","","",""
"C09-039","Функция","Plan","/app/plan","P2-expand","planned","","Task, Project, CalendarBlock, PlannerBlock, FocusSession, WeekPlan","","","","","","","","","",""
"C09-040","Функция","Plan","/app/plan","P2-expand","planned","","Task, Project, CalendarBlock, PlannerBlock, FocusSession, WeekPlan","","","","","","","","","",""
"C09-041","Функция","Today","/app/today","P2-expand","planned","","TodayPage, DailyReview, JournalEntry, NextAction, RecoveryPlan","","","","","","","","","",""
"C09-042","Функция","Plan","/app/plan","P2-expand","planned","","Task, Project, CalendarBlock, PlannerBlock, FocusSession, WeekPlan","","","","","","","","","",""
"C09-043","Функция","Plan","/app/plan","P2-expand","planned","","Task, Project, CalendarBlock, PlannerBlock, FocusSession, WeekPlan","","","","","","","","","",""
"C09-044","Функция","Today","/app/today","P2-expand","planned","","TodayPage, DailyReview, JournalEntry, NextAction, RecoveryPlan","","","","","","","","","",""
"C09-045","Функция","Plan","/app/plan","P2-expand","planned","","Task, Project, CalendarBlock, PlannerBlock, FocusSession, WeekPlan","","","","","","","","","",""
"C09-046","Функция","Plan","/app/plan","P2-expand","planned","","Task, Project, CalendarBlock, PlannerBlock, FocusSession, WeekPlan","","","","","","","","","",""
"C09-047","Функция","Plan","/app/plan","P2-expand","planned","","Task, Project, CalendarBlock, PlannerBlock, FocusSession, WeekPlan","","","","","","","","","",""
"C09-048","Функция","Plan","/app/plan","P2-expand","planned","","Task, Project, CalendarBlock, PlannerBlock, FocusSession, WeekPlan","","","","","","","","","",""
"C09-049","Качество","Today","/app/today","Guard-only","planned-guard","","TodayPage, DailyReview, JournalEntry, NextAction, RecoveryPlan","","","","","","","","","",""
"C09-050","Качество","Plan","/app/plan","Guard-only","planned-guard","","Task, Project, CalendarBlock, PlannerBlock, FocusSession, WeekPlan","","","","","","","","","",""
"C09-051","Минус","Plan","/app/plan","Guard-only","planned-guard","","Task, Project, CalendarBlock, PlannerBlock, FocusSession, WeekPlan","","","","","","","","","",""
"C09-052","Минус","Plan","/app/plan","Guard-only","planned-guard","","Task, Project, CalendarBlock, PlannerBlock, FocusSession, WeekPlan","","","","","","","","","",""
"C09-053","Минус","Plan","/app/plan","Guard-only","planned-guard","","Task, Project, CalendarBlock, PlannerBlock, FocusSession, WeekPlan","","","","","","","","","",""
"C09-054","Минус","Plan","/app/plan","Guard-only","planned-guard","","Task, Project, CalendarBlock, PlannerBlock, FocusSession, WeekPlan","","","","","","","","","",""
"C09-055","Функция","Plan","/app/plan","P2-expand","planned","","Task, Project, CalendarBlock, PlannerBlock, FocusSession, WeekPlan","","","","","","","","","",""
"C09-056","Функция","Plan","/app/plan","P2-expand","planned","","Task, Project, CalendarBlock, PlannerBlock, FocusSession, WeekPlan","","","","","","","","","",""
"C09-057","Качество","Plan","/app/plan","Guard-only","planned-guard","","Task, Project, CalendarBlock, PlannerBlock, FocusSession, WeekPlan","","","","","","","","","",""
"C09-058","Функция","Plan","/app/plan","P2-expand","planned","","Task, Project, CalendarBlock, PlannerBlock, FocusSession, WeekPlan","","","","","","","","","",""
"C10-001","Функция","Plan","/app/plan","P2-expand","planned","","Task, Project, CalendarBlock, PlannerBlock, FocusSession, WeekPlan","","","","","","","","","",""
"C10-002","Функция","Plan","/app/plan","P2-expand","planned","","Task, Project, CalendarBlock, PlannerBlock, FocusSession, WeekPlan","","","","","","","","","",""
"C10-003","Функция","Plan","/app/plan","P2-expand","planned","","Task, Project, CalendarBlock, PlannerBlock, FocusSession, WeekPlan","","","","","","","","","",""
"C10-004","Функция","Plan","/app/plan","P2-expand","planned","","Task, Project, CalendarBlock, PlannerBlock, FocusSession, WeekPlan","","","","","","","","","",""
"C10-005","Функция","Plan","/app/plan","P2-expand","planned","","Task, Project, CalendarBlock, PlannerBlock, FocusSession, WeekPlan","","","","","","","","","",""
"C10-006","Функция","Plan","/app/plan","P2-expand","planned","","Task, Project, CalendarBlock, PlannerBlock, FocusSession, WeekPlan","","","","","","","","","",""
"C10-007","Функция","Plan","/app/plan","P2-expand","planned","","Task, Project, CalendarBlock, PlannerBlock, FocusSession, WeekPlan","","","","","","","","","",""
"C10-008","Функция","Plan","/app/plan","P2-expand","planned","","Task, Project, CalendarBlock, PlannerBlock, FocusSession, WeekPlan","","","","","","","","","",""
"C10-009","Функция","Plan","/app/plan","P2-expand","planned","","Task, Project, CalendarBlock, PlannerBlock, FocusSession, WeekPlan","","","","","","","","","",""
"C10-010","Функция","Plan","/app/plan","P2-expand","planned","","Task, Project, CalendarBlock, PlannerBlock, FocusSession, WeekPlan","","","","","","","","","",""
"C10-011","Функция","Plan","/app/plan","P2-expand","planned","","Task, Project, CalendarBlock, PlannerBlock, FocusSession, WeekPlan","","","","","","","","","",""
"C10-012","Функция","Plan","/app/plan","P2-expand","planned","","Task, Project, CalendarBlock, PlannerBlock, FocusSession, WeekPlan","","","","","","","","","",""
"C10-013","Функция","Plan","/app/plan","P2-expand","planned","","Task, Project, CalendarBlock, PlannerBlock, FocusSession, WeekPlan","","","","","","","","","",""
"C10-014","Функция","Plan","/app/plan","P2-expand","planned","","Task, Project, CalendarBlock, PlannerBlock, FocusSession, WeekPlan","","","","","","","","","",""
"C10-015","Функция","Plan","/app/plan","P2-expand","planned","","Task, Project, CalendarBlock, PlannerBlock, FocusSession, WeekPlan","","","","","","","","","",""
"C10-016","Функция","Plan","/app/plan","P2-expand","planned","","Task, Project, CalendarBlock, PlannerBlock, FocusSession, WeekPlan","","","","","","","","","",""
"C10-017","Функция","Plan","/app/plan","P2-expand","planned","","Task, Project, CalendarBlock, PlannerBlock, FocusSession, WeekPlan","","","","","","","","","",""
"C10-018","Функция","Today","/app/today","P2-expand","planned","","TodayPage, DailyReview, JournalEntry, NextAction, RecoveryPlan","","","","","","","","","",""
"C10-019","Функция","Plan","/app/plan","P2-expand","planned","","Task, Project, CalendarBlock, PlannerBlock, FocusSession, WeekPlan","","","","","","","","","",""
"C10-020","Качество","Plan","/app/plan","Guard-only","planned-guard","","Task, Project, CalendarBlock, PlannerBlock, FocusSession, WeekPlan","","","","","","","","","",""
"C10-021","Минус","Plan","/app/plan","Guard-only","planned-guard","","Task, Project, CalendarBlock, PlannerBlock, FocusSession, WeekPlan","","","","","","","","","",""
"C10-022","Минус","Plan","/app/plan","Guard-only","planned-guard","","Task, Project, CalendarBlock, PlannerBlock, FocusSession, WeekPlan","","","","","","","","","",""
"C10-023","Минус","Plan","/app/plan","Guard-only","planned-guard","","Task, Project, CalendarBlock, PlannerBlock, FocusSession, WeekPlan","","","","","","","","","",""
"C10-024","Функция","Plan","/app/plan","P2-expand","planned","","Task, Project, CalendarBlock, PlannerBlock, FocusSession, WeekPlan","","","","","","","","","",""
"C10-025","Функция","Plan","/app/plan","P2-expand","planned","","Task, Project, CalendarBlock, PlannerBlock, FocusSession, WeekPlan","","","","","","","","","",""
"C10-026","Минус","Plan","/app/plan","Guard-only","planned-guard","","Task, Project, CalendarBlock, PlannerBlock, FocusSession, WeekPlan","","","","","","","","","",""
"C10-027","Функция","Plan","/app/plan","P2-expand","planned","","Task, Project, CalendarBlock, PlannerBlock, FocusSession, WeekPlan","","","","","","","","","",""
"C10-028","Функция","Plan","/app/plan","P2-expand","planned","","Task, Project, CalendarBlock, PlannerBlock, FocusSession, WeekPlan","","","","","","","","","",""
"C10-029","Функция","Plan","/app/plan","P2-expand","planned","","Task, Project, CalendarBlock, PlannerBlock, FocusSession, WeekPlan","","","","","","","","","",""
"C10-030","Функция","Plan","/app/plan","P2-expand","planned","","Task, Project, CalendarBlock, PlannerBlock, FocusSession, WeekPlan","","","","","","","","","",""
"C10-031","Функция","Plan","/app/plan","P2-expand","planned","","Task, Project, CalendarBlock, PlannerBlock, FocusSession, WeekPlan","","","","","","","","","",""
"C10-032","Функция","Providers","/app/providers","Blocked-provider","blocked-provider","","ProviderBoundary, ModelProfile, MediaTranscriptJob, ScreenSession, DeviceSyncState","","","","","","","","","",""
"C11-001","Функция","Core / invisible OS spine","/app/system","P0-kernel","planned","","LifeObject, SourceRef, Receipt, AuditEvent, PolicyBoundary, GraphEdge","","","","","","","","","",""
"C11-002","Функция","Core / invisible OS spine","/app/system","P0-kernel","planned","","LifeObject, SourceRef, Receipt, AuditEvent, PolicyBoundary, GraphEdge","","","","","","","","","",""
"C11-003","Функция","Providers","/app/providers","Blocked-provider","blocked-provider","","ProviderBoundary, ModelProfile, MediaTranscriptJob, ScreenSession, DeviceSyncState","","","","","","","","","",""
"C11-004","Функция","Providers","/app/providers","Blocked-provider","blocked-provider","","ProviderBoundary, ModelProfile, MediaTranscriptJob, ScreenSession, DeviceSyncState","","","","","","","","","",""
"C11-005","Функция","Core / invisible OS spine","/app/system","P0-kernel","planned","","LifeObject, SourceRef, Receipt, AuditEvent, PolicyBoundary, GraphEdge","","","","","","","","","",""
"C11-006","Функция","Agents","/app/agents","P2-expand","planned","","AgentManifest, ToolScope, WorkflowManifest, WorkflowRunPreview, ActionProposal","","","","","","","","","",""
"C11-007","Функция","Core / invisible OS spine","/app/system","P0-kernel","planned","","LifeObject, SourceRef, Receipt, AuditEvent, PolicyBoundary, GraphEdge","","","","","","","","","",""
"C11-008","Функция","Today","/app/today","P2-expand","planned","","TodayPage, DailyReview, JournalEntry, NextAction, RecoveryPlan","","","","","","","","","",""
"C11-009","Функция","Today","/app/today","P2-expand","planned","","TodayPage, DailyReview, JournalEntry, NextAction, RecoveryPlan","","","","","","","","","",""
"C11-010","Функция","Control","/app/control","P2-expand","planned","","Receipt, DataControlItem, AuditEvent, ExportJob, DeletePreview, PrivacyZone, PermissionGrant","","","","","","","","","",""
"C11-011","Функция","Core / invisible OS spine","/app/system","P0-kernel","planned","","LifeObject, SourceRef, Receipt, AuditEvent, PolicyBoundary, GraphEdge","","","","","","","","","",""
"C11-012","Функция","Graph","/app/graph","P2-expand","planned","","GraphNode, GraphEdge, Entity, EntityCandidate, RelationshipReason","","","","","","","","","",""
"C11-013","Функция","Graph","/app/graph","P2-expand","planned","","GraphNode, GraphEdge, Entity, EntityCandidate, RelationshipReason","","","","","","","","","",""
"C11-014","Функция","Control","/app/control","P2-expand","planned","","Receipt, DataControlItem, AuditEvent, ExportJob, DeletePreview, PrivacyZone, PermissionGrant","","","","","","","","","",""
"C11-015","Функция","Graph","/app/graph","P2-expand","planned","","GraphNode, GraphEdge, Entity, EntityCandidate, RelationshipReason","","","","","","","","","",""
"C11-016","Функция","Library","/app/library","P2-expand","planned","","Note, DailyNote, JournalEntry, KnowledgeItem, Tag, Space, Backlink, WikiLink","","","","","","","","","",""
"C11-017","Функция","Control","/app/control","P2-expand","planned","","Receipt, DataControlItem, AuditEvent, ExportJob, DeletePreview, PrivacyZone, PermissionGrant","","","","","","","","","",""
"C11-018","Качество","Core / invisible OS spine","/app/system","Guard-only","planned-guard","","LifeObject, SourceRef, Receipt, AuditEvent, PolicyBoundary, GraphEdge","","","","","","","","","",""
"C11-019","Качество","Domains","/app/domains","Guard-only","planned-guard","","HealthSignal, Routine, Relationship, HomeItem, MoneyEvent, Trip, Meal, DomainPack","","","","","","","","","",""
"C11-020","Качество","Domains","/app/domains","Guard-only","planned-guard","","HealthSignal, Routine, Relationship, HomeItem, MoneyEvent, Trip, Meal, DomainPack","","","","","","","","","",""
"C11-021","Минус","Control","/app/control","Guard-only","planned-guard","","Receipt, DataControlItem, AuditEvent, ExportJob, DeletePreview, PrivacyZone, PermissionGrant","","","","","","","","","",""
"C11-022","Минус","Today","/app/today","Guard-only","planned-guard","","TodayPage, DailyReview, JournalEntry, NextAction, RecoveryPlan","","","","","","","","","",""
"C11-023","Минус","Core / invisible OS spine","/app/system","Guard-only","planned-guard","","LifeObject, SourceRef, Receipt, AuditEvent, PolicyBoundary, GraphEdge","","","","","","","","","",""
"C11-024","Минус","Providers","/app/providers","Guard-only","planned-guard","","ProviderBoundary, ModelProfile, MediaTranscriptJob, ScreenSession, DeviceSyncState","","","","","","","","","",""
"C11-025","Минус","Graph","/app/graph","Guard-only","planned-guard","","GraphNode, GraphEdge, Entity, EntityCandidate, RelationshipReason","","","","","","","","","",""
"C11-026","Минус","Core / invisible OS spine","/app/system","Guard-only","planned-guard","","LifeObject, SourceRef, Receipt, AuditEvent, PolicyBoundary, GraphEdge","","","","","","","","","",""
"C11-027","Функция","Plan","/app/plan","P2-expand","planned","","Task, Project, CalendarBlock, PlannerBlock, FocusSession, WeekPlan","","","","","","","","","",""
"C11-028","Функция","Core / invisible OS spine","/app/system","P0-kernel","planned","","LifeObject, SourceRef, Receipt, AuditEvent, PolicyBoundary, GraphEdge","","","","","","","","","",""
"C11-029","Функция","Providers","/app/providers","Blocked-provider","blocked-provider","","ProviderBoundary, ModelProfile, MediaTranscriptJob, ScreenSession, DeviceSyncState","","","","","","","","","",""
"C11-030","Функция","Core / invisible OS spine","/app/system","P0-kernel","planned","","LifeObject, SourceRef, Receipt, AuditEvent, PolicyBoundary, GraphEdge","","","","","","","","","",""
"C11-031","Функция","Domains","/app/domains","P3-domain","deferred-after-kernel","","HealthSignal, Routine, Relationship, HomeItem, MoneyEvent, Trip, Meal, DomainPack","","","","","","","","","",""
"C11-032","Функция","Inbox","/app/inbox","P2-expand","planned","","Source, SourcePacket, Attachment, ImportJob, CaptureDraft","","","","","","","","","",""
"C11-033","Функция","Control","/app/control","P2-expand","planned","","Receipt, DataControlItem, AuditEvent, ExportJob, DeletePreview, PrivacyZone, PermissionGrant","","","","","","","","","",""
"C11-034","Функция","Core / invisible OS spine","/app/system","P0-kernel","planned","","LifeObject, SourceRef, Receipt, AuditEvent, PolicyBoundary, GraphEdge","","","","","","","","","",""
"C11-035","Функция","Core / invisible OS spine","/app/system","P0-kernel","planned","","LifeObject, SourceRef, Receipt, AuditEvent, PolicyBoundary, GraphEdge","","","","","","","","","",""
"C11-036","Функция","Graph","/app/graph","P2-expand","planned","","GraphNode, GraphEdge, Entity, EntityCandidate, RelationshipReason","","","","","","","","","",""
"C11-037","Функция","Packs","/app/packs","P3-domain","deferred-after-kernel","","PackManifest, CustomObjectType, Template, BuilderBlock, InstallImpact","","","","","","","","","",""
"C11-038","Функция","Packs","/app/packs","P3-domain","deferred-after-kernel","","PackManifest, CustomObjectType, Template, BuilderBlock, InstallImpact","","","","","","","","","",""
"C11-039","Функция","Packs","/app/packs","P3-domain","deferred-after-kernel","","PackManifest, CustomObjectType, Template, BuilderBlock, InstallImpact","","","","","","","","","",""
"C11-040","Функция","Packs","/app/packs","P3-domain","deferred-after-kernel","","PackManifest, CustomObjectType, Template, BuilderBlock, InstallImpact","","","","","","","","","",""
"C11-041","Функция","Core / invisible OS spine","/app/system","P0-kernel","planned","","LifeObject, SourceRef, Receipt, AuditEvent, PolicyBoundary, GraphEdge","","","","","","","","","",""
"C11-042","Функция","Domains","/app/domains","P3-domain","deferred-after-kernel","","HealthSignal, Routine, Relationship, HomeItem, MoneyEvent, Trip, Meal, DomainPack","","","","","","","","","",""
"C11-043","Функция","Core / invisible OS spine","/app/system","P0-kernel","planned","","LifeObject, SourceRef, Receipt, AuditEvent, PolicyBoundary, GraphEdge","","","","","","","","","",""
"C11-044","Функция","Packs","/app/packs","P3-domain","deferred-after-kernel","","PackManifest, CustomObjectType, Template, BuilderBlock, InstallImpact","","","","","","","","","",""
"C11-045","Функция","Providers","/app/providers","Blocked-provider","blocked-provider","","ProviderBoundary, ModelProfile, MediaTranscriptJob, ScreenSession, DeviceSyncState","","","","","","","","","",""
"C11-046","Функция","Packs","/app/packs","P3-domain","deferred-after-kernel","","PackManifest, CustomObjectType, Template, BuilderBlock, InstallImpact","","","","","","","","","",""
"C11-047","Функция","Packs","/app/packs","P3-domain","deferred-after-kernel","","PackManifest, CustomObjectType, Template, BuilderBlock, InstallImpact","","","","","","","","","",""
"C11-048","Функция","Packs","/app/packs","P3-domain","deferred-after-kernel","","PackManifest, CustomObjectType, Template, BuilderBlock, InstallImpact","","","","","","","","","",""
"C11-049","Функция","Packs","/app/packs","P3-domain","deferred-after-kernel","","PackManifest, CustomObjectType, Template, BuilderBlock, InstallImpact","","","","","","","","","",""
"C11-050","Функция","Packs","/app/packs","P3-domain","deferred-after-kernel","","PackManifest, CustomObjectType, Template, BuilderBlock, InstallImpact","","","","","","","","","",""
"C11-051","Функция","Packs","/app/packs","P3-domain","deferred-after-kernel","","PackManifest, CustomObjectType, Template, BuilderBlock, InstallImpact","","","","","","","","","",""
"C11-052","Функция","Providers","/app/providers","Blocked-provider","blocked-provider","","ProviderBoundary, ModelProfile, MediaTranscriptJob, ScreenSession, DeviceSyncState","","","","","","","","","",""
"C11-053","Функция","Plan","/app/plan","P2-expand","planned","","Task, Project, CalendarBlock, PlannerBlock, FocusSession, WeekPlan","","","","","","","","","",""
"C11-054","Функция","Core / invisible OS spine","/app/system","P0-kernel","planned","","LifeObject, SourceRef, Receipt, AuditEvent, PolicyBoundary, GraphEdge","","","","","","","","","",""
"C11-055","Функция","Chat","/app/chat","P2-expand","planned","","ChatThread, ChatMessage, MeetingNote, Contact, ConversationContext","","","","","","","","","",""
"C11-056","Функция","Graph","/app/graph","P2-expand","planned","","GraphNode, GraphEdge, Entity, EntityCandidate, RelationshipReason","","","","","","","","","",""
"C11-057","Функция","Providers","/app/providers","Blocked-provider","blocked-provider","","ProviderBoundary, ModelProfile, MediaTranscriptJob, ScreenSession, DeviceSyncState","","","","","","","","","",""
"C11-058","Функция","Packs","/app/packs","P3-domain","deferred-after-kernel","","PackManifest, CustomObjectType, Template, BuilderBlock, InstallImpact","","","","","","","","","",""
"C11-059","Функция","Domains","/app/domains","P3-domain","deferred-after-kernel","","HealthSignal, Routine, Relationship, HomeItem, MoneyEvent, Trip, Meal, DomainPack","","","","","","","","","",""
"C11-060","Функция","Core / invisible OS spine","/app/system","P0-kernel","planned","","LifeObject, SourceRef, Receipt, AuditEvent, PolicyBoundary, GraphEdge","","","","","","","","","",""
"C11-061","Функция","Domains","/app/domains","P3-domain","deferred-after-kernel","","HealthSignal, Routine, Relationship, HomeItem, MoneyEvent, Trip, Meal, DomainPack","","","","","","","","","",""
"C11-062","Функция","Graph","/app/graph","P2-expand","planned","","GraphNode, GraphEdge, Entity, EntityCandidate, RelationshipReason","","","","","","","","","",""
"C11-063","Функция","Agents","/app/agents","P2-expand","planned","","AgentManifest, ToolScope, WorkflowManifest, WorkflowRunPreview, ActionProposal","","","","","","","","","",""
"C11-064","Функция","Today","/app/today","P2-expand","planned","","TodayPage, DailyReview, JournalEntry, NextAction, RecoveryPlan","","","","","","","","","",""
"C11-065","Функция","Today","/app/today","P2-expand","planned","","TodayPage, DailyReview, JournalEntry, NextAction, RecoveryPlan","","","","","","","","","",""
"C11-066","Функция","Plan","/app/plan","P2-expand","planned","","Task, Project, CalendarBlock, PlannerBlock, FocusSession, WeekPlan","","","","","","","","","",""
"C11-067","Функция","Core / invisible OS spine","/app/system","P0-kernel","planned","","LifeObject, SourceRef, Receipt, AuditEvent, PolicyBoundary, GraphEdge","","","","","","","","","",""
"C11-068","Функция","Core / invisible OS spine","/app/system","P0-kernel","planned","","LifeObject, SourceRef, Receipt, AuditEvent, PolicyBoundary, GraphEdge","","","","","","","","","",""
"C11-069","Функция","Core / invisible OS spine","/app/system","P0-kernel","planned","","LifeObject, SourceRef, Receipt, AuditEvent, PolicyBoundary, GraphEdge","","","","","","","","","",""
"C11-070","Минус","Providers","/app/providers","Guard-only","planned-guard","","ProviderBoundary, ModelProfile, MediaTranscriptJob, ScreenSession, DeviceSyncState","","","","","","","","","",""
"C11-071","Минус","Core / invisible OS spine","/app/system","Guard-only","planned-guard","","LifeObject, SourceRef, Receipt, AuditEvent, PolicyBoundary, GraphEdge","","","","","","","","","",""
"C11-072","Функция","Core / invisible OS spine","/app/system","P0-kernel","planned","","LifeObject, SourceRef, Receipt, AuditEvent, PolicyBoundary, GraphEdge","","","","","","","","","",""
"C11-073","Функция","Core / invisible OS spine","/app/system","P0-kernel","planned","","LifeObject, SourceRef, Receipt, AuditEvent, PolicyBoundary, GraphEdge","","","","","","","","","",""
"C11-074","Функция","Graph","/app/graph","P2-expand","planned","","GraphNode, GraphEdge, Entity, EntityCandidate, RelationshipReason","","","","","","","","","",""
"C11-075","Функция","Plan","/app/plan","P2-expand","planned","","Task, Project, CalendarBlock, PlannerBlock, FocusSession, WeekPlan","","","","","","","","","",""
"C11-076","Функция","Domains","/app/domains","P3-domain","deferred-after-kernel","","HealthSignal, Routine, Relationship, HomeItem, MoneyEvent, Trip, Meal, DomainPack","","","","","","","","","",""
"C11-077","Функция","Plan","/app/plan","P2-expand","planned","","Task, Project, CalendarBlock, PlannerBlock, FocusSession, WeekPlan","","","","","","","","","",""
"C11-078","Функция","Providers","/app/providers","Blocked-provider","blocked-provider","","ProviderBoundary, ModelProfile, MediaTranscriptJob, ScreenSession, DeviceSyncState","","","","","","","","","",""
"C11-079","Функция","Core / invisible OS spine","/app/system","P0-kernel","planned","","LifeObject, SourceRef, Receipt, AuditEvent, PolicyBoundary, GraphEdge","","","","","","","","","",""
"C11-080","Качество","Graph","/app/graph","Guard-only","planned-guard","","GraphNode, GraphEdge, Entity, EntityCandidate, RelationshipReason","","","","","","","","","",""
"C12-001","Функция","Library","/app/library","P2-expand","planned","","Note, DailyNote, JournalEntry, KnowledgeItem, Tag, Space, Backlink, WikiLink","","","","","","","","","",""
"C12-002","Функция","Library","/app/library","P2-expand","planned","","Note, DailyNote, JournalEntry, KnowledgeItem, Tag, Space, Backlink, WikiLink","","","","","","","","","",""
"C12-003","Функция","Today","/app/today","P2-expand","planned","","TodayPage, DailyReview, JournalEntry, NextAction, RecoveryPlan","","","","","","","","","",""
"C12-004","Функция","Today","/app/today","P2-expand","planned","","TodayPage, DailyReview, JournalEntry, NextAction, RecoveryPlan","","","","","","","","","",""
"C12-005","Функция","Plan","/app/plan","P2-expand","planned","","Task, Project, CalendarBlock, PlannerBlock, FocusSession, WeekPlan","","","","","","","","","",""
"C12-006","Функция","Today","/app/today","P2-expand","planned","","TodayPage, DailyReview, JournalEntry, NextAction, RecoveryPlan","","","","","","","","","",""
"C12-007","Функция","Library","/app/library","P2-expand","planned","","Note, DailyNote, JournalEntry, KnowledgeItem, Tag, Space, Backlink, WikiLink","","","","","","","","","",""
"C12-008","Функция","Today","/app/today","P2-expand","planned","","TodayPage, DailyReview, JournalEntry, NextAction, RecoveryPlan","","","","","","","","","",""
"C12-009","Функция","Today","/app/today","P2-expand","planned","","TodayPage, DailyReview, JournalEntry, NextAction, RecoveryPlan","","","","","","","","","",""
"C12-010","Функция","Today","/app/today","P2-expand","planned","","TodayPage, DailyReview, JournalEntry, NextAction, RecoveryPlan","","","","","","","","","",""
"C12-011","Функция","Library","/app/library","P2-expand","planned","","Note, DailyNote, JournalEntry, KnowledgeItem, Tag, Space, Backlink, WikiLink","","","","","","","","","",""
"C12-012","Функция","Library","/app/library","P2-expand","planned","","Note, DailyNote, JournalEntry, KnowledgeItem, Tag, Space, Backlink, WikiLink","","","","","","","","","",""
"C12-013","Функция","Today","/app/today","P2-expand","planned","","TodayPage, DailyReview, JournalEntry, NextAction, RecoveryPlan","","","","","","","","","",""
"C12-014","Функция","Library","/app/library","P2-expand","planned","","Note, DailyNote, JournalEntry, KnowledgeItem, Tag, Space, Backlink, WikiLink","","","","","","","","","",""
"C12-015","Функция","Today","/app/today","P2-expand","planned","","TodayPage, DailyReview, JournalEntry, NextAction, RecoveryPlan","","","","","","","","","",""
"C12-016","Функция","Today","/app/today","P2-expand","planned","","TodayPage, DailyReview, JournalEntry, NextAction, RecoveryPlan","","","","","","","","","",""
"C12-017","Функция","Library","/app/library","P2-expand","planned","","Note, DailyNote, JournalEntry, KnowledgeItem, Tag, Space, Backlink, WikiLink","","","","","","","","","",""
"C12-018","Функция","Library","/app/library","P2-expand","planned","","Note, DailyNote, JournalEntry, KnowledgeItem, Tag, Space, Backlink, WikiLink","","","","","","","","","",""
"C12-019","Функция","Library","/app/library","P2-expand","planned","","Note, DailyNote, JournalEntry, KnowledgeItem, Tag, Space, Backlink, WikiLink","","","","","","","","","",""
"C12-020","Функция","Today","/app/today","P2-expand","planned","","TodayPage, DailyReview, JournalEntry, NextAction, RecoveryPlan","","","","","","","","","",""
"C12-021","Качество","Library","/app/library","Guard-only","planned-guard","","Note, DailyNote, JournalEntry, KnowledgeItem, Tag, Space, Backlink, WikiLink","","","","","","","","","",""
"C12-022","Качество","Today","/app/today","Guard-only","planned-guard","","TodayPage, DailyReview, JournalEntry, NextAction, RecoveryPlan","","","","","","","","","",""
"C12-023","Качество","Today","/app/today","Guard-only","planned-guard","","TodayPage, DailyReview, JournalEntry, NextAction, RecoveryPlan","","","","","","","","","",""
"C12-024","Минус","Library","/app/library","Guard-only","planned-guard","","Note, DailyNote, JournalEntry, KnowledgeItem, Tag, Space, Backlink, WikiLink","","","","","","","","","",""
"C12-025","Минус","Today","/app/today","Guard-only","planned-guard","","TodayPage, DailyReview, JournalEntry, NextAction, RecoveryPlan","","","","","","","","","",""
"C12-026","Минус","Today","/app/today","Guard-only","planned-guard","","TodayPage, DailyReview, JournalEntry, NextAction, RecoveryPlan","","","","","","","","","",""
"C12-027","Минус","Today","/app/today","Guard-only","planned-guard","","TodayPage, DailyReview, JournalEntry, NextAction, RecoveryPlan","","","","","","","","","",""
"C12-028","Минус","Today","/app/today","Guard-only","planned-guard","","TodayPage, DailyReview, JournalEntry, NextAction, RecoveryPlan","","","","","","","","","",""
"C12-029","Минус","Library","/app/library","Guard-only","planned-guard","","Note, DailyNote, JournalEntry, KnowledgeItem, Tag, Space, Backlink, WikiLink","","","","","","","","","",""
"C12-030","Минус","Today","/app/today","Guard-only","planned-guard","","TodayPage, DailyReview, JournalEntry, NextAction, RecoveryPlan","","","","","","","","","",""
"C12-031","Функция","Today","/app/today","P2-expand","planned","","TodayPage, DailyReview, JournalEntry, NextAction, RecoveryPlan","","","","","","","","","",""
"C12-032","Функция","Library","/app/library","P2-expand","planned","","Note, DailyNote, JournalEntry, KnowledgeItem, Tag, Space, Backlink, WikiLink","","","","","","","","","",""
"C12-033","Функция","Library","/app/library","P2-expand","planned","","Note, DailyNote, JournalEntry, KnowledgeItem, Tag, Space, Backlink, WikiLink","","","","","","","","","",""
"C12-034","Функция","Library","/app/library","P2-expand","planned","","Note, DailyNote, JournalEntry, KnowledgeItem, Tag, Space, Backlink, WikiLink","","","","","","","","","",""
"C12-035","Функция","Today","/app/today","P2-expand","planned","","TodayPage, DailyReview, JournalEntry, NextAction, RecoveryPlan","","","","","","","","","",""
"C12-036","Функция","Providers","/app/providers","Blocked-provider","blocked-provider","","ProviderBoundary, ModelProfile, MediaTranscriptJob, ScreenSession, DeviceSyncState","","","","","","","","","",""
"C12-037","Функция","Today","/app/today","P2-expand","planned","","TodayPage, DailyReview, JournalEntry, NextAction, RecoveryPlan","","","","","","","","","",""
"C12-038","Функция","Control","/app/control","P2-expand","planned","","Receipt, DataControlItem, AuditEvent, ExportJob, DeletePreview, PrivacyZone, PermissionGrant","","","","","","","","","",""
"C12-039","Функция","Today","/app/today","P2-expand","planned","","TodayPage, DailyReview, JournalEntry, NextAction, RecoveryPlan","","","","","","","","","",""
"C12-040","Функция","Library","/app/library","P2-expand","planned","","Note, DailyNote, JournalEntry, KnowledgeItem, Tag, Space, Backlink, WikiLink","","","","","","","","","",""
"C12-041","Функция","Today","/app/today","P2-expand","planned","","TodayPage, DailyReview, JournalEntry, NextAction, RecoveryPlan","","","","","","","","","",""
"C12-042","Функция","Today","/app/today","P2-expand","planned","","TodayPage, DailyReview, JournalEntry, NextAction, RecoveryPlan","","","","","","","","","",""
"C12-043","Качество","Library","/app/library","Guard-only","planned-guard","","Note, DailyNote, JournalEntry, KnowledgeItem, Tag, Space, Backlink, WikiLink","","","","","","","","","",""
"C12-044","Функция","Library","/app/library","P2-expand","planned","","Note, DailyNote, JournalEntry, KnowledgeItem, Tag, Space, Backlink, WikiLink","","","","","","","","","",""
"C12-045","Функция","Today","/app/today","P2-expand","planned","","TodayPage, DailyReview, JournalEntry, NextAction, RecoveryPlan","","","","","","","","","",""
"C12-046","Функция","Control","/app/control","P2-expand","planned","","Receipt, DataControlItem, AuditEvent, ExportJob, DeletePreview, PrivacyZone, PermissionGrant","","","","","","","","","",""
"C12-047","Функция","Today","/app/today","P2-expand","planned","","TodayPage, DailyReview, JournalEntry, NextAction, RecoveryPlan","","","","","","","","","",""
"C12-048","Качество","Today","/app/today","Guard-only","planned-guard","","TodayPage, DailyReview, JournalEntry, NextAction, RecoveryPlan","","","","","","","","","",""
"C13-001","Функция","Domains","/app/domains","P3-domain","deferred-after-kernel","","HealthSignal, Routine, Relationship, HomeItem, MoneyEvent, Trip, Meal, DomainPack","","","","","","","","","",""
"C13-002","Функция","Domains","/app/domains","P3-domain","deferred-after-kernel","","HealthSignal, Routine, Relationship, HomeItem, MoneyEvent, Trip, Meal, DomainPack","","","","","","","","","",""
"C13-003","Функция","Domains","/app/domains","P3-domain","deferred-after-kernel","","HealthSignal, Routine, Relationship, HomeItem, MoneyEvent, Trip, Meal, DomainPack","","","","","","","","","",""
"C13-004","Функция","Domains","/app/domains","P3-domain","deferred-after-kernel","","HealthSignal, Routine, Relationship, HomeItem, MoneyEvent, Trip, Meal, DomainPack","","","","","","","","","",""
"C13-005","Функция","Domains","/app/domains","P3-domain","deferred-after-kernel","","HealthSignal, Routine, Relationship, HomeItem, MoneyEvent, Trip, Meal, DomainPack","","","","","","","","","",""
"C13-006","Функция","Domains","/app/domains","P3-domain","deferred-after-kernel","","HealthSignal, Routine, Relationship, HomeItem, MoneyEvent, Trip, Meal, DomainPack","","","","","","","","","",""
"C13-007","Функция","Domains","/app/domains","P3-domain","deferred-after-kernel","","HealthSignal, Routine, Relationship, HomeItem, MoneyEvent, Trip, Meal, DomainPack","","","","","","","","","",""
"C13-008","Функция","Domains","/app/domains","P3-domain","deferred-after-kernel","","HealthSignal, Routine, Relationship, HomeItem, MoneyEvent, Trip, Meal, DomainPack","","","","","","","","","",""
"C13-009","Функция","Domains","/app/domains","P3-domain","deferred-after-kernel","","HealthSignal, Routine, Relationship, HomeItem, MoneyEvent, Trip, Meal, DomainPack","","","","","","","","","",""
"C13-010","Функция","Domains","/app/domains","P3-domain","deferred-after-kernel","","HealthSignal, Routine, Relationship, HomeItem, MoneyEvent, Trip, Meal, DomainPack","","","","","","","","","",""
"C13-011","Функция","Domains","/app/domains","P3-domain","deferred-after-kernel","","HealthSignal, Routine, Relationship, HomeItem, MoneyEvent, Trip, Meal, DomainPack","","","","","","","","","",""
"C13-012","Функция","Domains","/app/domains","P3-domain","deferred-after-kernel","","HealthSignal, Routine, Relationship, HomeItem, MoneyEvent, Trip, Meal, DomainPack","","","","","","","","","",""
"C13-013","Функция","Domains","/app/domains","P3-domain","deferred-after-kernel","","HealthSignal, Routine, Relationship, HomeItem, MoneyEvent, Trip, Meal, DomainPack","","","","","","","","","",""
"C13-014","Функция","Domains","/app/domains","P3-domain","deferred-after-kernel","","HealthSignal, Routine, Relationship, HomeItem, MoneyEvent, Trip, Meal, DomainPack","","","","","","","","","",""
"C13-015","Функция","Domains","/app/domains","P3-domain","deferred-after-kernel","","HealthSignal, Routine, Relationship, HomeItem, MoneyEvent, Trip, Meal, DomainPack","","","","","","","","","",""
"C13-016","Функция","Domains","/app/domains","P3-domain","deferred-after-kernel","","HealthSignal, Routine, Relationship, HomeItem, MoneyEvent, Trip, Meal, DomainPack","","","","","","","","","",""
"C13-017","Функция","Domains","/app/domains","P3-domain","deferred-after-kernel","","HealthSignal, Routine, Relationship, HomeItem, MoneyEvent, Trip, Meal, DomainPack","","","","","","","","","",""
"C13-018","Функция","Domains","/app/domains","P3-domain","deferred-after-kernel","","HealthSignal, Routine, Relationship, HomeItem, MoneyEvent, Trip, Meal, DomainPack","","","","","","","","","",""
"C13-019","Функция","Domains","/app/domains","P3-domain","deferred-after-kernel","","HealthSignal, Routine, Relationship, HomeItem, MoneyEvent, Trip, Meal, DomainPack","","","","","","","","","",""
"C13-020","Функция","Domains","/app/domains","P3-domain","deferred-after-kernel","","HealthSignal, Routine, Relationship, HomeItem, MoneyEvent, Trip, Meal, DomainPack","","","","","","","","","",""
"C13-021","Функция","Domains","/app/domains","P3-domain","deferred-after-kernel","","HealthSignal, Routine, Relationship, HomeItem, MoneyEvent, Trip, Meal, DomainPack","","","","","","","","","",""
"C13-022","Функция","Domains","/app/domains","P3-domain","deferred-after-kernel","","HealthSignal, Routine, Relationship, HomeItem, MoneyEvent, Trip, Meal, DomainPack","","","","","","","","","",""
"C13-023","Функция","Domains","/app/domains","P3-domain","deferred-after-kernel","","HealthSignal, Routine, Relationship, HomeItem, MoneyEvent, Trip, Meal, DomainPack","","","","","","","","","",""
"C13-024","Функция","Domains","/app/domains","P3-domain","deferred-after-kernel","","HealthSignal, Routine, Relationship, HomeItem, MoneyEvent, Trip, Meal, DomainPack","","","","","","","","","",""
"C13-025","Функция","Domains","/app/domains","P3-domain","deferred-after-kernel","","HealthSignal, Routine, Relationship, HomeItem, MoneyEvent, Trip, Meal, DomainPack","","","","","","","","","",""
"C13-026","Функция","Today","/app/today","P2-expand","planned","","TodayPage, DailyReview, JournalEntry, NextAction, RecoveryPlan","","","","","","","","","",""
"C13-027","Качество","Domains","/app/domains","Guard-only","planned-guard","","HealthSignal, Routine, Relationship, HomeItem, MoneyEvent, Trip, Meal, DomainPack","","","","","","","","","",""
"C13-028","Качество","Domains","/app/domains","Guard-only","planned-guard","","HealthSignal, Routine, Relationship, HomeItem, MoneyEvent, Trip, Meal, DomainPack","","","","","","","","","",""
"C13-029","Качество","Domains","/app/domains","Guard-only","planned-guard","","HealthSignal, Routine, Relationship, HomeItem, MoneyEvent, Trip, Meal, DomainPack","","","","","","","","","",""
"C13-030","Минус","Domains","/app/domains","Guard-only","planned-guard","","HealthSignal, Routine, Relationship, HomeItem, MoneyEvent, Trip, Meal, DomainPack","","","","","","","","","",""
"C13-031","Минус","Domains","/app/domains","Guard-only","planned-guard","","HealthSignal, Routine, Relationship, HomeItem, MoneyEvent, Trip, Meal, DomainPack","","","","","","","","","",""
"C13-032","Минус","Domains","/app/domains","Guard-only","planned-guard","","HealthSignal, Routine, Relationship, HomeItem, MoneyEvent, Trip, Meal, DomainPack","","","","","","","","","",""
"C13-033","Минус","Domains","/app/domains","Guard-only","planned-guard","","HealthSignal, Routine, Relationship, HomeItem, MoneyEvent, Trip, Meal, DomainPack","","","","","","","","","",""
"C13-034","Функция","Domains","/app/domains","P3-domain","deferred-after-kernel","","HealthSignal, Routine, Relationship, HomeItem, MoneyEvent, Trip, Meal, DomainPack","","","","","","","","","",""
"C13-035","Функция","Domains","/app/domains","P3-domain","deferred-after-kernel","","HealthSignal, Routine, Relationship, HomeItem, MoneyEvent, Trip, Meal, DomainPack","","","","","","","","","",""
"C13-036","Функция","Domains","/app/domains","P3-domain","deferred-after-kernel","","HealthSignal, Routine, Relationship, HomeItem, MoneyEvent, Trip, Meal, DomainPack","","","","","","","","","",""
"C13-037","Функция","Domains","/app/domains","P3-domain","deferred-after-kernel","","HealthSignal, Routine, Relationship, HomeItem, MoneyEvent, Trip, Meal, DomainPack","","","","","","","","","",""
"C13-038","Функция","Domains","/app/domains","P3-domain","deferred-after-kernel","","HealthSignal, Routine, Relationship, HomeItem, MoneyEvent, Trip, Meal, DomainPack","","","","","","","","","",""
"C13-039","Функция","Domains","/app/domains","P3-domain","deferred-after-kernel","","HealthSignal, Routine, Relationship, HomeItem, MoneyEvent, Trip, Meal, DomainPack","","","","","","","","","",""
"C13-040","Функция","Domains","/app/domains","P3-domain","deferred-after-kernel","","HealthSignal, Routine, Relationship, HomeItem, MoneyEvent, Trip, Meal, DomainPack","","","","","","","","","",""
"C13-041","Функция","Domains","/app/domains","P3-domain","deferred-after-kernel","","HealthSignal, Routine, Relationship, HomeItem, MoneyEvent, Trip, Meal, DomainPack","","","","","","","","","",""
"C13-042","Функция","Domains","/app/domains","P3-domain","deferred-after-kernel","","HealthSignal, Routine, Relationship, HomeItem, MoneyEvent, Trip, Meal, DomainPack","","","","","","","","","",""
"C13-043","Функция","Domains","/app/domains","P3-domain","deferred-after-kernel","","HealthSignal, Routine, Relationship, HomeItem, MoneyEvent, Trip, Meal, DomainPack","","","","","","","","","",""
"C13-044","Функция","Domains","/app/domains","P3-domain","deferred-after-kernel","","HealthSignal, Routine, Relationship, HomeItem, MoneyEvent, Trip, Meal, DomainPack","","","","","","","","","",""
"C13-045","Функция","Domains","/app/domains","P3-domain","deferred-after-kernel","","HealthSignal, Routine, Relationship, HomeItem, MoneyEvent, Trip, Meal, DomainPack","","","","","","","","","",""
"C13-046","Качество","Domains","/app/domains","Guard-only","planned-guard","","HealthSignal, Routine, Relationship, HomeItem, MoneyEvent, Trip, Meal, DomainPack","","","","","","","","","",""
"C13-047","Функция","Domains","/app/domains","P3-domain","deferred-after-kernel","","HealthSignal, Routine, Relationship, HomeItem, MoneyEvent, Trip, Meal, DomainPack","","","","","","","","","",""
"C13-048","Функция","Today","/app/today","P2-expand","planned","","TodayPage, DailyReview, JournalEntry, NextAction, RecoveryPlan","","","","","","","","","",""
"C13-049","Функция","Domains","/app/domains","P3-domain","deferred-after-kernel","","HealthSignal, Routine, Relationship, HomeItem, MoneyEvent, Trip, Meal, DomainPack","","","","","","","","","",""
"C13-050","Функция","Domains","/app/domains","P3-domain","deferred-after-kernel","","HealthSignal, Routine, Relationship, HomeItem, MoneyEvent, Trip, Meal, DomainPack","","","","","","","","","",""
"C13-051","Функция","Providers","/app/providers","Blocked-provider","blocked-provider","","ProviderBoundary, ModelProfile, MediaTranscriptJob, ScreenSession, DeviceSyncState","","","","","","","","","",""
"C13-052","Функция","Domains","/app/domains","P3-domain","deferred-after-kernel","","HealthSignal, Routine, Relationship, HomeItem, MoneyEvent, Trip, Meal, DomainPack","","","","","","","","","",""
"C13-053","Функция","Domains","/app/domains","P3-domain","deferred-after-kernel","","HealthSignal, Routine, Relationship, HomeItem, MoneyEvent, Trip, Meal, DomainPack","","","","","","","","","",""
"C13-054","Функция","Domains","/app/domains","P3-domain","deferred-after-kernel","","HealthSignal, Routine, Relationship, HomeItem, MoneyEvent, Trip, Meal, DomainPack","","","","","","","","","",""
"C13-055","Функция","Domains","/app/domains","P3-domain","deferred-after-kernel","","HealthSignal, Routine, Relationship, HomeItem, MoneyEvent, Trip, Meal, DomainPack","","","","","","","","","",""
"C13-056","Функция","Domains","/app/domains","P3-domain","deferred-after-kernel","","HealthSignal, Routine, Relationship, HomeItem, MoneyEvent, Trip, Meal, DomainPack","","","","","","","","","",""
"C13-057","Функция","Domains","/app/domains","P3-domain","deferred-after-kernel","","HealthSignal, Routine, Relationship, HomeItem, MoneyEvent, Trip, Meal, DomainPack","","","","","","","","","",""
"C13-058","Функция","Domains","/app/domains","P3-domain","deferred-after-kernel","","HealthSignal, Routine, Relationship, HomeItem, MoneyEvent, Trip, Meal, DomainPack","","","","","","","","","",""
"C13-059","Функция","Today","/app/today","P2-expand","planned","","TodayPage, DailyReview, JournalEntry, NextAction, RecoveryPlan","","","","","","","","","",""
"C13-060","Качество","Domains","/app/domains","Guard-only","planned-guard","","HealthSignal, Routine, Relationship, HomeItem, MoneyEvent, Trip, Meal, DomainPack","","","","","","","","","",""
"C14-001","Качество","Domains","/app/domains","Guard-only","planned-guard","","HealthSignal, Routine, Relationship, HomeItem, MoneyEvent, Trip, Meal, DomainPack","","","","","","","","","",""
"C14-002","Качество","Domains","/app/domains","Guard-only","planned-guard","","HealthSignal, Routine, Relationship, HomeItem, MoneyEvent, Trip, Meal, DomainPack","","","","","","","","","",""
"C14-003","Функция","Graph","/app/graph","P2-expand","planned","","GraphNode, GraphEdge, Entity, EntityCandidate, RelationshipReason","","","","","","","","","",""
"C14-004","Функция","Domains","/app/domains","P3-domain","deferred-after-kernel","","HealthSignal, Routine, Relationship, HomeItem, MoneyEvent, Trip, Meal, DomainPack","","","","","","","","","",""
"C14-005","Функция","Domains","/app/domains","P3-domain","deferred-after-kernel","","HealthSignal, Routine, Relationship, HomeItem, MoneyEvent, Trip, Meal, DomainPack","","","","","","","","","",""
"C14-006","Функция","Providers","/app/providers","Blocked-provider","blocked-provider","","ProviderBoundary, ModelProfile, MediaTranscriptJob, ScreenSession, DeviceSyncState","","","","","","","","","",""
"C14-007","Функция","Domains","/app/domains","P3-domain","deferred-after-kernel","","HealthSignal, Routine, Relationship, HomeItem, MoneyEvent, Trip, Meal, DomainPack","","","","","","","","","",""
"C14-008","Функция","Domains","/app/domains","P3-domain","deferred-after-kernel","","HealthSignal, Routine, Relationship, HomeItem, MoneyEvent, Trip, Meal, DomainPack","","","","","","","","","",""
"C14-009","Функция","Domains","/app/domains","P3-domain","deferred-after-kernel","","HealthSignal, Routine, Relationship, HomeItem, MoneyEvent, Trip, Meal, DomainPack","","","","","","","","","",""
"C14-010","Функция","Domains","/app/domains","P3-domain","deferred-after-kernel","","HealthSignal, Routine, Relationship, HomeItem, MoneyEvent, Trip, Meal, DomainPack","","","","","","","","","",""
"C14-011","Функция","Domains","/app/domains","P3-domain","deferred-after-kernel","","HealthSignal, Routine, Relationship, HomeItem, MoneyEvent, Trip, Meal, DomainPack","","","","","","","","","",""
"C14-012","Функция","Domains","/app/domains","P3-domain","deferred-after-kernel","","HealthSignal, Routine, Relationship, HomeItem, MoneyEvent, Trip, Meal, DomainPack","","","","","","","","","",""
"C14-013","Функция","Domains","/app/domains","P3-domain","deferred-after-kernel","","HealthSignal, Routine, Relationship, HomeItem, MoneyEvent, Trip, Meal, DomainPack","","","","","","","","","",""
"C14-014","Функция","Domains","/app/domains","P3-domain","deferred-after-kernel","","HealthSignal, Routine, Relationship, HomeItem, MoneyEvent, Trip, Meal, DomainPack","","","","","","","","","",""
"C14-015","Минус","Providers","/app/providers","Guard-only","planned-guard","","ProviderBoundary, ModelProfile, MediaTranscriptJob, ScreenSession, DeviceSyncState","","","","","","","","","",""
"C14-016","Минус","Domains","/app/domains","Guard-only","planned-guard","","HealthSignal, Routine, Relationship, HomeItem, MoneyEvent, Trip, Meal, DomainPack","","","","","","","","","",""
"C14-017","Минус","Domains","/app/domains","Guard-only","planned-guard","","HealthSignal, Routine, Relationship, HomeItem, MoneyEvent, Trip, Meal, DomainPack","","","","","","","","","",""
"C14-018","Минус","Domains","/app/domains","Guard-only","planned-guard","","HealthSignal, Routine, Relationship, HomeItem, MoneyEvent, Trip, Meal, DomainPack","","","","","","","","","",""
"C14-019","Функция","Providers","/app/providers","Blocked-provider","blocked-provider","","ProviderBoundary, ModelProfile, MediaTranscriptJob, ScreenSession, DeviceSyncState","","","","","","","","","",""
"C14-020","Функция","Domains","/app/domains","P3-domain","deferred-after-kernel","","HealthSignal, Routine, Relationship, HomeItem, MoneyEvent, Trip, Meal, DomainPack","","","","","","","","","",""
"C14-021","Функция","Domains","/app/domains","P3-domain","deferred-after-kernel","","HealthSignal, Routine, Relationship, HomeItem, MoneyEvent, Trip, Meal, DomainPack","","","","","","","","","",""
"C14-022","Функция","Domains","/app/domains","P3-domain","deferred-after-kernel","","HealthSignal, Routine, Relationship, HomeItem, MoneyEvent, Trip, Meal, DomainPack","","","","","","","","","",""
"C14-023","Функция","Domains","/app/domains","P3-domain","deferred-after-kernel","","HealthSignal, Routine, Relationship, HomeItem, MoneyEvent, Trip, Meal, DomainPack","","","","","","","","","",""
"C14-024","Функция","Control","/app/control","P2-expand","planned","","Receipt, DataControlItem, AuditEvent, ExportJob, DeletePreview, PrivacyZone, PermissionGrant","","","","","","","","","",""
"C14-025","Функция","Core / invisible OS spine","/app/system","P0-kernel","planned","","LifeObject, SourceRef, Receipt, AuditEvent, PolicyBoundary, GraphEdge","","","","","","","","","",""
"C14-026","Функция","Domains","/app/domains","P3-domain","deferred-after-kernel","","HealthSignal, Routine, Relationship, HomeItem, MoneyEvent, Trip, Meal, DomainPack","","","","","","","","","",""
"C14-027","Функция","Domains","/app/domains","P3-domain","deferred-after-kernel","","HealthSignal, Routine, Relationship, HomeItem, MoneyEvent, Trip, Meal, DomainPack","","","","","","","","","",""
"C14-028","Функция","Domains","/app/domains","P3-domain","deferred-after-kernel","","HealthSignal, Routine, Relationship, HomeItem, MoneyEvent, Trip, Meal, DomainPack","","","","","","","","","",""
"C14-029","Функция","Domains","/app/domains","P3-domain","deferred-after-kernel","","HealthSignal, Routine, Relationship, HomeItem, MoneyEvent, Trip, Meal, DomainPack","","","","","","","","","",""
"C14-030","Функция","Domains","/app/domains","P3-domain","deferred-after-kernel","","HealthSignal, Routine, Relationship, HomeItem, MoneyEvent, Trip, Meal, DomainPack","","","","","","","","","",""
"C14-031","Функция","Providers","/app/providers","Blocked-provider","blocked-provider","","ProviderBoundary, ModelProfile, MediaTranscriptJob, ScreenSession, DeviceSyncState","","","","","","","","","",""
"C14-032","Функция","Providers","/app/providers","Blocked-provider","blocked-provider","","ProviderBoundary, ModelProfile, MediaTranscriptJob, ScreenSession, DeviceSyncState","","","","","","","","","",""
"C14-033","Функция","Domains","/app/domains","P3-domain","deferred-after-kernel","","HealthSignal, Routine, Relationship, HomeItem, MoneyEvent, Trip, Meal, DomainPack","","","","","","","","","",""
"C14-034","Функция","Graph","/app/graph","P2-expand","planned","","GraphNode, GraphEdge, Entity, EntityCandidate, RelationshipReason","","","","","","","","","",""
"C14-035","Функция","Domains","/app/domains","P3-domain","deferred-after-kernel","","HealthSignal, Routine, Relationship, HomeItem, MoneyEvent, Trip, Meal, DomainPack","","","","","","","","","",""
"C14-036","Функция","Domains","/app/domains","P3-domain","deferred-after-kernel","","HealthSignal, Routine, Relationship, HomeItem, MoneyEvent, Trip, Meal, DomainPack","","","","","","","","","",""
"C14-037","Функция","Domains","/app/domains","P3-domain","deferred-after-kernel","","HealthSignal, Routine, Relationship, HomeItem, MoneyEvent, Trip, Meal, DomainPack","","","","","","","","","",""
"C14-038","Функция","Domains","/app/domains","P3-domain","deferred-after-kernel","","HealthSignal, Routine, Relationship, HomeItem, MoneyEvent, Trip, Meal, DomainPack","","","","","","","","","",""
"C14-039","Функция","Domains","/app/domains","P3-domain","deferred-after-kernel","","HealthSignal, Routine, Relationship, HomeItem, MoneyEvent, Trip, Meal, DomainPack","","","","","","","","","",""
"C14-040","Качество","Domains","/app/domains","Guard-only","planned-guard","","HealthSignal, Routine, Relationship, HomeItem, MoneyEvent, Trip, Meal, DomainPack","","","","","","","","","",""
"C15-001","Качество","Domains","/app/domains","Guard-only","planned-guard","","HealthSignal, Routine, Relationship, HomeItem, MoneyEvent, Trip, Meal, DomainPack","","","","","","","","","",""
"C15-002","Качество","Domains","/app/domains","Guard-only","planned-guard","","HealthSignal, Routine, Relationship, HomeItem, MoneyEvent, Trip, Meal, DomainPack","","","","","","","","","",""
"C15-003","Функция","Domains","/app/domains","P3-domain","deferred-after-kernel","","HealthSignal, Routine, Relationship, HomeItem, MoneyEvent, Trip, Meal, DomainPack","","","","","","","","","",""
"C15-004","Функция","Domains","/app/domains","P3-domain","deferred-after-kernel","","HealthSignal, Routine, Relationship, HomeItem, MoneyEvent, Trip, Meal, DomainPack","","","","","","","","","",""
"C15-005","Функция","Domains","/app/domains","P3-domain","deferred-after-kernel","","HealthSignal, Routine, Relationship, HomeItem, MoneyEvent, Trip, Meal, DomainPack","","","","","","","","","",""
"C15-006","Функция","Domains","/app/domains","P3-domain","deferred-after-kernel","","HealthSignal, Routine, Relationship, HomeItem, MoneyEvent, Trip, Meal, DomainPack","","","","","","","","","",""
"C15-007","Функция","Domains","/app/domains","P3-domain","deferred-after-kernel","","HealthSignal, Routine, Relationship, HomeItem, MoneyEvent, Trip, Meal, DomainPack","","","","","","","","","",""
"C15-008","Функция","Domains","/app/domains","P3-domain","deferred-after-kernel","","HealthSignal, Routine, Relationship, HomeItem, MoneyEvent, Trip, Meal, DomainPack","","","","","","","","","",""
"C15-009","Функция","Domains","/app/domains","P3-domain","deferred-after-kernel","","HealthSignal, Routine, Relationship, HomeItem, MoneyEvent, Trip, Meal, DomainPack","","","","","","","","","",""
"C15-010","Функция","Domains","/app/domains","P3-domain","deferred-after-kernel","","HealthSignal, Routine, Relationship, HomeItem, MoneyEvent, Trip, Meal, DomainPack","","","","","","","","","",""
"C15-011","Функция","Domains","/app/domains","P3-domain","deferred-after-kernel","","HealthSignal, Routine, Relationship, HomeItem, MoneyEvent, Trip, Meal, DomainPack","","","","","","","","","",""
"C15-012","Функция","Domains","/app/domains","P3-domain","deferred-after-kernel","","HealthSignal, Routine, Relationship, HomeItem, MoneyEvent, Trip, Meal, DomainPack","","","","","","","","","",""
"C15-013","Функция","Domains","/app/domains","P3-domain","deferred-after-kernel","","HealthSignal, Routine, Relationship, HomeItem, MoneyEvent, Trip, Meal, DomainPack","","","","","","","","","",""
"C15-014","Функция","Domains","/app/domains","P3-domain","deferred-after-kernel","","HealthSignal, Routine, Relationship, HomeItem, MoneyEvent, Trip, Meal, DomainPack","","","","","","","","","",""
"C15-015","Функция","Domains","/app/domains","P3-domain","deferred-after-kernel","","HealthSignal, Routine, Relationship, HomeItem, MoneyEvent, Trip, Meal, DomainPack","","","","","","","","","",""
"C15-016","Функция","Domains","/app/domains","P3-domain","deferred-after-kernel","","HealthSignal, Routine, Relationship, HomeItem, MoneyEvent, Trip, Meal, DomainPack","","","","","","","","","",""
"C15-017","Функция","Domains","/app/domains","P3-domain","deferred-after-kernel","","HealthSignal, Routine, Relationship, HomeItem, MoneyEvent, Trip, Meal, DomainPack","","","","","","","","","",""
"C15-018","Функция","Domains","/app/domains","P3-domain","deferred-after-kernel","","HealthSignal, Routine, Relationship, HomeItem, MoneyEvent, Trip, Meal, DomainPack","","","","","","","","","",""
"C15-019","Функция","Domains","/app/domains","P3-domain","deferred-after-kernel","","HealthSignal, Routine, Relationship, HomeItem, MoneyEvent, Trip, Meal, DomainPack","","","","","","","","","",""
"C15-020","Функция","Domains","/app/domains","P3-domain","deferred-after-kernel","","HealthSignal, Routine, Relationship, HomeItem, MoneyEvent, Trip, Meal, DomainPack","","","","","","","","","",""
"C15-021","Функция","Domains","/app/domains","P3-domain","deferred-after-kernel","","HealthSignal, Routine, Relationship, HomeItem, MoneyEvent, Trip, Meal, DomainPack","","","","","","","","","",""
"C15-022","Функция","Domains","/app/domains","P3-domain","deferred-after-kernel","","HealthSignal, Routine, Relationship, HomeItem, MoneyEvent, Trip, Meal, DomainPack","","","","","","","","","",""
"C15-023","Функция","Domains","/app/domains","P3-domain","deferred-after-kernel","","HealthSignal, Routine, Relationship, HomeItem, MoneyEvent, Trip, Meal, DomainPack","","","","","","","","","",""
"C15-024","Минус","Domains","/app/domains","Guard-only","planned-guard","","HealthSignal, Routine, Relationship, HomeItem, MoneyEvent, Trip, Meal, DomainPack","","","","","","","","","",""
"C15-025","Минус","Domains","/app/domains","Guard-only","planned-guard","","HealthSignal, Routine, Relationship, HomeItem, MoneyEvent, Trip, Meal, DomainPack","","","","","","","","","",""
"C15-026","Минус","Domains","/app/domains","Guard-only","planned-guard","","HealthSignal, Routine, Relationship, HomeItem, MoneyEvent, Trip, Meal, DomainPack","","","","","","","","","",""
"C15-027","Минус","Domains","/app/domains","Guard-only","planned-guard","","HealthSignal, Routine, Relationship, HomeItem, MoneyEvent, Trip, Meal, DomainPack","","","","","","","","","",""
"C15-028","Функция","Domains","/app/domains","P3-domain","deferred-after-kernel","","HealthSignal, Routine, Relationship, HomeItem, MoneyEvent, Trip, Meal, DomainPack","","","","","","","","","",""
"C15-029","Функция","Domains","/app/domains","P3-domain","deferred-after-kernel","","HealthSignal, Routine, Relationship, HomeItem, MoneyEvent, Trip, Meal, DomainPack","","","","","","","","","",""
"C15-030","Функция","Domains","/app/domains","P3-domain","deferred-after-kernel","","HealthSignal, Routine, Relationship, HomeItem, MoneyEvent, Trip, Meal, DomainPack","","","","","","","","","",""
"C15-031","Функция","Domains","/app/domains","P3-domain","deferred-after-kernel","","HealthSignal, Routine, Relationship, HomeItem, MoneyEvent, Trip, Meal, DomainPack","","","","","","","","","",""
"C15-032","Функция","Domains","/app/domains","P3-domain","deferred-after-kernel","","HealthSignal, Routine, Relationship, HomeItem, MoneyEvent, Trip, Meal, DomainPack","","","","","","","","","",""
"C15-033","Функция","Domains","/app/domains","P3-domain","deferred-after-kernel","","HealthSignal, Routine, Relationship, HomeItem, MoneyEvent, Trip, Meal, DomainPack","","","","","","","","","",""
"C15-034","Функция","Domains","/app/domains","P3-domain","deferred-after-kernel","","HealthSignal, Routine, Relationship, HomeItem, MoneyEvent, Trip, Meal, DomainPack","","","","","","","","","",""
"C15-035","Функция","Domains","/app/domains","P3-domain","deferred-after-kernel","","HealthSignal, Routine, Relationship, HomeItem, MoneyEvent, Trip, Meal, DomainPack","","","","","","","","","",""
"C15-036","Функция","Domains","/app/domains","P3-domain","deferred-after-kernel","","HealthSignal, Routine, Relationship, HomeItem, MoneyEvent, Trip, Meal, DomainPack","","","","","","","","","",""
"C15-037","Функция","Domains","/app/domains","P3-domain","deferred-after-kernel","","HealthSignal, Routine, Relationship, HomeItem, MoneyEvent, Trip, Meal, DomainPack","","","","","","","","","",""
"C15-038","Функция","Domains","/app/domains","P3-domain","deferred-after-kernel","","HealthSignal, Routine, Relationship, HomeItem, MoneyEvent, Trip, Meal, DomainPack","","","","","","","","","",""
"C15-039","Функция","Domains","/app/domains","P3-domain","deferred-after-kernel","","HealthSignal, Routine, Relationship, HomeItem, MoneyEvent, Trip, Meal, DomainPack","","","","","","","","","",""
"C15-040","Функция","Domains","/app/domains","P3-domain","deferred-after-kernel","","HealthSignal, Routine, Relationship, HomeItem, MoneyEvent, Trip, Meal, DomainPack","","","","","","","","","",""
"C15-041","Функция","Domains","/app/domains","P3-domain","deferred-after-kernel","","HealthSignal, Routine, Relationship, HomeItem, MoneyEvent, Trip, Meal, DomainPack","","","","","","","","","",""
"C15-042","Функция","Domains","/app/domains","P3-domain","deferred-after-kernel","","HealthSignal, Routine, Relationship, HomeItem, MoneyEvent, Trip, Meal, DomainPack","","","","","","","","","",""
"C15-043","Функция","Domains","/app/domains","P3-domain","deferred-after-kernel","","HealthSignal, Routine, Relationship, HomeItem, MoneyEvent, Trip, Meal, DomainPack","","","","","","","","","",""
"C15-044","Функция","Domains","/app/domains","P3-domain","deferred-after-kernel","","HealthSignal, Routine, Relationship, HomeItem, MoneyEvent, Trip, Meal, DomainPack","","","","","","","","","",""
"C15-045","Функция","Domains","/app/domains","P3-domain","deferred-after-kernel","","HealthSignal, Routine, Relationship, HomeItem, MoneyEvent, Trip, Meal, DomainPack","","","","","","","","","",""
"C15-046","Функция","Domains","/app/domains","P3-domain","deferred-after-kernel","","HealthSignal, Routine, Relationship, HomeItem, MoneyEvent, Trip, Meal, DomainPack","","","","","","","","","",""
"C15-047","Функция","Domains","/app/domains","P3-domain","deferred-after-kernel","","HealthSignal, Routine, Relationship, HomeItem, MoneyEvent, Trip, Meal, DomainPack","","","","","","","","","",""
"C15-048","Функция","Domains","/app/domains","P3-domain","deferred-after-kernel","","HealthSignal, Routine, Relationship, HomeItem, MoneyEvent, Trip, Meal, DomainPack","","","","","","","","","",""
"C15-049","Функция","Domains","/app/domains","P3-domain","deferred-after-kernel","","HealthSignal, Routine, Relationship, HomeItem, MoneyEvent, Trip, Meal, DomainPack","","","","","","","","","",""
"C15-050","Функция","Domains","/app/domains","P3-domain","deferred-after-kernel","","HealthSignal, Routine, Relationship, HomeItem, MoneyEvent, Trip, Meal, DomainPack","","","","","","","","","",""
"C15-051","Функция","Domains","/app/domains","P3-domain","deferred-after-kernel","","HealthSignal, Routine, Relationship, HomeItem, MoneyEvent, Trip, Meal, DomainPack","","","","","","","","","",""
"C15-052","Функция","Domains","/app/domains","P3-domain","deferred-after-kernel","","HealthSignal, Routine, Relationship, HomeItem, MoneyEvent, Trip, Meal, DomainPack","","","","","","","","","",""
"C15-053","Качество","Domains","/app/domains","Guard-only","planned-guard","","HealthSignal, Routine, Relationship, HomeItem, MoneyEvent, Trip, Meal, DomainPack","","","","","","","","","",""
"C16-001","Качество","Domains","/app/domains","Guard-only","planned-guard","","HealthSignal, Routine, Relationship, HomeItem, MoneyEvent, Trip, Meal, DomainPack","","","","","","","","","",""
"C16-002","Качество","Domains","/app/domains","Guard-only","planned-guard","","HealthSignal, Routine, Relationship, HomeItem, MoneyEvent, Trip, Meal, DomainPack","","","","","","","","","",""
"C16-003","Качество","Domains","/app/domains","Guard-only","planned-guard","","HealthSignal, Routine, Relationship, HomeItem, MoneyEvent, Trip, Meal, DomainPack","","","","","","","","","",""
"C16-004","Качество","Domains","/app/domains","Guard-only","planned-guard","","HealthSignal, Routine, Relationship, HomeItem, MoneyEvent, Trip, Meal, DomainPack","","","","","","","","","",""
"C16-005","Функция","Domains","/app/domains","P3-domain","deferred-after-kernel","","HealthSignal, Routine, Relationship, HomeItem, MoneyEvent, Trip, Meal, DomainPack","","","","","","","","","",""
"C16-006","Функция","Domains","/app/domains","P3-domain","deferred-after-kernel","","HealthSignal, Routine, Relationship, HomeItem, MoneyEvent, Trip, Meal, DomainPack","","","","","","","","","",""
"C16-007","Функция","Domains","/app/domains","P3-domain","deferred-after-kernel","","HealthSignal, Routine, Relationship, HomeItem, MoneyEvent, Trip, Meal, DomainPack","","","","","","","","","",""
"C16-008","Функция","Domains","/app/domains","P3-domain","deferred-after-kernel","","HealthSignal, Routine, Relationship, HomeItem, MoneyEvent, Trip, Meal, DomainPack","","","","","","","","","",""
"C16-009","Функция","Domains","/app/domains","P3-domain","deferred-after-kernel","","HealthSignal, Routine, Relationship, HomeItem, MoneyEvent, Trip, Meal, DomainPack","","","","","","","","","",""
"C16-010","Функция","Today","/app/today","P2-expand","planned","","TodayPage, DailyReview, JournalEntry, NextAction, RecoveryPlan","","","","","","","","","",""
"C16-011","Функция","Today","/app/today","P2-expand","planned","","TodayPage, DailyReview, JournalEntry, NextAction, RecoveryPlan","","","","","","","","","",""
"C16-012","Функция","Domains","/app/domains","P3-domain","deferred-after-kernel","","HealthSignal, Routine, Relationship, HomeItem, MoneyEvent, Trip, Meal, DomainPack","","","","","","","","","",""
"C16-013","Функция","Domains","/app/domains","P3-domain","deferred-after-kernel","","HealthSignal, Routine, Relationship, HomeItem, MoneyEvent, Trip, Meal, DomainPack","","","","","","","","","",""
"C16-014","Функция","Today","/app/today","P2-expand","planned","","TodayPage, DailyReview, JournalEntry, NextAction, RecoveryPlan","","","","","","","","","",""
"C16-015","Функция","Domains","/app/domains","P3-domain","deferred-after-kernel","","HealthSignal, Routine, Relationship, HomeItem, MoneyEvent, Trip, Meal, DomainPack","","","","","","","","","",""
"C16-016","Функция","Domains","/app/domains","P3-domain","deferred-after-kernel","","HealthSignal, Routine, Relationship, HomeItem, MoneyEvent, Trip, Meal, DomainPack","","","","","","","","","",""
"C16-017","Функция","Domains","/app/domains","P3-domain","deferred-after-kernel","","HealthSignal, Routine, Relationship, HomeItem, MoneyEvent, Trip, Meal, DomainPack","","","","","","","","","",""
"C16-018","Функция","Domains","/app/domains","P3-domain","deferred-after-kernel","","HealthSignal, Routine, Relationship, HomeItem, MoneyEvent, Trip, Meal, DomainPack","","","","","","","","","",""
"C16-019","Функция","Domains","/app/domains","P3-domain","deferred-after-kernel","","HealthSignal, Routine, Relationship, HomeItem, MoneyEvent, Trip, Meal, DomainPack","","","","","","","","","",""
"C16-020","Функция","Domains","/app/domains","P3-domain","deferred-after-kernel","","HealthSignal, Routine, Relationship, HomeItem, MoneyEvent, Trip, Meal, DomainPack","","","","","","","","","",""
"C16-021","Функция","Domains","/app/domains","P3-domain","deferred-after-kernel","","HealthSignal, Routine, Relationship, HomeItem, MoneyEvent, Trip, Meal, DomainPack","","","","","","","","","",""
"C16-022","Функция","Domains","/app/domains","P3-domain","deferred-after-kernel","","HealthSignal, Routine, Relationship, HomeItem, MoneyEvent, Trip, Meal, DomainPack","","","","","","","","","",""
"C16-023","Функция","Domains","/app/domains","P3-domain","deferred-after-kernel","","HealthSignal, Routine, Relationship, HomeItem, MoneyEvent, Trip, Meal, DomainPack","","","","","","","","","",""
"C16-024","Функция","Domains","/app/domains","P3-domain","deferred-after-kernel","","HealthSignal, Routine, Relationship, HomeItem, MoneyEvent, Trip, Meal, DomainPack","","","","","","","","","",""
"C16-025","Функция","Domains","/app/domains","P3-domain","deferred-after-kernel","","HealthSignal, Routine, Relationship, HomeItem, MoneyEvent, Trip, Meal, DomainPack","","","","","","","","","",""
"C16-026","Функция","Today","/app/today","P2-expand","planned","","TodayPage, DailyReview, JournalEntry, NextAction, RecoveryPlan","","","","","","","","","",""
"C16-027","Функция","Domains","/app/domains","P3-domain","deferred-after-kernel","","HealthSignal, Routine, Relationship, HomeItem, MoneyEvent, Trip, Meal, DomainPack","","","","","","","","","",""
"C16-028","Функция","Domains","/app/domains","P3-domain","deferred-after-kernel","","HealthSignal, Routine, Relationship, HomeItem, MoneyEvent, Trip, Meal, DomainPack","","","","","","","","","",""
"C16-029","Функция","Domains","/app/domains","P3-domain","deferred-after-kernel","","HealthSignal, Routine, Relationship, HomeItem, MoneyEvent, Trip, Meal, DomainPack","","","","","","","","","",""
"C16-030","Функция","Domains","/app/domains","P3-domain","deferred-after-kernel","","HealthSignal, Routine, Relationship, HomeItem, MoneyEvent, Trip, Meal, DomainPack","","","","","","","","","",""
"C16-031","Функция","Domains","/app/domains","P3-domain","deferred-after-kernel","","HealthSignal, Routine, Relationship, HomeItem, MoneyEvent, Trip, Meal, DomainPack","","","","","","","","","",""
"C16-032","Функция","Domains","/app/domains","P3-domain","deferred-after-kernel","","HealthSignal, Routine, Relationship, HomeItem, MoneyEvent, Trip, Meal, DomainPack","","","","","","","","","",""
"C16-033","Функция","Domains","/app/domains","P3-domain","deferred-after-kernel","","HealthSignal, Routine, Relationship, HomeItem, MoneyEvent, Trip, Meal, DomainPack","","","","","","","","","",""
"C16-034","Функция","Domains","/app/domains","P3-domain","deferred-after-kernel","","HealthSignal, Routine, Relationship, HomeItem, MoneyEvent, Trip, Meal, DomainPack","","","","","","","","","",""
"C16-035","Функция","Domains","/app/domains","P3-domain","deferred-after-kernel","","HealthSignal, Routine, Relationship, HomeItem, MoneyEvent, Trip, Meal, DomainPack","","","","","","","","","",""
"C16-036","Функция","Domains","/app/domains","P3-domain","deferred-after-kernel","","HealthSignal, Routine, Relationship, HomeItem, MoneyEvent, Trip, Meal, DomainPack","","","","","","","","","",""
"C16-037","Функция","Domains","/app/domains","P3-domain","deferred-after-kernel","","HealthSignal, Routine, Relationship, HomeItem, MoneyEvent, Trip, Meal, DomainPack","","","","","","","","","",""
"C16-038","Функция","Domains","/app/domains","P3-domain","deferred-after-kernel","","HealthSignal, Routine, Relationship, HomeItem, MoneyEvent, Trip, Meal, DomainPack","","","","","","","","","",""
"C16-039","Функция","Domains","/app/domains","P3-domain","deferred-after-kernel","","HealthSignal, Routine, Relationship, HomeItem, MoneyEvent, Trip, Meal, DomainPack","","","","","","","","","",""
"C16-040","Функция","Domains","/app/domains","P3-domain","deferred-after-kernel","","HealthSignal, Routine, Relationship, HomeItem, MoneyEvent, Trip, Meal, DomainPack","","","","","","","","","",""
"C16-041","Функция","Today","/app/today","P2-expand","planned","","TodayPage, DailyReview, JournalEntry, NextAction, RecoveryPlan","","","","","","","","","",""
"C16-042","Функция","Domains","/app/domains","P3-domain","deferred-after-kernel","","HealthSignal, Routine, Relationship, HomeItem, MoneyEvent, Trip, Meal, DomainPack","","","","","","","","","",""
"C16-043","Функция","Domains","/app/domains","P3-domain","deferred-after-kernel","","HealthSignal, Routine, Relationship, HomeItem, MoneyEvent, Trip, Meal, DomainPack","","","","","","","","","",""
"C16-044","Функция","Domains","/app/domains","P3-domain","deferred-after-kernel","","HealthSignal, Routine, Relationship, HomeItem, MoneyEvent, Trip, Meal, DomainPack","","","","","","","","","",""
"C16-045","Функция","Domains","/app/domains","P3-domain","deferred-after-kernel","","HealthSignal, Routine, Relationship, HomeItem, MoneyEvent, Trip, Meal, DomainPack","","","","","","","","","",""
"C16-046","Функция","Agents","/app/agents","P2-expand","planned","","AgentManifest, ToolScope, WorkflowManifest, WorkflowRunPreview, ActionProposal","","","","","","","","","",""
"C16-047","Функция","Domains","/app/domains","P3-domain","deferred-after-kernel","","HealthSignal, Routine, Relationship, HomeItem, MoneyEvent, Trip, Meal, DomainPack","","","","","","","","","",""
"C16-048","Функция","Domains","/app/domains","P3-domain","deferred-after-kernel","","HealthSignal, Routine, Relationship, HomeItem, MoneyEvent, Trip, Meal, DomainPack","","","","","","","","","",""
"C16-049","Функция","Domains","/app/domains","P3-domain","deferred-after-kernel","","HealthSignal, Routine, Relationship, HomeItem, MoneyEvent, Trip, Meal, DomainPack","","","","","","","","","",""
"C16-050","Функция","Domains","/app/domains","P3-domain","deferred-after-kernel","","HealthSignal, Routine, Relationship, HomeItem, MoneyEvent, Trip, Meal, DomainPack","","","","","","","","","",""
"C16-051","Функция","Domains","/app/domains","P3-domain","deferred-after-kernel","","HealthSignal, Routine, Relationship, HomeItem, MoneyEvent, Trip, Meal, DomainPack","","","","","","","","","",""
"C16-052","Функция","Domains","/app/domains","P3-domain","deferred-after-kernel","","HealthSignal, Routine, Relationship, HomeItem, MoneyEvent, Trip, Meal, DomainPack","","","","","","","","","",""
"C16-053","Функция","Domains","/app/domains","P3-domain","deferred-after-kernel","","HealthSignal, Routine, Relationship, HomeItem, MoneyEvent, Trip, Meal, DomainPack","","","","","","","","","",""
"C16-054","Минус","Domains","/app/domains","Guard-only","planned-guard","","HealthSignal, Routine, Relationship, HomeItem, MoneyEvent, Trip, Meal, DomainPack","","","","","","","","","",""
"C16-055","Минус","Domains","/app/domains","Guard-only","planned-guard","","HealthSignal, Routine, Relationship, HomeItem, MoneyEvent, Trip, Meal, DomainPack","","","","","","","","","",""
"C16-056","Минус","Domains","/app/domains","Guard-only","planned-guard","","HealthSignal, Routine, Relationship, HomeItem, MoneyEvent, Trip, Meal, DomainPack","","","","","","","","","",""
"C16-057","Минус","Domains","/app/domains","Guard-only","planned-guard","","HealthSignal, Routine, Relationship, HomeItem, MoneyEvent, Trip, Meal, DomainPack","","","","","","","","","",""
"C16-058","Минус","Domains","/app/domains","Guard-only","planned-guard","","HealthSignal, Routine, Relationship, HomeItem, MoneyEvent, Trip, Meal, DomainPack","","","","","","","","","",""
"C16-059","Минус","Domains","/app/domains","Guard-only","planned-guard","","HealthSignal, Routine, Relationship, HomeItem, MoneyEvent, Trip, Meal, DomainPack","","","","","","","","","",""
"C16-060","Минус","Domains","/app/domains","Guard-only","planned-guard","","HealthSignal, Routine, Relationship, HomeItem, MoneyEvent, Trip, Meal, DomainPack","","","","","","","","","",""
"C16-061","Минус","Domains","/app/domains","Guard-only","planned-guard","","HealthSignal, Routine, Relationship, HomeItem, MoneyEvent, Trip, Meal, DomainPack","","","","","","","","","",""
"C16-062","Минус","Domains","/app/domains","Guard-only","planned-guard","","HealthSignal, Routine, Relationship, HomeItem, MoneyEvent, Trip, Meal, DomainPack","","","","","","","","","",""
"C16-063","Функция","Domains","/app/domains","P3-domain","deferred-after-kernel","","HealthSignal, Routine, Relationship, HomeItem, MoneyEvent, Trip, Meal, DomainPack","","","","","","","","","",""
"C16-064","Функция","Domains","/app/domains","P3-domain","deferred-after-kernel","","HealthSignal, Routine, Relationship, HomeItem, MoneyEvent, Trip, Meal, DomainPack","","","","","","","","","",""
"C16-065","Функция","Domains","/app/domains","P3-domain","deferred-after-kernel","","HealthSignal, Routine, Relationship, HomeItem, MoneyEvent, Trip, Meal, DomainPack","","","","","","","","","",""
"C16-066","Функция","Domains","/app/domains","P3-domain","deferred-after-kernel","","HealthSignal, Routine, Relationship, HomeItem, MoneyEvent, Trip, Meal, DomainPack","","","","","","","","","",""
"C16-067","Функция","Domains","/app/domains","P3-domain","deferred-after-kernel","","HealthSignal, Routine, Relationship, HomeItem, MoneyEvent, Trip, Meal, DomainPack","","","","","","","","","",""
"C16-068","Функция","Domains","/app/domains","P3-domain","deferred-after-kernel","","HealthSignal, Routine, Relationship, HomeItem, MoneyEvent, Trip, Meal, DomainPack","","","","","","","","","",""
"C16-069","Функция","Domains","/app/domains","P3-domain","deferred-after-kernel","","HealthSignal, Routine, Relationship, HomeItem, MoneyEvent, Trip, Meal, DomainPack","","","","","","","","","",""
"C16-070","Функция","Domains","/app/domains","P3-domain","deferred-after-kernel","","HealthSignal, Routine, Relationship, HomeItem, MoneyEvent, Trip, Meal, DomainPack","","","","","","","","","",""
"C16-071","Функция","Domains","/app/domains","P3-domain","deferred-after-kernel","","HealthSignal, Routine, Relationship, HomeItem, MoneyEvent, Trip, Meal, DomainPack","","","","","","","","","",""
"C16-072","Функция","Domains","/app/domains","P3-domain","deferred-after-kernel","","HealthSignal, Routine, Relationship, HomeItem, MoneyEvent, Trip, Meal, DomainPack","","","","","","","","","",""
"C16-073","Функция","Today","/app/today","P2-expand","planned","","TodayPage, DailyReview, JournalEntry, NextAction, RecoveryPlan","","","","","","","","","",""
"C16-074","Функция","Domains","/app/domains","P3-domain","deferred-after-kernel","","HealthSignal, Routine, Relationship, HomeItem, MoneyEvent, Trip, Meal, DomainPack","","","","","","","","","",""
"C16-075","Функция","Domains","/app/domains","P3-domain","deferred-after-kernel","","HealthSignal, Routine, Relationship, HomeItem, MoneyEvent, Trip, Meal, DomainPack","","","","","","","","","",""
"C16-076","Функция","Inbox","/app/inbox","P2-expand","planned","","Source, SourcePacket, Attachment, ImportJob, CaptureDraft","","","","","","","","","",""
"C16-077","Функция","Domains","/app/domains","P3-domain","deferred-after-kernel","","HealthSignal, Routine, Relationship, HomeItem, MoneyEvent, Trip, Meal, DomainPack","","","","","","","","","",""
"C16-078","Функция","Domains","/app/domains","P3-domain","deferred-after-kernel","","HealthSignal, Routine, Relationship, HomeItem, MoneyEvent, Trip, Meal, DomainPack","","","","","","","","","",""
"C16-079","Функция","Domains","/app/domains","P3-domain","deferred-after-kernel","","HealthSignal, Routine, Relationship, HomeItem, MoneyEvent, Trip, Meal, DomainPack","","","","","","","","","",""
"C16-080","Функция","Agents","/app/agents","P2-expand","planned","","AgentManifest, ToolScope, WorkflowManifest, WorkflowRunPreview, ActionProposal","","","","","","","","","",""
"C16-081","Функция","Domains","/app/domains","P3-domain","deferred-after-kernel","","HealthSignal, Routine, Relationship, HomeItem, MoneyEvent, Trip, Meal, DomainPack","","","","","","","","","",""
"C16-082","Функция","Domains","/app/domains","P3-domain","deferred-after-kernel","","HealthSignal, Routine, Relationship, HomeItem, MoneyEvent, Trip, Meal, DomainPack","","","","","","","","","",""
"C16-083","Функция","Domains","/app/domains","P3-domain","deferred-after-kernel","","HealthSignal, Routine, Relationship, HomeItem, MoneyEvent, Trip, Meal, DomainPack","","","","","","","","","",""
"C16-084","Функция","Domains","/app/domains","P3-domain","deferred-after-kernel","","HealthSignal, Routine, Relationship, HomeItem, MoneyEvent, Trip, Meal, DomainPack","","","","","","","","","",""
"C16-085","Функция","Domains","/app/domains","P3-domain","deferred-after-kernel","","HealthSignal, Routine, Relationship, HomeItem, MoneyEvent, Trip, Meal, DomainPack","","","","","","","","","",""
"C16-086","Функция","Domains","/app/domains","P3-domain","deferred-after-kernel","","HealthSignal, Routine, Relationship, HomeItem, MoneyEvent, Trip, Meal, DomainPack","","","","","","","","","",""
"C16-087","Функция","Domains","/app/domains","P3-domain","deferred-after-kernel","","HealthSignal, Routine, Relationship, HomeItem, MoneyEvent, Trip, Meal, DomainPack","","","","","","","","","",""
"C16-088","Функция","Domains","/app/domains","P3-domain","deferred-after-kernel","","HealthSignal, Routine, Relationship, HomeItem, MoneyEvent, Trip, Meal, DomainPack","","","","","","","","","",""
"C16-089","Функция","Domains","/app/domains","P3-domain","deferred-after-kernel","","HealthSignal, Routine, Relationship, HomeItem, MoneyEvent, Trip, Meal, DomainPack","","","","","","","","","",""
"C16-090","Функция","Domains","/app/domains","P3-domain","deferred-after-kernel","","HealthSignal, Routine, Relationship, HomeItem, MoneyEvent, Trip, Meal, DomainPack","","","","","","","","","",""
"C16-091","Функция","Domains","/app/domains","P3-domain","deferred-after-kernel","","HealthSignal, Routine, Relationship, HomeItem, MoneyEvent, Trip, Meal, DomainPack","","","","","","","","","",""
"C16-092","Функция","Domains","/app/domains","P3-domain","deferred-after-kernel","","HealthSignal, Routine, Relationship, HomeItem, MoneyEvent, Trip, Meal, DomainPack","","","","","","","","","",""
"C16-093","Функция","Domains","/app/domains","P3-domain","deferred-after-kernel","","HealthSignal, Routine, Relationship, HomeItem, MoneyEvent, Trip, Meal, DomainPack","","","","","","","","","",""
"C16-094","Функция","Domains","/app/domains","P3-domain","deferred-after-kernel","","HealthSignal, Routine, Relationship, HomeItem, MoneyEvent, Trip, Meal, DomainPack","","","","","","","","","",""
"C16-095","Функция","Domains","/app/domains","P3-domain","deferred-after-kernel","","HealthSignal, Routine, Relationship, HomeItem, MoneyEvent, Trip, Meal, DomainPack","","","","","","","","","",""
"C16-096","Функция","Domains","/app/domains","P3-domain","deferred-after-kernel","","HealthSignal, Routine, Relationship, HomeItem, MoneyEvent, Trip, Meal, DomainPack","","","","","","","","","",""
"C16-097","Функция","Domains","/app/domains","P3-domain","deferred-after-kernel","","HealthSignal, Routine, Relationship, HomeItem, MoneyEvent, Trip, Meal, DomainPack","","","","","","","","","",""
"C16-098","Функция","Domains","/app/domains","P3-domain","deferred-after-kernel","","HealthSignal, Routine, Relationship, HomeItem, MoneyEvent, Trip, Meal, DomainPack","","","","","","","","","",""
"C16-099","Функция","Domains","/app/domains","P3-domain","deferred-after-kernel","","HealthSignal, Routine, Relationship, HomeItem, MoneyEvent, Trip, Meal, DomainPack","","","","","","","","","",""
"C16-100","Функция","Domains","/app/domains","P3-domain","deferred-after-kernel","","HealthSignal, Routine, Relationship, HomeItem, MoneyEvent, Trip, Meal, DomainPack","","","","","","","","","",""
"C16-101","Функция","Domains","/app/domains","P3-domain","deferred-after-kernel","","HealthSignal, Routine, Relationship, HomeItem, MoneyEvent, Trip, Meal, DomainPack","","","","","","","","","",""
"C16-102","Качество","Domains","/app/domains","Guard-only","planned-guard","","HealthSignal, Routine, Relationship, HomeItem, MoneyEvent, Trip, Meal, DomainPack","","","","","","","","","",""
"C17-001","Качество","Control","/app/control","Guard-only","planned-guard","","Receipt, DataControlItem, AuditEvent, ExportJob, DeletePreview, PrivacyZone, PermissionGrant","","","","","","","","","",""
"C17-002","Качество","Providers","/app/providers","Guard-only","planned-guard","","ProviderBoundary, ModelProfile, MediaTranscriptJob, ScreenSession, DeviceSyncState","","","","","","","","","",""
"C17-003","Функция","Agents","/app/agents","P1-corridor","planned","","AgentManifest, ToolScope, WorkflowManifest, WorkflowRunPreview, ActionProposal","","","","","","","","","",""
"C17-004","Функция","Inbox","/app/inbox","P2-expand","planned","","Source, SourcePacket, Attachment, ImportJob, CaptureDraft","","","","","","","","","",""
"C17-005","Функция","Agents","/app/agents","P2-expand","planned","","AgentManifest, ToolScope, WorkflowManifest, WorkflowRunPreview, ActionProposal","","","","","","","","","",""
"C17-006","Функция","Agents","/app/agents","P2-expand","planned","","AgentManifest, ToolScope, WorkflowManifest, WorkflowRunPreview, ActionProposal","","","","","","","","","",""
"C17-007","Функция","Agents","/app/agents","P2-expand","planned","","AgentManifest, ToolScope, WorkflowManifest, WorkflowRunPreview, ActionProposal","","","","","","","","","",""
"C17-008","Функция","Agents","/app/agents","P2-expand","planned","","AgentManifest, ToolScope, WorkflowManifest, WorkflowRunPreview, ActionProposal","","","","","","","","","",""
"C17-009","Функция","Chat","/app/chat","P2-expand","planned","","ChatThread, ChatMessage, MeetingNote, Contact, ConversationContext","","","","","","","","","",""
"C17-010","Функция","Agents","/app/agents","P2-expand","planned","","AgentManifest, ToolScope, WorkflowManifest, WorkflowRunPreview, ActionProposal","","","","","","","","","",""
"C17-011","Функция","Agents","/app/agents","P2-expand","planned","","AgentManifest, ToolScope, WorkflowManifest, WorkflowRunPreview, ActionProposal","","","","","","","","","",""
"C17-012","Функция","Agents","/app/agents","P2-expand","planned","","AgentManifest, ToolScope, WorkflowManifest, WorkflowRunPreview, ActionProposal","","","","","","","","","",""
"C17-013","Функция","Agents","/app/agents","P2-expand","planned","","AgentManifest, ToolScope, WorkflowManifest, WorkflowRunPreview, ActionProposal","","","","","","","","","",""
"C17-014","Функция","Core / invisible OS spine","/app/system","P0-kernel","planned","","LifeObject, SourceRef, Receipt, AuditEvent, PolicyBoundary, GraphEdge","","","","","","","","","",""
"C17-015","Функция","Control","/app/control","P2-expand","planned","","Receipt, DataControlItem, AuditEvent, ExportJob, DeletePreview, PrivacyZone, PermissionGrant","","","","","","","","","",""
"C17-016","Функция","Agents","/app/agents","P2-expand","planned","","AgentManifest, ToolScope, WorkflowManifest, WorkflowRunPreview, ActionProposal","","","","","","","","","",""
"C17-017","Функция","Agents","/app/agents","P2-expand","planned","","AgentManifest, ToolScope, WorkflowManifest, WorkflowRunPreview, ActionProposal","","","","","","","","","",""
"C17-018","Функция","Agents","/app/agents","P1-corridor","planned","","AgentManifest, ToolScope, WorkflowManifest, WorkflowRunPreview, ActionProposal","","","","","","","","","",""
"C17-019","Функция","Providers","/app/providers","Blocked-provider","blocked-provider","","ProviderBoundary, ModelProfile, MediaTranscriptJob, ScreenSession, DeviceSyncState","","","","","","","","","",""
"C17-020","Функция","Providers","/app/providers","Blocked-provider","blocked-provider","","ProviderBoundary, ModelProfile, MediaTranscriptJob, ScreenSession, DeviceSyncState","","","","","","","","","",""
"C17-021","Функция","Plan","/app/plan","P2-expand","planned","","Task, Project, CalendarBlock, PlannerBlock, FocusSession, WeekPlan","","","","","","","","","",""
"C17-022","Качество","Agents","/app/agents","Guard-only","planned-guard","","AgentManifest, ToolScope, WorkflowManifest, WorkflowRunPreview, ActionProposal","","","","","","","","","",""
"C17-023","Функция","Providers","/app/providers","Blocked-provider","blocked-provider","","ProviderBoundary, ModelProfile, MediaTranscriptJob, ScreenSession, DeviceSyncState","","","","","","","","","",""
"C17-024","Функция","Packs","/app/packs","P3-domain","deferred-after-kernel","","PackManifest, CustomObjectType, Template, BuilderBlock, InstallImpact","","","","","","","","","",""
"C17-025","Качество","Packs","/app/packs","Guard-only","planned-guard","","PackManifest, CustomObjectType, Template, BuilderBlock, InstallImpact","","","","","","","","","",""
"C17-026","Функция","Providers","/app/providers","Blocked-provider","blocked-provider","","ProviderBoundary, ModelProfile, MediaTranscriptJob, ScreenSession, DeviceSyncState","","","","","","","","","",""
"C17-027","Функция","Providers","/app/providers","Blocked-provider","blocked-provider","","ProviderBoundary, ModelProfile, MediaTranscriptJob, ScreenSession, DeviceSyncState","","","","","","","","","",""
"C17-028","Функция","Packs","/app/packs","P3-domain","deferred-after-kernel","","PackManifest, CustomObjectType, Template, BuilderBlock, InstallImpact","","","","","","","","","",""
"C17-029","Функция","Providers","/app/providers","Blocked-provider","blocked-provider","","ProviderBoundary, ModelProfile, MediaTranscriptJob, ScreenSession, DeviceSyncState","","","","","","","","","",""
"C17-030","Функция","Providers","/app/providers","Blocked-provider","blocked-provider","","ProviderBoundary, ModelProfile, MediaTranscriptJob, ScreenSession, DeviceSyncState","","","","","","","","","",""
"C17-031","Функция","Providers","/app/providers","Blocked-provider","blocked-provider","","ProviderBoundary, ModelProfile, MediaTranscriptJob, ScreenSession, DeviceSyncState","","","","","","","","","",""
"C17-032","Функция","Providers","/app/providers","Blocked-provider","blocked-provider","","ProviderBoundary, ModelProfile, MediaTranscriptJob, ScreenSession, DeviceSyncState","","","","","","","","","",""
"C17-033","Функция","Inbox","/app/inbox","P2-expand","planned","","Source, SourcePacket, Attachment, ImportJob, CaptureDraft","","","","","","","","","",""
"C17-034","Минус","Core / invisible OS spine","/app/system","Guard-only","planned-guard","","LifeObject, SourceRef, Receipt, AuditEvent, PolicyBoundary, GraphEdge","","","","","","","","","",""
"C17-035","Минус","Agents","/app/agents","Guard-only","planned-guard","","AgentManifest, ToolScope, WorkflowManifest, WorkflowRunPreview, ActionProposal","","","","","","","","","",""
"C17-036","Минус","Agents","/app/agents","Guard-only","planned-guard","","AgentManifest, ToolScope, WorkflowManifest, WorkflowRunPreview, ActionProposal","","","","","","","","","",""
"C17-037","Минус","Domains","/app/domains","Guard-only","planned-guard","","HealthSignal, Routine, Relationship, HomeItem, MoneyEvent, Trip, Meal, DomainPack","","","","","","","","","",""
"C17-038","Минус","Providers","/app/providers","Guard-only","planned-guard","","ProviderBoundary, ModelProfile, MediaTranscriptJob, ScreenSession, DeviceSyncState","","","","","","","","","",""
"C17-039","Функция","Agents","/app/agents","P2-expand","planned","","AgentManifest, ToolScope, WorkflowManifest, WorkflowRunPreview, ActionProposal","","","","","","","","","",""
"C17-040","Функция","Core / invisible OS spine","/app/system","P0-kernel","planned","","LifeObject, SourceRef, Receipt, AuditEvent, PolicyBoundary, GraphEdge","","","","","","","","","",""
"C17-041","Качество","Library","/app/library","Guard-only","planned-guard","","Note, DailyNote, JournalEntry, KnowledgeItem, Tag, Space, Backlink, WikiLink","","","","","","","","","",""
"C17-042","Функция","Domains","/app/domains","P3-domain","deferred-after-kernel","","HealthSignal, Routine, Relationship, HomeItem, MoneyEvent, Trip, Meal, DomainPack","","","","","","","","","",""
"C17-043","Качество","Agents","/app/agents","Guard-only","planned-guard","","AgentManifest, ToolScope, WorkflowManifest, WorkflowRunPreview, ActionProposal","","","","","","","","","",""
"C17-044","Функция","Providers","/app/providers","Blocked-provider","blocked-provider","","ProviderBoundary, ModelProfile, MediaTranscriptJob, ScreenSession, DeviceSyncState","","","","","","","","","",""
"C17-045","Функция","Providers","/app/providers","Blocked-provider","blocked-provider","","ProviderBoundary, ModelProfile, MediaTranscriptJob, ScreenSession, DeviceSyncState","","","","","","","","","",""
"C17-046","Функция","Control","/app/control","P2-expand","planned","","Receipt, DataControlItem, AuditEvent, ExportJob, DeletePreview, PrivacyZone, PermissionGrant","","","","","","","","","",""
"C17-047","Функция","Agents","/app/agents","P2-expand","planned","","AgentManifest, ToolScope, WorkflowManifest, WorkflowRunPreview, ActionProposal","","","","","","","","","",""
"C17-048","Функция","Control","/app/control","P2-expand","planned","","Receipt, DataControlItem, AuditEvent, ExportJob, DeletePreview, PrivacyZone, PermissionGrant","","","","","","","","","",""
"C17-049","Функция","Agents","/app/agents","P2-expand","planned","","AgentManifest, ToolScope, WorkflowManifest, WorkflowRunPreview, ActionProposal","","","","","","","","","",""
"C17-050","Функция","Core / invisible OS spine","/app/system","P0-kernel","planned","","LifeObject, SourceRef, Receipt, AuditEvent, PolicyBoundary, GraphEdge","","","","","","","","","",""
"C17-051","Функция","Agents","/app/agents","P2-expand","planned","","AgentManifest, ToolScope, WorkflowManifest, WorkflowRunPreview, ActionProposal","","","","","","","","","",""
"C17-052","Функция","Providers","/app/providers","Blocked-provider","blocked-provider","","ProviderBoundary, ModelProfile, MediaTranscriptJob, ScreenSession, DeviceSyncState","","","","","","","","","",""
"C17-053","Функция","Agents","/app/agents","P2-expand","planned","","AgentManifest, ToolScope, WorkflowManifest, WorkflowRunPreview, ActionProposal","","","","","","","","","",""
"C17-054","Функция","Providers","/app/providers","Blocked-provider","blocked-provider","","ProviderBoundary, ModelProfile, MediaTranscriptJob, ScreenSession, DeviceSyncState","","","","","","","","","",""
"C17-055","Функция","Agents","/app/agents","P2-expand","planned","","AgentManifest, ToolScope, WorkflowManifest, WorkflowRunPreview, ActionProposal","","","","","","","","","",""
"C17-056","Качество","Providers","/app/providers","Guard-only","planned-guard","","ProviderBoundary, ModelProfile, MediaTranscriptJob, ScreenSession, DeviceSyncState","","","","","","","","","",""
"C17-057","Функция","Packs","/app/packs","P3-domain","deferred-after-kernel","","PackManifest, CustomObjectType, Template, BuilderBlock, InstallImpact","","","","","","","","","",""
"C17-058","Функция","Control","/app/control","P2-expand","planned","","Receipt, DataControlItem, AuditEvent, ExportJob, DeletePreview, PrivacyZone, PermissionGrant","","","","","","","","","",""
"C17-059","Функция","Inbox","/app/inbox","P2-expand","planned","","Source, SourcePacket, Attachment, ImportJob, CaptureDraft","","","","","","","","","",""
"C17-060","Функция","Chat","/app/chat","P2-expand","planned","","ChatThread, ChatMessage, MeetingNote, Contact, ConversationContext","","","","","","","","","",""
"C17-061","Функция","Providers","/app/providers","Blocked-provider","blocked-provider","","ProviderBoundary, ModelProfile, MediaTranscriptJob, ScreenSession, DeviceSyncState","","","","","","","","","",""
"C17-062","Функция","Providers","/app/providers","Blocked-provider","blocked-provider","","ProviderBoundary, ModelProfile, MediaTranscriptJob, ScreenSession, DeviceSyncState","","","","","","","","","",""
"C17-063","Функция","Inbox","/app/inbox","P2-expand","planned","","Source, SourcePacket, Attachment, ImportJob, CaptureDraft","","","","","","","","","",""
"C17-064","Качество","Providers","/app/providers","Guard-only","planned-guard","","ProviderBoundary, ModelProfile, MediaTranscriptJob, ScreenSession, DeviceSyncState","","","","","","","","","",""
"C18-001","Функция","Library","/app/library","P2-expand","planned","","Note, DailyNote, JournalEntry, KnowledgeItem, Tag, Space, Backlink, WikiLink","","","","","","","","","",""
"C18-002","Функция","Library","/app/library","P2-expand","planned","","Note, DailyNote, JournalEntry, KnowledgeItem, Tag, Space, Backlink, WikiLink","","","","","","","","","",""
"C18-003","Функция","Library","/app/library","P2-expand","planned","","Note, DailyNote, JournalEntry, KnowledgeItem, Tag, Space, Backlink, WikiLink","","","","","","","","","",""
"C18-004","Функция","Library","/app/library","P2-expand","planned","","Note, DailyNote, JournalEntry, KnowledgeItem, Tag, Space, Backlink, WikiLink","","","","","","","","","",""
"C18-005","Функция","Library","/app/library","P2-expand","planned","","Note, DailyNote, JournalEntry, KnowledgeItem, Tag, Space, Backlink, WikiLink","","","","","","","","","",""
"C18-006","Функция","Domains","/app/domains","P3-domain","deferred-after-kernel","","HealthSignal, Routine, Relationship, HomeItem, MoneyEvent, Trip, Meal, DomainPack","","","","","","","","","",""
"C18-007","Функция","Library","/app/library","P2-expand","planned","","Note, DailyNote, JournalEntry, KnowledgeItem, Tag, Space, Backlink, WikiLink","","","","","","","","","",""
"C18-008","Функция","Library","/app/library","P2-expand","planned","","Note, DailyNote, JournalEntry, KnowledgeItem, Tag, Space, Backlink, WikiLink","","","","","","","","","",""
"C18-009","Функция","Graph","/app/graph","P2-expand","planned","","GraphNode, GraphEdge, Entity, EntityCandidate, RelationshipReason","","","","","","","","","",""
"C18-010","Функция","Graph","/app/graph","P2-expand","planned","","GraphNode, GraphEdge, Entity, EntityCandidate, RelationshipReason","","","","","","","","","",""
"C18-011","Функция","Graph","/app/graph","P2-expand","planned","","GraphNode, GraphEdge, Entity, EntityCandidate, RelationshipReason","","","","","","","","","",""
"C18-012","Функция","Graph","/app/graph","P2-expand","planned","","GraphNode, GraphEdge, Entity, EntityCandidate, RelationshipReason","","","","","","","","","",""
"C18-013","Функция","Graph","/app/graph","P2-expand","planned","","GraphNode, GraphEdge, Entity, EntityCandidate, RelationshipReason","","","","","","","","","",""
"C18-014","Функция","Graph","/app/graph","P2-expand","planned","","GraphNode, GraphEdge, Entity, EntityCandidate, RelationshipReason","","","","","","","","","",""
"C18-015","Функция","Graph","/app/graph","P2-expand","planned","","GraphNode, GraphEdge, Entity, EntityCandidate, RelationshipReason","","","","","","","","","",""
"C18-016","Функция","Library","/app/library","P2-expand","planned","","Note, DailyNote, JournalEntry, KnowledgeItem, Tag, Space, Backlink, WikiLink","","","","","","","","","",""
"C18-017","Функция","Providers","/app/providers","Blocked-provider","blocked-provider","","ProviderBoundary, ModelProfile, MediaTranscriptJob, ScreenSession, DeviceSyncState","","","","","","","","","",""
"C18-018","Функция","Graph","/app/graph","P2-expand","planned","","GraphNode, GraphEdge, Entity, EntityCandidate, RelationshipReason","","","","","","","","","",""
"C18-019","Функция","Graph","/app/graph","P2-expand","planned","","GraphNode, GraphEdge, Entity, EntityCandidate, RelationshipReason","","","","","","","","","",""
"C18-020","Функция","Library","/app/library","P2-expand","planned","","Note, DailyNote, JournalEntry, KnowledgeItem, Tag, Space, Backlink, WikiLink","","","","","","","","","",""
"C18-021","Функция","Graph","/app/graph","P2-expand","planned","","GraphNode, GraphEdge, Entity, EntityCandidate, RelationshipReason","","","","","","","","","",""
"C18-022","Функция","Library","/app/library","P2-expand","planned","","Note, DailyNote, JournalEntry, KnowledgeItem, Tag, Space, Backlink, WikiLink","","","","","","","","","",""
"C18-023","Функция","Library","/app/library","P2-expand","planned","","Note, DailyNote, JournalEntry, KnowledgeItem, Tag, Space, Backlink, WikiLink","","","","","","","","","",""
"C18-024","Функция","Library","/app/library","P2-expand","planned","","Note, DailyNote, JournalEntry, KnowledgeItem, Tag, Space, Backlink, WikiLink","","","","","","","","","",""
"C18-025","Функция","Graph","/app/graph","P2-expand","planned","","GraphNode, GraphEdge, Entity, EntityCandidate, RelationshipReason","","","","","","","","","",""
"C18-026","Функция","Library","/app/library","P2-expand","planned","","Note, DailyNote, JournalEntry, KnowledgeItem, Tag, Space, Backlink, WikiLink","","","","","","","","","",""
"C18-027","Функция","Library","/app/library","P2-expand","planned","","Note, DailyNote, JournalEntry, KnowledgeItem, Tag, Space, Backlink, WikiLink","","","","","","","","","",""
"C18-028","Функция","Library","/app/library","P2-expand","planned","","Note, DailyNote, JournalEntry, KnowledgeItem, Tag, Space, Backlink, WikiLink","","","","","","","","","",""
"C18-029","Функция","Library","/app/library","P2-expand","planned","","Note, DailyNote, JournalEntry, KnowledgeItem, Tag, Space, Backlink, WikiLink","","","","","","","","","",""
"C18-030","Минус","Library","/app/library","Guard-only","planned-guard","","Note, DailyNote, JournalEntry, KnowledgeItem, Tag, Space, Backlink, WikiLink","","","","","","","","","",""
"C18-031","Минус","Graph","/app/graph","Guard-only","planned-guard","","GraphNode, GraphEdge, Entity, EntityCandidate, RelationshipReason","","","","","","","","","",""
"C18-032","Минус","Library","/app/library","Guard-only","planned-guard","","Note, DailyNote, JournalEntry, KnowledgeItem, Tag, Space, Backlink, WikiLink","","","","","","","","","",""
"C18-033","Минус","Graph","/app/graph","Guard-only","planned-guard","","GraphNode, GraphEdge, Entity, EntityCandidate, RelationshipReason","","","","","","","","","",""
"C18-034","Минус","Plan","/app/plan","Guard-only","planned-guard","","Task, Project, CalendarBlock, PlannerBlock, FocusSession, WeekPlan","","","","","","","","","",""
"C18-035","Минус","Plan","/app/plan","Guard-only","planned-guard","","Task, Project, CalendarBlock, PlannerBlock, FocusSession, WeekPlan","","","","","","","","","",""
"C18-036","Функция","Graph","/app/graph","P2-expand","planned","","GraphNode, GraphEdge, Entity, EntityCandidate, RelationshipReason","","","","","","","","","",""
"C18-037","Функция","Graph","/app/graph","P2-expand","planned","","GraphNode, GraphEdge, Entity, EntityCandidate, RelationshipReason","","","","","","","","","",""
"C18-038","Функция","Graph","/app/graph","P1-corridor","planned","","GraphNode, GraphEdge, Entity, EntityCandidate, RelationshipReason","","","","","","","","","",""
"C18-039","Функция","Graph","/app/graph","P2-expand","planned","","GraphNode, GraphEdge, Entity, EntityCandidate, RelationshipReason","","","","","","","","","",""
"C18-040","Функция","Graph","/app/graph","P1-corridor","planned","","GraphNode, GraphEdge, Entity, EntityCandidate, RelationshipReason","","","","","","","","","",""
"C18-041","Функция","Graph","/app/graph","P1-corridor","planned","","GraphNode, GraphEdge, Entity, EntityCandidate, RelationshipReason","","","","","","","","","",""
"C18-042","Минус","Graph","/app/graph","Guard-only","planned-guard","","GraphNode, GraphEdge, Entity, EntityCandidate, RelationshipReason","","","","","","","","","",""
"C18-043","Функция","Providers","/app/providers","Blocked-provider","blocked-provider","","ProviderBoundary, ModelProfile, MediaTranscriptJob, ScreenSession, DeviceSyncState","","","","","","","","","",""
"C18-044","Функция","Plan","/app/plan","P2-expand","planned","","Task, Project, CalendarBlock, PlannerBlock, FocusSession, WeekPlan","","","","","","","","","",""
"C18-045","Функция","Library","/app/library","P2-expand","planned","","Note, DailyNote, JournalEntry, KnowledgeItem, Tag, Space, Backlink, WikiLink","","","","","","","","","",""
"C18-046","Функция","Graph","/app/graph","P2-expand","planned","","GraphNode, GraphEdge, Entity, EntityCandidate, RelationshipReason","","","","","","","","","",""
"C18-047","Качество","Providers","/app/providers","Guard-only","planned-guard","","ProviderBoundary, ModelProfile, MediaTranscriptJob, ScreenSession, DeviceSyncState","","","","","","","","","",""
"C18-048","Функция","Library","/app/library","P2-expand","planned","","Note, DailyNote, JournalEntry, KnowledgeItem, Tag, Space, Backlink, WikiLink","","","","","","","","","",""
"C18-049","Функция","Plan","/app/plan","P2-expand","planned","","Task, Project, CalendarBlock, PlannerBlock, FocusSession, WeekPlan","","","","","","","","","",""
"C18-050","Функция","Library","/app/library","P2-expand","planned","","Note, DailyNote, JournalEntry, KnowledgeItem, Tag, Space, Backlink, WikiLink","","","","","","","","","",""
"C18-051","Функция","Providers","/app/providers","Blocked-provider","blocked-provider","","ProviderBoundary, ModelProfile, MediaTranscriptJob, ScreenSession, DeviceSyncState","","","","","","","","","",""
"C18-052","Функция","Library","/app/library","P2-expand","planned","","Note, DailyNote, JournalEntry, KnowledgeItem, Tag, Space, Backlink, WikiLink","","","","","","","","","",""
"C18-053","Функция","Library","/app/library","P2-expand","planned","","Note, DailyNote, JournalEntry, KnowledgeItem, Tag, Space, Backlink, WikiLink","","","","","","","","","",""
"C18-054","Функция","Providers","/app/providers","Blocked-provider","blocked-provider","","ProviderBoundary, ModelProfile, MediaTranscriptJob, ScreenSession, DeviceSyncState","","","","","","","","","",""
"C18-055","Функция","Library","/app/library","P2-expand","planned","","Note, DailyNote, JournalEntry, KnowledgeItem, Tag, Space, Backlink, WikiLink","","","","","","","","","",""
"C18-056","Функция","Control","/app/control","P2-expand","planned","","Receipt, DataControlItem, AuditEvent, ExportJob, DeletePreview, PrivacyZone, PermissionGrant","","","","","","","","","",""
"C18-057","Функция","Library","/app/library","P2-expand","planned","","Note, DailyNote, JournalEntry, KnowledgeItem, Tag, Space, Backlink, WikiLink","","","","","","","","","",""
"C18-058","Функция","Core / invisible OS spine","/app/system","P0-kernel","planned","","LifeObject, SourceRef, Receipt, AuditEvent, PolicyBoundary, GraphEdge","","","","","","","","","",""
"C18-059","Функция","Providers","/app/providers","Blocked-provider","blocked-provider","","ProviderBoundary, ModelProfile, MediaTranscriptJob, ScreenSession, DeviceSyncState","","","","","","","","","",""
"C18-060","Функция","Library","/app/library","P2-expand","planned","","Note, DailyNote, JournalEntry, KnowledgeItem, Tag, Space, Backlink, WikiLink","","","","","","","","","",""
"C18-061","Функция","Library","/app/library","P2-expand","planned","","Note, DailyNote, JournalEntry, KnowledgeItem, Tag, Space, Backlink, WikiLink","","","","","","","","","",""
"C18-062","Функция","Library","/app/library","P2-expand","planned","","Note, DailyNote, JournalEntry, KnowledgeItem, Tag, Space, Backlink, WikiLink","","","","","","","","","",""
"C18-063","Функция","Library","/app/library","P2-expand","planned","","Note, DailyNote, JournalEntry, KnowledgeItem, Tag, Space, Backlink, WikiLink","","","","","","","","","",""
"C18-064","Функция","Library","/app/library","P2-expand","planned","","Note, DailyNote, JournalEntry, KnowledgeItem, Tag, Space, Backlink, WikiLink","","","","","","","","","",""
"C19-001","Функция","Core / invisible OS spine","/app/system","P0-kernel","planned","","LifeObject, SourceRef, Receipt, AuditEvent, PolicyBoundary, GraphEdge","","","","","","","","","",""
"C19-002","Функция","Control","/app/control","P2-expand","planned","","Receipt, DataControlItem, AuditEvent, ExportJob, DeletePreview, PrivacyZone, PermissionGrant","","","","","","","","","",""
"C19-003","Функция","Control","/app/control","P2-expand","planned","","Receipt, DataControlItem, AuditEvent, ExportJob, DeletePreview, PrivacyZone, PermissionGrant","","","","","","","","","",""
"C19-004","Функция","Control","/app/control","P2-expand","planned","","Receipt, DataControlItem, AuditEvent, ExportJob, DeletePreview, PrivacyZone, PermissionGrant","","","","","","","","","",""
"C19-005","Функция","Control","/app/control","P2-expand","planned","","Receipt, DataControlItem, AuditEvent, ExportJob, DeletePreview, PrivacyZone, PermissionGrant","","","","","","","","","",""
"C19-006","Функция","Control","/app/control","P2-expand","planned","","Receipt, DataControlItem, AuditEvent, ExportJob, DeletePreview, PrivacyZone, PermissionGrant","","","","","","","","","",""
"C19-007","Функция","Control","/app/control","P2-expand","planned","","Receipt, DataControlItem, AuditEvent, ExportJob, DeletePreview, PrivacyZone, PermissionGrant","","","","","","","","","",""
"C19-008","Функция","Control","/app/control","P2-expand","planned","","Receipt, DataControlItem, AuditEvent, ExportJob, DeletePreview, PrivacyZone, PermissionGrant","","","","","","","","","",""
"C19-009","Функция","Control","/app/control","P2-expand","planned","","Receipt, DataControlItem, AuditEvent, ExportJob, DeletePreview, PrivacyZone, PermissionGrant","","","","","","","","","",""
"C19-010","Функция","Graph","/app/graph","P2-expand","planned","","GraphNode, GraphEdge, Entity, EntityCandidate, RelationshipReason","","","","","","","","","",""
"C19-011","Функция","Control","/app/control","P2-expand","planned","","Receipt, DataControlItem, AuditEvent, ExportJob, DeletePreview, PrivacyZone, PermissionGrant","","","","","","","","","",""
"C19-012","Функция","Control","/app/control","P2-expand","planned","","Receipt, DataControlItem, AuditEvent, ExportJob, DeletePreview, PrivacyZone, PermissionGrant","","","","","","","","","",""
"C19-013","Функция","Control","/app/control","P2-expand","planned","","Receipt, DataControlItem, AuditEvent, ExportJob, DeletePreview, PrivacyZone, PermissionGrant","","","","","","","","","",""
"C19-014","Функция","Control","/app/control","P2-expand","planned","","Receipt, DataControlItem, AuditEvent, ExportJob, DeletePreview, PrivacyZone, PermissionGrant","","","","","","","","","",""
"C19-015","Функция","Control","/app/control","P2-expand","planned","","Receipt, DataControlItem, AuditEvent, ExportJob, DeletePreview, PrivacyZone, PermissionGrant","","","","","","","","","",""
"C19-016","Функция","Control","/app/control","P2-expand","planned","","Receipt, DataControlItem, AuditEvent, ExportJob, DeletePreview, PrivacyZone, PermissionGrant","","","","","","","","","",""
"C19-017","Функция","Control","/app/control","P2-expand","planned","","Receipt, DataControlItem, AuditEvent, ExportJob, DeletePreview, PrivacyZone, PermissionGrant","","","","","","","","","",""
"C19-018","Функция","Control","/app/control","P2-expand","planned","","Receipt, DataControlItem, AuditEvent, ExportJob, DeletePreview, PrivacyZone, PermissionGrant","","","","","","","","","",""
"C19-019","Функция","Control","/app/control","P2-expand","planned","","Receipt, DataControlItem, AuditEvent, ExportJob, DeletePreview, PrivacyZone, PermissionGrant","","","","","","","","","",""
"C19-020","Функция","Control","/app/control","P2-expand","planned","","Receipt, DataControlItem, AuditEvent, ExportJob, DeletePreview, PrivacyZone, PermissionGrant","","","","","","","","","",""
"C19-021","Функция","Control","/app/control","P2-expand","planned","","Receipt, DataControlItem, AuditEvent, ExportJob, DeletePreview, PrivacyZone, PermissionGrant","","","","","","","","","",""
"C19-022","Функция","Control","/app/control","P2-expand","planned","","Receipt, DataControlItem, AuditEvent, ExportJob, DeletePreview, PrivacyZone, PermissionGrant","","","","","","","","","",""
"C19-023","Функция","Control","/app/control","P2-expand","planned","","Receipt, DataControlItem, AuditEvent, ExportJob, DeletePreview, PrivacyZone, PermissionGrant","","","","","","","","","",""
"C19-024","Функция","Control","/app/control","P2-expand","planned","","Receipt, DataControlItem, AuditEvent, ExportJob, DeletePreview, PrivacyZone, PermissionGrant","","","","","","","","","",""
"C19-025","Функция","Control","/app/control","P2-expand","planned","","Receipt, DataControlItem, AuditEvent, ExportJob, DeletePreview, PrivacyZone, PermissionGrant","","","","","","","","","",""
"C19-026","Функция","Control","/app/control","P2-expand","planned","","Receipt, DataControlItem, AuditEvent, ExportJob, DeletePreview, PrivacyZone, PermissionGrant","","","","","","","","","",""
"C19-027","Функция","Control","/app/control","P2-expand","planned","","Receipt, DataControlItem, AuditEvent, ExportJob, DeletePreview, PrivacyZone, PermissionGrant","","","","","","","","","",""
"C19-028","Функция","Control","/app/control","P2-expand","planned","","Receipt, DataControlItem, AuditEvent, ExportJob, DeletePreview, PrivacyZone, PermissionGrant","","","","","","","","","",""
"C19-029","Функция","Control","/app/control","P2-expand","planned","","Receipt, DataControlItem, AuditEvent, ExportJob, DeletePreview, PrivacyZone, PermissionGrant","","","","","","","","","",""
"C19-030","Функция","Control","/app/control","P2-expand","planned","","Receipt, DataControlItem, AuditEvent, ExportJob, DeletePreview, PrivacyZone, PermissionGrant","","","","","","","","","",""
"C19-031","Функция","Control","/app/control","P2-expand","planned","","Receipt, DataControlItem, AuditEvent, ExportJob, DeletePreview, PrivacyZone, PermissionGrant","","","","","","","","","",""
"C19-032","Функция","Control","/app/control","P1-corridor","planned","","Receipt, DataControlItem, AuditEvent, ExportJob, DeletePreview, PrivacyZone, PermissionGrant","","","","","","","","","",""
"C19-033","Функция","Control","/app/control","P2-expand","planned","","Receipt, DataControlItem, AuditEvent, ExportJob, DeletePreview, PrivacyZone, PermissionGrant","","","","","","","","","",""
"C19-034","Функция","Control","/app/control","P2-expand","planned","","Receipt, DataControlItem, AuditEvent, ExportJob, DeletePreview, PrivacyZone, PermissionGrant","","","","","","","","","",""
"C19-035","Функция","Control","/app/control","P2-expand","planned","","Receipt, DataControlItem, AuditEvent, ExportJob, DeletePreview, PrivacyZone, PermissionGrant","","","","","","","","","",""
"C19-036","Функция","Control","/app/control","P2-expand","planned","","Receipt, DataControlItem, AuditEvent, ExportJob, DeletePreview, PrivacyZone, PermissionGrant","","","","","","","","","",""
"C19-037","Функция","Control","/app/control","P2-expand","planned","","Receipt, DataControlItem, AuditEvent, ExportJob, DeletePreview, PrivacyZone, PermissionGrant","","","","","","","","","",""
"C19-038","Функция","Control","/app/control","P2-expand","planned","","Receipt, DataControlItem, AuditEvent, ExportJob, DeletePreview, PrivacyZone, PermissionGrant","","","","","","","","","",""
"C19-039","Функция","Control","/app/control","P2-expand","planned","","Receipt, DataControlItem, AuditEvent, ExportJob, DeletePreview, PrivacyZone, PermissionGrant","","","","","","","","","",""
"C19-040","Функция","Control","/app/control","P2-expand","planned","","Receipt, DataControlItem, AuditEvent, ExportJob, DeletePreview, PrivacyZone, PermissionGrant","","","","","","","","","",""
"C19-041","Качество","Control","/app/control","Guard-only","planned-guard","","Receipt, DataControlItem, AuditEvent, ExportJob, DeletePreview, PrivacyZone, PermissionGrant","","","","","","","","","",""
"C19-042","Минус","Control","/app/control","Guard-only","planned-guard","","Receipt, DataControlItem, AuditEvent, ExportJob, DeletePreview, PrivacyZone, PermissionGrant","","","","","","","","","",""
"C19-043","Минус","Control","/app/control","Guard-only","planned-guard","","Receipt, DataControlItem, AuditEvent, ExportJob, DeletePreview, PrivacyZone, PermissionGrant","","","","","","","","","",""
"C19-044","Минус","Control","/app/control","Guard-only","planned-guard","","Receipt, DataControlItem, AuditEvent, ExportJob, DeletePreview, PrivacyZone, PermissionGrant","","","","","","","","","",""
"C19-045","Минус","Control","/app/control","Guard-only","planned-guard","","Receipt, DataControlItem, AuditEvent, ExportJob, DeletePreview, PrivacyZone, PermissionGrant","","","","","","","","","",""
"C19-046","Функция","Control","/app/control","P2-expand","planned","","Receipt, DataControlItem, AuditEvent, ExportJob, DeletePreview, PrivacyZone, PermissionGrant","","","","","","","","","",""
"C20-001","Функция","Control","/app/control","P1-corridor","planned","","Receipt, DataControlItem, AuditEvent, ExportJob, DeletePreview, PrivacyZone, PermissionGrant","","","","","","","","","",""
"C20-002","Функция","Domains","/app/domains","P3-domain","deferred-after-kernel","","HealthSignal, Routine, Relationship, HomeItem, MoneyEvent, Trip, Meal, DomainPack","","","","","","","","","",""
"C20-003","Функция","Domains","/app/domains","P3-domain","deferred-after-kernel","","HealthSignal, Routine, Relationship, HomeItem, MoneyEvent, Trip, Meal, DomainPack","","","","","","","","","",""
"C20-004","Функция","Domains","/app/domains","P3-domain","deferred-after-kernel","","HealthSignal, Routine, Relationship, HomeItem, MoneyEvent, Trip, Meal, DomainPack","","","","","","","","","",""
"C20-005","Функция","Control","/app/control","P2-expand","planned","","Receipt, DataControlItem, AuditEvent, ExportJob, DeletePreview, PrivacyZone, PermissionGrant","","","","","","","","","",""
"C20-006","Функция","Control","/app/control","P2-expand","planned","","Receipt, DataControlItem, AuditEvent, ExportJob, DeletePreview, PrivacyZone, PermissionGrant","","","","","","","","","",""
"C20-007","Функция","Control","/app/control","P2-expand","planned","","Receipt, DataControlItem, AuditEvent, ExportJob, DeletePreview, PrivacyZone, PermissionGrant","","","","","","","","","",""
"C20-008","Функция","Control","/app/control","P2-expand","planned","","Receipt, DataControlItem, AuditEvent, ExportJob, DeletePreview, PrivacyZone, PermissionGrant","","","","","","","","","",""
"C20-009","Функция","Control","/app/control","P2-expand","planned","","Receipt, DataControlItem, AuditEvent, ExportJob, DeletePreview, PrivacyZone, PermissionGrant","","","","","","","","","",""
"C20-010","Функция","Control","/app/control","P2-expand","planned","","Receipt, DataControlItem, AuditEvent, ExportJob, DeletePreview, PrivacyZone, PermissionGrant","","","","","","","","","",""
"C20-011","Функция","Control","/app/control","P2-expand","planned","","Receipt, DataControlItem, AuditEvent, ExportJob, DeletePreview, PrivacyZone, PermissionGrant","","","","","","","","","",""
"C20-012","Функция","Domains","/app/domains","P3-domain","deferred-after-kernel","","HealthSignal, Routine, Relationship, HomeItem, MoneyEvent, Trip, Meal, DomainPack","","","","","","","","","",""
"C20-013","Функция","Control","/app/control","P2-expand","planned","","Receipt, DataControlItem, AuditEvent, ExportJob, DeletePreview, PrivacyZone, PermissionGrant","","","","","","","","","",""
"C20-014","Функция","Control","/app/control","P2-expand","planned","","Receipt, DataControlItem, AuditEvent, ExportJob, DeletePreview, PrivacyZone, PermissionGrant","","","","","","","","","",""
"C20-015","Функция","Control","/app/control","P2-expand","planned","","Receipt, DataControlItem, AuditEvent, ExportJob, DeletePreview, PrivacyZone, PermissionGrant","","","","","","","","","",""
"C20-016","Функция","Control","/app/control","P2-expand","planned","","Receipt, DataControlItem, AuditEvent, ExportJob, DeletePreview, PrivacyZone, PermissionGrant","","","","","","","","","",""
"C20-017","Функция","Control","/app/control","P2-expand","planned","","Receipt, DataControlItem, AuditEvent, ExportJob, DeletePreview, PrivacyZone, PermissionGrant","","","","","","","","","",""
"C20-018","Функция","Control","/app/control","P2-expand","planned","","Receipt, DataControlItem, AuditEvent, ExportJob, DeletePreview, PrivacyZone, PermissionGrant","","","","","","","","","",""
"C20-019","Функция","Control","/app/control","P2-expand","planned","","Receipt, DataControlItem, AuditEvent, ExportJob, DeletePreview, PrivacyZone, PermissionGrant","","","","","","","","","",""
"C20-020","Функция","Domains","/app/domains","P3-domain","deferred-after-kernel","","HealthSignal, Routine, Relationship, HomeItem, MoneyEvent, Trip, Meal, DomainPack","","","","","","","","","",""
"C20-021","Функция","Control","/app/control","P2-expand","planned","","Receipt, DataControlItem, AuditEvent, ExportJob, DeletePreview, PrivacyZone, PermissionGrant","","","","","","","","","",""
"C20-022","Функция","Control","/app/control","P2-expand","planned","","Receipt, DataControlItem, AuditEvent, ExportJob, DeletePreview, PrivacyZone, PermissionGrant","","","","","","","","","",""
"C20-023","Функция","Control","/app/control","P2-expand","planned","","Receipt, DataControlItem, AuditEvent, ExportJob, DeletePreview, PrivacyZone, PermissionGrant","","","","","","","","","",""
"C20-024","Функция","Control","/app/control","P2-expand","planned","","Receipt, DataControlItem, AuditEvent, ExportJob, DeletePreview, PrivacyZone, PermissionGrant","","","","","","","","","",""
"C20-025","Функция","Providers","/app/providers","Blocked-provider","blocked-provider","","ProviderBoundary, ModelProfile, MediaTranscriptJob, ScreenSession, DeviceSyncState","","","","","","","","","",""
"C20-026","Функция","Domains","/app/domains","P3-domain","deferred-after-kernel","","HealthSignal, Routine, Relationship, HomeItem, MoneyEvent, Trip, Meal, DomainPack","","","","","","","","","",""
"C20-027","Функция","Control","/app/control","P2-expand","planned","","Receipt, DataControlItem, AuditEvent, ExportJob, DeletePreview, PrivacyZone, PermissionGrant","","","","","","","","","",""
"C20-028","Функция","Control","/app/control","P2-expand","planned","","Receipt, DataControlItem, AuditEvent, ExportJob, DeletePreview, PrivacyZone, PermissionGrant","","","","","","","","","",""
"C20-029","Функция","Control","/app/control","P2-expand","planned","","Receipt, DataControlItem, AuditEvent, ExportJob, DeletePreview, PrivacyZone, PermissionGrant","","","","","","","","","",""
"C20-030","Функция","Control","/app/control","P2-expand","planned","","Receipt, DataControlItem, AuditEvent, ExportJob, DeletePreview, PrivacyZone, PermissionGrant","","","","","","","","","",""
"C20-031","Функция","Control","/app/control","P2-expand","planned","","Receipt, DataControlItem, AuditEvent, ExportJob, DeletePreview, PrivacyZone, PermissionGrant","","","","","","","","","",""
"C20-032","Функция","Control","/app/control","P2-expand","planned","","Receipt, DataControlItem, AuditEvent, ExportJob, DeletePreview, PrivacyZone, PermissionGrant","","","","","","","","","",""
"C20-033","Функция","Control","/app/control","P2-expand","planned","","Receipt, DataControlItem, AuditEvent, ExportJob, DeletePreview, PrivacyZone, PermissionGrant","","","","","","","","","",""
"C20-034","Функция","Control","/app/control","P2-expand","planned","","Receipt, DataControlItem, AuditEvent, ExportJob, DeletePreview, PrivacyZone, PermissionGrant","","","","","","","","","",""
"C20-035","Функция","Control","/app/control","P2-expand","planned","","Receipt, DataControlItem, AuditEvent, ExportJob, DeletePreview, PrivacyZone, PermissionGrant","","","","","","","","","",""
"C20-036","Функция","Control","/app/control","P2-expand","planned","","Receipt, DataControlItem, AuditEvent, ExportJob, DeletePreview, PrivacyZone, PermissionGrant","","","","","","","","","",""
"C20-037","Качество","Control","/app/control","Guard-only","planned-guard","","Receipt, DataControlItem, AuditEvent, ExportJob, DeletePreview, PrivacyZone, PermissionGrant","","","","","","","","","",""
"C20-038","Минус","Control","/app/control","Guard-only","planned-guard","","Receipt, DataControlItem, AuditEvent, ExportJob, DeletePreview, PrivacyZone, PermissionGrant","","","","","","","","","",""
"C20-039","Минус","Control","/app/control","Guard-only","planned-guard","","Receipt, DataControlItem, AuditEvent, ExportJob, DeletePreview, PrivacyZone, PermissionGrant","","","","","","","","","",""
"C20-040","Минус","Control","/app/control","Guard-only","planned-guard","","Receipt, DataControlItem, AuditEvent, ExportJob, DeletePreview, PrivacyZone, PermissionGrant","","","","","","","","","",""
"C20-041","Минус","Control","/app/control","Guard-only","planned-guard","","Receipt, DataControlItem, AuditEvent, ExportJob, DeletePreview, PrivacyZone, PermissionGrant","","","","","","","","","",""
"C20-042","Функция","Control","/app/control","P2-expand","planned","","Receipt, DataControlItem, AuditEvent, ExportJob, DeletePreview, PrivacyZone, PermissionGrant","","","","","","","","","",""
"C20-043","Функция","Control","/app/control","P2-expand","planned","","Receipt, DataControlItem, AuditEvent, ExportJob, DeletePreview, PrivacyZone, PermissionGrant","","","","","","","","","",""
"C20-044","Функция","Control","/app/control","P2-expand","planned","","Receipt, DataControlItem, AuditEvent, ExportJob, DeletePreview, PrivacyZone, PermissionGrant","","","","","","","","","",""
"C20-045","Функция","Control","/app/control","P2-expand","planned","","Receipt, DataControlItem, AuditEvent, ExportJob, DeletePreview, PrivacyZone, PermissionGrant","","","","","","","","","",""
"C20-046","Функция","Control","/app/control","P2-expand","planned","","Receipt, DataControlItem, AuditEvent, ExportJob, DeletePreview, PrivacyZone, PermissionGrant","","","","","","","","","",""
"C20-047","Функция","Control","/app/control","P2-expand","planned","","Receipt, DataControlItem, AuditEvent, ExportJob, DeletePreview, PrivacyZone, PermissionGrant","","","","","","","","","",""
"C20-048","Функция","Domains","/app/domains","P3-domain","deferred-after-kernel","","HealthSignal, Routine, Relationship, HomeItem, MoneyEvent, Trip, Meal, DomainPack","","","","","","","","","",""
"C20-049","Функция","Control","/app/control","P2-expand","planned","","Receipt, DataControlItem, AuditEvent, ExportJob, DeletePreview, PrivacyZone, PermissionGrant","","","","","","","","","",""
"C20-050","Качество","Control","/app/control","Guard-only","planned-guard","","Receipt, DataControlItem, AuditEvent, ExportJob, DeletePreview, PrivacyZone, PermissionGrant","","","","","","","","","",""
"C21-001","Качество","Control","/app/control","Guard-only","planned-guard","","Receipt, DataControlItem, AuditEvent, ExportJob, DeletePreview, PrivacyZone, PermissionGrant","","","","","","","","","",""
"C21-002","Функция","Providers","/app/providers","Blocked-provider","blocked-provider","","ProviderBoundary, ModelProfile, MediaTranscriptJob, ScreenSession, DeviceSyncState","","","","","","","","","",""
"C21-003","Функция","Domains","/app/domains","P3-domain","deferred-after-kernel","","HealthSignal, Routine, Relationship, HomeItem, MoneyEvent, Trip, Meal, DomainPack","","","","","","","","","",""
"C21-004","Функция","Control","/app/control","P2-expand","planned","","Receipt, DataControlItem, AuditEvent, ExportJob, DeletePreview, PrivacyZone, PermissionGrant","","","","","","","","","",""
"C21-005","Функция","Control","/app/control","P2-expand","planned","","Receipt, DataControlItem, AuditEvent, ExportJob, DeletePreview, PrivacyZone, PermissionGrant","","","","","","","","","",""
"C21-006","Функция","Control","/app/control","P2-expand","planned","","Receipt, DataControlItem, AuditEvent, ExportJob, DeletePreview, PrivacyZone, PermissionGrant","","","","","","","","","",""
"C21-007","Функция","Control","/app/control","P2-expand","planned","","Receipt, DataControlItem, AuditEvent, ExportJob, DeletePreview, PrivacyZone, PermissionGrant","","","","","","","","","",""
"C21-008","Функция","Control","/app/control","P2-expand","planned","","Receipt, DataControlItem, AuditEvent, ExportJob, DeletePreview, PrivacyZone, PermissionGrant","","","","","","","","","",""
"C21-009","Функция","Control","/app/control","P2-expand","planned","","Receipt, DataControlItem, AuditEvent, ExportJob, DeletePreview, PrivacyZone, PermissionGrant","","","","","","","","","",""
"C21-010","Функция","Control","/app/control","P2-expand","planned","","Receipt, DataControlItem, AuditEvent, ExportJob, DeletePreview, PrivacyZone, PermissionGrant","","","","","","","","","",""
"C21-011","Функция","Control","/app/control","P2-expand","planned","","Receipt, DataControlItem, AuditEvent, ExportJob, DeletePreview, PrivacyZone, PermissionGrant","","","","","","","","","",""
"C21-012","Функция","Control","/app/control","P2-expand","planned","","Receipt, DataControlItem, AuditEvent, ExportJob, DeletePreview, PrivacyZone, PermissionGrant","","","","","","","","","",""
"C21-013","Функция","Control","/app/control","P2-expand","planned","","Receipt, DataControlItem, AuditEvent, ExportJob, DeletePreview, PrivacyZone, PermissionGrant","","","","","","","","","",""
"C21-014","Функция","Control","/app/control","P2-expand","planned","","Receipt, DataControlItem, AuditEvent, ExportJob, DeletePreview, PrivacyZone, PermissionGrant","","","","","","","","","",""
"C21-015","Функция","Control","/app/control","P2-expand","planned","","Receipt, DataControlItem, AuditEvent, ExportJob, DeletePreview, PrivacyZone, PermissionGrant","","","","","","","","","",""
"C21-016","Функция","Control","/app/control","P2-expand","planned","","Receipt, DataControlItem, AuditEvent, ExportJob, DeletePreview, PrivacyZone, PermissionGrant","","","","","","","","","",""
"C21-017","Функция","Control","/app/control","P2-expand","planned","","Receipt, DataControlItem, AuditEvent, ExportJob, DeletePreview, PrivacyZone, PermissionGrant","","","","","","","","","",""
"C21-018","Функция","Agents","/app/agents","P2-expand","planned","","AgentManifest, ToolScope, WorkflowManifest, WorkflowRunPreview, ActionProposal","","","","","","","","","",""
"C21-019","Функция","Core / invisible OS spine","/app/system","P0-kernel","planned","","LifeObject, SourceRef, Receipt, AuditEvent, PolicyBoundary, GraphEdge","","","","","","","","","",""
"C21-020","Функция","Agents","/app/agents","P2-expand","planned","","AgentManifest, ToolScope, WorkflowManifest, WorkflowRunPreview, ActionProposal","","","","","","","","","",""
"C21-021","Функция","Agents","/app/agents","P2-expand","planned","","AgentManifest, ToolScope, WorkflowManifest, WorkflowRunPreview, ActionProposal","","","","","","","","","",""
"C21-022","Функция","Agents","/app/agents","P2-expand","planned","","AgentManifest, ToolScope, WorkflowManifest, WorkflowRunPreview, ActionProposal","","","","","","","","","",""
"C21-023","Функция","Control","/app/control","P2-expand","planned","","Receipt, DataControlItem, AuditEvent, ExportJob, DeletePreview, PrivacyZone, PermissionGrant","","","","","","","","","",""
"C21-024","Функция","Control","/app/control","P2-expand","planned","","Receipt, DataControlItem, AuditEvent, ExportJob, DeletePreview, PrivacyZone, PermissionGrant","","","","","","","","","",""
"C21-025","Функция","Control","/app/control","P2-expand","planned","","Receipt, DataControlItem, AuditEvent, ExportJob, DeletePreview, PrivacyZone, PermissionGrant","","","","","","","","","",""
"C21-026","Функция","Control","/app/control","P2-expand","planned","","Receipt, DataControlItem, AuditEvent, ExportJob, DeletePreview, PrivacyZone, PermissionGrant","","","","","","","","","",""
"C21-027","Функция","Control","/app/control","P2-expand","planned","","Receipt, DataControlItem, AuditEvent, ExportJob, DeletePreview, PrivacyZone, PermissionGrant","","","","","","","","","",""
"C21-028","Функция","Control","/app/control","P2-expand","planned","","Receipt, DataControlItem, AuditEvent, ExportJob, DeletePreview, PrivacyZone, PermissionGrant","","","","","","","","","",""
"C21-029","Функция","Control","/app/control","P2-expand","planned","","Receipt, DataControlItem, AuditEvent, ExportJob, DeletePreview, PrivacyZone, PermissionGrant","","","","","","","","","",""
"C21-030","Функция","Control","/app/control","P2-expand","planned","","Receipt, DataControlItem, AuditEvent, ExportJob, DeletePreview, PrivacyZone, PermissionGrant","","","","","","","","","",""
"C21-031","Функция","Control","/app/control","P2-expand","planned","","Receipt, DataControlItem, AuditEvent, ExportJob, DeletePreview, PrivacyZone, PermissionGrant","","","","","","","","","",""
"C21-032","Функция","Control","/app/control","P2-expand","planned","","Receipt, DataControlItem, AuditEvent, ExportJob, DeletePreview, PrivacyZone, PermissionGrant","","","","","","","","","",""
"C21-033","Функция","Control","/app/control","P2-expand","planned","","Receipt, DataControlItem, AuditEvent, ExportJob, DeletePreview, PrivacyZone, PermissionGrant","","","","","","","","","",""
"C21-034","Функция","Control","/app/control","P2-expand","planned","","Receipt, DataControlItem, AuditEvent, ExportJob, DeletePreview, PrivacyZone, PermissionGrant","","","","","","","","","",""
"C21-035","Функция","Control","/app/control","P2-expand","planned","","Receipt, DataControlItem, AuditEvent, ExportJob, DeletePreview, PrivacyZone, PermissionGrant","","","","","","","","","",""
"C21-036","Функция","Core / invisible OS spine","/app/system","P0-kernel","planned","","LifeObject, SourceRef, Receipt, AuditEvent, PolicyBoundary, GraphEdge","","","","","","","","","",""
"C21-037","Функция","Control","/app/control","P2-expand","planned","","Receipt, DataControlItem, AuditEvent, ExportJob, DeletePreview, PrivacyZone, PermissionGrant","","","","","","","","","",""
"C21-038","Функция","Providers","/app/providers","Blocked-provider","blocked-provider","","ProviderBoundary, ModelProfile, MediaTranscriptJob, ScreenSession, DeviceSyncState","","","","","","","","","",""
"C21-039","Функция","Control","/app/control","P2-expand","planned","","Receipt, DataControlItem, AuditEvent, ExportJob, DeletePreview, PrivacyZone, PermissionGrant","","","","","","","","","",""
"C21-040","Функция","Control","/app/control","P2-expand","planned","","Receipt, DataControlItem, AuditEvent, ExportJob, DeletePreview, PrivacyZone, PermissionGrant","","","","","","","","","",""
"C21-041","Функция","Control","/app/control","P2-expand","planned","","Receipt, DataControlItem, AuditEvent, ExportJob, DeletePreview, PrivacyZone, PermissionGrant","","","","","","","","","",""
"C21-042","Функция","Control","/app/control","P2-expand","planned","","Receipt, DataControlItem, AuditEvent, ExportJob, DeletePreview, PrivacyZone, PermissionGrant","","","","","","","","","",""
"C21-043","Функция","Control","/app/control","P2-expand","planned","","Receipt, DataControlItem, AuditEvent, ExportJob, DeletePreview, PrivacyZone, PermissionGrant","","","","","","","","","",""
"C21-044","Функция","Control","/app/control","P2-expand","planned","","Receipt, DataControlItem, AuditEvent, ExportJob, DeletePreview, PrivacyZone, PermissionGrant","","","","","","","","","",""
"C21-045","Функция","Control","/app/control","P2-expand","planned","","Receipt, DataControlItem, AuditEvent, ExportJob, DeletePreview, PrivacyZone, PermissionGrant","","","","","","","","","",""
"C21-046","Функция","Control","/app/control","P2-expand","planned","","Receipt, DataControlItem, AuditEvent, ExportJob, DeletePreview, PrivacyZone, PermissionGrant","","","","","","","","","",""
"C21-047","Функция","Control","/app/control","P2-expand","planned","","Receipt, DataControlItem, AuditEvent, ExportJob, DeletePreview, PrivacyZone, PermissionGrant","","","","","","","","","",""
"C21-048","Минус","Control","/app/control","Guard-only","planned-guard","","Receipt, DataControlItem, AuditEvent, ExportJob, DeletePreview, PrivacyZone, PermissionGrant","","","","","","","","","",""
"C21-049","Минус","Agents","/app/agents","Guard-only","planned-guard","","AgentManifest, ToolScope, WorkflowManifest, WorkflowRunPreview, ActionProposal","","","","","","","","","",""
"C21-050","Минус","Control","/app/control","Guard-only","planned-guard","","Receipt, DataControlItem, AuditEvent, ExportJob, DeletePreview, PrivacyZone, PermissionGrant","","","","","","","","","",""
"C21-051","Минус","Control","/app/control","Guard-only","planned-guard","","Receipt, DataControlItem, AuditEvent, ExportJob, DeletePreview, PrivacyZone, PermissionGrant","","","","","","","","","",""
"C21-052","Минус","Control","/app/control","Guard-only","planned-guard","","Receipt, DataControlItem, AuditEvent, ExportJob, DeletePreview, PrivacyZone, PermissionGrant","","","","","","","","","",""
"C21-053","Минус","Control","/app/control","Guard-only","planned-guard","","Receipt, DataControlItem, AuditEvent, ExportJob, DeletePreview, PrivacyZone, PermissionGrant","","","","","","","","","",""
"C21-054","Минус","Control","/app/control","Guard-only","planned-guard","","Receipt, DataControlItem, AuditEvent, ExportJob, DeletePreview, PrivacyZone, PermissionGrant","","","","","","","","","",""
"C21-055","Минус","Providers","/app/providers","Guard-only","planned-guard","","ProviderBoundary, ModelProfile, MediaTranscriptJob, ScreenSession, DeviceSyncState","","","","","","","","","",""
"C21-056","Функция","Control","/app/control","P2-expand","planned","","Receipt, DataControlItem, AuditEvent, ExportJob, DeletePreview, PrivacyZone, PermissionGrant","","","","","","","","","",""
"C21-057","Функция","Providers","/app/providers","Blocked-provider","blocked-provider","","ProviderBoundary, ModelProfile, MediaTranscriptJob, ScreenSession, DeviceSyncState","","","","","","","","","",""
"C21-058","Функция","Control","/app/control","P2-expand","planned","","Receipt, DataControlItem, AuditEvent, ExportJob, DeletePreview, PrivacyZone, PermissionGrant","","","","","","","","","",""
"C21-059","Функция","Control","/app/control","P2-expand","planned","","Receipt, DataControlItem, AuditEvent, ExportJob, DeletePreview, PrivacyZone, PermissionGrant","","","","","","","","","",""
"C21-060","Функция","Control","/app/control","P2-expand","planned","","Receipt, DataControlItem, AuditEvent, ExportJob, DeletePreview, PrivacyZone, PermissionGrant","","","","","","","","","",""
"C21-061","Функция","Agents","/app/agents","P1-corridor","planned","","AgentManifest, ToolScope, WorkflowManifest, WorkflowRunPreview, ActionProposal","","","","","","","","","",""
"C21-062","Функция","Packs","/app/packs","P3-domain","deferred-after-kernel","","PackManifest, CustomObjectType, Template, BuilderBlock, InstallImpact","","","","","","","","","",""
"C21-063","Качество","Control","/app/control","Guard-only","planned-guard","","Receipt, DataControlItem, AuditEvent, ExportJob, DeletePreview, PrivacyZone, PermissionGrant","","","","","","","","","",""
"C21-064","Функция","Control","/app/control","P2-expand","planned","","Receipt, DataControlItem, AuditEvent, ExportJob, DeletePreview, PrivacyZone, PermissionGrant","","","","","","","","","",""
"C21-065","Функция","Agents","/app/agents","P2-expand","planned","","AgentManifest, ToolScope, WorkflowManifest, WorkflowRunPreview, ActionProposal","","","","","","","","","",""
"C21-066","Функция","Control","/app/control","P2-expand","planned","","Receipt, DataControlItem, AuditEvent, ExportJob, DeletePreview, PrivacyZone, PermissionGrant","","","","","","","","","",""
"C21-067","Функция","Agents","/app/agents","P2-expand","planned","","AgentManifest, ToolScope, WorkflowManifest, WorkflowRunPreview, ActionProposal","","","","","","","","","",""
"C21-068","Функция","Control","/app/control","P2-expand","planned","","Receipt, DataControlItem, AuditEvent, ExportJob, DeletePreview, PrivacyZone, PermissionGrant","","","","","","","","","",""
"C21-069","Функция","Control","/app/control","P2-expand","planned","","Receipt, DataControlItem, AuditEvent, ExportJob, DeletePreview, PrivacyZone, PermissionGrant","","","","","","","","","",""
"C21-070","Функция","Control","/app/control","P2-expand","planned","","Receipt, DataControlItem, AuditEvent, ExportJob, DeletePreview, PrivacyZone, PermissionGrant","","","","","","","","","",""
"C21-071","Функция","Control","/app/control","P2-expand","planned","","Receipt, DataControlItem, AuditEvent, ExportJob, DeletePreview, PrivacyZone, PermissionGrant","","","","","","","","","",""
"C21-072","Функция","Packs","/app/packs","P3-domain","deferred-after-kernel","","PackManifest, CustomObjectType, Template, BuilderBlock, InstallImpact","","","","","","","","","",""
"C21-073","Качество","Control","/app/control","Guard-only","planned-guard","","Receipt, DataControlItem, AuditEvent, ExportJob, DeletePreview, PrivacyZone, PermissionGrant","","","","","","","","","",""
"C22-001","Качество","Providers","/app/providers","Guard-only","planned-guard","","ProviderBoundary, ModelProfile, MediaTranscriptJob, ScreenSession, DeviceSyncState","","","","","","","","","",""
"C22-002","Качество","Providers","/app/providers","Guard-only","planned-guard","","ProviderBoundary, ModelProfile, MediaTranscriptJob, ScreenSession, DeviceSyncState","","","","","","","","","",""
"C22-003","Функция","Core / invisible OS spine","/app/system","P0-kernel","planned","","LifeObject, SourceRef, Receipt, AuditEvent, PolicyBoundary, GraphEdge","","","","","","","","","",""
"C22-004","Функция","Domains","/app/domains","P3-domain","deferred-after-kernel","","HealthSignal, Routine, Relationship, HomeItem, MoneyEvent, Trip, Meal, DomainPack","","","","","","","","","",""
"C22-005","Функция","Domains","/app/domains","P3-domain","deferred-after-kernel","","HealthSignal, Routine, Relationship, HomeItem, MoneyEvent, Trip, Meal, DomainPack","","","","","","","","","",""
"C22-006","Качество","Providers","/app/providers","Guard-only","planned-guard","","ProviderBoundary, ModelProfile, MediaTranscriptJob, ScreenSession, DeviceSyncState","","","","","","","","","",""
"C22-007","Качество","Domains","/app/domains","Guard-only","planned-guard","","HealthSignal, Routine, Relationship, HomeItem, MoneyEvent, Trip, Meal, DomainPack","","","","","","","","","",""
"C22-008","Качество","Core / invisible OS spine","/app/system","Guard-only","planned-guard","","LifeObject, SourceRef, Receipt, AuditEvent, PolicyBoundary, GraphEdge","","","","","","","","","",""
"C22-009","Функция","Core / invisible OS spine","/app/system","P0-kernel","planned","","LifeObject, SourceRef, Receipt, AuditEvent, PolicyBoundary, GraphEdge","","","","","","","","","",""
"C22-010","Качество","Providers","/app/providers","Guard-only","planned-guard","","ProviderBoundary, ModelProfile, MediaTranscriptJob, ScreenSession, DeviceSyncState","","","","","","","","","",""
"C22-011","Качество","Plan","/app/plan","Guard-only","planned-guard","","Task, Project, CalendarBlock, PlannerBlock, FocusSession, WeekPlan","","","","","","","","","",""
"C22-012","Качество","Providers","/app/providers","Guard-only","planned-guard","","ProviderBoundary, ModelProfile, MediaTranscriptJob, ScreenSession, DeviceSyncState","","","","","","","","","",""
"C22-013","Качество","Providers","/app/providers","Guard-only","planned-guard","","ProviderBoundary, ModelProfile, MediaTranscriptJob, ScreenSession, DeviceSyncState","","","","","","","","","",""
"C22-014","Качество","Core / invisible OS spine","/app/system","Guard-only","planned-guard","","LifeObject, SourceRef, Receipt, AuditEvent, PolicyBoundary, GraphEdge","","","","","","","","","",""
"C22-015","Функция","Today","/app/today","P2-expand","planned","","TodayPage, DailyReview, JournalEntry, NextAction, RecoveryPlan","","","","","","","","","",""
"C22-016","Функция","Today","/app/today","P2-expand","planned","","TodayPage, DailyReview, JournalEntry, NextAction, RecoveryPlan","","","","","","","","","",""
"C22-017","Функция","Packs","/app/packs","P3-domain","deferred-after-kernel","","PackManifest, CustomObjectType, Template, BuilderBlock, InstallImpact","","","","","","","","","",""
"C22-018","Функция","Providers","/app/providers","Blocked-provider","blocked-provider","","ProviderBoundary, ModelProfile, MediaTranscriptJob, ScreenSession, DeviceSyncState","","","","","","","","","",""
"C22-019","Функция","Today","/app/today","P2-expand","planned","","TodayPage, DailyReview, JournalEntry, NextAction, RecoveryPlan","","","","","","","","","",""
"C22-020","Функция","Core / invisible OS spine","/app/system","P0-kernel","planned","","LifeObject, SourceRef, Receipt, AuditEvent, PolicyBoundary, GraphEdge","","","","","","","","","",""
"C22-021","Функция","Inbox","/app/inbox","P2-expand","planned","","Source, SourcePacket, Attachment, ImportJob, CaptureDraft","","","","","","","","","",""
"C22-022","Функция","Chat","/app/chat","P2-expand","planned","","ChatThread, ChatMessage, MeetingNote, Contact, ConversationContext","","","","","","","","","",""
"C22-023","Функция","Providers","/app/providers","Blocked-provider","blocked-provider","","ProviderBoundary, ModelProfile, MediaTranscriptJob, ScreenSession, DeviceSyncState","","","","","","","","","",""
"C22-024","Функция","Domains","/app/domains","P3-domain","deferred-after-kernel","","HealthSignal, Routine, Relationship, HomeItem, MoneyEvent, Trip, Meal, DomainPack","","","","","","","","","",""
"C22-025","Функция","Providers","/app/providers","Blocked-provider","blocked-provider","","ProviderBoundary, ModelProfile, MediaTranscriptJob, ScreenSession, DeviceSyncState","","","","","","","","","",""
"C22-026","Функция","Core / invisible OS spine","/app/system","P0-kernel","planned","","LifeObject, SourceRef, Receipt, AuditEvent, PolicyBoundary, GraphEdge","","","","","","","","","",""
"C22-027","Функция","Providers","/app/providers","Blocked-provider","blocked-provider","","ProviderBoundary, ModelProfile, MediaTranscriptJob, ScreenSession, DeviceSyncState","","","","","","","","","",""
"C22-028","Функция","Core / invisible OS spine","/app/system","P0-kernel","planned","","LifeObject, SourceRef, Receipt, AuditEvent, PolicyBoundary, GraphEdge","","","","","","","","","",""
"C22-029","Функция","Control","/app/control","P2-expand","planned","","Receipt, DataControlItem, AuditEvent, ExportJob, DeletePreview, PrivacyZone, PermissionGrant","","","","","","","","","",""
"C22-030","Функция","Domains","/app/domains","P3-domain","deferred-after-kernel","","HealthSignal, Routine, Relationship, HomeItem, MoneyEvent, Trip, Meal, DomainPack","","","","","","","","","",""
"C22-031","Функция","Providers","/app/providers","Blocked-provider","blocked-provider","","ProviderBoundary, ModelProfile, MediaTranscriptJob, ScreenSession, DeviceSyncState","","","","","","","","","",""
"C22-032","Функция","Providers","/app/providers","Blocked-provider","blocked-provider","","ProviderBoundary, ModelProfile, MediaTranscriptJob, ScreenSession, DeviceSyncState","","","","","","","","","",""
"C22-033","Функция","Providers","/app/providers","Blocked-provider","blocked-provider","","ProviderBoundary, ModelProfile, MediaTranscriptJob, ScreenSession, DeviceSyncState","","","","","","","","","",""
"C22-034","Функция","Control","/app/control","P2-expand","planned","","Receipt, DataControlItem, AuditEvent, ExportJob, DeletePreview, PrivacyZone, PermissionGrant","","","","","","","","","",""
"C22-035","Функция","Providers","/app/providers","Blocked-provider","blocked-provider","","ProviderBoundary, ModelProfile, MediaTranscriptJob, ScreenSession, DeviceSyncState","","","","","","","","","",""
"C22-036","Функция","Packs","/app/packs","P3-domain","deferred-after-kernel","","PackManifest, CustomObjectType, Template, BuilderBlock, InstallImpact","","","","","","","","","",""
"C22-037","Функция","Providers","/app/providers","Blocked-provider","blocked-provider","","ProviderBoundary, ModelProfile, MediaTranscriptJob, ScreenSession, DeviceSyncState","","","","","","","","","",""
"C22-038","Функция","Domains","/app/domains","P3-domain","deferred-after-kernel","","HealthSignal, Routine, Relationship, HomeItem, MoneyEvent, Trip, Meal, DomainPack","","","","","","","","","",""
"C22-039","Функция","Providers","/app/providers","Blocked-provider","blocked-provider","","ProviderBoundary, ModelProfile, MediaTranscriptJob, ScreenSession, DeviceSyncState","","","","","","","","","",""
"C22-040","Функция","Plan","/app/plan","P2-expand","planned","","Task, Project, CalendarBlock, PlannerBlock, FocusSession, WeekPlan","","","","","","","","","",""
"C22-041","Функция","Agents","/app/agents","P2-expand","planned","","AgentManifest, ToolScope, WorkflowManifest, WorkflowRunPreview, ActionProposal","","","","","","","","","",""
"C22-042","Качество","Domains","/app/domains","Guard-only","planned-guard","","HealthSignal, Routine, Relationship, HomeItem, MoneyEvent, Trip, Meal, DomainPack","","","","","","","","","",""
"C22-043","Минус","Today","/app/today","Guard-only","planned-guard","","TodayPage, DailyReview, JournalEntry, NextAction, RecoveryPlan","","","","","","","","","",""
"C22-044","Минус","Core / invisible OS spine","/app/system","Guard-only","planned-guard","","LifeObject, SourceRef, Receipt, AuditEvent, PolicyBoundary, GraphEdge","","","","","","","","","",""
"C22-045","Минус","Graph","/app/graph","Guard-only","planned-guard","","GraphNode, GraphEdge, Entity, EntityCandidate, RelationshipReason","","","","","","","","","",""
"C22-046","Минус","Core / invisible OS spine","/app/system","Guard-only","planned-guard","","LifeObject, SourceRef, Receipt, AuditEvent, PolicyBoundary, GraphEdge","","","","","","","","","",""
"C22-047","Минус","Core / invisible OS spine","/app/system","Guard-only","planned-guard","","LifeObject, SourceRef, Receipt, AuditEvent, PolicyBoundary, GraphEdge","","","","","","","","","",""
"C22-048","Минус","Graph","/app/graph","Guard-only","planned-guard","","GraphNode, GraphEdge, Entity, EntityCandidate, RelationshipReason","","","","","","","","","",""
"C22-049","Функция","Domains","/app/domains","P3-domain","deferred-after-kernel","","HealthSignal, Routine, Relationship, HomeItem, MoneyEvent, Trip, Meal, DomainPack","","","","","","","","","",""
"C22-050","Функция","Domains","/app/domains","P3-domain","deferred-after-kernel","","HealthSignal, Routine, Relationship, HomeItem, MoneyEvent, Trip, Meal, DomainPack","","","","","","","","","",""
"C22-051","Функция","Providers","/app/providers","Blocked-provider","blocked-provider","","ProviderBoundary, ModelProfile, MediaTranscriptJob, ScreenSession, DeviceSyncState","","","","","","","","","",""
"C22-052","Функция","Domains","/app/domains","P3-domain","deferred-after-kernel","","HealthSignal, Routine, Relationship, HomeItem, MoneyEvent, Trip, Meal, DomainPack","","","","","","","","","",""
"C22-053","Качество","Library","/app/library","Guard-only","planned-guard","","Note, DailyNote, JournalEntry, KnowledgeItem, Tag, Space, Backlink, WikiLink","","","","","","","","","",""
"C22-054","Качество","Providers","/app/providers","Guard-only","planned-guard","","ProviderBoundary, ModelProfile, MediaTranscriptJob, ScreenSession, DeviceSyncState","","","","","","","","","",""
"C22-055","Функция","Agents","/app/agents","P2-expand","planned","","AgentManifest, ToolScope, WorkflowManifest, WorkflowRunPreview, ActionProposal","","","","","","","","","",""
"C22-056","Функция","Agents","/app/agents","P2-expand","planned","","AgentManifest, ToolScope, WorkflowManifest, WorkflowRunPreview, ActionProposal","","","","","","","","","",""
"C22-057","Функция","Providers","/app/providers","Blocked-provider","blocked-provider","","ProviderBoundary, ModelProfile, MediaTranscriptJob, ScreenSession, DeviceSyncState","","","","","","","","","",""
"C22-058","Функция","Domains","/app/domains","P3-domain","deferred-after-kernel","","HealthSignal, Routine, Relationship, HomeItem, MoneyEvent, Trip, Meal, DomainPack","","","","","","","","","",""
"C22-059","Функция","Providers","/app/providers","Blocked-provider","blocked-provider","","ProviderBoundary, ModelProfile, MediaTranscriptJob, ScreenSession, DeviceSyncState","","","","","","","","","",""
"C22-060","Качество","Core / invisible OS spine","/app/system","Guard-only","planned-guard","","LifeObject, SourceRef, Receipt, AuditEvent, PolicyBoundary, GraphEdge","","","","","","","","","",""
"C22-061","Качество","Core / invisible OS spine","/app/system","Guard-only","planned-guard","","LifeObject, SourceRef, Receipt, AuditEvent, PolicyBoundary, GraphEdge","","","","","","","","","",""
"C23-001","Функция","Inbox","/app/inbox","P2-expand","planned","","Source, SourcePacket, Attachment, ImportJob, CaptureDraft","","","","","","","","","",""
"C23-002","Функция","Inbox","/app/inbox","P2-expand","planned","","Source, SourcePacket, Attachment, ImportJob, CaptureDraft","","","","","","","","","",""
"C23-003","Функция","Domains","/app/domains","P3-domain","deferred-after-kernel","","HealthSignal, Routine, Relationship, HomeItem, MoneyEvent, Trip, Meal, DomainPack","","","","","","","","","",""
"C23-004","Функция","Core / invisible OS spine","/app/system","P0-kernel","planned","","LifeObject, SourceRef, Receipt, AuditEvent, PolicyBoundary, GraphEdge","","","","","","","","","",""
"C23-005","Функция","Core / invisible OS spine","/app/system","P0-kernel","planned","","LifeObject, SourceRef, Receipt, AuditEvent, PolicyBoundary, GraphEdge","","","","","","","","","",""
"C23-006","Качество","Domains","/app/domains","Guard-only","planned-guard","","HealthSignal, Routine, Relationship, HomeItem, MoneyEvent, Trip, Meal, DomainPack","","","","","","","","","",""
"C23-007","Функция","Core / invisible OS spine","/app/system","P0-kernel","planned","","LifeObject, SourceRef, Receipt, AuditEvent, PolicyBoundary, GraphEdge","","","","","","","","","",""
"C23-008","Функция","Today","/app/today","P2-expand","planned","","TodayPage, DailyReview, JournalEntry, NextAction, RecoveryPlan","","","","","","","","","",""
"C23-009","Функция","Providers","/app/providers","Blocked-provider","blocked-provider","","ProviderBoundary, ModelProfile, MediaTranscriptJob, ScreenSession, DeviceSyncState","","","","","","","","","",""
"C23-010","Функция","Core / invisible OS spine","/app/system","P0-kernel","planned","","LifeObject, SourceRef, Receipt, AuditEvent, PolicyBoundary, GraphEdge","","","","","","","","","",""
"C23-011","Функция","Today","/app/today","P2-expand","planned","","TodayPage, DailyReview, JournalEntry, NextAction, RecoveryPlan","","","","","","","","","",""
"C23-012","Функция","Providers","/app/providers","Blocked-provider","blocked-provider","","ProviderBoundary, ModelProfile, MediaTranscriptJob, ScreenSession, DeviceSyncState","","","","","","","","","",""
"C23-013","Функция","Plan","/app/plan","P2-expand","planned","","Task, Project, CalendarBlock, PlannerBlock, FocusSession, WeekPlan","","","","","","","","","",""
"C23-014","Функция","Inbox","/app/inbox","P2-expand","planned","","Source, SourcePacket, Attachment, ImportJob, CaptureDraft","","","","","","","","","",""
"C23-015","Функция","Domains","/app/domains","P3-domain","deferred-after-kernel","","HealthSignal, Routine, Relationship, HomeItem, MoneyEvent, Trip, Meal, DomainPack","","","","","","","","","",""
"C23-016","Функция","Inbox","/app/inbox","P2-expand","planned","","Source, SourcePacket, Attachment, ImportJob, CaptureDraft","","","","","","","","","",""
"C23-017","Функция","Providers","/app/providers","Blocked-provider","blocked-provider","","ProviderBoundary, ModelProfile, MediaTranscriptJob, ScreenSession, DeviceSyncState","","","","","","","","","",""
"C23-018","Функция","Core / invisible OS spine","/app/system","P0-kernel","planned","","LifeObject, SourceRef, Receipt, AuditEvent, PolicyBoundary, GraphEdge","","","","","","","","","",""
"C23-019","Функция","Domains","/app/domains","P3-domain","deferred-after-kernel","","HealthSignal, Routine, Relationship, HomeItem, MoneyEvent, Trip, Meal, DomainPack","","","","","","","","","",""
"C23-020","Функция","Domains","/app/domains","P3-domain","deferred-after-kernel","","HealthSignal, Routine, Relationship, HomeItem, MoneyEvent, Trip, Meal, DomainPack","","","","","","","","","",""
"C23-021","Качество","Providers","/app/providers","Guard-only","planned-guard","","ProviderBoundary, ModelProfile, MediaTranscriptJob, ScreenSession, DeviceSyncState","","","","","","","","","",""
"C23-022","Качество","Core / invisible OS spine","/app/system","Guard-only","planned-guard","","LifeObject, SourceRef, Receipt, AuditEvent, PolicyBoundary, GraphEdge","","","","","","","","","",""
"C23-023","Качество","Core / invisible OS spine","/app/system","Guard-only","planned-guard","","LifeObject, SourceRef, Receipt, AuditEvent, PolicyBoundary, GraphEdge","","","","","","","","","",""
"C23-024","Минус","Core / invisible OS spine","/app/system","Guard-only","planned-guard","","LifeObject, SourceRef, Receipt, AuditEvent, PolicyBoundary, GraphEdge","","","","","","","","","",""
"C23-025","Минус","Core / invisible OS spine","/app/system","Guard-only","planned-guard","","LifeObject, SourceRef, Receipt, AuditEvent, PolicyBoundary, GraphEdge","","","","","","","","","",""
"C23-026","Минус","Providers","/app/providers","Guard-only","planned-guard","","ProviderBoundary, ModelProfile, MediaTranscriptJob, ScreenSession, DeviceSyncState","","","","","","","","","",""
"C23-027","Функция","Domains","/app/domains","P3-domain","deferred-after-kernel","","HealthSignal, Routine, Relationship, HomeItem, MoneyEvent, Trip, Meal, DomainPack","","","","","","","","","",""
"C23-028","Функция","Core / invisible OS spine","/app/system","P0-kernel","planned","","LifeObject, SourceRef, Receipt, AuditEvent, PolicyBoundary, GraphEdge","","","","","","","","","",""
"C23-029","Качество","Core / invisible OS spine","/app/system","Guard-only","planned-guard","","LifeObject, SourceRef, Receipt, AuditEvent, PolicyBoundary, GraphEdge","","","","","","","","","",""
"C24-001","Качество","Providers","/app/providers","Guard-only","planned-guard","","ProviderBoundary, ModelProfile, MediaTranscriptJob, ScreenSession, DeviceSyncState","","","","","","","","","",""
"C24-002","Качество","Agents","/app/agents","Guard-only","planned-guard","","AgentManifest, ToolScope, WorkflowManifest, WorkflowRunPreview, ActionProposal","","","","","","","","","",""
"C24-003","Качество","Providers","/app/providers","Guard-only","planned-guard","","ProviderBoundary, ModelProfile, MediaTranscriptJob, ScreenSession, DeviceSyncState","","","","","","","","","",""
"C24-004","Функция","Providers","/app/providers","Blocked-provider","blocked-provider","","ProviderBoundary, ModelProfile, MediaTranscriptJob, ScreenSession, DeviceSyncState","","","","","","","","","",""
"C24-005","Функция","Providers","/app/providers","Blocked-provider","blocked-provider","","ProviderBoundary, ModelProfile, MediaTranscriptJob, ScreenSession, DeviceSyncState","","","","","","","","","",""
"C24-006","Функция","Providers","/app/providers","Blocked-provider","blocked-provider","","ProviderBoundary, ModelProfile, MediaTranscriptJob, ScreenSession, DeviceSyncState","","","","","","","","","",""
"C24-007","Функция","Providers","/app/providers","Blocked-provider","blocked-provider","","ProviderBoundary, ModelProfile, MediaTranscriptJob, ScreenSession, DeviceSyncState","","","","","","","","","",""
"C24-008","Функция","Providers","/app/providers","Blocked-provider","blocked-provider","","ProviderBoundary, ModelProfile, MediaTranscriptJob, ScreenSession, DeviceSyncState","","","","","","","","","",""
"C24-009","Функция","Providers","/app/providers","Blocked-provider","blocked-provider","","ProviderBoundary, ModelProfile, MediaTranscriptJob, ScreenSession, DeviceSyncState","","","","","","","","","",""
"C24-010","Функция","Providers","/app/providers","Blocked-provider","blocked-provider","","ProviderBoundary, ModelProfile, MediaTranscriptJob, ScreenSession, DeviceSyncState","","","","","","","","","",""
"C24-011","Функция","Providers","/app/providers","Blocked-provider","blocked-provider","","ProviderBoundary, ModelProfile, MediaTranscriptJob, ScreenSession, DeviceSyncState","","","","","","","","","",""
"C24-012","Функция","Providers","/app/providers","Blocked-provider","blocked-provider","","ProviderBoundary, ModelProfile, MediaTranscriptJob, ScreenSession, DeviceSyncState","","","","","","","","","",""
"C24-013","Функция","Inbox","/app/inbox","P2-expand","planned","","Source, SourcePacket, Attachment, ImportJob, CaptureDraft","","","","","","","","","",""
"C24-014","Функция","Providers","/app/providers","Blocked-provider","blocked-provider","","ProviderBoundary, ModelProfile, MediaTranscriptJob, ScreenSession, DeviceSyncState","","","","","","","","","",""
"C24-015","Функция","Providers","/app/providers","Blocked-provider","blocked-provider","","ProviderBoundary, ModelProfile, MediaTranscriptJob, ScreenSession, DeviceSyncState","","","","","","","","","",""
"C24-016","Функция","Inbox","/app/inbox","P2-expand","planned","","Source, SourcePacket, Attachment, ImportJob, CaptureDraft","","","","","","","","","",""
"C24-017","Функция","Providers","/app/providers","Blocked-provider","blocked-provider","","ProviderBoundary, ModelProfile, MediaTranscriptJob, ScreenSession, DeviceSyncState","","","","","","","","","",""
"C24-018","Качество","Providers","/app/providers","Guard-only","planned-guard","","ProviderBoundary, ModelProfile, MediaTranscriptJob, ScreenSession, DeviceSyncState","","","","","","","","","",""
"C24-019","Функция","Providers","/app/providers","Blocked-provider","blocked-provider","","ProviderBoundary, ModelProfile, MediaTranscriptJob, ScreenSession, DeviceSyncState","","","","","","","","","",""
"C24-020","Функция","Providers","/app/providers","Blocked-provider","blocked-provider","","ProviderBoundary, ModelProfile, MediaTranscriptJob, ScreenSession, DeviceSyncState","","","","","","","","","",""
"C24-021","Функция","Providers","/app/providers","Blocked-provider","blocked-provider","","ProviderBoundary, ModelProfile, MediaTranscriptJob, ScreenSession, DeviceSyncState","","","","","","","","","",""
"C24-022","Функция","Providers","/app/providers","Blocked-provider","blocked-provider","","ProviderBoundary, ModelProfile, MediaTranscriptJob, ScreenSession, DeviceSyncState","","","","","","","","","",""
"C24-023","Функция","Providers","/app/providers","Blocked-provider","blocked-provider","","ProviderBoundary, ModelProfile, MediaTranscriptJob, ScreenSession, DeviceSyncState","","","","","","","","","",""
"C24-024","Функция","Providers","/app/providers","Blocked-provider","blocked-provider","","ProviderBoundary, ModelProfile, MediaTranscriptJob, ScreenSession, DeviceSyncState","","","","","","","","","",""
"C24-025","Функция","Providers","/app/providers","Blocked-provider","blocked-provider","","ProviderBoundary, ModelProfile, MediaTranscriptJob, ScreenSession, DeviceSyncState","","","","","","","","","",""
"C24-026","Функция","Providers","/app/providers","Blocked-provider","blocked-provider","","ProviderBoundary, ModelProfile, MediaTranscriptJob, ScreenSession, DeviceSyncState","","","","","","","","","",""
"C24-027","Качество","Providers","/app/providers","Guard-only","planned-guard","","ProviderBoundary, ModelProfile, MediaTranscriptJob, ScreenSession, DeviceSyncState","","","","","","","","","",""
"C24-028","Качество","Control","/app/control","Guard-only","planned-guard","","Receipt, DataControlItem, AuditEvent, ExportJob, DeletePreview, PrivacyZone, PermissionGrant","","","","","","","","","",""
"C24-029","Функция","Inbox","/app/inbox","P2-expand","planned","","Source, SourcePacket, Attachment, ImportJob, CaptureDraft","","","","","","","","","",""
"C24-030","Функция","Inbox","/app/inbox","P2-expand","planned","","Source, SourcePacket, Attachment, ImportJob, CaptureDraft","","","","","","","","","",""
"C24-031","Функция","Agents","/app/agents","P2-expand","planned","","AgentManifest, ToolScope, WorkflowManifest, WorkflowRunPreview, ActionProposal","","","","","","","","","",""
"C24-032","Функция","Providers","/app/providers","Blocked-provider","blocked-provider","","ProviderBoundary, ModelProfile, MediaTranscriptJob, ScreenSession, DeviceSyncState","","","","","","","","","",""
"C24-033","Функция","Providers","/app/providers","Blocked-provider","blocked-provider","","ProviderBoundary, ModelProfile, MediaTranscriptJob, ScreenSession, DeviceSyncState","","","","","","","","","",""
"C24-034","Функция","Providers","/app/providers","Blocked-provider","blocked-provider","","ProviderBoundary, ModelProfile, MediaTranscriptJob, ScreenSession, DeviceSyncState","","","","","","","","","",""
"C24-035","Функция","Providers","/app/providers","Blocked-provider","blocked-provider","","ProviderBoundary, ModelProfile, MediaTranscriptJob, ScreenSession, DeviceSyncState","","","","","","","","","",""
"C24-036","Функция","Providers","/app/providers","Blocked-provider","blocked-provider","","ProviderBoundary, ModelProfile, MediaTranscriptJob, ScreenSession, DeviceSyncState","","","","","","","","","",""
"C24-037","Минус","Providers","/app/providers","Guard-only","planned-guard","","ProviderBoundary, ModelProfile, MediaTranscriptJob, ScreenSession, DeviceSyncState","","","","","","","","","",""
"C24-038","Минус","Providers","/app/providers","Guard-only","planned-guard","","ProviderBoundary, ModelProfile, MediaTranscriptJob, ScreenSession, DeviceSyncState","","","","","","","","","",""
"C24-039","Минус","Providers","/app/providers","Guard-only","planned-guard","","ProviderBoundary, ModelProfile, MediaTranscriptJob, ScreenSession, DeviceSyncState","","","","","","","","","",""
"C24-040","Минус","Providers","/app/providers","Guard-only","planned-guard","","ProviderBoundary, ModelProfile, MediaTranscriptJob, ScreenSession, DeviceSyncState","","","","","","","","","",""
"C24-041","Функция","Providers","/app/providers","Blocked-provider","blocked-provider","","ProviderBoundary, ModelProfile, MediaTranscriptJob, ScreenSession, DeviceSyncState","","","","","","","","","",""
"C24-042","Функция","Providers","/app/providers","Blocked-provider","blocked-provider","","ProviderBoundary, ModelProfile, MediaTranscriptJob, ScreenSession, DeviceSyncState","","","","","","","","","",""
"C24-043","Функция","Domains","/app/domains","P3-domain","deferred-after-kernel","","HealthSignal, Routine, Relationship, HomeItem, MoneyEvent, Trip, Meal, DomainPack","","","","","","","","","",""
"C24-044","Функция","Providers","/app/providers","Blocked-provider","blocked-provider","","ProviderBoundary, ModelProfile, MediaTranscriptJob, ScreenSession, DeviceSyncState","","","","","","","","","",""
"C24-045","Функция","Providers","/app/providers","Blocked-provider","blocked-provider","","ProviderBoundary, ModelProfile, MediaTranscriptJob, ScreenSession, DeviceSyncState","","","","","","","","","",""
"C24-046","Функция","Providers","/app/providers","Blocked-provider","blocked-provider","","ProviderBoundary, ModelProfile, MediaTranscriptJob, ScreenSession, DeviceSyncState","","","","","","","","","",""
"C24-047","Функция","Providers","/app/providers","Blocked-provider","blocked-provider","","ProviderBoundary, ModelProfile, MediaTranscriptJob, ScreenSession, DeviceSyncState","","","","","","","","","",""
"C24-048","Функция","Providers","/app/providers","Blocked-provider","blocked-provider","","ProviderBoundary, ModelProfile, MediaTranscriptJob, ScreenSession, DeviceSyncState","","","","","","","","","",""
"C24-049","Качество","Providers","/app/providers","Guard-only","planned-guard","","ProviderBoundary, ModelProfile, MediaTranscriptJob, ScreenSession, DeviceSyncState","","","","","","","","","",""
"C24-050","Функция","Providers","/app/providers","Blocked-provider","blocked-provider","","ProviderBoundary, ModelProfile, MediaTranscriptJob, ScreenSession, DeviceSyncState","","","","","","","","","",""
"C24-051","Качество","Providers","/app/providers","Guard-only","planned-guard","","ProviderBoundary, ModelProfile, MediaTranscriptJob, ScreenSession, DeviceSyncState","","","","","","","","","",""
"C24-052","Функция","Providers","/app/providers","Blocked-provider","blocked-provider","","ProviderBoundary, ModelProfile, MediaTranscriptJob, ScreenSession, DeviceSyncState","","","","","","","","","",""
"C24-053","Функция","Providers","/app/providers","Blocked-provider","blocked-provider","","ProviderBoundary, ModelProfile, MediaTranscriptJob, ScreenSession, DeviceSyncState","","","","","","","","","",""
"C24-054","Функция","Providers","/app/providers","Blocked-provider","blocked-provider","","ProviderBoundary, ModelProfile, MediaTranscriptJob, ScreenSession, DeviceSyncState","","","","","","","","","",""
"C24-055","Функция","Providers","/app/providers","Blocked-provider","blocked-provider","","ProviderBoundary, ModelProfile, MediaTranscriptJob, ScreenSession, DeviceSyncState","","","","","","","","","",""
"C24-056","Функция","Providers","/app/providers","Blocked-provider","blocked-provider","","ProviderBoundary, ModelProfile, MediaTranscriptJob, ScreenSession, DeviceSyncState","","","","","","","","","",""
"C24-057","Функция","Providers","/app/providers","Blocked-provider","blocked-provider","","ProviderBoundary, ModelProfile, MediaTranscriptJob, ScreenSession, DeviceSyncState","","","","","","","","","",""
"C24-058","Функция","Providers","/app/providers","Blocked-provider","blocked-provider","","ProviderBoundary, ModelProfile, MediaTranscriptJob, ScreenSession, DeviceSyncState","","","","","","","","","",""
"C24-059","Функция","Providers","/app/providers","Blocked-provider","blocked-provider","","ProviderBoundary, ModelProfile, MediaTranscriptJob, ScreenSession, DeviceSyncState","","","","","","","","","",""
"C24-060","Качество","Providers","/app/providers","Guard-only","planned-guard","","ProviderBoundary, ModelProfile, MediaTranscriptJob, ScreenSession, DeviceSyncState","","","","","","","","","",""
"C25-001","Качество","Plan","/app/plan","Guard-only","planned-guard","","Task, Project, CalendarBlock, PlannerBlock, FocusSession, WeekPlan","","","","","","","","","",""
"C25-002","Функция","Core / invisible OS spine","/app/system","P0-kernel","planned","","LifeObject, SourceRef, Receipt, AuditEvent, PolicyBoundary, GraphEdge","","","","","","","","","",""
"C25-003","Качество","Core / invisible OS spine","/app/system","Guard-only","planned-guard","","LifeObject, SourceRef, Receipt, AuditEvent, PolicyBoundary, GraphEdge","","","","","","","","","",""
"C25-004","Качество","Control","/app/control","Guard-only","planned-guard","","Receipt, DataControlItem, AuditEvent, ExportJob, DeletePreview, PrivacyZone, PermissionGrant","","","","","","","","","",""
"C25-005","Качество","Providers","/app/providers","Guard-only","planned-guard","","ProviderBoundary, ModelProfile, MediaTranscriptJob, ScreenSession, DeviceSyncState","","","","","","","","","",""
"C25-006","Качество","Core / invisible OS spine","/app/system","Guard-only","planned-guard","","LifeObject, SourceRef, Receipt, AuditEvent, PolicyBoundary, GraphEdge","","","","","","","","","",""
"C25-007","Качество","Providers","/app/providers","Guard-only","planned-guard","","ProviderBoundary, ModelProfile, MediaTranscriptJob, ScreenSession, DeviceSyncState","","","","","","","","","",""
"C25-008","Качество","Domains","/app/domains","Guard-only","planned-guard","","HealthSignal, Routine, Relationship, HomeItem, MoneyEvent, Trip, Meal, DomainPack","","","","","","","","","",""
"C25-009","Функция","Graph","/app/graph","P2-expand","planned","","GraphNode, GraphEdge, Entity, EntityCandidate, RelationshipReason","","","","","","","","","",""
"C25-010","Функция","Chat","/app/chat","P2-expand","planned","","ChatThread, ChatMessage, MeetingNote, Contact, ConversationContext","","","","","","","","","",""
"C25-011","Функция","Today","/app/today","P2-expand","planned","","TodayPage, DailyReview, JournalEntry, NextAction, RecoveryPlan","","","","","","","","","",""
"C25-012","Функция","Today","/app/today","P2-expand","planned","","TodayPage, DailyReview, JournalEntry, NextAction, RecoveryPlan","","","","","","","","","",""
"C25-013","Функция","Domains","/app/domains","P3-domain","deferred-after-kernel","","HealthSignal, Routine, Relationship, HomeItem, MoneyEvent, Trip, Meal, DomainPack","","","","","","","","","",""
"C25-014","Качество","Domains","/app/domains","Guard-only","planned-guard","","HealthSignal, Routine, Relationship, HomeItem, MoneyEvent, Trip, Meal, DomainPack","","","","","","","","","",""
"C25-015","Качество","Core / invisible OS spine","/app/system","Guard-only","planned-guard","","LifeObject, SourceRef, Receipt, AuditEvent, PolicyBoundary, GraphEdge","","","","","","","","","",""
"C25-016","Качество","Inbox","/app/inbox","Guard-only","planned-guard","","Source, SourcePacket, Attachment, ImportJob, CaptureDraft","","","","","","","","","",""
"C25-017","Функция","Packs","/app/packs","P3-domain","deferred-after-kernel","","PackManifest, CustomObjectType, Template, BuilderBlock, InstallImpact","","","","","","","","","",""
"C25-018","Качество","Providers","/app/providers","Guard-only","planned-guard","","ProviderBoundary, ModelProfile, MediaTranscriptJob, ScreenSession, DeviceSyncState","","","","","","","","","",""
"C25-019","Качество","Providers","/app/providers","Guard-only","planned-guard","","ProviderBoundary, ModelProfile, MediaTranscriptJob, ScreenSession, DeviceSyncState","","","","","","","","","",""
"C25-020","Качество","Domains","/app/domains","Guard-only","planned-guard","","HealthSignal, Routine, Relationship, HomeItem, MoneyEvent, Trip, Meal, DomainPack","","","","","","","","","",""
"C25-021","Качество","Core / invisible OS spine","/app/system","Guard-only","planned-guard","","LifeObject, SourceRef, Receipt, AuditEvent, PolicyBoundary, GraphEdge","","","","","","","","","",""
"C25-022","Функция","Packs","/app/packs","P3-domain","deferred-after-kernel","","PackManifest, CustomObjectType, Template, BuilderBlock, InstallImpact","","","","","","","","","",""
"C25-023","Функция","Packs","/app/packs","P3-domain","deferred-after-kernel","","PackManifest, CustomObjectType, Template, BuilderBlock, InstallImpact","","","","","","","","","",""
"C25-024","Минус","Domains","/app/domains","Guard-only","planned-guard","","HealthSignal, Routine, Relationship, HomeItem, MoneyEvent, Trip, Meal, DomainPack","","","","","","","","","",""
"C25-025","Минус","Domains","/app/domains","Guard-only","planned-guard","","HealthSignal, Routine, Relationship, HomeItem, MoneyEvent, Trip, Meal, DomainPack","","","","","","","","","",""
"C25-026","Минус","Providers","/app/providers","Guard-only","planned-guard","","ProviderBoundary, ModelProfile, MediaTranscriptJob, ScreenSession, DeviceSyncState","","","","","","","","","",""
"C25-027","Минус","Control","/app/control","Guard-only","planned-guard","","Receipt, DataControlItem, AuditEvent, ExportJob, DeletePreview, PrivacyZone, PermissionGrant","","","","","","","","","",""
"C25-028","Минус","Core / invisible OS spine","/app/system","Guard-only","planned-guard","","LifeObject, SourceRef, Receipt, AuditEvent, PolicyBoundary, GraphEdge","","","","","","","","","",""
"C25-029","Минус","Core / invisible OS spine","/app/system","Guard-only","planned-guard","","LifeObject, SourceRef, Receipt, AuditEvent, PolicyBoundary, GraphEdge","","","","","","","","","",""
"C25-030","Минус","Graph","/app/graph","Guard-only","planned-guard","","GraphNode, GraphEdge, Entity, EntityCandidate, RelationshipReason","","","","","","","","","",""
"C25-031","Минус","Core / invisible OS spine","/app/system","Guard-only","planned-guard","","LifeObject, SourceRef, Receipt, AuditEvent, PolicyBoundary, GraphEdge","","","","","","","","","",""
"C25-032","Минус","Packs","/app/packs","Guard-only","planned-guard","","PackManifest, CustomObjectType, Template, BuilderBlock, InstallImpact","","","","","","","","","",""
"C25-033","Минус","Control","/app/control","Guard-only","planned-guard","","Receipt, DataControlItem, AuditEvent, ExportJob, DeletePreview, PrivacyZone, PermissionGrant","","","","","","","","","",""
"C25-034","Минус","Providers","/app/providers","Guard-only","planned-guard","","ProviderBoundary, ModelProfile, MediaTranscriptJob, ScreenSession, DeviceSyncState","","","","","","","","","",""
"C25-035","Минус","Providers","/app/providers","Guard-only","planned-guard","","ProviderBoundary, ModelProfile, MediaTranscriptJob, ScreenSession, DeviceSyncState","","","","","","","","","",""
"C25-036","Минус","Core / invisible OS spine","/app/system","Guard-only","planned-guard","","LifeObject, SourceRef, Receipt, AuditEvent, PolicyBoundary, GraphEdge","","","","","","","","","",""
"C25-037","Минус","Providers","/app/providers","Guard-only","planned-guard","","ProviderBoundary, ModelProfile, MediaTranscriptJob, ScreenSession, DeviceSyncState","","","","","","","","","",""
"C25-038","Качество","Inbox","/app/inbox","Guard-only","planned-guard","","Source, SourcePacket, Attachment, ImportJob, CaptureDraft","","","","","","","","","",""
"C25-039","Качество","Control","/app/control","Guard-only","planned-guard","","Receipt, DataControlItem, AuditEvent, ExportJob, DeletePreview, PrivacyZone, PermissionGrant","","","","","","","","","",""
"C25-040","Качество","Packs","/app/packs","Guard-only","planned-guard","","PackManifest, CustomObjectType, Template, BuilderBlock, InstallImpact","","","","","","","","","",""
"C25-041","Качество","Packs","/app/packs","Guard-only","planned-guard","","PackManifest, CustomObjectType, Template, BuilderBlock, InstallImpact","","","","","","","","","",""
"C25-042","Функция","Providers","/app/providers","Blocked-provider","blocked-provider","","ProviderBoundary, ModelProfile, MediaTranscriptJob, ScreenSession, DeviceSyncState","","","","","","","","","",""
"C25-043","Функция","Packs","/app/packs","P3-domain","deferred-after-kernel","","PackManifest, CustomObjectType, Template, BuilderBlock, InstallImpact","","","","","","","","","",""
"C25-044","Функция","Packs","/app/packs","P3-domain","deferred-after-kernel","","PackManifest, CustomObjectType, Template, BuilderBlock, InstallImpact","","","","","","","","","",""
"C25-045","Качество","Control","/app/control","Guard-only","planned-guard","","Receipt, DataControlItem, AuditEvent, ExportJob, DeletePreview, PrivacyZone, PermissionGrant","","","","","","","","","",""
"C25-046","Функция","Packs","/app/packs","P3-domain","deferred-after-kernel","","PackManifest, CustomObjectType, Template, BuilderBlock, InstallImpact","","","","","","","","","",""
"C25-047","Функция","Packs","/app/packs","P3-domain","deferred-after-kernel","","PackManifest, CustomObjectType, Template, BuilderBlock, InstallImpact","","","","","","","","","",""
"C25-048","Функция","Packs","/app/packs","P3-domain","deferred-after-kernel","","PackManifest, CustomObjectType, Template, BuilderBlock, InstallImpact","","","","","","","","","",""
"C25-049","Функция","Packs","/app/packs","P3-domain","deferred-after-kernel","","PackManifest, CustomObjectType, Template, BuilderBlock, InstallImpact","","","","","","","","","",""
"C25-050","Качество","Control","/app/control","Guard-only","planned-guard","","Receipt, DataControlItem, AuditEvent, ExportJob, DeletePreview, PrivacyZone, PermissionGrant","","","","","","","","","",""
"C25-051","Функция","Graph","/app/graph","P2-expand","planned","","GraphNode, GraphEdge, Entity, EntityCandidate, RelationshipReason","","","","","","","","","",""
"C25-052","Качество","Core / invisible OS spine","/app/system","Guard-only","planned-guard","","LifeObject, SourceRef, Receipt, AuditEvent, PolicyBoundary, GraphEdge","","","","","","","","","",""
"C25-053","Качество","Providers","/app/providers","Guard-only","planned-guard","","ProviderBoundary, ModelProfile, MediaTranscriptJob, ScreenSession, DeviceSyncState","","","","","","","","","",""
"C25-054","Функция","Core / invisible OS spine","/app/system","P0-kernel","planned","","LifeObject, SourceRef, Receipt, AuditEvent, PolicyBoundary, GraphEdge","","","","","","","","","",""
"C25-055","Качество","Domains","/app/domains","Guard-only","planned-guard","","HealthSignal, Routine, Relationship, HomeItem, MoneyEvent, Trip, Meal, DomainPack","","","","","","","","","",""
"C25-056","Качество","Inbox","/app/inbox","Guard-only","planned-guard","","Source, SourcePacket, Attachment, ImportJob, CaptureDraft","","","","","","","","","",""
"C25-057","Качество","Providers","/app/providers","Guard-only","planned-guard","","ProviderBoundary, ModelProfile, MediaTranscriptJob, ScreenSession, DeviceSyncState","","","","","","","","","",""
"C25-058","Качество","Providers","/app/providers","Guard-only","planned-guard","","ProviderBoundary, ModelProfile, MediaTranscriptJob, ScreenSession, DeviceSyncState","","","","","","","","","",""
"C25-059","Функция","Agents","/app/agents","P2-expand","planned","","AgentManifest, ToolScope, WorkflowManifest, WorkflowRunPreview, ActionProposal","","","","","","","","","",""
"C25-060","Функция","Packs","/app/packs","P3-domain","deferred-after-kernel","","PackManifest, CustomObjectType, Template, BuilderBlock, InstallImpact","","","","","","","","","",""
"C25-061","Функция","Packs","/app/packs","P3-domain","deferred-after-kernel","","PackManifest, CustomObjectType, Template, BuilderBlock, InstallImpact","","","","","","","","","",""
"C25-062","Функция","Providers","/app/providers","Blocked-provider","blocked-provider","","ProviderBoundary, ModelProfile, MediaTranscriptJob, ScreenSession, DeviceSyncState","","","","","","","","","",""
"C25-063","Качество","Packs","/app/packs","Guard-only","planned-guard","","PackManifest, CustomObjectType, Template, BuilderBlock, InstallImpact","","","","","","","","","",""
"C25-064","Other/parse anomaly","Domains","/app/domains","P3-domain","deferred-after-kernel","","HealthSignal, Routine, Relationship, HomeItem, MoneyEvent, Trip, Meal, DomainPack","","","","","","","","","",""
