ID,Type,C section,Canonical section title,UX/build bucket,Workspace,Primary route,Build phase,Core objects,Implementation stance,Acceptance hint,Title,Essence excerpt,Canon line,Source path
C01-001,Функция,C01,ЯДРО ТРАЕКТОРИИ И АРТЕФАКТОВ,Kernel / OS Spine,Core / invisible OS spine,/app/system,PLAN_TBD_BY_ARTIFACT_AUDIT,"LifeObject, SourceRef, Receipt, AuditEvent, PolicyBoundary, GraphEdge",implement as product capability,Все сущности имеют общий id/state/source/receipt/graph refs; ни одна секция не хранит отдельные fake arrays.,Замкнутый контур управления,"продукт ведёт человека не к красивому ответу, а к следующему проверяемому шагу и обратной сверке результата; при этом контур может работать и в режиме явной цели, и в режиме спокойного улучшения жизни без большой цели.",4248,docs/source_of_truth/LifeOS_canon_v33.md
C01-002,Качество,C01,ЯДРО ТРАЕКТОРИИ И АРТЕФАКТОВ,Providers / Local AI / Media / Screen,Providers,/app/providers,PLAN_TBD_BY_ARTIFACT_AUDIT,"ProviderBoundary, ModelProfile, MediaTranscriptJob, ScreenSession, DeviceSyncState",build as acceptance criterion,"Никаких fake cloud/model/screen/VPN success; только readiness, preview, explicit setup/approval.","Система траектории жизни, а не приложение одной категории","LifeOS должен держать путь жизни целиком, а не побеждать только в одной узкой категории.",4254,docs/source_of_truth/LifeOS_canon_v33.md
C01-003,Функция,C01,ЯДРО ТРАЕКТОРИИ И АРТЕФАКТОВ,Capture / Inbox,Inbox,/app/inbox,PLAN_TBD_BY_ARTIFACT_AUDIT,"Source, SourcePacket, Attachment, ImportJob, CaptureDraft",implement as product capability,"Любой ввод сохраняется локально, получает provenance, receipt, Data Control item и graph edge.",Артефактное ядро,"любой входящий материал — текст, голос, фото, видео, письмо, скан, ссылка, снимок экрана и другой жизненный след — сразу является артефактом, а факт, гипотеза, заметка, задача, вывод, решение и результат — это разные роли одной базовой сущности.",4260,docs/source_of_truth/LifeOS_canon_v33.md
C01-004,Функция,C01,ЯДРО ТРАЕКТОРИИ И АРТЕФАКТОВ,Kernel / OS Spine,Core / invisible OS spine,/app/system,PLAN_TBD_BY_ARTIFACT_AUDIT,"LifeObject, SourceRef, Receipt, AuditEvent, PolicyBoundary, GraphEdge",implement as product capability,Все сущности имеют общий id/state/source/receipt/graph refs; ни одна секция не хранит отдельные fake arrays.,Единый путь материала,"любой жизненный материал должен проходить одну общую систему превращений, а не распадаться по отдельным разделам; при этом путь не обязан быть жёстко линейным и не обязан всегда доходить до действия или результата.",4267,docs/source_of_truth/LifeOS_canon_v33.md
C01-005,Качество,C01,ЯДРО ТРАЕКТОРИИ И АРТЕФАКТОВ,Kernel / OS Spine,Core / invisible OS spine,/app/system,PLAN_TBD_BY_ARTIFACT_AUDIT,"LifeObject, SourceRef, Receipt, AuditEvent, PolicyBoundary, GraphEdge",build as acceptance criterion,Все сущности имеют общий id/state/source/receipt/graph refs; ни одна секция не хранит отдельные fake arrays.,"Разведение сырого, разобранного и рабочего слоя","система должна различать, где ещё сырой артефакт, где уже разбор, а где рабочая роль и рабочая форма.",4273,docs/source_of_truth/LifeOS_canon_v33.md
C01-006,Качество,C01,ЯДРО ТРАЕКТОРИИ И АРТЕФАКТОВ,Kernel / OS Spine,Core / invisible OS spine,/app/system,PLAN_TBD_BY_ARTIFACT_AUDIT,"LifeObject, SourceRef, Receipt, AuditEvent, PolicyBoundary, GraphEdge",build as acceptance criterion,Все сущности имеют общий id/state/source/receipt/graph refs; ни одна секция не хранит отдельные fake arrays.,Ядро живёт даже без боковых доменов,"если убрать бытовые, финансовые, учебные и другие усилители, ядро всё равно должно оставаться полноценной системой траектории.",4279,docs/source_of_truth/LifeOS_canon_v33.md
C01-007,Качество,C01,ЯДРО ТРАЕКТОРИИ И АРТЕФАКТОВ,Kernel / OS Spine,Core / invisible OS spine,/app/system,PLAN_TBD_BY_ARTIFACT_AUDIT,"LifeObject, SourceRef, Receipt, AuditEvent, PolicyBoundary, GraphEdge",build as acceptance criterion,Все сущности имеют общий id/state/source/receipt/graph refs; ни одна секция не хранит отдельные fake arrays.,Одна система для личного и рабочего,личная и рабочая жизнь не должны существовать как два несвязанных продукта.,4285,docs/source_of_truth/LifeOS_canon_v33.md
C01-008,Качество,C01,ЯДРО ТРАЕКТОРИИ И АРТЕФАКТОВ,Kernel / OS Spine,Core / invisible OS spine,/app/system,PLAN_TBD_BY_ARTIFACT_AUDIT,"LifeObject, SourceRef, Receipt, AuditEvent, PolicyBoundary, GraphEdge",build as acceptance criterion,Все сущности имеют общий id/state/source/receipt/graph refs; ни одна секция не хранит отдельные fake arrays.,"Ядро определяется внутренней физикой, а не набором экранов","сущность LifeOS задаётся не списком поверхностей, а тем, как жизнь проходит через артефакты, связи, решение, действие и адаптацию.",4291,docs/source_of_truth/LifeOS_canon_v33.md
C01-009,Минус,C01,ЯДРО ТРАЕКТОРИИ И АРТЕФАКТОВ,Planner / Tasks / Calendar / Focus,Plan,/app/plan,PLAN_TBD_BY_ARTIFACT_AUDIT,"Task, Project, CalendarBlock, PlannerBlock, FocusSession, WeekPlan",forbid / add regression guard,"Task можно создать из source/note/chat, поставить в календарный блок, увидеть связь и receipt.",Сведение LifeOS к обычному планеру,конструкция «заметки + задачи + календарь + чат» не равна ядру LifeOS.,4297,docs/source_of_truth/LifeOS_canon_v33.md
C01-010,Минус,C01,ЯДРО ТРАЕКТОРИИ И АРТЕФАКТОВ,Kernel / OS Spine,Core / invisible OS spine,/app/system,PLAN_TBD_BY_ARTIFACT_AUDIT,"LifeObject, SourceRef, Receipt, AuditEvent, PolicyBoundary, GraphEdge",forbid / add regression guard,Все сущности имеют общий id/state/source/receipt/graph refs; ни одна секция не хранит отдельные fake arrays.,"Сведение LifeOS к чату, заметочнику или второй памяти",красивые ответы или удобное хранение не заменяют систему действия и траектории.,4303,docs/source_of_truth/LifeOS_canon_v33.md
C01-011,Минус,C01,ЯДРО ТРАЕКТОРИИ И АРТЕФАКТОВ,Kernel / OS Spine,Core / invisible OS spine,/app/system,PLAN_TBD_BY_ARTIFACT_AUDIT,"LifeObject, SourceRef, Receipt, AuditEvent, PolicyBoundary, GraphEdge",forbid / add regression guard,Все сущности имеют общий id/state/source/receipt/graph refs; ни одна секция не хранит отдельные fake arrays.,"Подмена ядра боковыми доменами, коммерцией, красотой или ИИ","доменные слои, коммерческий контур, визуальные оболочки и ИИ-усиления могут усиливать продукт, но не должны становиться его основанием.",4309,docs/source_of_truth/LifeOS_canon_v33.md
C01-012,Минус,C01,ЯДРО ТРАЕКТОРИИ И АРТЕФАКТОВ,Kernel / OS Spine,Core / invisible OS spine,/app/system,PLAN_TBD_BY_ARTIFACT_AUDIT,"LifeObject, SourceRef, Receipt, AuditEvent, PolicyBoundary, GraphEdge",forbid / add regression guard,Все сущности имеют общий id/state/source/receipt/graph refs; ни одна секция не хранит отдельные fake arrays.,Разрыв одного смысла на параллельные миры,"если один жизненный смысл распадается на отдельные несвязанные записи, продукт теряет цельность.",4315,docs/source_of_truth/LifeOS_canon_v33.md
C01-013,Минус,C01,ЯДРО ТРАЕКТОРИИ И АРТЕФАКТОВ,Kernel / OS Spine,Core / invisible OS spine,/app/system,PLAN_TBD_BY_ARTIFACT_AUDIT,"LifeObject, SourceRef, Receipt, AuditEvent, PolicyBoundary, GraphEdge",forbid / add regression guard,Все сущности имеют общий id/state/source/receipt/graph refs; ни одна секция не хранит отдельные fake arrays.,"Подача как коуч, психолог, дневник или «волшебный чат»",такая рамка обещает не ту ценность и уводит от инженерной системы управления жизнью.,4321,docs/source_of_truth/LifeOS_canon_v33.md
C01-014,Качество,C01,ЯДРО ТРАЕКТОРИИ И АРТЕФАКТОВ,Kernel / OS Spine,Core / invisible OS spine,/app/system,PLAN_TBD_BY_ARTIFACT_AUDIT,"LifeObject, SourceRef, Receipt, AuditEvent, PolicyBoundary, GraphEdge",build as acceptance criterion,Все сущности имеют общий id/state/source/receipt/graph refs; ни одна секция не хранит отдельные fake arrays.,Фиксированные состояния ядра и расширяемые роли,"состояния артефакта должны быть общими и устойчивыми для всей системы, а роли артефакта — расширяемыми.",4327,docs/source_of_truth/LifeOS_canon_v33.md
C01-015,Качество,C01,ЯДРО ТРАЕКТОРИИ И АРТЕФАКТОВ,Kernel / OS Spine,Core / invisible OS spine,/app/system,PLAN_TBD_BY_ARTIFACT_AUDIT,"LifeObject, SourceRef, Receipt, AuditEvent, PolicyBoundary, GraphEdge",build as acceptance criterion,Все сущности имеют общий id/state/source/receipt/graph refs; ни одна секция не хранит отдельные fake arrays.,Роль и проекция не одно и то же,"роль определяет смысловую функцию артефакта, а проекция определяет способ его показа и проживания.",4333,docs/source_of_truth/LifeOS_canon_v33.md
C01-016,Качество,C01,ЯДРО ТРАЕКТОРИИ И АРТЕФАКТОВ,Kernel / OS Spine,Core / invisible OS spine,/app/system,PLAN_TBD_BY_ARTIFACT_AUDIT,"LifeObject, SourceRef, Receipt, AuditEvent, PolicyBoundary, GraphEdge",build as acceptance criterion,Все сущности имеют общий id/state/source/receipt/graph refs; ни одна секция не хранит отдельные fake arrays.,У каждого слоя есть безопасный минимальный первый ход,"любой слой продукта должен иметь короткий, понятный и безопасный первый ход, который даёт пользу без полной настройки и без знания всей системы.",4340,docs/source_of_truth/LifeOS_canon_v33.md
C01-017,Качество,C01,ЯДРО ТРАЕКТОРИИ И АРТЕФАКТОВ,Kernel / OS Spine,Core / invisible OS spine,/app/system,PLAN_TBD_BY_ARTIFACT_AUDIT,"LifeObject, SourceRef, Receipt, AuditEvent, PolicyBoundary, GraphEdge",build as acceptance criterion,Все сущности имеют общий id/state/source/receipt/graph refs; ни одна секция не хранит отдельные fake arrays.,Сильные режимы по умолчанию и короткие пресеты,"система должна сначала давать рабочие режимы по умолчанию и 2–3 сильных пресета, а не пустой конструктор.",4346,docs/source_of_truth/LifeOS_canon_v33.md
C01-018,Качество,C01,ЯДРО ТРАЕКТОРИИ И АРТЕФАКТОВ,Kernel / OS Spine,Core / invisible OS spine,/app/system,PLAN_TBD_BY_ARTIFACT_AUDIT,"LifeObject, SourceRef, Receipt, AuditEvent, PolicyBoundary, GraphEdge",build as acceptance criterion,Все сущности имеют общий id/state/source/receipt/graph refs; ни одна секция не хранит отдельные fake arrays.,Повторобезопасность и дедупликация сигналов,"один и тот же смысл, пришедший повторно, не должен плодить дубли, расходящиеся сущности и конкурирующие версии правды.",4352,docs/source_of_truth/LifeOS_canon_v33.md
C01-019,Качество,C01,ЯДРО ТРАЕКТОРИИ И АРТЕФАКТОВ,Kernel / OS Spine,Core / invisible OS spine,/app/system,PLAN_TBD_BY_ARTIFACT_AUDIT,"LifeObject, SourceRef, Receipt, AuditEvent, PolicyBoundary, GraphEdge",build as acceptance criterion,Все сущности имеют общий id/state/source/receipt/graph refs; ни одна секция не хранит отдельные fake arrays.,Сильные мутации ядра обратимы,"критичные изменения роли, памяти, доступа, связи и общего контура должны быть обратимыми или проходить через безопасное промежуточное состояние.",4358,docs/source_of_truth/LifeOS_canon_v33.md
C01-020,Функция,C01,ЯДРО ТРАЕКТОРИИ И АРТЕФАКТОВ,Kernel / OS Spine,Core / invisible OS spine,/app/system,PLAN_TBD_BY_ARTIFACT_AUDIT,"LifeObject, SourceRef, Receipt, AuditEvent, PolicyBoundary, GraphEdge",implement as product capability,Все сущности имеют общий id/state/source/receipt/graph refs; ни одна секция не хранит отдельные fake arrays.,Контур коррекций и антишума,"продукт должен системно собирать исправления, отклонения и отрицательные сигналы, чтобы со временем становиться точнее и тише.",4364,docs/source_of_truth/LifeOS_canon_v33.md
C02-001,Качество,C02,"СТАРТ, ВХОД И МИГРАЦИЯ",Capture / Inbox,Inbox,/app/inbox,PLAN_TBD_BY_ARTIFACT_AUDIT,"Source, SourcePacket, Attachment, ImportJob, CaptureDraft",build as acceptance criterion,"Любой ввод сохраняется локально, получает provenance, receipt, Data Control item и graph edge.",Низкий порог входа,"человек должен зайти без долгой настройки и без ощущения, что его заставляют собирать сложную систему с нуля.",4374,docs/source_of_truth/LifeOS_canon_v33.md
C02-002,Качество,C02,"СТАРТ, ВХОД И МИГРАЦИЯ",Providers / Local AI / Media / Screen,Providers,/app/providers,PLAN_TBD_BY_ARTIFACT_AUDIT,"ProviderBoundary, ModelProfile, MediaTranscriptJob, ScreenSession, DeviceSyncState",build as acceptance criterion,"Никаких fake cloud/model/screen/VPN success; только readiness, preview, explicit setup/approval.",Знакомый старт без тяжёлой машины,первые экраны должны ощущаться понятными и привычными.,4380,docs/source_of_truth/LifeOS_canon_v33.md
C02-003,Качество,C02,"СТАРТ, ВХОД И МИГРАЦИЯ",Capture / Inbox,Inbox,/app/inbox,PLAN_TBD_BY_ARTIFACT_AUDIT,"Source, SourcePacket, Attachment, ImportJob, CaptureDraft",build as acceptance criterion,"Любой ввод сохраняется локально, получает provenance, receipt, Data Control item и graph edge.",Первая польза за минуты,"продукт обязан быстро дать личную ценность, а не только обещание будущей пользы.",4386,docs/source_of_truth/LifeOS_canon_v33.md
C02-004,Качество,C02,"СТАРТ, ВХОД И МИГРАЦИЯ",Capture / Inbox,Inbox,/app/inbox,PLAN_TBD_BY_ARTIFACT_AUDIT,"Source, SourcePacket, Attachment, ImportJob, CaptureDraft",build as acceptance criterion,"Любой ввод сохраняется локально, получает provenance, receipt, Data Control item и graph edge.",Надёжный вход по умолчанию,"старт должен ощущаться предсказуемым, спокойным и не магическим.",4392,docs/source_of_truth/LifeOS_canon_v33.md
C02-005,Качество,C02,"СТАРТ, ВХОД И МИГРАЦИЯ",Capture / Inbox,Inbox,/app/inbox,PLAN_TBD_BY_ARTIFACT_AUDIT,"Source, SourcePacket, Attachment, ImportJob, CaptureDraft",build as acceptance criterion,"Любой ввод сохраняется локально, получает provenance, receipt, Data Control item и graph edge.",Входной и коммерческий слой — часть физики продукта,"способ входа, оплаты и первого контакта не является внешней обвязкой, а влияет на саму работоспособность LifeOS.",4398,docs/source_of_truth/LifeOS_canon_v33.md
C02-006,Функция,C02,"СТАРТ, ВХОД И МИГРАЦИЯ",Capture / Inbox,Inbox,/app/inbox,PLAN_TBD_BY_ARTIFACT_AUDIT,"Source, SourcePacket, Attachment, ImportJob, CaptureDraft",implement as product capability,"Любой ввод сохраняется локально, получает provenance, receipt, Data Control item и graph edge.",Вход через конкретную боль,"продукт должен заходить не через абстрактное «для всех», а через живую проблему человека.",4404,docs/source_of_truth/LifeOS_canon_v33.md
C02-007,Функция,C02,"СТАРТ, ВХОД И МИГРАЦИЯ",Capture / Inbox,Inbox,/app/inbox,PLAN_TBD_BY_ARTIFACT_AUDIT,"Source, SourcePacket, Attachment, ImportJob, CaptureDraft",implement as product capability,"Любой ввод сохраняется локально, получает provenance, receipt, Data Control item и graph edge.",Отдельные сценарии входа под разные боли,разные типы проблемы требуют разных начальных сценариев.,4410,docs/source_of_truth/LifeOS_canon_v33.md
C02-008,Функция,C02,"СТАРТ, ВХОД И МИГРАЦИЯ",Packs / Builder / Marketplace,Packs,/app/packs,PLAN_TBD_BY_ARTIFACT_AUDIT,"PackManifest, CustomObjectType, Template, BuilderBlock, InstallImpact",implement as product capability,"Install/uninstall только local-first с impact screen, permission list, rollback receipt; payments/publish gated.",Первый сильный эффект,"ранний эффект должен быть обязательной частью продукта, а не красивой витриной.",4416,docs/source_of_truth/LifeOS_canon_v33.md
C02-009,Функция,C02,"СТАРТ, ВХОД И МИГРАЦИЯ",Life Domains / Wellbeing / Money / Family,Domains,/app/domains,PLAN_TBD_BY_ARTIFACT_AUDIT,"HealthSignal, Routine, Relationship, HomeItem, MoneyEvent, Trip, Meal, DomainPack",implement as product capability,Домены не ломают ядро; каждый доменный объект — LifeObject с source/receipt/control/graph.,Карточка первого личного результата,первый сильный эффект должен быть видимым как отдельный короткий продуктовый результат.,4423,docs/source_of_truth/LifeOS_canon_v33.md
C02-010,Функция,C02,"СТАРТ, ВХОД И МИГРАЦИЯ",Agents / Workflows,Agents,/app/agents,PLAN_TBD_BY_ARTIFACT_AUDIT,"AgentManifest, ToolScope, WorkflowManifest, WorkflowRunPreview, ActionProposal",implement as product capability,Агент ничего не отправляет/не удаляет/не публикует без явного approval; dry-run даёт receipt и proposal.,Сценарные маршруты,"продукт должен вести человека по коротким осмысленным маршрутам, а не бросать в пустую систему.",4429,docs/source_of_truth/LifeOS_canon_v33.md
C02-011,Функция,C02,"СТАРТ, ВХОД И МИГРАЦИЯ",Agents / Workflows,Agents,/app/agents,PLAN_TBD_BY_ARTIFACT_AUDIT,"AgentManifest, ToolScope, WorkflowManifest, WorkflowRunPreview, ActionProposal",implement as product capability,Агент ничего не отправляет/не удаляет/не публикует без явного approval; dry-run даёт receipt и proposal.,Поддерживающие сценарные маршруты,"сценарные маршруты нужны не только на старте, но и как способ мягко вести человека дальше.",4435,docs/source_of_truth/LifeOS_canon_v33.md
C02-012,Функция,C02,"СТАРТ, ВХОД И МИГРАЦИЯ",Packs / Builder / Marketplace,Packs,/app/packs,PLAN_TBD_BY_ARTIFACT_AUDIT,"PackManifest, CustomObjectType, Template, BuilderBlock, InstallImpact",implement as product capability,"Install/uninstall только local-first с impact screen, permission list, rollback receipt; payments/publish gated.",Ролевые оболочки,"человеку нужен готовый режим старта и пользования, а не пустой конструктор.",4441,docs/source_of_truth/LifeOS_canon_v33.md
C02-013,Функция,C02,"СТАРТ, ВХОД И МИГРАЦИЯ",Capture / Inbox,Inbox,/app/inbox,PLAN_TBD_BY_ARTIFACT_AUDIT,"Source, SourcePacket, Attachment, ImportJob, CaptureDraft",implement as product capability,"Любой ввод сохраняется локально, получает provenance, receipt, Data Control item и graph edge.",Старт через импорт текущего хаоса,"система должна начинаться не с пустоты, а с того материала, который уже живёт у человека.",4447,docs/source_of_truth/LifeOS_canon_v33.md
C02-014,Функция,C02,"СТАРТ, ВХОД И МИГРАЦИЯ",Capture / Inbox,Inbox,/app/inbox,PLAN_TBD_BY_ARTIFACT_AUDIT,"Source, SourcePacket, Attachment, ImportJob, CaptureDraft",implement as product capability,"Любой ввод сохраняется локально, получает provenance, receipt, Data Control item и graph edge.",Миграция из прошлых систем как отдельный входной маршрут,"переход из старых заметок, файлов, почты и других хранилищ должен быть специальным сценарием, а не ручной болью.",4454,docs/source_of_truth/LifeOS_canon_v33.md
C02-015,Функция,C02,"СТАРТ, ВХОД И МИГРАЦИЯ",Capture / Inbox,Inbox,/app/inbox,PLAN_TBD_BY_ARTIFACT_AUDIT,"Source, SourcePacket, Attachment, ImportJob, CaptureDraft",implement as product capability,"Любой ввод сохраняется локально, получает provenance, receipt, Data Control item и graph edge.",Сопровождаемая миграция,импорт и хороший переезд — не одно и то же; переход из прошлой системы должен идти пошагово и с ручной коррекцией.,4460,docs/source_of_truth/LifeOS_canon_v33.md
C02-016,Функция,C02,"СТАРТ, ВХОД И МИГРАЦИЯ",Capture / Inbox,Inbox,/app/inbox,PLAN_TBD_BY_ARTIFACT_AUDIT,"Source, SourcePacket, Attachment, ImportJob, CaptureDraft",implement as product capability,"Любой ввод сохраняется локально, получает provenance, receipt, Data Control item и graph edge.",Аудит хаоса после импорта,"после загрузки материала система должна показать, что именно в нём требует внимания.",4466,docs/source_of_truth/LifeOS_canon_v33.md
C02-017,Функция,C02,"СТАРТ, ВХОД И МИГРАЦИЯ",Capture / Inbox,Inbox,/app/inbox,PLAN_TBD_BY_ARTIFACT_AUDIT,"Source, SourcePacket, Attachment, ImportJob, CaptureDraft",implement as product capability,"Любой ввод сохраняется локально, получает provenance, receipt, Data Control item и graph edge.","Решение, что активировать после импорта",не всё из прошлой жизни должно автоматически становиться активным.,4472,docs/source_of_truth/LifeOS_canon_v33.md
C02-018,Функция,C02,"СТАРТ, ВХОД И МИГРАЦИЯ",Capture / Inbox,Inbox,/app/inbox,PLAN_TBD_BY_ARTIFACT_AUDIT,"Source, SourcePacket, Attachment, ImportJob, CaptureDraft",implement as product capability,"Любой ввод сохраняется локально, получает provenance, receipt, Data Control item и graph edge.",Импорт и миграция как продающий сценарий,ценность должна продаваться через спасение уже существующего хаоса.,4478,docs/source_of_truth/LifeOS_canon_v33.md
C02-019,Функция,C02,"СТАРТ, ВХОД И МИГРАЦИЯ",Capture / Inbox,Inbox,/app/inbox,PLAN_TBD_BY_ARTIFACT_AUDIT,"Source, SourcePacket, Attachment, ImportJob, CaptureDraft",implement as product capability,"Любой ввод сохраняется локально, получает provenance, receipt, Data Control item и graph edge.",Стартовый 72-часовой пакет,быстрый вход может быть упакован в короткий измеримый цикл.,4484,docs/source_of_truth/LifeOS_canon_v33.md
C02-020,Функция,C02,"СТАРТ, ВХОД И МИГРАЦИЯ",Capture / Inbox,Inbox,/app/inbox,PLAN_TBD_BY_ARTIFACT_AUDIT,"Source, SourcePacket, Attachment, ImportJob, CaptureDraft",implement as product capability,"Любой ввод сохраняется локально, получает provenance, receipt, Data Control item и graph edge.",Локализованная цена,стоимость должна соответствовать реальному барьеру входа на конкретном рынке.,4490,docs/source_of_truth/LifeOS_canon_v33.md
C02-021,Функция,C02,"СТАРТ, ВХОД И МИГРАЦИЯ",Life Domains / Wellbeing / Money / Family,Domains,/app/domains,PLAN_TBD_BY_ARTIFACT_AUDIT,"HealthSignal, Routine, Relationship, HomeItem, MoneyEvent, Trip, Meal, DomainPack",implement as product capability,Домены не ломают ядро; каждый доменный объект — LifeObject с source/receipt/control/graph.,Региональная упаковка,"подача ценности должна отличаться по рынкам, а не быть одной для всех.",4496,docs/source_of_truth/LifeOS_canon_v33.md
C02-022,Функция,C02,"СТАРТ, ВХОД И МИГРАЦИЯ",Capture / Inbox,Inbox,/app/inbox,PLAN_TBD_BY_ARTIFACT_AUDIT,"Source, SourcePacket, Attachment, ImportJob, CaptureDraft",implement as product capability,"Любой ввод сохраняется локально, получает provenance, receipt, Data Control item и graph edge.",Локализация оплаты,привычный способ оплаты — часть входной физики продукта.,4502,docs/source_of_truth/LifeOS_canon_v33.md
C02-023,Функция,C02,"СТАРТ, ВХОД И МИГРАЦИЯ",LifeGraph / Entities,Graph,/app/graph,"PLAN_TBD_BY_ARTIFACT_AUDIT, PLAN_TBD_BY_ARTIFACT_AUDIT","GraphNode, GraphEdge, Entity, EntityCandidate, RelationshipReason",implement as product capability,Graph edge имеет source/provenance/confidence; можно скрыть/исправить связь через безопасный preview.,Частичный возврат с обязательной обратной связью,"возврат должен быть ограниченно обратимым и при этом собирать реальный сигнал о том, что не сработало.",4508,docs/source_of_truth/LifeOS_canon_v33.md
C02-024,Минус,C02,"СТАРТ, ВХОД И МИГРАЦИЯ",Data Control / Trust / Privacy,Control,/app/control,"PLAN_TBD_BY_ARTIFACT_AUDIT, PLAN_TBD_BY_ARTIFACT_AUDIT","Receipt, DataControlItem, AuditEvent, ExportJob, DeletePreview, PrivacyZone, PermissionGrant",forbid / add regression guard,Любое изменение имеет receipt; destructive действия только preview + confirmation boundary.,Сложная первичная настройка,длинная настройка ломает доверие ещё до первой пользы.,4514,docs/source_of_truth/LifeOS_canon_v33.md
C02-025,Минус,C02,"СТАРТ, ВХОД И МИГРАЦИЯ",Capture / Inbox,Inbox,/app/inbox,PLAN_TBD_BY_ARTIFACT_AUDIT,"Source, SourcePacket, Attachment, ImportJob, CaptureDraft",forbid / add regression guard,"Любой ввод сохраняется локально, получает provenance, receipt, Data Control item и graph edge.",Пустой старт при уже существующем хаосе,"начинать «с нуля» там, где у человека уже есть живой материал, — продуктовая ошибка.",4520,docs/source_of_truth/LifeOS_canon_v33.md
C02-026,Минус,C02,"СТАРТ, ВХОД И МИГРАЦИЯ",Capture / Inbox,Inbox,/app/inbox,PLAN_TBD_BY_ARTIFACT_AUDIT,"Source, SourcePacket, Attachment, ImportJob, CaptureDraft",forbid / add regression guard,"Любой ввод сохраняется локально, получает provenance, receipt, Data Control item и graph edge.",Декоративный первый эффект,красивое впечатление без личного материала не считается настоящим результатом.,4526,docs/source_of_truth/LifeOS_canon_v33.md
C02-027,Минус,C02,"СТАРТ, ВХОД И МИГРАЦИЯ",Capture / Inbox,Inbox,/app/inbox,PLAN_TBD_BY_ARTIFACT_AUDIT,"Source, SourcePacket, Attachment, ImportJob, CaptureDraft",forbid / add regression guard,"Любой ввод сохраняется локально, получает provenance, receipt, Data Control item и graph edge.","Коммерческий вход, который противоречит физике продукта","если способ входа ломает доверие, понятность и первый результат, он разрушает сам продукт.",4532,docs/source_of_truth/LifeOS_canon_v33.md
C02-028,Минус,C02,"СТАРТ, ВХОД И МИГРАЦИЯ",Capture / Inbox,Inbox,/app/inbox,PLAN_TBD_BY_ARTIFACT_AUDIT,"Source, SourcePacket, Attachment, ImportJob, CaptureDraft",forbid / add regression guard,"Любой ввод сохраняется локально, получает provenance, receipt, Data Control item и graph edge.",Молчаливое принятие импортированного материала как готовой правды,"загруженный прошлый материал нельзя автоматически считать верным, активным и готовым к действию.",4538,docs/source_of_truth/LifeOS_canon_v33.md
C02-029,Функция,C02,"СТАРТ, ВХОД И МИГРАЦИЯ",Providers / Local AI / Media / Screen,Providers,/app/providers,PLAN_TBD_BY_ARTIFACT_AUDIT,"ProviderBoundary, ModelProfile, MediaTranscriptJob, ScreenSession, DeviceSyncState",implement as product capability,"Никаких fake cloud/model/screen/VPN success; только readiness, preview, explicit setup/approval.",Месячный пробный доступ на пользовательском вычислительном контуре,"месячный пробный доступ возможен, если дорогая интеллектуальная обработка идёт не за счёт LifeOS, а через выбранный пользователем контур — локальную модель, личный внешний ИИ или иной явно подключённый им маршрут.",4546,docs/source_of_truth/LifeOS_canon_v33.md
C02-030,Функция,C02,"СТАРТ, ВХОД И МИГРАЦИЯ",Providers / Local AI / Media / Screen,Providers,/app/providers,PLAN_TBD_BY_ARTIFACT_AUDIT,"ProviderBoundary, ModelProfile, MediaTranscriptJob, ScreenSession, DeviceSyncState",implement as product capability,"Никаких fake cloud/model/screen/VPN success; только readiness, preview, explicit setup/approval.",Мастер настройки пробного режима,"пробный доступ должен запускаться не как хаос с костылями, а как короткий мастер выбора устройства, способа диктовки, внешнего ИИ, локальной модели и уровня приватности.",4552,docs/source_of_truth/LifeOS_canon_v33.md
C02-031,Функция,C02,"СТАРТ, ВХОД И МИГРАЦИЯ",Today / Journal,Today,/app/today,"PLAN_TBD_BY_ARTIFACT_AUDIT, PLAN_TBD_BY_ARTIFACT_AUDIT","TodayPage, DailyReview, JournalEntry, NextAction, RecoveryPlan",implement as product capability,Today читает реальные notes/tasks/calendar/source links и не генерирует отдельную несвязанную реальность.,Ежедневный отчёт пробного месяца,"месячный пробный доступ должен оплачиваться не деньгами, а регулярной продуктовой обратной связью достаточной глубины.",4558,docs/source_of_truth/LifeOS_canon_v33.md
C02-032,Функция,C02,"СТАРТ, ВХОД И МИГРАЦИЯ",Planner / Tasks / Calendar / Focus,Plan,/app/plan,PLAN_TBD_BY_ARTIFACT_AUDIT,"Task, Project, CalendarBlock, PlannerBlock, FocusSession, WeekPlan",implement as product capability,"Task можно создать из source/note/chat, поставить в календарный блок, увидеть связь и receipt.",Скидка на первый платный месяц за недельные отчёты,"первый платный месяц может продаваться дешевле, если пользователь соглашается давать регулярную качественную обратную связь после реального пользования.",4564,docs/source_of_truth/LifeOS_canon_v33.md
C02-033,Качество,C02,"СТАРТ, ВХОД И МИГРАЦИЯ",Kernel / OS Spine,Core / invisible OS spine,/app/system,PLAN_TBD_BY_ARTIFACT_AUDIT,"LifeObject, SourceRef, Receipt, AuditEvent, PolicyBoundary, GraphEdge",build as acceptance criterion,Все сущности имеют общий id/state/source/receipt/graph refs; ни одна секция не хранит отдельные fake arrays.,"Разделение пробного и платного режима по источнику вычислений, а не по сломанным функциям","пробный и платный режимы должны отличаться в первую очередь источником вычислений, скоростью, удобством и включённым бюджетом тяжёлой обработки, а не поломанным ядром и искусственно отрезанными функциями.",4570,docs/source_of_truth/LifeOS_canon_v33.md
C02-034,Функция,C02,"СТАРТ, ВХОД И МИГРАЦИЯ",Agents / Workflows,Agents,/app/agents,PLAN_TBD_BY_ARTIFACT_AUDIT,"AgentManifest, ToolScope, WorkflowManifest, WorkflowRunPreview, ActionProposal",implement as product capability,Агент ничего не отправляет/не удаляет/не публикует без явного approval; dry-run даёт receipt и proposal.,Платный режим с включённым бюджетом вычислений,"платный контур должен включать понятный объём тяжёлой обработки, а после его исчерпания переводить пользователя не в тупик, а в локальный режим, личный внешний маршрут или дополнительный пакет вычислений.",4576,docs/source_of_truth/LifeOS_canon_v33.md
C02-035,Функция,C02,"СТАРТ, ВХОД И МИГРАЦИЯ",Capture / Inbox,Inbox,/app/inbox,PLAN_TBD_BY_ARTIFACT_AUDIT,"Source, SourcePacket, Attachment, ImportJob, CaptureDraft",implement as product capability,"Любой ввод сохраняется локально, получает provenance, receipt, Data Control item и graph edge.",Десять сверхсильных стартовых режимов по выбору,первый вход не должен упираться в один-единственный клин; у пользователя должен быть выбор из нескольких действительно прокачанных стартовых режимов под разные боли.,4582,docs/source_of_truth/LifeOS_canon_v33.md
C02-036,Качество,C02,"СТАРТ, ВХОД И МИГРАЦИЯ",Capture / Inbox,Inbox,/app/inbox,PLAN_TBD_BY_ARTIFACT_AUDIT,"Source, SourcePacket, Attachment, ImportJob, CaptureDraft",build as acceptance criterion,"Любой ввод сохраняется локально, получает provenance, receipt, Data Control item и graph edge.",Многоклиновый вход не сужает продукт,"несколько входов нужны не для превращения LifeOS в набор мини-приложений, а для разных точек захода в одно и то же ядро.",4588,docs/source_of_truth/LifeOS_canon_v33.md
C03-001,Качество,C03,ЗАХВАТ И ВХОДЯЩИЙ КОНТУР,Capture / Inbox,Inbox,/app/inbox,PLAN_TBD_BY_ARTIFACT_AUDIT,"Source, SourcePacket, Attachment, ImportJob, CaptureDraft",build as acceptance criterion,"Любой ввод сохраняется локально, получает provenance, receipt, Data Control item и graph edge.",Реализм захвата — каноническая часть продукта,"входящий слой должен быть рассчитан на реальную жизнь, а не добавляться потом как удобство.",4599,docs/source_of_truth/LifeOS_canon_v33.md
C03-002,Качество,C03,ЗАХВАТ И ВХОДЯЩИЙ КОНТУР,Capture / Inbox,Inbox,/app/inbox,PLAN_TBD_BY_ARTIFACT_AUDIT,"Source, SourcePacket, Attachment, ImportJob, CaptureDraft",build as acceptance criterion,"Любой ввод сохраняется локально, получает provenance, receipt, Data Control item и graph edge.",Почти нулевое трение на входе,"мысль должна попадать в систему быстрее, чем успевает исчезнуть.",4605,docs/source_of_truth/LifeOS_canon_v33.md
C03-003,Качество,C03,ЗАХВАТ И ВХОДЯЩИЙ КОНТУР,Capture / Inbox,Inbox,/app/inbox,PLAN_TBD_BY_ARTIFACT_AUDIT,"Source, SourcePacket, Attachment, ImportJob, CaptureDraft",build as acceptance criterion,"Любой ввод сохраняется локально, получает provenance, receipt, Data Control item и graph edge.",Короткая мобильная сессия как норма,"захват должен работать в реальной жизни, где у человека мало времени и внимания.",4611,docs/source_of_truth/LifeOS_canon_v33.md
C03-004,Качество,C03,ЗАХВАТ И ВХОДЯЩИЙ КОНТУР,Capture / Inbox,Inbox,/app/inbox,PLAN_TBD_BY_ARTIFACT_AUDIT,"Source, SourcePacket, Attachment, ImportJob, CaptureDraft",build as acceptance criterion,"Любой ввод сохраняется локально, получает provenance, receipt, Data Control item и graph edge.",Быстрый вход под хаотичное мышление,система должна принимать сырой сброс мыслей без немедленной сортировки.,4617,docs/source_of_truth/LifeOS_canon_v33.md
C03-005,Качество,C03,ЗАХВАТ И ВХОДЯЩИЙ КОНТУР,Capture / Inbox,Inbox,/app/inbox,PLAN_TBD_BY_ARTIFACT_AUDIT,"Source, SourcePacket, Attachment, ImportJob, CaptureDraft",build as acceptance criterion,"Любой ввод сохраняется локально, получает provenance, receipt, Data Control item и graph edge.","Сначала сохранить, потом разбирать","структура должна приходить после спасения мысли, а не до него.",4623,docs/source_of_truth/LifeOS_canon_v33.md
C03-006,Качество,C03,ЗАХВАТ И ВХОДЯЩИЙ КОНТУР,Capture / Inbox,Inbox,/app/inbox,PLAN_TBD_BY_ARTIFACT_AUDIT,"Source, SourcePacket, Attachment, ImportJob, CaptureDraft",build as acceptance criterion,"Любой ввод сохраняется локально, получает provenance, receipt, Data Control item и graph edge.",Вход выдерживает плохую сеть и прерывание,захват не должен ломаться из-за реальности телефона и среды.,4629,docs/source_of_truth/LifeOS_canon_v33.md
C03-007,Функция,C03,ЗАХВАТ И ВХОДЯЩИЙ КОНТУР,Capture / Inbox,Inbox,/app/inbox,PLAN_TBD_BY_ARTIFACT_AUDIT,"Source, SourcePacket, Attachment, ImportJob, CaptureDraft",implement as product capability,"Любой ввод сохраняется локально, получает provenance, receipt, Data Control item и graph edge.",Захват в одно касание,у продукта должна быть предельно короткая стартовая точка для нового входящего.,4635,docs/source_of_truth/LifeOS_canon_v33.md
C03-008,Функция,C03,ЗАХВАТ И ВХОДЯЩИЙ КОНТУР,Capture / Inbox,Inbox,/app/inbox,PLAN_TBD_BY_ARTIFACT_AUDIT,"Source, SourcePacket, Attachment, ImportJob, CaptureDraft",implement as product capability,"Любой ввод сохраняется локально, получает provenance, receipt, Data Control item и graph edge.",Мгновенная пустая поверхность захвата,дефолтный вход — это чистый экран без навязанного выбора типа объекта и без длинной формы.,4641,docs/source_of_truth/LifeOS_canon_v33.md
C03-009,Функция,C03,ЗАХВАТ И ВХОДЯЩИЙ КОНТУР,Capture / Inbox,Inbox,/app/inbox,PLAN_TBD_BY_ARTIFACT_AUDIT,"Source, SourcePacket, Attachment, ImportJob, CaptureDraft",implement as product capability,"Любой ввод сохраняется локально, получает provenance, receipt, Data Control item и graph edge.",Виджет для быстрого входа,захват должен начинаться ещё до открытия полного продукта.,4648,docs/source_of_truth/LifeOS_canon_v33.md
C03-010,Функция,C03,ЗАХВАТ И ВХОДЯЩИЙ КОНТУР,Capture / Inbox,Inbox,/app/inbox,PLAN_TBD_BY_ARTIFACT_AUDIT,"Source, SourcePacket, Attachment, ImportJob, CaptureDraft",implement as product capability,"Любой ввод сохраняется локально, получает provenance, receipt, Data Control item и graph edge.",Быстрые системные действия,система должна уметь открывать захват как короткое системное действие.,4654,docs/source_of_truth/LifeOS_canon_v33.md
C03-011,Функция,C03,ЗАХВАТ И ВХОДЯЩИЙ КОНТУР,Capture / Inbox,Inbox,/app/inbox,PLAN_TBD_BY_ARTIFACT_AUDIT,"Source, SourcePacket, Attachment, ImportJob, CaptureDraft",implement as product capability,"Любой ввод сохраняется локально, получает provenance, receipt, Data Control item и graph edge.",Захват с экрана блокировки,мысль должна сохраняться даже до разблокировки телефона.,4660,docs/source_of_truth/LifeOS_canon_v33.md
C03-012,Функция,C03,ЗАХВАТ И ВХОДЯЩИЙ КОНТУР,Capture / Inbox,Inbox,/app/inbox,PLAN_TBD_BY_ARTIFACT_AUDIT,"Source, SourcePacket, Attachment, ImportJob, CaptureDraft",implement as product capability,"Любой ввод сохраняется локально, получает provenance, receipt, Data Control item и graph edge.",Фоновая точка входа,"жизнь должна попадать в систему из внешних мест, а не только из её главного экрана.",4666,docs/source_of_truth/LifeOS_canon_v33.md
C03-013,Функция,C03,ЗАХВАТ И ВХОДЯЩИЙ КОНТУР,Capture / Inbox,Inbox,/app/inbox,PLAN_TBD_BY_ARTIFACT_AUDIT,"Source, SourcePacket, Attachment, ImportJob, CaptureDraft",implement as product capability,"Любой ввод сохраняется локально, получает provenance, receipt, Data Control item и graph edge.",Быстрый текстовый вход,текст должен быть самым прямым и лёгким способом заноса жизни.,4672,docs/source_of_truth/LifeOS_canon_v33.md
C03-014,Функция,C03,ЗАХВАТ И ВХОДЯЩИЙ КОНТУР,Capture / Inbox,Inbox,/app/inbox,PLAN_TBD_BY_ARTIFACT_AUDIT,"Source, SourcePacket, Attachment, ImportJob, CaptureDraft",implement as product capability,"Любой ввод сохраняется локально, получает provenance, receipt, Data Control item и graph edge.",Быстрый голосовой вход,"голос должен быть таким же естественным входом, как и текст.",4678,docs/source_of_truth/LifeOS_canon_v33.md
C03-015,Функция,C03,ЗАХВАТ И ВХОДЯЩИЙ КОНТУР,Capture / Inbox,Inbox,/app/inbox,PLAN_TBD_BY_ARTIFACT_AUDIT,"Source, SourcePacket, Attachment, ImportJob, CaptureDraft",implement as product capability,"Любой ввод сохраняется локально, получает provenance, receipt, Data Control item и graph edge.",Голосовая запись даёт транскрипт рядом с исходником,"голосовой вход должен превращаться не только в аудио, но и в связанный текстовый след.",4684,docs/source_of_truth/LifeOS_canon_v33.md
C03-016,Функция,C03,ЗАХВАТ И ВХОДЯЩИЙ КОНТУР,Capture / Inbox,Inbox,/app/inbox,PLAN_TBD_BY_ARTIFACT_AUDIT,"Source, SourcePacket, Attachment, ImportJob, CaptureDraft",implement as product capability,"Любой ввод сохраняется локально, получает provenance, receipt, Data Control item и graph edge.",Очистка диктовки,"голосовой вход должен давать читаемый текст, а не сырой мусор.",4691,docs/source_of_truth/LifeOS_canon_v33.md
C03-017,Функция,C03,ЗАХВАТ И ВХОДЯЩИЙ КОНТУР,Capture / Inbox,Inbox,/app/inbox,PLAN_TBD_BY_ARTIFACT_AUDIT,"Source, SourcePacket, Attachment, ImportJob, CaptureDraft",implement as product capability,"Любой ввод сохраняется локально, получает provenance, receipt, Data Control item и graph edge.",Контекстная диктовка в любом поле,"диктовка должна работать не только как отдельная запись, но и как нормальный способ ввода внутри текущего артефакта.",4697,docs/source_of_truth/LifeOS_canon_v33.md
C03-018,Функция,C03,ЗАХВАТ И ВХОДЯЩИЙ КОНТУР,Capture / Inbox,Inbox,/app/inbox,PLAN_TBD_BY_ARTIFACT_AUDIT,"Source, SourcePacket, Attachment, ImportJob, CaptureDraft",implement as product capability,"Любой ввод сохраняется локально, получает provenance, receipt, Data Control item и graph edge.",Быстрый вход через фото,изображение должно быть равноправным сырьём для входящего контура.,4703,docs/source_of_truth/LifeOS_canon_v33.md
C03-019,Функция,C03,ЗАХВАТ И ВХОДЯЩИЙ КОНТУР,Capture / Inbox,Inbox,/app/inbox,PLAN_TBD_BY_ARTIFACT_AUDIT,"Source, SourcePacket, Attachment, ImportJob, CaptureDraft",implement as product capability,"Любой ввод сохраняется локально, получает provenance, receipt, Data Control item и graph edge.",Скан как входящий материал,"бумажный документ должен попадать в общий входящий путь, а не оставаться мёртвым снимком.",4709,docs/source_of_truth/LifeOS_canon_v33.md
C03-020,Функция,C03,ЗАХВАТ И ВХОДЯЩИЙ КОНТУР,Capture / Inbox,Inbox,/app/inbox,PLAN_TBD_BY_ARTIFACT_AUDIT,"Source, SourcePacket, Attachment, ImportJob, CaptureDraft",implement as product capability,"Любой ввод сохраняется локально, получает provenance, receipt, Data Control item и graph edge.","Извлечение текста и фрагментов из фото, скана и документа","изображение или документ должен давать не только файл, но и извлечённый текст для дальнейшего разбора.",4715,docs/source_of_truth/LifeOS_canon_v33.md
C03-021,Функция,C03,ЗАХВАТ И ВХОДЯЩИЙ КОНТУР,Capture / Inbox,Inbox,/app/inbox,PLAN_TBD_BY_ARTIFACT_AUDIT,"Source, SourcePacket, Attachment, ImportJob, CaptureDraft",implement as product capability,"Любой ввод сохраняется локально, получает provenance, receipt, Data Control item и graph edge.",Захват страницы и ссылки из сети,веб-материал должен сохраняться вместе с контекстом источника.,4722,docs/source_of_truth/LifeOS_canon_v33.md
C03-022,Функция,C03,ЗАХВАТ И ВХОДЯЩИЙ КОНТУР,Capture / Inbox,Inbox,/app/inbox,PLAN_TBD_BY_ARTIFACT_AUDIT,"Source, SourcePacket, Attachment, ImportJob, CaptureDraft",implement as product capability,"Любой ввод сохраняется локально, получает provenance, receipt, Data Control item и graph edge.",Письмо во входящий контур,письмо должно уметь становиться полноценным сырьём системы.,4728,docs/source_of_truth/LifeOS_canon_v33.md
C03-023,Функция,C03,ЗАХВАТ И ВХОДЯЩИЙ КОНТУР,Capture / Inbox,Inbox,/app/inbox,PLAN_TBD_BY_ARTIFACT_AUDIT,"Source, SourcePacket, Attachment, ImportJob, CaptureDraft",implement as product capability,"Любой ввод сохраняется локально, получает provenance, receipt, Data Control item и graph edge.",Быстрая отправка материала себе через почту или системную отправку,"у человека должна быть возможность быстро отправить себе текст, фото, голос или ссылку и вернуться к этому позже.",4734,docs/source_of_truth/LifeOS_canon_v33.md
C03-024,Функция,C03,ЗАХВАТ И ВХОДЯЩИЙ КОНТУР,Capture / Inbox,Inbox,/app/inbox,PLAN_TBD_BY_ARTIFACT_AUDIT,"Source, SourcePacket, Attachment, ImportJob, CaptureDraft",implement as product capability,"Любой ввод сохраняется локально, получает provenance, receipt, Data Control item и graph edge.",Напоминание на артефакте,мысль и момент возврата к ней должны жить вместе.,4740,docs/source_of_truth/LifeOS_canon_v33.md
C03-025,Функция,C03,ЗАХВАТ И ВХОДЯЩИЙ КОНТУР,Capture / Inbox,Inbox,/app/inbox,PLAN_TBD_BY_ARTIFACT_AUDIT,"Source, SourcePacket, Attachment, ImportJob, CaptureDraft",implement as product capability,"Любой ввод сохраняется локально, получает provenance, receipt, Data Control item и graph edge.",Послезвонковый захват,"после разговора система должна быстро подхватывать смысл, пока он не рассыпался.",4746,docs/source_of_truth/LifeOS_canon_v33.md
C03-026,Функция,C03,ЗАХВАТ И ВХОДЯЩИЙ КОНТУР,Capture / Inbox,Inbox,/app/inbox,PLAN_TBD_BY_ARTIFACT_AUDIT,"Source, SourcePacket, Attachment, ImportJob, CaptureDraft",implement as product capability,"Любой ввод сохраняется локально, получает provenance, receipt, Data Control item и graph edge.",Повтор после обрыва,прерванный захват должен легко продолжаться.,4752,docs/source_of_truth/LifeOS_canon_v33.md
C03-027,Функция,C03,ЗАХВАТ И ВХОДЯЩИЙ КОНТУР,Capture / Inbox,Inbox,/app/inbox,PLAN_TBD_BY_ARTIFACT_AUDIT,"Source, SourcePacket, Attachment, ImportJob, CaptureDraft",implement as product capability,"Любой ввод сохраняется локально, получает provenance, receipt, Data Control item и graph edge.",Рукопись как полноценный режим,"писать от руки должно быть таким же естественным входом, как печатать.",4758,docs/source_of_truth/LifeOS_canon_v33.md
C03-028,Функция,C03,ЗАХВАТ И ВХОДЯЩИЙ КОНТУР,Capture / Inbox,Inbox,/app/inbox,PLAN_TBD_BY_ARTIFACT_AUDIT,"Source, SourcePacket, Attachment, ImportJob, CaptureDraft",implement as product capability,"Любой ввод сохраняется локально, получает provenance, receipt, Data Control item и graph edge.",Очистка и выравнивание рукописи,рукописный материал можно сделать читабельнее без ручного переписывания.,4764,docs/source_of_truth/LifeOS_canon_v33.md
C03-029,Функция,C03,ЗАХВАТ И ВХОДЯЩИЙ КОНТУР,Capture / Inbox,Inbox,/app/inbox,PLAN_TBD_BY_ARTIFACT_AUDIT,"Source, SourcePacket, Attachment, ImportJob, CaptureDraft",implement as product capability,"Любой ввод сохраняется локально, получает provenance, receipt, Data Control item и graph edge.",Превращение рукописи в редактируемый текст,написанное от руки должно уметь становиться рабочим текстом.,4770,docs/source_of_truth/LifeOS_canon_v33.md
C03-030,Функция,C03,ЗАХВАТ И ВХОДЯЩИЙ КОНТУР,Kernel / OS Spine,Core / invisible OS spine,/app/system,PLAN_TBD_BY_ARTIFACT_AUDIT,"LifeObject, SourceRef, Receipt, AuditEvent, PolicyBoundary, GraphEdge",implement as product capability,Все сущности имеют общий id/state/source/receipt/graph refs; ни одна секция не хранит отдельные fake arrays.,Объектное редактирование рукописных блоков,"рукописные фрагменты должны редактироваться как рабочие объекты, а не как неподвижная картинка.",4777,docs/source_of_truth/LifeOS_canon_v33.md
C03-031,Функция,C03,ЗАХВАТ И ВХОДЯЩИЙ КОНТУР,Capture / Inbox,Inbox,/app/inbox,PLAN_TBD_BY_ARTIFACT_AUDIT,"Source, SourcePacket, Attachment, ImportJob, CaptureDraft",implement as product capability,"Любой ввод сохраняется локально, получает provenance, receipt, Data Control item и graph edge.",ПДФ как рабочий материал,ПДФ не должен быть мёртвым вложением.,4783,docs/source_of_truth/LifeOS_canon_v33.md
C03-032,Функция,C03,ЗАХВАТ И ВХОДЯЩИЙ КОНТУР,Capture / Inbox,Inbox,/app/inbox,PLAN_TBD_BY_ARTIFACT_AUDIT,"Source, SourcePacket, Attachment, ImportJob, CaptureDraft",implement as product capability,"Любой ввод сохраняется локально, получает provenance, receipt, Data Control item и graph edge.",Смешанный артефакт,"один объект должен держать вместе текст, файл, изображение, голос и рукопись.",4789,docs/source_of_truth/LifeOS_canon_v33.md
C03-033,Качество,C03,ЗАХВАТ И ВХОДЯЩИЙ КОНТУР,Capture / Inbox,Inbox,/app/inbox,PLAN_TBD_BY_ARTIFACT_AUDIT,"Source, SourcePacket, Attachment, ImportJob, CaptureDraft",build as acceptance criterion,"Любой ввод сохраняется локально, получает provenance, receipt, Data Control item и graph edge.",Все типы входа сходятся в один контур,"входящий слой должен быть единым, а не разбитым по типам материалов.",4796,docs/source_of_truth/LifeOS_canon_v33.md
C03-034,Функция,C03,ЗАХВАТ И ВХОДЯЩИЙ КОНТУР,Capture / Inbox,Inbox,/app/inbox,PLAN_TBD_BY_ARTIFACT_AUDIT,"Source, SourcePacket, Attachment, ImportJob, CaptureDraft",implement as product capability,"Любой ввод сохраняется локально, получает provenance, receipt, Data Control item и graph edge.",Единый входящий ящик,"все входы жизни должны сходиться в один общий входящий контур, в том числе из нескольких аккаунтов и сервисов.",4802,docs/source_of_truth/LifeOS_canon_v33.md
C03-035,Функция,C03,ЗАХВАТ И ВХОДЯЩИЙ КОНТУР,Capture / Inbox,Inbox,/app/inbox,PLAN_TBD_BY_ARTIFACT_AUDIT,"Source, SourcePacket, Attachment, ImportJob, CaptureDraft",implement as product capability,"Любой ввод сохраняется локально, получает provenance, receipt, Data Control item и graph edge.",Фокусный входящий поток с ручной переклассификацией,"продукт должен помогать быстро разгребать входящее, но оставлять человеку право пересортировать поток.",4809,docs/source_of_truth/LifeOS_canon_v33.md
C03-036,Функция,C03,ЗАХВАТ И ВХОДЯЩИЙ КОНТУР,Capture / Inbox,Inbox,/app/inbox,PLAN_TBD_BY_ARTIFACT_AUDIT,"Source, SourcePacket, Attachment, ImportJob, CaptureDraft",implement as product capability,"Любой ввод сохраняется локально, получает provenance, receipt, Data Control item и graph edge.",Жестовый разбор общего входящего на телефоне,на телефоне разбор почты и входящих должен занимать секунды.,4815,docs/source_of_truth/LifeOS_canon_v33.md
C03-037,Качество,C03,ЗАХВАТ И ВХОДЯЩИЙ КОНТУР,Capture / Inbox,Inbox,/app/inbox,PLAN_TBD_BY_ARTIFACT_AUDIT,"Source, SourcePacket, Attachment, ImportJob, CaptureDraft",build as acceptance criterion,"Любой ввод сохраняется локально, получает provenance, receipt, Data Control item и graph edge.","Сначала источник, потом сущность","любой входящий материал сначала становится источником, а не сразу финальным артефактом, знанием или действием.",4821,docs/source_of_truth/LifeOS_canon_v33.md
C03-038,Качество,C03,ЗАХВАТ И ВХОДЯЩИЙ КОНТУР,Capture / Inbox,Inbox,/app/inbox,PLAN_TBD_BY_ARTIFACT_AUDIT,"Source, SourcePacket, Attachment, ImportJob, CaptureDraft",build as acceptance criterion,"Любой ввод сохраняется локально, получает provenance, receipt, Data Control item и graph edge.",У входящего сохраняются тип и происхождение,"система должна помнить, откуда пришёл материал и какого он рода.",4827,docs/source_of_truth/LifeOS_canon_v33.md
C03-039,Функция,C03,ЗАХВАТ И ВХОДЯЩИЙ КОНТУР,Capture / Inbox,Inbox,/app/inbox,PLAN_TBD_BY_ARTIFACT_AUDIT,"Source, SourcePacket, Attachment, ImportJob, CaptureDraft",implement as product capability,"Любой ввод сохраняется локально, получает provenance, receipt, Data Control item и graph edge.","Понятные статусы источника, вложения и артефакта","входящий слой должен честно показывать стадию каждого материала, а не прятать её за магией.",4833,docs/source_of_truth/LifeOS_canon_v33.md
C03-040,Функция,C03,ЗАХВАТ И ВХОДЯЩИЙ КОНТУР,Kernel / OS Spine,Core / invisible OS spine,/app/system,PLAN_TBD_BY_ARTIFACT_AUDIT,"LifeObject, SourceRef, Receipt, AuditEvent, PolicyBoundary, GraphEdge",implement as product capability,Все сущности имеют общий id/state/source/receipt/graph refs; ни одна секция не хранит отдельные fake arrays.,Очередь проверки предложений,"у человека должен быть отдельный спокойный контур, где он проверяет предложенные системой смыслы и переходы.",4840,docs/source_of_truth/LifeOS_canon_v33.md
C03-041,Функция,C03,ЗАХВАТ И ВХОДЯЩИЙ КОНТУР,Capture / Inbox,Inbox,/app/inbox,PLAN_TBD_BY_ARTIFACT_AUDIT,"Source, SourcePacket, Attachment, ImportJob, CaptureDraft",implement as product capability,"Любой ввод сохраняется локально, получает provenance, receipt, Data Control item и graph edge.",Очередь и рабочий конвейер обработки входящего,"длинная обработка должна жить в отдельном рабочем контуре, а не блокировать человеку сам факт приёма материала.",4846,docs/source_of_truth/LifeOS_canon_v33.md
C03-042,Минус,C03,ЗАХВАТ И ВХОДЯЩИЙ КОНТУР,Capture / Inbox,Inbox,/app/inbox,PLAN_TBD_BY_ARTIFACT_AUDIT,"Source, SourcePacket, Attachment, ImportJob, CaptureDraft",forbid / add regression guard,"Любой ввод сохраняется локально, получает provenance, receipt, Data Control item и graph edge.",Длинные формы и выбор типа до сохранения,требование сразу классифицировать вход убивает быстрый захват.,4852,docs/source_of_truth/LifeOS_canon_v33.md
C03-043,Минус,C03,ЗАХВАТ И ВХОДЯЩИЙ КОНТУР,Capture / Inbox,Inbox,/app/inbox,PLAN_TBD_BY_ARTIFACT_AUDIT,"Source, SourcePacket, Attachment, ImportJob, CaptureDraft",forbid / add regression guard,"Любой ввод сохраняется локально, получает provenance, receipt, Data Control item и graph edge.","Изолированные миры текста, голоса, фото, почты и рукописи",разнос типов входа по отдельным разделам ломает единый контур.,4858,docs/source_of_truth/LifeOS_canon_v33.md
C03-044,Минус,C03,ЗАХВАТ И ВХОДЯЩИЙ КОНТУР,Capture / Inbox,Inbox,/app/inbox,PLAN_TBD_BY_ARTIFACT_AUDIT,"Source, SourcePacket, Attachment, ImportJob, CaptureDraft",forbid / add regression guard,"Любой ввод сохраняется локально, получает provenance, receipt, Data Control item и graph edge.",Тихая обработка без видимого статуса,невидимая фоновая магия подрывает доверие к входящему слою.,4864,docs/source_of_truth/LifeOS_canon_v33.md
C03-045,Минус,C03,ЗАХВАТ И ВХОДЯЩИЙ КОНТУР,Capture / Inbox,Inbox,/app/inbox,PLAN_TBD_BY_ARTIFACT_AUDIT,"Source, SourcePacket, Attachment, ImportJob, CaptureDraft",forbid / add regression guard,"Любой ввод сохраняется локально, получает provenance, receipt, Data Control item и graph edge.",Автодействия из захвата без проверки,"быстрый вход не должен молча превращаться в решение, правило, знание или действие.",4870,docs/source_of_truth/LifeOS_canon_v33.md
C03-046,Функция,C03,ЗАХВАТ И ВХОДЯЩИЙ КОНТУР,Planner / Tasks / Calendar / Focus,Plan,/app/plan,PLAN_TBD_BY_ARTIFACT_AUDIT,"Task, Project, CalendarBlock, PlannerBlock, FocusSession, WeekPlan",implement as product capability,"Task можно создать из source/note/chat, поставить в календарный блок, увидеть связь и receipt.",Быстрое добавление обычной фразой,"система должна понимать короткую повседневную фразу как кандидат на задачу, дату, время, проект и метки.",4876,docs/source_of_truth/LifeOS_canon_v33.md
C03-047,Функция,C03,ЗАХВАТ И ВХОДЯЩИЙ КОНТУР,Capture / Inbox,Inbox,/app/inbox,PLAN_TBD_BY_ARTIFACT_AUDIT,"Source, SourcePacket, Attachment, ImportJob, CaptureDraft",implement as product capability,"Любой ввод сохраняется локально, получает provenance, receipt, Data Control item и graph edge.",Диктовка с пониманием самоисправлений,"голосовой ввод должен учитывать, когда человек сам себя поправляет прямо в процессе речи.",4883,docs/source_of_truth/LifeOS_canon_v33.md
C03-048,Функция,C03,ЗАХВАТ И ВХОДЯЩИЙ КОНТУР,Capture / Inbox,Inbox,/app/inbox,PLAN_TBD_BY_ARTIFACT_AUDIT,"Source, SourcePacket, Attachment, ImportJob, CaptureDraft",implement as product capability,"Любой ввод сохраняется локально, получает provenance, receipt, Data Control item и graph edge.",Задачи и напоминания через Вотсап (WhatsApp),Сообщение из внешнего мессенджера может становиться входом в систему без ручного переписывания.,4890,docs/source_of_truth/LifeOS_canon_v33.md
C03-049,Функция,C03,ЗАХВАТ И ВХОДЯЩИЙ КОНТУР,Capture / Inbox,Inbox,/app/inbox,PLAN_TBD_BY_ARTIFACT_AUDIT,"Source, SourcePacket, Attachment, ImportJob, CaptureDraft",implement as product capability,"Любой ввод сохраняется локально, получает provenance, receipt, Data Control item и graph edge.",Сравнение рукописи и текста-кандидата бок о бок,при превращении рукописи в текст человек должен видеть исходный фрагмент и предложенный текст рядом.,4897,docs/source_of_truth/LifeOS_canon_v33.md
C03-050,Функция,C03,ЗАХВАТ И ВХОДЯЩИЙ КОНТУР,Capture / Inbox,Inbox,/app/inbox,PLAN_TBD_BY_ARTIFACT_AUDIT,"Source, SourcePacket, Attachment, ImportJob, CaptureDraft",implement as product capability,"Любой ввод сохраняется локально, получает provenance, receipt, Data Control item и graph edge.",Единая мультимодальная панель быстрого входа,"у продукта должна быть одна короткая точка входа, из которой можно быстро начать текст, голос, фото, видео, файл, ссылку, скан или другой тип захвата.",4904,docs/source_of_truth/LifeOS_canon_v33.md
C03-051,Функция,C03,ЗАХВАТ И ВХОДЯЩИЙ КОНТУР,Capture / Inbox,Inbox,/app/inbox,PLAN_TBD_BY_ARTIFACT_AUDIT,"Source, SourcePacket, Attachment, ImportJob, CaptureDraft",implement as product capability,"Любой ввод сохраняется локально, получает provenance, receipt, Data Control item и graph edge.",Пакетный разбор накопленного входящего,"система должна поддерживать реальный режим, когда человек быстро накапливает входящее, а разбирает и подтверждает его позже сериями.",4910,docs/source_of_truth/LifeOS_canon_v33.md
C03-052,Функция,C03,ЗАХВАТ И ВХОДЯЩИЙ КОНТУР,Capture / Inbox,Inbox,/app/inbox,PLAN_TBD_BY_ARTIFACT_AUDIT,"Source, SourcePacket, Attachment, ImportJob, CaptureDraft",implement as product capability,"Любой ввод сохраняется локально, получает provenance, receipt, Data Control item и graph edge.",Системная диктовка и клавиатурный голосовой ввод как бесплатный путь захвата,"если устройство уже умеет бесплатный голосовой ввод на уровне системы или клавиатуры, продукт должен использовать это как нормальный путь захвата, а не заставлять каждый раз платить за отдельную расшифровку.",4918,docs/source_of_truth/LifeOS_canon_v33.md
C03-053,Функция,C03,ЗАХВАТ И ВХОДЯЩИЙ КОНТУР,Capture / Inbox,Inbox,/app/inbox,PLAN_TBD_BY_ARTIFACT_AUDIT,"Source, SourcePacket, Attachment, ImportJob, CaptureDraft",implement as product capability,"Любой ввод сохраняется локально, получает provenance, receipt, Data Control item и graph edge.",Сырой голос без немедленной расшифровки,"голосовой вход должен уметь жить как сырой артефакт даже тогда, когда сейчас нет дешёвого или приватного маршрута расшифровки.",4924,docs/source_of_truth/LifeOS_canon_v33.md
C03-054,Функция,C03,ЗАХВАТ И ВХОДЯЩИЙ КОНТУР,Capture / Inbox,Inbox,/app/inbox,PLAN_TBD_BY_ARTIFACT_AUDIT,"Source, SourcePacket, Attachment, ImportJob, CaptureDraft",implement as product capability,"Любой ввод сохраняется локально, получает provenance, receipt, Data Control item и graph edge.",Безопасная загрузка пользовательских файлов и медиа,"любой загружаемый файл — книга, аудио, фото, документ, обложка, курс или вложение — проходит единый контур приёма, проверки, разметки и помещения в артефактный слой.",4932,docs/source_of_truth/LifeOS_canon_v33.md
C03-055,Функция,C03,ЗАХВАТ И ВХОДЯЩИЙ КОНТУР,Capture / Inbox,Inbox,/app/inbox,PLAN_TBD_BY_ARTIFACT_AUDIT,"Source, SourcePacket, Attachment, ImportJob, CaptureDraft",implement as product capability,"Любой ввод сохраняется локально, получает provenance, receipt, Data Control item и graph edge.",Голосовой захват в артефактный контур,"голосовая запись должна становиться не одноразовым сообщением, а сырьём для транскрипта, кандидатов, связей, следующего шага и дальнейшей памяти.",4938,docs/source_of_truth/LifeOS_canon_v33.md
C03-056,Функция,C03,ЗАХВАТ И ВХОДЯЩИЙ КОНТУР,Capture / Inbox,Inbox,/app/inbox,PLAN_TBD_BY_ARTIFACT_AUDIT,"Source, SourcePacket, Attachment, ImportJob, CaptureDraft",implement as product capability,"Любой ввод сохраняется локально, получает provenance, receipt, Data Control item и graph edge.","Книги, тексты и аудиокниги как полноценный вход","текстовые книги, документы и аудиоверсии должны входить в систему как управляемые артефакты, а не как случайные файлы без жизни внутри продукта.",4944,docs/source_of_truth/LifeOS_canon_v33.md
C03-057,Функция,C03,ЗАХВАТ И ВХОДЯЩИЙ КОНТУР,Capture / Inbox,Inbox,/app/inbox,PLAN_TBD_BY_ARTIFACT_AUDIT,"Source, SourcePacket, Attachment, ImportJob, CaptureDraft",implement as product capability,"Любой ввод сохраняется локально, получает provenance, receipt, Data Control item и graph edge.",Скан еды и упаковки в пищевой контур,"фото блюда, штрихкода, этикетки, состава и упаковки должно уметь переходить в еду, нутриенты, ингредиенты, бюджет и влияние на энергию.",4950,docs/source_of_truth/LifeOS_canon_v33.md
C03-058,Качество,C03,ЗАХВАТ И ВХОДЯЩИЙ КОНТУР,Capture / Inbox,Inbox,/app/inbox,PLAN_TBD_BY_ARTIFACT_AUDIT,"Source, SourcePacket, Attachment, ImportJob, CaptureDraft",build as acceptance criterion,"Любой ввод сохраняется локально, получает provenance, receipt, Data Control item и graph edge.",Предпросмотр и подтверждение перед активацией загруженного материала,медиа и документы не должны молча становиться активными публичными или рабочими объектами без понятного предпросмотра и человеческого шага.,4956,docs/source_of_truth/LifeOS_canon_v33.md
C03-059,Качество,C03,ЗАХВАТ И ВХОДЯЩИЙ КОНТУР,Kernel / OS Spine,Core / invisible OS spine,/app/system,PLAN_TBD_BY_ARTIFACT_AUDIT,"LifeObject, SourceRef, Receipt, AuditEvent, PolicyBoundary, GraphEdge",build as acceptance criterion,Все сущности имеют общий id/state/source/receipt/graph refs; ни одна секция не хранит отдельные fake arrays.,"Один составной артефакт для текста, аудио, изображения, файла и метаданных","книга, курс, событие, профиль знакомства, рецепт или объект инвентаря должны уметь держать в одном контейнере все связанные носители, а не распадаться на несвязанные куски.",4962,docs/source_of_truth/LifeOS_canon_v33.md
C04-001,Качество,C04,"РАБОЧАЯ ПОВЕРХНОСТЬ, КОММУНИКАЦИИ И ВСТРЕЧИ",Providers / Local AI / Media / Screen,Providers,/app/providers,PLAN_TBD_BY_ARTIFACT_AUDIT,"ProviderBoundary, ModelProfile, MediaTranscriptJob, ScreenSession, DeviceSyncState",build as acceptance criterion,"Никаких fake cloud/model/screen/VPN success; только readiness, preview, explicit setup/approval.",Одна цельная рабочая поверхность,"работа должна происходить в одном связанном месте, а не в россыпи экранов.",4972,docs/source_of_truth/LifeOS_canon_v33.md
C04-002,Функция,C04,"РАБОЧАЯ ПОВЕРХНОСТЬ, КОММУНИКАЦИИ И ВСТРЕЧИ",Chat / Communication,Chat,/app/chat,PLAN_TBD_BY_ARTIFACT_AUDIT,"ChatThread, ChatMessage, MeetingNote, Contact, ConversationContext",implement as product capability,Сообщение можно превратить в note/task/proposal; внешняя отправка заблокирована без provider/approval.,"Почта, календарь, встречи, документы и задачи рядом",основные рабочие сущности должны жить бок о бок.,4978,docs/source_of_truth/LifeOS_canon_v33.md
C04-003,Функция,C04,"РАБОЧАЯ ПОВЕРХНОСТЬ, КОММУНИКАЦИИ И ВСТРЕЧИ",Chat / Communication,Chat,/app/chat,PLAN_TBD_BY_ARTIFACT_AUDIT,"ChatThread, ChatMessage, MeetingNote, Contact, ConversationContext",implement as product capability,Сообщение можно превратить в note/task/proposal; внешняя отправка заблокирована без provider/approval.,Рабочая почта из нескольких аккаунтов,личная и рабочая переписка должны собираться в один рабочий слой без потери контекста.,4984,docs/source_of_truth/LifeOS_canon_v33.md
C04-004,Функция,C04,"РАБОЧАЯ ПОВЕРХНОСТЬ, КОММУНИКАЦИИ И ВСТРЕЧИ",Chat / Communication,Chat,/app/chat,PLAN_TBD_BY_ARTIFACT_AUDIT,"ChatThread, ChatMessage, MeetingNote, Contact, ConversationContext",implement as product capability,Сообщение можно превратить в note/task/proposal; внешняя отправка заблокирована без provider/approval.,Фокусный поток рабочей почты с ручной переклассификацией,"почтовый поток должен ужимать шум, но оставаться управляемым человеком.",4990,docs/source_of_truth/LifeOS_canon_v33.md
C04-005,Функция,C04,"РАБОЧАЯ ПОВЕРХНОСТЬ, КОММУНИКАЦИИ И ВСТРЕЧИ",Chat / Communication,Chat,/app/chat,PLAN_TBD_BY_ARTIFACT_AUDIT,"ChatThread, ChatMessage, MeetingNote, Contact, ConversationContext",implement as product capability,Сообщение можно превратить в note/task/proposal; внешняя отправка заблокирована без provider/approval.,Жестовый разбор рабочей почты на телефоне,на телефоне базовый разбор должен занимать секунды.,4996,docs/source_of_truth/LifeOS_canon_v33.md
C04-006,Качество,C04,"РАБОЧАЯ ПОВЕРХНОСТЬ, КОММУНИКАЦИИ И ВСТРЕЧИ",Chat / Communication,Chat,/app/chat,PLAN_TBD_BY_ARTIFACT_AUDIT,"ChatThread, ChatMessage, MeetingNote, Contact, ConversationContext",build as acceptance criterion,Сообщение можно превратить в note/task/proposal; внешняя отправка заблокирована без provider/approval.,"Почта как рабочая оболочка, а не как склад писем","почтовый слой должен быть местом работы, а не просто лентой сообщений.",5002,docs/source_of_truth/LifeOS_canon_v33.md
C04-007,Функция,C04,"РАБОЧАЯ ПОВЕРХНОСТЬ, КОММУНИКАЦИИ И ВСТРЕЧИ",Chat / Communication,Chat,/app/chat,PLAN_TBD_BY_ARTIFACT_AUDIT,"ChatThread, ChatMessage, MeetingNote, Contact, ConversationContext",implement as product capability,Сообщение можно превратить в note/task/proposal; внешняя отправка заблокирована без provider/approval.,Разговорная почта,переписка должна ощущаться как живой рабочий разговор без формальной тяжести.,5008,docs/source_of_truth/LifeOS_canon_v33.md
C04-008,Функция,C04,"РАБОЧАЯ ПОВЕРХНОСТЬ, КОММУНИКАЦИИ И ВСТРЕЧИ",Chat / Communication,Chat,/app/chat,PLAN_TBD_BY_ARTIFACT_AUDIT,"ChatThread, ChatMessage, MeetingNote, Contact, ConversationContext",implement as product capability,Сообщение можно превратить в note/task/proposal; внешняя отправка заблокирована без provider/approval.,Почтовые действия обычной фразой,"управлять письмами должно быть можно не только кнопками, но и естественным запросом.",5014,docs/source_of_truth/LifeOS_canon_v33.md
C04-009,Функция,C04,"РАБОЧАЯ ПОВЕРХНОСТЬ, КОММУНИКАЦИИ И ВСТРЕЧИ",Chat / Communication,Chat,/app/chat,PLAN_TBD_BY_ARTIFACT_AUDIT,"ChatThread, ChatMessage, MeetingNote, Contact, ConversationContext",implement as product capability,Сообщение можно превратить в note/task/proposal; внешняя отправка заблокирована без provider/approval.,Помощь в написании письма прямо в почте,работа с текстом письма должна происходить внутри почтового контура.,5020,docs/source_of_truth/LifeOS_canon_v33.md
C04-010,Функция,C04,"РАБОЧАЯ ПОВЕРХНОСТЬ, КОММУНИКАЦИИ И ВСТРЕЧИ",Kernel / OS Spine,Core / invisible OS spine,/app/system,PLAN_TBD_BY_ARTIFACT_AUDIT,"LifeObject, SourceRef, Receipt, AuditEvent, PolicyBoundary, GraphEdge",implement as product capability,Все сущности имеют общий id/state/source/receipt/graph refs; ни одна секция не хранит отдельные fake arrays.,Закладки и заметки прямо внутри почты,в почтовом контуре нужны свои лёгкие вспомогательные объекты.,5026,docs/source_of_truth/LifeOS_canon_v33.md
C04-011,Функция,C04,"РАБОЧАЯ ПОВЕРХНОСТЬ, КОММУНИКАЦИИ И ВСТРЕЧИ",Chat / Communication,Chat,/app/chat,PLAN_TBD_BY_ARTIFACT_AUDIT,"ChatThread, ChatMessage, MeetingNote, Contact, ConversationContext",implement as product capability,Сообщение можно превратить в note/task/proposal; внешняя отправка заблокирована без provider/approval.,Встроенная рабочая лента и каналы обсуждений,"внутри коммуникационного слоя нужен режим обсуждения, который не требует уходить в отдельный тяжёлый инструмент.",5032,docs/source_of_truth/LifeOS_canon_v33.md
C04-012,Функция,C04,"РАБОЧАЯ ПОВЕРХНОСТЬ, КОММУНИКАЦИИ И ВСТРЕЧИ",Chat / Communication,Chat,/app/chat,PLAN_TBD_BY_ARTIFACT_AUDIT,"ChatThread, ChatMessage, MeetingNote, Contact, ConversationContext",implement as product capability,Сообщение можно превратить в note/task/proposal; внешняя отправка заблокирована без provider/approval.,Боковой слой задач рядом с коммуникациями,"задача должна быть видна рядом с письмом, чатом, календарём и файлами.",5038,docs/source_of_truth/LifeOS_canon_v33.md
C04-013,Функция,C04,"РАБОЧАЯ ПОВЕРХНОСТЬ, КОММУНИКАЦИИ И ВСТРЕЧИ",Chat / Communication,Chat,/app/chat,PLAN_TBD_BY_ARTIFACT_AUDIT,"ChatThread, ChatMessage, MeetingNote, Contact, ConversationContext",implement as product capability,Сообщение можно превратить в note/task/proposal; внешняя отправка заблокирована без provider/approval.,Единый контур «обсуждения + задачи + расписание»,"совместная работа должна быть связной, но не тяжёлой.",5044,docs/source_of_truth/LifeOS_canon_v33.md
C04-014,Функция,C04,"РАБОЧАЯ ПОВЕРХНОСТЬ, КОММУНИКАЦИИ И ВСТРЕЧИ",Chat / Communication,Chat,/app/chat,PLAN_TBD_BY_ARTIFACT_AUDIT,"ChatThread, ChatMessage, MeetingNote, Contact, ConversationContext",implement as product capability,Сообщение можно превратить в note/task/proposal; внешняя отправка заблокирована без provider/approval.,Ссылки записи и бронирования внутри рабочего пространства,"координация встреч должна жить внутри рабочего хаба, а не отдельным внешним миром.",5050,docs/source_of_truth/LifeOS_canon_v33.md
C04-015,Функция,C04,"РАБОЧАЯ ПОВЕРХНОСТЬ, КОММУНИКАЦИИ И ВСТРЕЧИ",Chat / Communication,Chat,/app/chat,PLAN_TBD_BY_ARTIFACT_AUDIT,"ChatThread, ChatMessage, MeetingNote, Contact, ConversationContext",implement as product capability,Сообщение можно превратить в note/task/proposal; внешняя отправка заблокирована без provider/approval.,Контейнер намерения и проекта,"длинная работа должна иметь одно устойчивое место с целью, материалами и историей.",5056,docs/source_of_truth/LifeOS_canon_v33.md
C04-016,Функция,C04,"РАБОЧАЯ ПОВЕРХНОСТЬ, КОММУНИКАЦИИ И ВСТРЕЧИ",Chat / Communication,Chat,/app/chat,PLAN_TBD_BY_ARTIFACT_AUDIT,"ChatThread, ChatMessage, MeetingNote, Contact, ConversationContext",implement as product capability,Сообщение можно превратить в note/task/proposal; внешняя отправка заблокирована без provider/approval.,Контекстный рабочий блокнот,"вокруг работы нужен отдельный контейнер заметок, ссылок и файлов.",5062,docs/source_of_truth/LifeOS_canon_v33.md
C04-017,Функция,C04,"РАБОЧАЯ ПОВЕРХНОСТЬ, КОММУНИКАЦИИ И ВСТРЕЧИ",Chat / Communication,Chat,/app/chat,PLAN_TBD_BY_ARTIFACT_AUDIT,"ChatThread, ChatMessage, MeetingNote, Contact, ConversationContext",implement as product capability,Сообщение можно превратить в note/task/proposal; внешняя отправка заблокирована без provider/approval.,Ответ превращается в рабочий артефакт,полезный ответ не должен умирать как одноразовое сообщение.,5068,docs/source_of_truth/LifeOS_canon_v33.md
C04-018,Функция,C04,"РАБОЧАЯ ПОВЕРХНОСТЬ, КОММУНИКАЦИИ И ВСТРЕЧИ",Chat / Communication,Chat,/app/chat,PLAN_TBD_BY_ARTIFACT_AUDIT,"ChatThread, ChatMessage, MeetingNote, Contact, ConversationContext",implement as product capability,Сообщение можно превратить в note/task/proposal; внешняя отправка заблокирована без provider/approval.,Ответ превращается в план,обсуждение должно уметь переходить в упорядоченный следующий ход.,5074,docs/source_of_truth/LifeOS_canon_v33.md
C04-019,Функция,C04,"РАБОЧАЯ ПОВЕРХНОСТЬ, КОММУНИКАЦИИ И ВСТРЕЧИ",Chat / Communication,Chat,/app/chat,PLAN_TBD_BY_ARTIFACT_AUDIT,"ChatThread, ChatMessage, MeetingNote, Contact, ConversationContext",implement as product capability,Сообщение можно превратить в note/task/proposal; внешняя отправка заблокирована без provider/approval.,Ответ превращается в решение,итог обсуждения должен уметь фиксироваться как отдельное принятое решение.,5080,docs/source_of_truth/LifeOS_canon_v33.md
C04-020,Функция,C04,"РАБОЧАЯ ПОВЕРХНОСТЬ, КОММУНИКАЦИИ И ВСТРЕЧИ",Chat / Communication,Chat,/app/chat,PLAN_TBD_BY_ARTIFACT_AUDIT,"ChatThread, ChatMessage, MeetingNote, Contact, ConversationContext",implement as product capability,Сообщение можно превратить в note/task/proposal; внешняя отправка заблокирована без provider/approval.,Ответ превращается в проект,сильный ответ должен уметь открывать долгую рабочую ветку.,5086,docs/source_of_truth/LifeOS_canon_v33.md
C04-021,Функция,C04,"РАБОЧАЯ ПОВЕРХНОСТЬ, КОММУНИКАЦИИ И ВСТРЕЧИ",Chat / Communication,Chat,/app/chat,PLAN_TBD_BY_ARTIFACT_AUDIT,"ChatThread, ChatMessage, MeetingNote, Contact, ConversationContext",implement as product capability,Сообщение можно превратить в note/task/proposal; внешняя отправка заблокирована без provider/approval.,Ответ превращается в сообщение,результат размышления должен уметь становиться готовой коммуникацией.,5092,docs/source_of_truth/LifeOS_canon_v33.md
C04-022,Функция,C04,"РАБОЧАЯ ПОВЕРХНОСТЬ, КОММУНИКАЦИИ И ВСТРЕЧИ",Chat / Communication,Chat,/app/chat,PLAN_TBD_BY_ARTIFACT_AUDIT,"ChatThread, ChatMessage, MeetingNote, Contact, ConversationContext",implement as product capability,Сообщение можно превратить в note/task/proposal; внешняя отправка заблокирована без provider/approval.,Ответ превращается во встречу,"когда следующий лучший шаг — разговор, система должна уметь перевести туда результат.",5098,docs/source_of_truth/LifeOS_canon_v33.md
C04-023,Функция,C04,"РАБОЧАЯ ПОВЕРХНОСТЬ, КОММУНИКАЦИИ И ВСТРЕЧИ",Chat / Communication,Chat,/app/chat,PLAN_TBD_BY_ARTIFACT_AUDIT,"ChatThread, ChatMessage, MeetingNote, Contact, ConversationContext",implement as product capability,Сообщение можно превратить в note/task/proposal; внешняя отправка заблокирована без provider/approval.,Ответ превращается в результат исследования,исследовательский вывод должен уметь жить как самостоятельный рабочий итог.,5104,docs/source_of_truth/LifeOS_canon_v33.md
C04-024,Функция,C04,"РАБОЧАЯ ПОВЕРХНОСТЬ, КОММУНИКАЦИИ И ВСТРЕЧИ",Kernel / OS Spine,Core / invisible OS spine,/app/system,PLAN_TBD_BY_ARTIFACT_AUDIT,"LifeObject, SourceRef, Receipt, AuditEvent, PolicyBoundary, GraphEdge",implement as product capability,Все сущности имеют общий id/state/source/receipt/graph refs; ни одна секция не хранит отдельные fake arrays.,Рабочая квитанция решения,"важное решение должно иметь краткую человеческую фиксацию источника, уверенности и последствий.",5110,docs/source_of_truth/LifeOS_canon_v33.md
C04-025,Функция,C04,"РАБОЧАЯ ПОВЕРХНОСТЬ, КОММУНИКАЦИИ И ВСТРЕЧИ",Chat / Communication,Chat,/app/chat,PLAN_TBD_BY_ARTIFACT_AUDIT,"ChatThread, ChatMessage, MeetingNote, Contact, ConversationContext",implement as product capability,Сообщение можно превратить в note/task/proposal; внешняя отправка заблокирована без provider/approval.,"Единый поиск по людям, встречам, файлам и недавним объектам","в рабочем контуре нужен не локальный, а сквозной поиск.",5116,docs/source_of_truth/LifeOS_canon_v33.md
C04-026,Функция,C04,"РАБОЧАЯ ПОВЕРХНОСТЬ, КОММУНИКАЦИИ И ВСТРЕЧИ",Chat / Communication,Chat,/app/chat,PLAN_TBD_BY_ARTIFACT_AUDIT,"ChatThread, ChatMessage, MeetingNote, Contact, ConversationContext",implement as product capability,Сообщение можно превратить в note/task/proposal; внешняя отправка заблокирована без provider/approval.,Мост «сообщение → задача»,сообщение должно уметь переходить в обязательство без ручного переписывания.,5122,docs/source_of_truth/LifeOS_canon_v33.md
C04-027,Функция,C04,"РАБОЧАЯ ПОВЕРХНОСТЬ, КОММУНИКАЦИИ И ВСТРЕЧИ",Chat / Communication,Chat,/app/chat,PLAN_TBD_BY_ARTIFACT_AUDIT,"ChatThread, ChatMessage, MeetingNote, Contact, ConversationContext",implement as product capability,Сообщение можно превратить в note/task/proposal; внешняя отправка заблокирована без provider/approval.,Мост «сообщение → событие»,коммуникация должна уметь переходить во встречу или событие.,5128,docs/source_of_truth/LifeOS_canon_v33.md
C04-028,Функция,C04,"РАБОЧАЯ ПОВЕРХНОСТЬ, КОММУНИКАЦИИ И ВСТРЕЧИ",Chat / Communication,Chat,/app/chat,PLAN_TBD_BY_ARTIFACT_AUDIT,"ChatThread, ChatMessage, MeetingNote, Contact, ConversationContext",implement as product capability,Сообщение можно превратить в note/task/proposal; внешняя отправка заблокирована без provider/approval.,Мост «сообщение → артефакт»,полезное сообщение должно уметь становиться рабочим материалом.,5134,docs/source_of_truth/LifeOS_canon_v33.md
C04-029,Функция,C04,"РАБОЧАЯ ПОВЕРХНОСТЬ, КОММУНИКАЦИИ И ВСТРЕЧИ",Chat / Communication,Chat,/app/chat,PLAN_TBD_BY_ARTIFACT_AUDIT,"ChatThread, ChatMessage, MeetingNote, Contact, ConversationContext",implement as product capability,Сообщение можно превратить в note/task/proposal; внешняя отправка заблокирована без provider/approval.,Мост «помеченное письмо → задача»,"быстрый флаг на письме должен уметь быть не просто меткой, а переходом к исполнению.",5140,docs/source_of_truth/LifeOS_canon_v33.md
C04-030,Функция,C04,"РАБОЧАЯ ПОВЕРХНОСТЬ, КОММУНИКАЦИИ И ВСТРЕЧИ",Chat / Communication,Chat,/app/chat,PLAN_TBD_BY_ARTIFACT_AUDIT,"ChatThread, ChatMessage, MeetingNote, Contact, ConversationContext",implement as product capability,Сообщение можно превратить в note/task/proposal; внешняя отправка заблокирована без provider/approval.,Подготовительный контекст встречи,у встречи должен быть слой до начала разговора.,5146,docs/source_of_truth/LifeOS_canon_v33.md
C04-031,Функция,C04,"РАБОЧАЯ ПОВЕРХНОСТЬ, КОММУНИКАЦИИ И ВСТРЕЧИ",Chat / Communication,Chat,/app/chat,PLAN_TBD_BY_ARTIFACT_AUDIT,"ChatThread, ChatMessage, MeetingNote, Contact, ConversationContext",implement as product capability,Сообщение можно превратить в note/task/proposal; внешняя отправка заблокирована без provider/approval.,Захват по ходу встречи,"во время разговора система должна собирать рабочий материал, а не только сохранять запись.",5152,docs/source_of_truth/LifeOS_canon_v33.md
C04-032,Функция,C04,"РАБОЧАЯ ПОВЕРХНОСТЬ, КОММУНИКАЦИИ И ВСТРЕЧИ",Providers / Local AI / Media / Screen,Providers,/app/providers,PLAN_TBD_BY_ARTIFACT_AUDIT,"ProviderBoundary, ModelProfile, MediaTranscriptJob, ScreenSession, DeviceSyncState",implement as product capability,"Никаких fake cloud/model/screen/VPN success; только readiness, preview, explicit setup/approval.",Транскрипт встречи,аудио разговора должно становиться читаемым текстом.,5158,docs/source_of_truth/LifeOS_canon_v33.md
C04-033,Функция,C04,"РАБОЧАЯ ПОВЕРХНОСТЬ, КОММУНИКАЦИИ И ВСТРЕЧИ",Providers / Local AI / Media / Screen,Providers,/app/providers,PLAN_TBD_BY_ARTIFACT_AUDIT,"ProviderBoundary, ModelProfile, MediaTranscriptJob, ScreenSession, DeviceSyncState",implement as product capability,"Никаких fake cloud/model/screen/VPN success; только readiness, preview, explicit setup/approval.",Разделение говорящих,"в транскрипте должно быть видно, кто именно что сказал.",5164,docs/source_of_truth/LifeOS_canon_v33.md
C04-034,Функция,C04,"РАБОЧАЯ ПОВЕРХНОСТЬ, КОММУНИКАЦИИ И ВСТРЕЧИ",Providers / Local AI / Media / Screen,Providers,/app/providers,PLAN_TBD_BY_ARTIFACT_AUDIT,"ProviderBoundary, ModelProfile, MediaTranscriptJob, ScreenSession, DeviceSyncState",implement as product capability,"Никаких fake cloud/model/screen/VPN success; только readiness, preview, explicit setup/approval.",Действия с привязкой к точному месту транскрипта,последующие задачи должны ссылаться на конкретный фрагмент разговора.,5170,docs/source_of_truth/LifeOS_canon_v33.md
C04-035,Функция,C04,"РАБОЧАЯ ПОВЕРХНОСТЬ, КОММУНИКАЦИИ И ВСТРЕЧИ",Chat / Communication,Chat,/app/chat,PLAN_TBD_BY_ARTIFACT_AUDIT,"ChatThread, ChatMessage, MeetingNote, Contact, ConversationContext",implement as product capability,Сообщение можно превратить в note/task/proposal; внешняя отправка заблокирована без provider/approval.,Формирование последующих действий по людям,"после встречи нужно понимать не только общий итог, но и кому что делать.",5176,docs/source_of_truth/LifeOS_canon_v33.md
C04-036,Функция,C04,"РАБОЧАЯ ПОВЕРХНОСТЬ, КОММУНИКАЦИИ И ВСТРЕЧИ",Chat / Communication,Chat,/app/chat,PLAN_TBD_BY_ARTIFACT_AUDIT,"ChatThread, ChatMessage, MeetingNote, Contact, ConversationContext",implement as product capability,Сообщение можно превратить в note/task/proposal; внешняя отправка заблокирована без provider/approval.,Извлечение после встречи,"после разговора нужен разбор смысла, а не просто архив записи.",5182,docs/source_of_truth/LifeOS_canon_v33.md
C04-037,Функция,C04,"РАБОЧАЯ ПОВЕРХНОСТЬ, КОММУНИКАЦИИ И ВСТРЕЧИ",Chat / Communication,Chat,/app/chat,PLAN_TBD_BY_ARTIFACT_AUDIT,"ChatThread, ChatMessage, MeetingNote, Contact, ConversationContext",implement as product capability,Сообщение можно превратить в note/task/proposal; внешняя отправка заблокирована без provider/approval.,Улучшенная заметка встречи,"итог разговора должен жить как хорошая рабочая заметка, а не как сырая стенограмма.",5188,docs/source_of_truth/LifeOS_canon_v33.md
C04-038,Функция,C04,"РАБОЧАЯ ПОВЕРХНОСТЬ, КОММУНИКАЦИИ И ВСТРЕЧИ",Providers / Local AI / Media / Screen,Providers,/app/providers,PLAN_TBD_BY_ARTIFACT_AUDIT,"ProviderBoundary, ModelProfile, MediaTranscriptJob, ScreenSession, DeviceSyncState",implement as product capability,"Никаких fake cloud/model/screen/VPN success; только readiness, preview, explicit setup/approval.",Постзвонковый экран разбора,после встречи нужен отдельный короткий экран превращения разговора в работу.,5194,docs/source_of_truth/LifeOS_canon_v33.md
C04-039,Функция,C04,"РАБОЧАЯ ПОВЕРХНОСТЬ, КОММУНИКАЦИИ И ВСТРЕЧИ",Chat / Communication,Chat,/app/chat,PLAN_TBD_BY_ARTIFACT_AUDIT,"ChatThread, ChatMessage, MeetingNote, Contact, ConversationContext",implement as product capability,Сообщение можно превратить в note/task/proposal; внешняя отправка заблокирована без provider/approval.,Вставка результата встречи в план,"итоги разговора должны переходить в рабочий план, а не висеть рядом отдельным документом.",5200,docs/source_of_truth/LifeOS_canon_v33.md
C04-040,Функция,C04,"РАБОЧАЯ ПОВЕРХНОСТЬ, КОММУНИКАЦИИ И ВСТРЕЧИ",Chat / Communication,Chat,/app/chat,PLAN_TBD_BY_ARTIFACT_AUDIT,"ChatThread, ChatMessage, MeetingNote, Contact, ConversationContext",implement as product capability,Сообщение можно превратить в note/task/proposal; внешняя отправка заблокирована без provider/approval.,Мой список действий из всех встреч,человеку нужен единый личный слой обещаний и поручений из разговоров.,5206,docs/source_of_truth/LifeOS_canon_v33.md
C04-041,Функция,C04,"РАБОЧАЯ ПОВЕРХНОСТЬ, КОММУНИКАЦИИ И ВСТРЕЧИ",Chat / Communication,Chat,/app/chat,PLAN_TBD_BY_ARTIFACT_AUDIT,"ChatThread, ChatMessage, MeetingNote, Contact, ConversationContext",implement as product capability,Сообщение можно превратить в note/task/proposal; внешняя отправка заблокирована без provider/approval.,Автоматическое подключение к встрече как явный режим,"помощник должен уметь входить во встречу сам, но только по включаемому сценарию.",5212,docs/source_of_truth/LifeOS_canon_v33.md
C04-042,Функция,C04,"РАБОЧАЯ ПОВЕРХНОСТЬ, КОММУНИКАЦИИ И ВСТРЕЧИ",Chat / Communication,Chat,/app/chat,PLAN_TBD_BY_ARTIFACT_AUDIT,"ChatThread, ChatMessage, MeetingNote, Contact, ConversationContext",implement as product capability,Сообщение можно превратить в note/task/proposal; внешняя отправка заблокирована без provider/approval.,Живой помощник встречи как явный режим,"во время разговора помощник может работать вживую, но только в видимых границах.",5219,docs/source_of_truth/LifeOS_canon_v33.md
C04-043,Функция,C04,"РАБОЧАЯ ПОВЕРХНОСТЬ, КОММУНИКАЦИИ И ВСТРЕЧИ",Chat / Communication,Chat,/app/chat,PLAN_TBD_BY_ARTIFACT_AUDIT,"ChatThread, ChatMessage, MeetingNote, Contact, ConversationContext",implement as product capability,Сообщение можно превратить в note/task/proposal; внешняя отправка заблокирована без provider/approval.,Безопасная запись и поисковая документация встречи,запись разговора должна переходить в защищённый и пригодный для поиска рабочий архив.,5226,docs/source_of_truth/LifeOS_canon_v33.md
C04-044,Функция,C04,"РАБОЧАЯ ПОВЕРХНОСТЬ, КОММУНИКАЦИИ И ВСТРЕЧИ",Chat / Communication,Chat,/app/chat,PLAN_TBD_BY_ARTIFACT_AUDIT,"ChatThread, ChatMessage, MeetingNote, Contact, ConversationContext",implement as product capability,Сообщение можно превратить в note/task/proposal; внешняя отправка заблокирована без provider/approval.,Визуализация решений встречи,решение по разговору должно быть видно не только в тексте сводки.,5232,docs/source_of_truth/LifeOS_canon_v33.md
C04-045,Функция,C04,"РАБОЧАЯ ПОВЕРХНОСТЬ, КОММУНИКАЦИИ И ВСТРЕЧИ",Life Domains / Wellbeing / Money / Family,Domains,/app/domains,PLAN_TBD_BY_ARTIFACT_AUDIT,"HealthSignal, Routine, Relationship, HomeItem, MoneyEvent, Trip, Meal, DomainPack",implement as product capability,Домены не ломают ядро; каждый доменный объект — LifeObject с source/receipt/control/graph.,Заметка от события календаря,рабочая заметка должна уметь рождаться прямо из события.,5238,docs/source_of_truth/LifeOS_canon_v33.md
C04-046,Функция,C04,"РАБОЧАЯ ПОВЕРХНОСТЬ, КОММУНИКАЦИИ И ВСТРЕЧИ",Chat / Communication,Chat,/app/chat,PLAN_TBD_BY_ARTIFACT_AUDIT,"ChatThread, ChatMessage, MeetingNote, Contact, ConversationContext",implement as product capability,Сообщение можно превратить в note/task/proposal; внешняя отправка заблокирована без provider/approval.,Направление структуры заметки во время встречи,"человек должен уметь подсказать системе, какие куски разговора важнее.",5244,docs/source_of_truth/LifeOS_canon_v33.md
C04-047,Функция,C04,"РАБОЧАЯ ПОВЕРХНОСТЬ, КОММУНИКАЦИИ И ВСТРЕЧИ",Chat / Communication,Chat,/app/chat,PLAN_TBD_BY_ARTIFACT_AUDIT,"ChatThread, ChatMessage, MeetingNote, Contact, ConversationContext",implement as product capability,Сообщение можно превратить в note/task/proposal; внешняя отправка заблокирована без provider/approval.,Чат по встречам и рабочим заметкам,по своим разговорам нужен отдельный режим вопросов.,5250,docs/source_of_truth/LifeOS_canon_v33.md
C04-048,Функция,C04,"РАБОЧАЯ ПОВЕРХНОСТЬ, КОММУНИКАЦИИ И ВСТРЕЧИ",Chat / Communication,Chat,/app/chat,PLAN_TBD_BY_ARTIFACT_AUDIT,"ChatThread, ChatMessage, MeetingNote, Contact, ConversationContext",implement as product capability,Сообщение можно превратить в note/task/proposal; внешняя отправка заблокирована без provider/approval.,Ролевые варианты итога встречи,один и тот же разговор должен уметь давать разные формы итога.,5256,docs/source_of_truth/LifeOS_canon_v33.md
C04-049,Функция,C04,"РАБОЧАЯ ПОВЕРХНОСТЬ, КОММУНИКАЦИИ И ВСТРЕЧИ",Chat / Communication,Chat,/app/chat,PLAN_TBD_BY_ARTIFACT_AUDIT,"ChatThread, ChatMessage, MeetingNote, Contact, ConversationContext",implement as product capability,Сообщение можно превратить в note/task/proposal; внешняя отправка заблокирована без provider/approval.,Шаблоны итогов для разных типов встреч,"продажа, интервью, консультация и семейный разговор требуют разных форматов итога.",5262,docs/source_of_truth/LifeOS_canon_v33.md
C04-050,Функция,C04,"РАБОЧАЯ ПОВЕРХНОСТЬ, КОММУНИКАЦИИ И ВСТРЕЧИ",Chat / Communication,Chat,/app/chat,PLAN_TBD_BY_ARTIFACT_AUDIT,"ChatThread, ChatMessage, MeetingNote, Contact, ConversationContext",implement as product capability,Сообщение можно превратить в note/task/proposal; внешняя отправка заблокирована без provider/approval.,Ответ по встрече с точной привязкой к источнику,ответы по разговору должны опираться на конкретные места записи.,5268,docs/source_of_truth/LifeOS_canon_v33.md
C04-051,Функция,C04,"РАБОЧАЯ ПОВЕРХНОСТЬ, КОММУНИКАЦИИ И ВСТРЕЧИ",Chat / Communication,Chat,/app/chat,PLAN_TBD_BY_ARTIFACT_AUDIT,"ChatThread, ChatMessage, MeetingNote, Contact, ConversationContext",implement as product capability,Сообщение можно превратить в note/task/proposal; внешняя отправка заблокирована без provider/approval.,Структурированные асинхронные статусы вместо части статусных встреч,часть повторяющихся синхронов можно заменить асинхронным рабочим обновлением.,5274,docs/source_of_truth/LifeOS_canon_v33.md
C04-052,Функция,C04,"РАБОЧАЯ ПОВЕРХНОСТЬ, КОММУНИКАЦИИ И ВСТРЕЧИ",Chat / Communication,Chat,/app/chat,PLAN_TBD_BY_ARTIFACT_AUDIT,"ChatThread, ChatMessage, MeetingNote, Contact, ConversationContext",implement as product capability,Сообщение можно превратить в note/task/proposal; внешняя отправка заблокирована без provider/approval.,Спокойный карточно-табличный режим,нужен промежуточный вид между сухой таблицей и тяжёлой доской.,5280,docs/source_of_truth/LifeOS_canon_v33.md
C04-053,Минус,C04,"РАБОЧАЯ ПОВЕРХНОСТЬ, КОММУНИКАЦИИ И ВСТРЕЧИ",Chat / Communication,Chat,/app/chat,PLAN_TBD_BY_ARTIFACT_AUDIT,"ChatThread, ChatMessage, MeetingNote, Contact, ConversationContext",forbid / add regression guard,Сообщение можно превратить в note/task/proposal; внешняя отправка заблокирована без provider/approval.,Россыпь экранов вместо рабочего центра,"если коммуникации, встречи, документы и действия снова расходятся, рабочий слой теряет смысл.",5286,docs/source_of_truth/LifeOS_canon_v33.md
C04-054,Минус,C04,"РАБОЧАЯ ПОВЕРХНОСТЬ, КОММУНИКАЦИИ И ВСТРЕЧИ",Chat / Communication,Chat,/app/chat,PLAN_TBD_BY_ARTIFACT_AUDIT,"ChatThread, ChatMessage, MeetingNote, Contact, ConversationContext",forbid / add regression guard,Сообщение можно превратить в note/task/proposal; внешняя отправка заблокирована без provider/approval.,Скрытое превращение сообщения в обязательство,"письмо, чат или встреча не должны молча становиться задачей, событием или артефактом.",5292,docs/source_of_truth/LifeOS_canon_v33.md
C04-055,Минус,C04,"РАБОЧАЯ ПОВЕРХНОСТЬ, КОММУНИКАЦИИ И ВСТРЕЧИ",Chat / Communication,Chat,/app/chat,PLAN_TBD_BY_ARTIFACT_AUDIT,"ChatThread, ChatMessage, MeetingNote, Contact, ConversationContext",forbid / add regression guard,Сообщение можно превратить в note/task/proposal; внешняя отправка заблокирована без provider/approval.,Сводка встречи без продолжения,одна красивая расшифровка не закрывает рабочий цикл встречи.,5298,docs/source_of_truth/LifeOS_canon_v33.md
C04-056,Минус,C04,"РАБОЧАЯ ПОВЕРХНОСТЬ, КОММУНИКАЦИИ И ВСТРЕЧИ",Providers / Local AI / Media / Screen,Providers,/app/providers,PLAN_TBD_BY_ARTIFACT_AUDIT,"ProviderBoundary, ModelProfile, MediaTranscriptJob, ScreenSession, DeviceSyncState",forbid / add regression guard,"Никаких fake cloud/model/screen/VPN success; только readiness, preview, explicit setup/approval.",Корпоративная тяжесть вместо спокойной координации,рабочая поверхность не должна скатываться в перегруженный инструмент управления проектами.,5304,docs/source_of_truth/LifeOS_canon_v33.md
C04-057,Функция,C04,"РАБОЧАЯ ПОВЕРХНОСТЬ, КОММУНИКАЦИИ И ВСТРЕЧИ",Chat / Communication,Chat,/app/chat,PLAN_TBD_BY_ARTIFACT_AUDIT,"ChatThread, ChatMessage, MeetingNote, Contact, ConversationContext",implement as product capability,Сообщение можно превратить в note/task/proposal; внешняя отправка заблокирована без provider/approval.,"Формы, панели и отчёты внутри рабочей поверхности","рабочий слой должен уметь держать не только письма, встречи и документы, но и структурированные формы, панели и отчёты.",5310,docs/source_of_truth/LifeOS_canon_v33.md
C04-058,Функция,C04,"РАБОЧАЯ ПОВЕРХНОСТЬ, КОММУНИКАЦИИ И ВСТРЕЧИ",Chat / Communication,Chat,/app/chat,PLAN_TBD_BY_ARTIFACT_AUDIT,"ChatThread, ChatMessage, MeetingNote, Contact, ConversationContext",implement as product capability,Сообщение можно превратить в note/task/proposal; внешняя отправка заблокирована без provider/approval.,Поток «форма → рабочий массив → быстрый разбор → исполнение»,"структурированный внешний запрос должен входить отдельным рабочим потоком, а не теряться в почте или чате.",5316,docs/source_of_truth/LifeOS_canon_v33.md
C04-059,Функция,C04,"РАБОЧАЯ ПОВЕРХНОСТЬ, КОММУНИКАЦИИ И ВСТРЕЧИ",Providers / Local AI / Media / Screen,Providers,/app/providers,PLAN_TBD_BY_ARTIFACT_AUDIT,"ProviderBoundary, ModelProfile, MediaTranscriptJob, ScreenSession, DeviceSyncState",implement as product capability,"Никаких fake cloud/model/screen/VPN success; только readiness, preview, explicit setup/approval.","Формулы, связанные записи и автоматизации рабочего массива","в рабочем слое нужна собственная логика расчётов, связей и автоматических переходов, а не только ручная правка строк.",5322,docs/source_of_truth/LifeOS_canon_v33.md
C04-060,Функция,C04,"РАБОЧАЯ ПОВЕРХНОСТЬ, КОММУНИКАЦИИ И ВСТРЕЧИ",Chat / Communication,Chat,/app/chat,PLAN_TBD_BY_ARTIFACT_AUDIT,"ChatThread, ChatMessage, MeetingNote, Contact, ConversationContext",implement as product capability,Сообщение можно превратить в note/task/proposal; внешняя отправка заблокирована без provider/approval.,Передача владения документами и задачами при уходе участника,"в командном сценарии владение не должно зависать на человеке, который вышел из контура.",5328,docs/source_of_truth/LifeOS_canon_v33.md
C04-061,Функция,C04,"РАБОЧАЯ ПОВЕРХНОСТЬ, КОММУНИКАЦИИ И ВСТРЕЧИ",Chat / Communication,Chat,/app/chat,PLAN_TBD_BY_ARTIFACT_AUDIT,"ChatThread, ChatMessage, MeetingNote, Contact, ConversationContext",implement as product capability,Сообщение можно превратить в note/task/proposal; внешняя отправка заблокирована без provider/approval.,"Почтовые папки, цветные метки и умная фильтрация","почтовый слой должен уметь держать не только ленту писем, но и более богатую организацию потока.",5334,docs/source_of_truth/LifeOS_canon_v33.md
C04-062,Функция,C04,"РАБОЧАЯ ПОВЕРХНОСТЬ, КОММУНИКАЦИИ И ВСТРЕЧИ",Today / Journal,Today,/app/today,"PLAN_TBD_BY_ARTIFACT_AUDIT, PLAN_TBD_BY_ARTIFACT_AUDIT","TodayPage, DailyReview, JournalEntry, NextAction, RecoveryPlan",implement as product capability,Today читает реальные notes/tasks/calendar/source links и не генерирует отдельную несвязанную реальность.,Сведение рассылок в один ежедневный дайджест,"повторяющиеся рассылки должны схлопываться в одну управляемую точку обзора, а не забивать основной входящий поток.",5340,docs/source_of_truth/LifeOS_canon_v33.md
C04-063,Функция,C04,"РАБОЧАЯ ПОВЕРХНОСТЬ, КОММУНИКАЦИИ И ВСТРЕЧИ",Chat / Communication,Chat,/app/chat,PLAN_TBD_BY_ARTIFACT_AUDIT,"ChatThread, ChatMessage, MeetingNote, Contact, ConversationContext",implement as product capability,Сообщение можно превратить в note/task/proposal; внешняя отправка заблокирована без provider/approval.,Группировка подписок как объектов входящего,"массовые источники нужно видеть не как тысячи писем, а как несколько управляемых подписок.",5346,docs/source_of_truth/LifeOS_canon_v33.md
C04-064,Функция,C04,"РАБОЧАЯ ПОВЕРХНОСТЬ, КОММУНИКАЦИИ И ВСТРЕЧИ",Chat / Communication,Chat,/app/chat,PLAN_TBD_BY_ARTIFACT_AUDIT,"ChatThread, ChatMessage, MeetingNote, Contact, ConversationContext",implement as product capability,Сообщение можно превратить в note/task/proposal; внешняя отправка заблокирована без provider/approval.,Массовая отписка от повторяющегося шума,"из слоя коммуникаций должен быть прямой путь убрать систематический шум, а не просто архивировать его бесконечно.",5352,docs/source_of_truth/LifeOS_canon_v33.md
C04-065,Функция,C04,"РАБОЧАЯ ПОВЕРХНОСТЬ, КОММУНИКАЦИИ И ВСТРЕЧИ",Chat / Communication,Chat,/app/chat,PLAN_TBD_BY_ARTIFACT_AUDIT,"ChatThread, ChatMessage, MeetingNote, Contact, ConversationContext",implement as product capability,Сообщение можно превратить в note/task/proposal; внешняя отправка заблокирована без provider/approval.,Низкоприоритетный входящий как отдельный поток,не всё входящее заслуживает места в основном рабочем ряду.,5358,docs/source_of_truth/LifeOS_canon_v33.md
C04-066,Функция,C04,"РАБОЧАЯ ПОВЕРХНОСТЬ, КОММУНИКАЦИИ И ВСТРЕЧИ",Life Domains / Wellbeing / Money / Family,Domains,/app/domains,PLAN_TBD_BY_ARTIFACT_AUDIT,"HealthSignal, Routine, Relationship, HomeItem, MoneyEvent, Trip, Meal, DomainPack",implement as product capability,Домены не ломают ядро; каждый доменный объект — LifeObject с source/receipt/control/graph.,Генерация и редактирование изображений в рабочем интерфейсе,"создание и правка изображения должны быть встроенным действием рабочего артефакта, а не отдельным внешним миром.",5364,docs/source_of_truth/LifeOS_canon_v33.md
C04-067,Функция,C04,"РАБОЧАЯ ПОВЕРХНОСТЬ, КОММУНИКАЦИИ И ВСТРЕЧИ",Chat / Communication,Chat,/app/chat,PLAN_TBD_BY_ARTIFACT_AUDIT,"ChatThread, ChatMessage, MeetingNote, Contact, ConversationContext",implement as product capability,Сообщение можно превратить в note/task/proposal; внешняя отправка заблокирована без provider/approval.,Мгновенная обратная связь во время письма,"при наборе письма или сообщения система может мягко подсказывать ясность, тон и риск недопонимания до отправки.",5370,docs/source_of_truth/LifeOS_canon_v33.md
C04-068,Функция,C04,"РАБОЧАЯ ПОВЕРХНОСТЬ, КОММУНИКАЦИИ И ВСТРЕЧИ",Chat / Communication,Chat,/app/chat,PLAN_TBD_BY_ARTIFACT_AUDIT,"ChatThread, ChatMessage, MeetingNote, Contact, ConversationContext",implement as product capability,Сообщение можно превратить в note/task/proposal; внешняя отправка заблокирована без provider/approval.,Общий чек-лист с обновлением в реальном времени,"нескольким людям нужен один общий список, который обновляется сразу у всех участников.",5377,docs/source_of_truth/LifeOS_canon_v33.md
C04-069,Функция,C04,"РАБОЧАЯ ПОВЕРХНОСТЬ, КОММУНИКАЦИИ И ВСТРЕЧИ",Chat / Communication,Chat,/app/chat,PLAN_TBD_BY_ARTIFACT_AUDIT,"ChatThread, ChatMessage, MeetingNote, Contact, ConversationContext",implement as product capability,Сообщение можно превратить в note/task/proposal; внешняя отправка заблокирована без provider/approval.,Почта на собственном домене как поздний рабочий слой,Коммуникационный слой может включать собственный доменный адрес для малого бизнеса как расширение рабочего контура.,5384,docs/source_of_truth/LifeOS_canon_v33.md
C04-070,Функция,C04,"РАБОЧАЯ ПОВЕРХНОСТЬ, КОММУНИКАЦИИ И ВСТРЕЧИ",Chat / Communication,Chat,/app/chat,PLAN_TBD_BY_ARTIFACT_AUDIT,"ChatThread, ChatMessage, MeetingNote, Contact, ConversationContext",implement as product capability,Сообщение можно превратить в note/task/proposal; внешняя отправка заблокирована без provider/approval.,Встроенная командная лента рядом с почтой,"Обсуждение по письмам и рабочим объектам может жить рядом с почтой, а не только в отдельном чате.",5391,docs/source_of_truth/LifeOS_canon_v33.md
C04-071,Функция,C04,"РАБОЧАЯ ПОВЕРХНОСТЬ, КОММУНИКАЦИИ И ВСТРЕЧИ",Chat / Communication,Chat,/app/chat,PLAN_TBD_BY_ARTIFACT_AUDIT,"ChatThread, ChatMessage, MeetingNote, Contact, ConversationContext",implement as product capability,Сообщение можно превратить в note/task/proposal; внешняя отправка заблокирована без provider/approval.,"ИИ-черновики, сводки и советы внутри почты","Почтовый слой должен уметь не только хранить письмо, но и сразу предлагать черновик ответа, краткую сводку и совет по следующему действию.",5398,docs/source_of_truth/LifeOS_canon_v33.md
C04-072,Функция,C04,"РАБОЧАЯ ПОВЕРХНОСТЬ, КОММУНИКАЦИИ И ВСТРЕЧИ",Chat / Communication,Chat,/app/chat,PLAN_TBD_BY_ARTIFACT_AUDIT,"ChatThread, ChatMessage, MeetingNote, Contact, ConversationContext",implement as product capability,Сообщение можно превратить в note/task/proposal; внешняя отправка заблокирована без provider/approval.,Голосовой агент встречи с автоматическим присоединением,"У встречного слоя может быть отдельный режим, где агент сам входит в звонок как явный представитель пользователя и ведёт запись рабочего следа.",5404,docs/source_of_truth/LifeOS_canon_v33.md
C04-073,Качество,C04,"РАБОЧАЯ ПОВЕРХНОСТЬ, КОММУНИКАЦИИ И ВСТРЕЧИ",Chat / Communication,Chat,/app/chat,PLAN_TBD_BY_ARTIFACT_AUDIT,"ChatThread, ChatMessage, MeetingNote, Contact, ConversationContext",build as acceptance criterion,Сообщение можно превратить в note/task/proposal; внешняя отправка заблокирована без provider/approval.,"Один запрос открывает живую рабочую поверхность, а не только ответ","Ценность коммуникационного и исследовательского слоя должна проявляться в открытии рабочей среды с продолжением, а не в выдаче одноразового текста.",5411,docs/source_of_truth/LifeOS_canon_v33.md
C04-074,Функция,C04,"РАБОЧАЯ ПОВЕРХНОСТЬ, КОММУНИКАЦИИ И ВСТРЕЧИ",Chat / Communication,Chat,/app/chat,PLAN_TBD_BY_ARTIFACT_AUDIT,"ChatThread, ChatMessage, MeetingNote, Contact, ConversationContext",implement as product capability,Сообщение можно превратить в note/task/proposal; внешняя отправка заблокирована без provider/approval.,Человеческий черновик встречи как отдельный слой,сырые заметки человека во время разговора должны жить отдельно от транскрипта и улучшенной итоговой заметки.,5417,docs/source_of_truth/LifeOS_canon_v33.md
C04-075,Функция,C04,"РАБОЧАЯ ПОВЕРХНОСТЬ, КОММУНИКАЦИИ И ВСТРЕЧИ",Chat / Communication,Chat,/app/chat,PLAN_TBD_BY_ARTIFACT_AUDIT,"ChatThread, ChatMessage, MeetingNote, Contact, ConversationContext",implement as product capability,Сообщение можно превратить в note/task/proposal; внешняя отправка заблокирована без provider/approval.,Живой ввод контекста текстом и фото во время встречи,"во время встречи человек должен уметь добавить короткий текст, снимок доски или фото документа прямо в общий контур разговора.",5423,docs/source_of_truth/LifeOS_canon_v33.md
C04-076,Функция,C04,"РАБОЧАЯ ПОВЕРХНОСТЬ, КОММУНИКАЦИИ И ВСТРЕЧИ",Chat / Communication,Chat,/app/chat,PLAN_TBD_BY_ARTIFACT_AUDIT,"ChatThread, ChatMessage, MeetingNote, Contact, ConversationContext",implement as product capability,Сообщение можно превратить в note/task/proposal; внешняя отправка заблокирована без provider/approval.,Библиотека шаблонов итогов встреч,"итог встречи должен собираться по разным шаблонам под тип разговора, а не по одной универсальной форме.",5429,docs/source_of_truth/LifeOS_canon_v33.md
C04-077,Функция,C04,"РАБОЧАЯ ПОВЕРХНОСТЬ, КОММУНИКАЦИИ И ВСТРЕЧИ",Chat / Communication,Chat,/app/chat,PLAN_TBD_BY_ARTIFACT_AUDIT,"ChatThread, ChatMessage, MeetingNote, Contact, ConversationContext",implement as product capability,Сообщение можно превратить в note/task/proposal; внешняя отправка заблокирована без provider/approval.,Свои шаблоны и словарь терминов для встреч,"пользователь и команда должны уметь создавать свои шаблоны итогов и словарь терминов, чтобы записи не теряли смысл отрасли.",5435,docs/source_of_truth/LifeOS_canon_v33.md
C04-078,Функция,C04,"РАБОЧАЯ ПОВЕРХНОСТЬ, КОММУНИКАЦИИ И ВСТРЕЧИ",Chat / Communication,Chat,/app/chat,PLAN_TBD_BY_ARTIFACT_AUDIT,"ChatThread, ChatMessage, MeetingNote, Contact, ConversationContext",implement as product capability,Сообщение можно превратить в note/task/proposal; внешняя отправка заблокирована без provider/approval.,Событие как социальный артефакт,"встреча, мероприятие, прогулка, лекция, практика, концерт или локальная активность должны жить как полноценные объекты с описанием, фото, участием и дальнейшей жизнью после посещения.",5444,docs/source_of_truth/LifeOS_canon_v33.md
C04-079,Функция,C04,"РАБОЧАЯ ПОВЕРХНОСТЬ, КОММУНИКАЦИИ И ВСТРЕЧИ",Chat / Communication,Chat,/app/chat,PLAN_TBD_BY_ARTIFACT_AUDIT,"ChatThread, ChatMessage, MeetingNote, Contact, ConversationContext",implement as product capability,Сообщение можно превратить в note/task/proposal; внешняя отправка заблокирована без provider/approval.,Статусы участия и намерения,"должны существовать явные статусы интересуюсь, предбронь, иду, отменил, посетил, чтобы участие было не бинарным и продукт понимал реальное движение человека к событию.",5450,docs/source_of_truth/LifeOS_canon_v33.md
C04-080,Функция,C04,"РАБОЧАЯ ПОВЕРХНОСТЬ, КОММУНИКАЦИИ И ВСТРЕЧИ",Life Domains / Wellbeing / Money / Family,Domains,/app/domains,PLAN_TBD_BY_ARTIFACT_AUDIT,"HealthSignal, Routine, Relationship, HomeItem, MoneyEvent, Trip, Meal, DomainPack",implement as product capability,Домены не ломают ядро; каждый доменный объект — LifeObject с source/receipt/control/graph.,Внешняя оплата и билетный контур события,"событие должно уметь содержать внешний путь оплаты, ссылку на билет, ручные инструкции по оплате или контакты организатора как часть объекта события.",5456,docs/source_of_truth/LifeOS_canon_v33.md
C04-081,Функция,C04,"РАБОЧАЯ ПОВЕРХНОСТЬ, КОММУНИКАЦИИ И ВСТРЕЧИ",Chat / Communication,Chat,/app/chat,PLAN_TBD_BY_ARTIFACT_AUDIT,"ChatThread, ChatMessage, MeetingNote, Contact, ConversationContext",implement as product capability,Сообщение можно превратить в note/task/proposal; внешняя отправка заблокирована без provider/approval.,"Отзывы, фото и послесобытийная обратная связь","после события участники должны уметь оставлять отзывы, фото, заметки, впечатления и полезные выводы, чтобы событие не заканчивалось простым фактом посещения.",5462,docs/source_of_truth/LifeOS_canon_v33.md
C04-082,Функция,C04,"РАБОЧАЯ ПОВЕРХНОСТЬ, КОММУНИКАЦИИ И ВСТРЕЧИ",Chat / Communication,Chat,/app/chat,PLAN_TBD_BY_ARTIFACT_AUDIT,"ChatThread, ChatMessage, MeetingNote, Contact, ConversationContext",implement as product capability,Сообщение можно превратить в note/task/proposal; внешняя отправка заблокирована без provider/approval.,Пространства сообщества,"внутри продукта должны существовать пространства, вокруг которых живут события, курсы, темы, люди, правила и общение.",5468,docs/source_of_truth/LifeOS_canon_v33.md
C04-083,Функция,C04,"РАБОЧАЯ ПОВЕРХНОСТЬ, КОММУНИКАЦИИ И ВСТРЕЧИ",Chat / Communication,Chat,/app/chat,PLAN_TBD_BY_ARTIFACT_AUDIT,"ChatThread, ChatMessage, MeetingNote, Contact, ConversationContext",implement as product capability,Сообщение можно превратить в note/task/proposal; внешняя отправка заблокирована без provider/approval.,"Темы, ветки, посты и комментарии","форумный контур должен поддерживать создание тем, обсуждений, ответов, вложений и закреплённых сообщений внутри пространств и объектов.",5474,docs/source_of_truth/LifeOS_canon_v33.md
C04-084,Функция,C04,"РАБОЧАЯ ПОВЕРХНОСТЬ, КОММУНИКАЦИИ И ВСТРЕЧИ",Chat / Communication,Chat,/app/chat,PLAN_TBD_BY_ARTIFACT_AUDIT,"ChatThread, ChatMessage, MeetingNote, Contact, ConversationContext",implement as product capability,Сообщение можно превратить в note/task/proposal; внешняя отправка заблокирована без provider/approval.,Лёгкий личный чат вокруг объектов и людей,"должен существовать встроенный прямой обмен сообщениями, связанный с конкретными людьми, событиями, курсами, пространствами и задачами координации.",5480,docs/source_of_truth/LifeOS_canon_v33.md
C04-085,Качество,C04,"РАБОЧАЯ ПОВЕРХНОСТЬ, КОММУНИКАЦИИ И ВСТРЕЧИ",Chat / Communication,Chat,/app/chat,PLAN_TBD_BY_ARTIFACT_AUDIT,"ChatThread, ChatMessage, MeetingNote, Contact, ConversationContext",build as acceptance criterion,Сообщение можно превратить в note/task/proposal; внешняя отправка заблокирована без provider/approval.,"Один контур связи между объектом, общением и действием","переписка, обсуждение, встреча и публикация не должны жить отдельно от артефакта, календаря и следующего шага.",5486,docs/source_of_truth/LifeOS_canon_v33.md
C05-001,Функция,C05,"ВНЕШНИЙ КОНТЕНТ, ТЕЗИСЫ И ИССЛЕДОВАНИЯ",Capture / Inbox,Inbox,/app/inbox,PLAN_TBD_BY_ARTIFACT_AUDIT,"Source, SourcePacket, Attachment, ImportJob, CaptureDraft",implement as product capability,"Любой ввод сохраняется локально, получает provenance, receipt, Data Control item и graph edge.",Входящий слой внешнего контента,"внешний материал должен входить отдельным режимом, а не смешиваться с личными заметками.",5496,docs/source_of_truth/LifeOS_canon_v33.md
C05-002,Функция,C05,"ВНЕШНИЙ КОНТЕНТ, ТЕЗИСЫ И ИССЛЕДОВАНИЯ",Capture / Inbox,Inbox,/app/inbox,PLAN_TBD_BY_ARTIFACT_AUDIT,"Source, SourcePacket, Attachment, ImportJob, CaptureDraft",implement as product capability,"Любой ввод сохраняется локально, получает provenance, receipt, Data Control item и graph edge.",Сохранение веб-страницы без тяжёлой оболочки,внешний материал должен уметь спокойно попадать в систему прямо из браузера.,5502,docs/source_of_truth/LifeOS_canon_v33.md
C05-003,Функция,C05,"ВНЕШНИЙ КОНТЕНТ, ТЕЗИСЫ И ИССЛЕДОВАНИЯ",Life Domains / Wellbeing / Money / Family,Domains,/app/domains,PLAN_TBD_BY_ARTIFACT_AUDIT,"HealthSignal, Routine, Relationship, HomeItem, MoneyEvent, Trip, Meal, DomainPack",implement as product capability,Домены не ломают ядро; каждый доменный объект — LifeObject с source/receipt/control/graph.,Источник и извлечённая версия рядом,"внешний материал должен храниться и как исходник, и как разобранный смысл.",5508,docs/source_of_truth/LifeOS_canon_v33.md
C05-004,Функция,C05,"ВНЕШНИЙ КОНТЕНТ, ТЕЗИСЫ И ИССЛЕДОВАНИЯ",Packs / Builder / Marketplace,Packs,/app/packs,PLAN_TBD_BY_ARTIFACT_AUDIT,"PackManifest, CustomObjectType, Template, BuilderBlock, InstallImpact",implement as product capability,"Install/uninstall только local-first с impact screen, permission list, rollback receipt; payments/publish gated.",Пакет источников как единица исследования,"исследование должно строиться не по бесконечному интернету вообще, а по выбранному набору материалов.",5514,docs/source_of_truth/LifeOS_canon_v33.md
C05-005,Функция,C05,"ВНЕШНИЙ КОНТЕНТ, ТЕЗИСЫ И ИССЛЕДОВАНИЯ",Library / Obsidian Core,Library,/app/library,"PLAN_TBD_BY_ARTIFACT_AUDIT, PLAN_TBD_BY_ARTIFACT_AUDIT","Note, DailyNote, JournalEntry, KnowledgeItem, Tag, Space, Backlink, WikiLink",implement as product capability,"Можно писать заметку, связать [[wikilink]], увидеть backlinks/graph, сохранить/перезагрузить без потери.",Исследовательский режим от поиска,"вход в исследование должен начинаться с поиска по теме, а не с пустого поля «поговорить».",5520,docs/source_of_truth/LifeOS_canon_v33.md
C05-006,Функция,C05,"ВНЕШНИЙ КОНТЕНТ, ТЕЗИСЫ И ИССЛЕДОВАНИЯ",Library / Obsidian Core,Library,/app/library,"PLAN_TBD_BY_ARTIFACT_AUDIT, PLAN_TBD_BY_ARTIFACT_AUDIT","Note, DailyNote, JournalEntry, KnowledgeItem, Tag, Space, Backlink, WikiLink",implement as product capability,"Можно писать заметку, связать [[wikilink]], увидеть backlinks/graph, сохранить/перезагрузить без потери.",Постоянное исследовательское пространство,"большое исследование должно жить в долгом контейнере с вопросом, источниками и выводами.",5526,docs/source_of_truth/LifeOS_canon_v33.md
C05-007,Функция,C05,"ВНЕШНИЙ КОНТЕНТ, ТЕЗИСЫ И ИССЛЕДОВАНИЯ",Life Domains / Wellbeing / Money / Family,Domains,/app/domains,PLAN_TBD_BY_ARTIFACT_AUDIT,"HealthSignal, Routine, Relationship, HomeItem, MoneyEvent, Trip, Meal, DomainPack",implement as product capability,Домены не ломают ядро; каждый доменный объект — LifeObject с source/receipt/control/graph.,Исследовательский контейнер с лимитами,у пространства исследования должны быть явные рабочие границы.,5532,docs/source_of_truth/LifeOS_canon_v33.md
C05-008,Функция,C05,"ВНЕШНИЙ КОНТЕНТ, ТЕЗИСЫ И ИССЛЕДОВАНИЯ",Capture / Inbox,Inbox,/app/inbox,PLAN_TBD_BY_ARTIFACT_AUDIT,"Source, SourcePacket, Attachment, ImportJob, CaptureDraft",implement as product capability,"Любой ввод сохраняется локально, получает provenance, receipt, Data Control item и graph edge.",Исследование по своим материалам,"отдельный режим должен уметь работать не только по вебу, но и по собственному корпусу пользователя.",5538,docs/source_of_truth/LifeOS_canon_v33.md
C05-009,Функция,C05,"ВНЕШНИЙ КОНТЕНТ, ТЕЗИСЫ И ИССЛЕДОВАНИЯ",Library / Obsidian Core,Library,/app/library,"PLAN_TBD_BY_ARTIFACT_AUDIT, PLAN_TBD_BY_ARTIFACT_AUDIT","Note, DailyNote, JournalEntry, KnowledgeItem, Tag, Space, Backlink, WikiLink",implement as product capability,"Можно писать заметку, связать [[wikilink]], увидеть backlinks/graph, сохранить/перезагрузить без потери.",Живой внешний поиск как включаемый режим,доступ к живому вебу допустим только как явное действие пользователя.,5544,docs/source_of_truth/LifeOS_canon_v33.md
C05-010,Функция,C05,"ВНЕШНИЙ КОНТЕНТ, ТЕЗИСЫ И ИССЛЕДОВАНИЯ",Planner / Tasks / Calendar / Focus,Plan,/app/plan,PLAN_TBD_BY_ARTIFACT_AUDIT,"Task, Project, CalendarBlock, PlannerBlock, FocusSession, WeekPlan",implement as product capability,"Task можно создать из source/note/chat, поставить в календарный блок, увидеть связь и receipt.",Исследование по расписанию,"новые материалы по теме можно собирать автоматически, но только в ограниченном и видимом режиме.",5550,docs/source_of_truth/LifeOS_canon_v33.md
C05-011,Функция,C05,"ВНЕШНИЙ КОНТЕНТ, ТЕЗИСЫ И ИССЛЕДОВАНИЯ",Packs / Builder / Marketplace,Packs,/app/packs,PLAN_TBD_BY_ARTIFACT_AUDIT,"PackManifest, CustomObjectType, Template, BuilderBlock, InstallImpact",implement as product capability,"Install/uninstall только local-first с impact screen, permission list, rollback receipt; payments/publish gated.",Чат по выбранному пакету источников,нужен режим вопросов именно по текущему набору материалов.,5556,docs/source_of_truth/LifeOS_canon_v33.md
C05-012,Функция,C05,"ВНЕШНИЙ КОНТЕНТ, ТЕЗИСЫ И ИССЛЕДОВАНИЯ",Today / Journal,Today,/app/today,"PLAN_TBD_BY_ARTIFACT_AUDIT, PLAN_TBD_BY_ARTIFACT_AUDIT","TodayPage, DailyReview, JournalEntry, NextAction, RecoveryPlan",implement as product capability,Today читает реальные notes/tasks/calendar/source links и не генерирует отдельную несвязанную реальность.,Аудио-обзор по пакету источников,итог исследования должен уметь превращаться в короткий звуковой обзор.,5562,docs/source_of_truth/LifeOS_canon_v33.md
C05-013,Функция,C05,"ВНЕШНИЙ КОНТЕНТ, ТЕЗИСЫ И ИССЛЕДОВАНИЯ",Providers / Local AI / Media / Screen,Providers,/app/providers,PLAN_TBD_BY_ARTIFACT_AUDIT,"ProviderBoundary, ModelProfile, MediaTranscriptJob, ScreenSession, DeviceSyncState",implement as product capability,"Никаких fake cloud/model/screen/VPN success; только readiness, preview, explicit setup/approval.",Видео-обзор по пакету источников,часть исследований полезно уметь выдавать в видео-форме.,5568,docs/source_of_truth/LifeOS_canon_v33.md
C05-014,Функция,C05,"ВНЕШНИЙ КОНТЕНТ, ТЕЗИСЫ И ИССЛЕДОВАНИЯ",Packs / Builder / Marketplace,Packs,/app/packs,PLAN_TBD_BY_ARTIFACT_AUDIT,"PackManifest, CustomObjectType, Template, BuilderBlock, InstallImpact",implement as product capability,"Install/uninstall только local-first с impact screen, permission list, rollback receipt; payments/publish gated.",Карта по пакету источников,"тема должна уметь раскладываться в визуальную карту тезисов, связей и противоречий.",5574,docs/source_of_truth/LifeOS_canon_v33.md
C05-015,Функция,C05,"ВНЕШНИЙ КОНТЕНТ, ТЕЗИСЫ И ИССЛЕДОВАНИЯ",Packs / Builder / Marketplace,Packs,/app/packs,PLAN_TBD_BY_ARTIFACT_AUDIT,"PackManifest, CustomObjectType, Template, BuilderBlock, InstallImpact",implement as product capability,"Install/uninstall только local-first с impact screen, permission list, rollback receipt; payments/publish gated.",Один пакет источников — несколько выходов,один и тот же корпус должен уметь становиться разными интеллектуальными результатами.,5580,docs/source_of_truth/LifeOS_canon_v33.md
C05-016,Функция,C05,"ВНЕШНИЙ КОНТЕНТ, ТЕЗИСЫ И ИССЛЕДОВАНИЯ",Life Domains / Wellbeing / Money / Family,Domains,/app/domains,PLAN_TBD_BY_ARTIFACT_AUDIT,"HealthSignal, Routine, Relationship, HomeItem, MoneyEvent, Trip, Meal, DomainPack",implement as product capability,Домены не ломают ядро; каждый доменный объект — LifeObject с source/receipt/control/graph.,Превращение исследования в страницу или отчёт,итог исследования должен становиться передаваемым рабочим объектом.,5586,docs/source_of_truth/LifeOS_canon_v33.md
C05-017,Функция,C05,"ВНЕШНИЙ КОНТЕНТ, ТЕЗИСЫ И ИССЛЕДОВАНИЯ",Kernel / OS Spine,Core / invisible OS spine,/app/system,PLAN_TBD_BY_ARTIFACT_AUDIT,"LifeObject, SourceRef, Receipt, AuditEvent, PolicyBoundary, GraphEdge",implement as product capability,Все сущности имеют общий id/state/source/receipt/graph refs; ни одна секция не хранит отдельные fake arrays.,Превращение исследования в внешний файл или страницу для обмена,исследование должно уметь выходить наружу не только как внутренний объект.,5592,docs/source_of_truth/LifeOS_canon_v33.md
C05-018,Функция,C05,"ВНЕШНИЙ КОНТЕНТ, ТЕЗИСЫ И ИССЛЕДОВАНИЯ",Providers / Local AI / Media / Screen,Providers,/app/providers,PLAN_TBD_BY_ARTIFACT_AUDIT,"ProviderBoundary, ModelProfile, MediaTranscriptJob, ScreenSession, DeviceSyncState",implement as product capability,"Никаких fake cloud/model/screen/VPN success; только readiness, preview, explicit setup/approval.",Экран логики внешнего тезиса,значимый внешний материал должен иметь отдельный спокойный экран разбора.,5598,docs/source_of_truth/LifeOS_canon_v33.md
C05-019,Функция,C05,"ВНЕШНИЙ КОНТЕНТ, ТЕЗИСЫ И ИССЛЕДОВАНИЯ",Data Control / Trust / Privacy,Control,/app/control,"PLAN_TBD_BY_ARTIFACT_AUDIT, PLAN_TBD_BY_ARTIFACT_AUDIT","Receipt, DataControlItem, AuditEvent, ExportJob, DeletePreview, PrivacyZone, PermissionGrant",implement as product capability,Любое изменение имеет receipt; destructive действия только preview + confirmation boundary.,Слой правдоподобия,"внешний тезис должен получать честную оценку силы, а не бинарный штамп «правда / ложь».",5604,docs/source_of_truth/LifeOS_canon_v33.md
C05-020,Функция,C05,"ВНЕШНИЙ КОНТЕНТ, ТЕЗИСЫ И ИССЛЕДОВАНИЯ",Life Domains / Wellbeing / Money / Family,Domains,/app/domains,PLAN_TBD_BY_ARTIFACT_AUDIT,"HealthSignal, Routine, Relationship, HomeItem, MoneyEvent, Trip, Meal, DomainPack",implement as product capability,Домены не ломают ядро; каждый доменный объект — LifeObject с source/receipt/control/graph.,Сила источника,у разных источников должен быть разный вес.,5610,docs/source_of_truth/LifeOS_canon_v33.md
C05-021,Функция,C05,"ВНЕШНИЙ КОНТЕНТ, ТЕЗИСЫ И ИССЛЕДОВАНИЯ",Packs / Builder / Marketplace,Packs,/app/packs,PLAN_TBD_BY_ARTIFACT_AUDIT,"PackManifest, CustomObjectType, Template, BuilderBlock, InstallImpact",implement as product capability,"Install/uninstall только local-first с impact screen, permission list, rollback receipt; payments/publish gated.",Сигнал маркетингового перегиба,"система должна видеть, когда внешний материал продаёт, а не объясняет.",5616,docs/source_of_truth/LifeOS_canon_v33.md
C05-022,Функция,C05,"ВНЕШНИЙ КОНТЕНТ, ТЕЗИСЫ И ИССЛЕДОВАНИЯ",Capture / Inbox,Inbox,/app/inbox,PLAN_TBD_BY_ARTIFACT_AUDIT,"Source, SourcePacket, Attachment, ImportJob, CaptureDraft",implement as product capability,"Любой ввод сохраняется локально, получает provenance, receipt, Data Control item и graph edge.",Сигнал нехватки данных,"материал должен явно показывать, когда доказательств просто мало.",5622,docs/source_of_truth/LifeOS_canon_v33.md
C05-023,Функция,C05,"ВНЕШНИЙ КОНТЕНТ, ТЕЗИСЫ И ИССЛЕДОВАНИЯ",Kernel / OS Spine,Core / invisible OS spine,/app/system,PLAN_TBD_BY_ARTIFACT_AUDIT,"LifeObject, SourceRef, Receipt, AuditEvent, PolicyBoundary, GraphEdge",implement as product capability,Все сущности имеют общий id/state/source/receipt/graph refs; ни одна секция не хранит отдельные fake arrays.,Метка риска внешнего тезиса,перед внедрением нужно видеть цену ошибки.,5628,docs/source_of_truth/LifeOS_canon_v33.md
C05-024,Функция,C05,"ВНЕШНИЙ КОНТЕНТ, ТЕЗИСЫ И ИССЛЕДОВАНИЯ",Capture / Inbox,Inbox,/app/inbox,PLAN_TBD_BY_ARTIFACT_AUDIT,"Source, SourcePacket, Attachment, ImportJob, CaptureDraft",implement as product capability,"Любой ввод сохраняется локально, получает provenance, receipt, Data Control item и graph edge.","Разделение факта, гипотезы, совета и шума",разные типы внешнего материала нельзя хранить одним типом.,5634,docs/source_of_truth/LifeOS_canon_v33.md
C05-025,Функция,C05,"ВНЕШНИЙ КОНТЕНТ, ТЕЗИСЫ И ИССЛЕДОВАНИЯ",Data Control / Trust / Privacy,Control,/app/control,"PLAN_TBD_BY_ARTIFACT_AUDIT, PLAN_TBD_BY_ARTIFACT_AUDIT","Receipt, DataControlItem, AuditEvent, ExportJob, DeletePreview, PrivacyZone, PermissionGrant",implement as product capability,Любое изменение имеет receipt; destructive действия только preview + confirmation boundary.,Слой применимости,даже правдоподобный тезис должен проверяться на уместность именно для этого человека и этого момента.,5640,docs/source_of_truth/LifeOS_canon_v33.md
C05-026,Функция,C05,"ВНЕШНИЙ КОНТЕНТ, ТЕЗИСЫ И ИССЛЕДОВАНИЯ",Data Control / Trust / Privacy,Control,/app/control,"PLAN_TBD_BY_ARTIFACT_AUDIT, PLAN_TBD_BY_ARTIFACT_AUDIT","Receipt, DataControlItem, AuditEvent, ExportJob, DeletePreview, PrivacyZone, PermissionGrant",implement as product capability,Любое изменение имеет receipt; destructive действия только preview + confirmation boundary.,Перевод внешнего тезиса в гипотезу,безопасный первый исход для чужой идеи — стать наблюдаемой гипотезой.,5646,docs/source_of_truth/LifeOS_canon_v33.md
C05-027,Функция,C05,"ВНЕШНИЙ КОНТЕНТ, ТЕЗИСЫ И ИССЛЕДОВАНИЯ",Kernel / OS Spine,Core / invisible OS spine,/app/system,PLAN_TBD_BY_ARTIFACT_AUDIT,"LifeObject, SourceRef, Receipt, AuditEvent, PolicyBoundary, GraphEdge",implement as product capability,Все сущности имеют общий id/state/source/receipt/graph refs; ни одна секция не хранит отдельные fake arrays.,Перевод внешнего тезиса в эксперимент,внешний совет должен уметь внедряться через ограниченную проверку.,5652,docs/source_of_truth/LifeOS_canon_v33.md
C05-028,Функция,C05,"ВНЕШНИЙ КОНТЕНТ, ТЕЗИСЫ И ИССЛЕДОВАНИЯ",Packs / Builder / Marketplace,Packs,/app/packs,PLAN_TBD_BY_ARTIFACT_AUDIT,"PackManifest, CustomObjectType, Template, BuilderBlock, InstallImpact",implement as product capability,"Install/uninstall только local-first с impact screen, permission list, rollback receipt; payments/publish gated.",Перевод внешнего тезиса в пакет действий,"некоторые идеи лучше внедрять не одним шагом, а маленьким собранным пакетом.",5658,docs/source_of_truth/LifeOS_canon_v33.md
C05-029,Функция,C05,"ВНЕШНИЙ КОНТЕНТ, ТЕЗИСЫ И ИССЛЕДОВАНИЯ",Data Control / Trust / Privacy,Control,/app/control,"PLAN_TBD_BY_ARTIFACT_AUDIT, PLAN_TBD_BY_ARTIFACT_AUDIT","Receipt, DataControlItem, AuditEvent, ExportJob, DeletePreview, PrivacyZone, PermissionGrant",implement as product capability,Любое изменение имеет receipt; destructive действия только preview + confirmation boundary.,Перевод внешнего тезиса в один конкретный шаг,"если тезис безопасен и уместен, он может становиться следующим действием.",5664,docs/source_of_truth/LifeOS_canon_v33.md
C05-030,Функция,C05,"ВНЕШНИЙ КОНТЕНТ, ТЕЗИСЫ И ИССЛЕДОВАНИЯ",Library / Obsidian Core,Library,/app/library,"PLAN_TBD_BY_ARTIFACT_AUDIT, PLAN_TBD_BY_ARTIFACT_AUDIT","Note, DailyNote, JournalEntry, KnowledgeItem, Tag, Space, Backlink, WikiLink",implement as product capability,"Можно писать заметку, связать [[wikilink]], увидеть backlinks/graph, сохранить/перезагрузить без потери.",Перевод внешнего тезиса в знание без внедрения,часть внешнего материала должна уходить в слой знаний без давления на действие сейчас.,5670,docs/source_of_truth/LifeOS_canon_v33.md
C05-031,Функция,C05,"ВНЕШНИЙ КОНТЕНТ, ТЕЗИСЫ И ИССЛЕДОВАНИЯ",Life Domains / Wellbeing / Money / Family,Domains,/app/domains,PLAN_TBD_BY_ARTIFACT_AUDIT,"HealthSignal, Routine, Relationship, HomeItem, MoneyEvent, Trip, Meal, DomainPack",implement as product capability,Домены не ломают ядро; каждый доменный объект — LifeObject с source/receipt/control/graph.,Отклонение внешнего тезиса,у системы должен быть полноценный путь отказа от плохой или неуместной идеи.,5676,docs/source_of_truth/LifeOS_canon_v33.md
C05-032,Функция,C05,"ВНЕШНИЙ КОНТЕНТ, ТЕЗИСЫ И ИССЛЕДОВАНИЯ",LifeGraph / Entities,Graph,/app/graph,"PLAN_TBD_BY_ARTIFACT_AUDIT, PLAN_TBD_BY_ARTIFACT_AUDIT","GraphNode, GraphEdge, Entity, EntityCandidate, RelationshipReason",implement as product capability,Graph edge имеет source/provenance/confidence; можно скрыть/исправить связь через безопасный preview.,Обратная связь по внешним идеям,"пользователь должен уметь объяснить, что именно в идее полезно или сомнительно.",5682,docs/source_of_truth/LifeOS_canon_v33.md
C05-033,Качество,C05,"ВНЕШНИЙ КОНТЕНТ, ТЕЗИСЫ И ИССЛЕДОВАНИЯ",Capture / Inbox,Inbox,/app/inbox,PLAN_TBD_BY_ARTIFACT_AUDIT,"Source, SourcePacket, Attachment, ImportJob, CaptureDraft",build as acceptance criterion,"Любой ввод сохраняется локально, получает provenance, receipt, Data Control item и graph edge.",Внешний контент не равен истине,"любой внешний материал по умолчанию должен входить как внешний сигнал, а не как правило жизни.",5688,docs/source_of_truth/LifeOS_canon_v33.md
C05-034,Минус,C05,"ВНЕШНИЙ КОНТЕНТ, ТЕЗИСЫ И ИССЛЕДОВАНИЯ",Agents / Workflows,Agents,/app/agents,PLAN_TBD_BY_ARTIFACT_AUDIT,"AgentManifest, ToolScope, WorkflowManifest, WorkflowRunPreview, ActionProposal",forbid / add regression guard,Агент ничего не отправляет/не удаляет/не публикует без явного approval; dry-run даёт receipt и proposal.,Автоматическое действие из чужого совета,"худшая ошибка — сразу превращать внешний тезис в привычку, задачу или правило.",5694,docs/source_of_truth/LifeOS_canon_v33.md
C05-035,Минус,C05,"ВНЕШНИЙ КОНТЕНТ, ТЕЗИСЫ И ИССЛЕДОВАНИЯ",Kernel / OS Spine,Core / invisible OS spine,/app/system,PLAN_TBD_BY_ARTIFACT_AUDIT,"LifeObject, SourceRef, Receipt, AuditEvent, PolicyBoundary, GraphEdge",forbid / add regression guard,Все сущности имеют общий id/state/source/receipt/graph refs; ни одна секция не хранит отдельные fake arrays.,Бесконтрольный фон исследования,"исследовательский слой ломается, если бесконечно тащит внешний шум.",5700,docs/source_of_truth/LifeOS_canon_v33.md
C05-036,Минус,C05,"ВНЕШНИЙ КОНТЕНТ, ТЕЗИСЫ И ИССЛЕДОВАНИЯ",Kernel / OS Spine,Core / invisible OS spine,/app/system,PLAN_TBD_BY_ARTIFACT_AUDIT,"LifeObject, SourceRef, Receipt, AuditEvent, PolicyBoundary, GraphEdge",forbid / add regression guard,Все сущности имеют общий id/state/source/receipt/graph refs; ни одна секция не хранит отдельные fake arrays.,Склад ссылок без разбора,простое накопление ссылок и файлов не даёт ценности.,5706,docs/source_of_truth/LifeOS_canon_v33.md
C05-037,Функция,C05,"ВНЕШНИЙ КОНТЕНТ, ТЕЗИСЫ И ИССЛЕДОВАНИЯ",Packs / Builder / Marketplace,Packs,/app/packs,PLAN_TBD_BY_ARTIFACT_AUDIT,"PackManifest, CustomObjectType, Template, BuilderBlock, InstallImpact",implement as product capability,"Install/uninstall только local-first с impact screen, permission list, rollback receipt; payments/publish gated.",Дедупликация внешних источников и повторных тезисов,"одинаковые внешние тезисы из разных публикаций и пересылок должны собираться вокруг одного ядра смысла, а не множиться как новые независимые идеи.",5713,docs/source_of_truth/LifeOS_canon_v33.md
C05-038,Функция,C05,"ВНЕШНИЙ КОНТЕНТ, ТЕЗИСЫ И ИССЛЕДОВАНИЯ",Kernel / OS Spine,Core / invisible OS spine,/app/system,PLAN_TBD_BY_ARTIFACT_AUDIT,"LifeObject, SourceRef, Receipt, AuditEvent, PolicyBoundary, GraphEdge",implement as product capability,Все сущности имеют общий id/state/source/receipt/graph refs; ни одна секция не хранит отдельные fake arrays.,"Бюджеты исследования по времени, цене и шуму","исследовательский слой должен ограничивать не только число источников, но и стоимость, длительность и уровень информационного шума.",5719,docs/source_of_truth/LifeOS_canon_v33.md
C06-001,Качество,C06,"ЗАМЕТКИ, ЗНАНИЯ И ОБУЧЕНИЕ",Library / Obsidian Core,Library,/app/library,"PLAN_TBD_BY_ARTIFACT_AUDIT, PLAN_TBD_BY_ARTIFACT_AUDIT","Note, DailyNote, JournalEntry, KnowledgeItem, Tag, Space, Backlink, WikiLink",build as acceptance criterion,"Можно писать заметку, связать [[wikilink]], увидеть backlinks/graph, сохранить/перезагрузить без потери.",Спокойная богатая система заметок,"функций может быть много, но заметочный слой должен оставаться тихим и не шумным.",5729,docs/source_of_truth/LifeOS_canon_v33.md
C06-002,Функция,C06,"ЗАМЕТКИ, ЗНАНИЯ И ОБУЧЕНИЕ",Library / Obsidian Core,Library,/app/library,"PLAN_TBD_BY_ARTIFACT_AUDIT, PLAN_TBD_BY_ARTIFACT_AUDIT","Note, DailyNote, JournalEntry, KnowledgeItem, Tag, Space, Backlink, WikiLink",implement as product capability,"Можно писать заметку, связать [[wikilink]], увидеть backlinks/graph, сохранить/перезагрузить без потери.",Универсальная тетрадь,"нужен один широкий слой для заметок, идей, конспектов, черновиков и рабочих материалов.",5735,docs/source_of_truth/LifeOS_canon_v33.md
C06-003,Функция,C06,"ЗАМЕТКИ, ЗНАНИЯ И ОБУЧЕНИЕ",Library / Obsidian Core,Library,/app/library,"PLAN_TBD_BY_ARTIFACT_AUDIT, PLAN_TBD_BY_ARTIFACT_AUDIT","Note, DailyNote, JournalEntry, KnowledgeItem, Tag, Space, Backlink, WikiLink",implement as product capability,"Можно писать заметку, связать [[wikilink]], увидеть backlinks/graph, сохранить/перезагрузить без потери.",Система типов заметок,"заметка должна уметь быть текстом, списком, аудио, изображением, рисунком или файлом.",5741,docs/source_of_truth/LifeOS_canon_v33.md
C06-004,Функция,C06,"ЗАМЕТКИ, ЗНАНИЯ И ОБУЧЕНИЕ",Library / Obsidian Core,Library,/app/library,"PLAN_TBD_BY_ARTIFACT_AUDIT, PLAN_TBD_BY_ARTIFACT_AUDIT","Note, DailyNote, JournalEntry, KnowledgeItem, Tag, Space, Backlink, WikiLink",implement as product capability,"Можно писать заметку, связать [[wikilink]], увидеть backlinks/graph, сохранить/перезагрузить без потери.",Карточный центр заметок,"заметочный слой должен уметь жить не только как список страниц, но и как набор карточек.",5747,docs/source_of_truth/LifeOS_canon_v33.md
C06-005,Функция,C06,"ЗАМЕТКИ, ЗНАНИЯ И ОБУЧЕНИЕ",Library / Obsidian Core,Library,/app/library,"PLAN_TBD_BY_ARTIFACT_AUDIT, PLAN_TBD_BY_ARTIFACT_AUDIT","Note, DailyNote, JournalEntry, KnowledgeItem, Tag, Space, Backlink, WikiLink",implement as product capability,"Можно писать заметку, связать [[wikilink]], увидеть backlinks/graph, сохранить/перезагрузить без потери.",Цветовые карточки заметок,"цвет нужен как быстрый ориентир, а не как украшение ради украшения.",5753,docs/source_of_truth/LifeOS_canon_v33.md
C06-006,Функция,C06,"ЗАМЕТКИ, ЗНАНИЯ И ОБУЧЕНИЕ",Library / Obsidian Core,Library,/app/library,"PLAN_TBD_BY_ARTIFACT_AUDIT, PLAN_TBD_BY_ARTIFACT_AUDIT","Note, DailyNote, JournalEntry, KnowledgeItem, Tag, Space, Backlink, WikiLink",implement as product capability,"Можно писать заметку, связать [[wikilink]], увидеть backlinks/graph, сохранить/перезагрузить без потери.",Гибкая иерархия длинных заметок,длинные материалы должны раскладываться по уровням без обязательной бюрократии.,5760,docs/source_of_truth/LifeOS_canon_v33.md
C06-007,Функция,C06,"ЗАМЕТКИ, ЗНАНИЯ И ОБУЧЕНИЕ",Library / Obsidian Core,Library,/app/library,"PLAN_TBD_BY_ARTIFACT_AUDIT, PLAN_TBD_BY_ARTIFACT_AUDIT","Note, DailyNote, JournalEntry, KnowledgeItem, Tag, Space, Backlink, WikiLink",implement as product capability,"Можно писать заметку, связать [[wikilink]], увидеть backlinks/graph, сохранить/перезагрузить без потери.",Вложенные блокноты и пространства,контексты можно разделять мягкими контейнерами поверх общего ядра.,5766,docs/source_of_truth/LifeOS_canon_v33.md
C06-008,Функция,C06,"ЗАМЕТКИ, ЗНАНИЯ И ОБУЧЕНИЕ",Library / Obsidian Core,Library,/app/library,"PLAN_TBD_BY_ARTIFACT_AUDIT, PLAN_TBD_BY_ARTIFACT_AUDIT","Note, DailyNote, JournalEntry, KnowledgeItem, Tag, Space, Backlink, WikiLink",implement as product capability,"Можно писать заметку, связать [[wikilink]], увидеть backlinks/graph, сохранить/перезагрузить без потери.",Связи между заметками,заметки должны уметь напрямую ссылаться друг на друга.,5772,docs/source_of_truth/LifeOS_canon_v33.md
C06-009,Функция,C06,"ЗАМЕТКИ, ЗНАНИЯ И ОБУЧЕНИЕ",Library / Obsidian Core,Library,/app/library,"PLAN_TBD_BY_ARTIFACT_AUDIT, PLAN_TBD_BY_ARTIFACT_AUDIT","Note, DailyNote, JournalEntry, KnowledgeItem, Tag, Space, Backlink, WikiLink",implement as product capability,"Можно писать заметку, связать [[wikilink]], увидеть backlinks/graph, сохранить/перезагрузить без потери.",Мгновенное вики-связывание,связывать заметки должно быть быстро и естественно.,5778,docs/source_of_truth/LifeOS_canon_v33.md
C06-010,Функция,C06,"ЗАМЕТКИ, ЗНАНИЯ И ОБУЧЕНИЕ",Library / Obsidian Core,Library,/app/library,"PLAN_TBD_BY_ARTIFACT_AUDIT, PLAN_TBD_BY_ARTIFACT_AUDIT","Note, DailyNote, JournalEntry, KnowledgeItem, Tag, Space, Backlink, WikiLink",implement as product capability,"Можно писать заметку, связать [[wikilink]], увидеть backlinks/graph, сохранить/перезагрузить без потери.","Заметки, связанные с людьми",знания и заметки должны уметь держать обратные связи с конкретными людьми.,5784,docs/source_of_truth/LifeOS_canon_v33.md
C06-011,Функция,C06,"ЗАМЕТКИ, ЗНАНИЯ И ОБУЧЕНИЕ",Library / Obsidian Core,Library,/app/library,"PLAN_TBD_BY_ARTIFACT_AUDIT, PLAN_TBD_BY_ARTIFACT_AUDIT","Note, DailyNote, JournalEntry, KnowledgeItem, Tag, Space, Backlink, WikiLink",implement as product capability,"Можно писать заметку, связать [[wikilink]], увидеть backlinks/graph, сохранить/перезагрузить без потери.",Сквозная грамматика связей,система знаний должна позволять связывать любые релевантные объекты напрямую.,5790,docs/source_of_truth/LifeOS_canon_v33.md
C06-012,Функция,C06,"ЗАМЕТКИ, ЗНАНИЯ И ОБУЧЕНИЕ",Library / Obsidian Core,Library,/app/library,"PLAN_TBD_BY_ARTIFACT_AUDIT, PLAN_TBD_BY_ARTIFACT_AUDIT","Note, DailyNote, JournalEntry, KnowledgeItem, Tag, Space, Backlink, WikiLink",implement as product capability,"Можно писать заметку, связать [[wikilink]], увидеть backlinks/graph, сохранить/перезагрузить без потери.",Навигация по тегам,теги должны быть одним из главных путей входа в заметки и знания.,5796,docs/source_of_truth/LifeOS_canon_v33.md
C06-013,Функция,C06,"ЗАМЕТКИ, ЗНАНИЯ И ОБУЧЕНИЕ",Library / Obsidian Core,Library,/app/library,"PLAN_TBD_BY_ARTIFACT_AUDIT, PLAN_TBD_BY_ARTIFACT_AUDIT","Note, DailyNote, JournalEntry, KnowledgeItem, Tag, Space, Backlink, WikiLink",implement as product capability,"Можно писать заметку, связать [[wikilink]], увидеть backlinks/graph, сохранить/перезагрузить без потери.",Сводка по тегу,"по тегу нужен не только список объектов, но и короткий смысловой срез.",5802,docs/source_of_truth/LifeOS_canon_v33.md
C06-014,Функция,C06,"ЗАМЕТКИ, ЗНАНИЯ И ОБУЧЕНИЕ",Library / Obsidian Core,Library,/app/library,"PLAN_TBD_BY_ARTIFACT_AUDIT, PLAN_TBD_BY_ARTIFACT_AUDIT","Note, DailyNote, JournalEntry, KnowledgeItem, Tag, Space, Backlink, WikiLink",implement as product capability,"Можно писать заметку, связать [[wikilink]], увидеть backlinks/graph, сохранить/перезагрузить без потери.",Умные представления,для больших массивов материалов нужны готовые смысловые срезы.,5808,docs/source_of_truth/LifeOS_canon_v33.md
C06-015,Функция,C06,"ЗАМЕТКИ, ЗНАНИЯ И ОБУЧЕНИЕ",Library / Obsidian Core,Library,/app/library,"PLAN_TBD_BY_ARTIFACT_AUDIT, PLAN_TBD_BY_ARTIFACT_AUDIT","Note, DailyNote, JournalEntry, KnowledgeItem, Tag, Space, Backlink, WikiLink",implement as product capability,"Можно писать заметку, связать [[wikilink]], увидеть backlinks/graph, сохранить/перезагрузить без потери.",Закрепление важных объектов,"нужен верхний слой внимания для заметок и знаний, к которым человек часто возвращается.",5814,docs/source_of_truth/LifeOS_canon_v33.md
C06-016,Функция,C06,"ЗАМЕТКИ, ЗНАНИЯ И ОБУЧЕНИЕ",Library / Obsidian Core,Library,/app/library,"PLAN_TBD_BY_ARTIFACT_AUDIT, PLAN_TBD_BY_ARTIFACT_AUDIT","Note, DailyNote, JournalEntry, KnowledgeItem, Tag, Space, Backlink, WikiLink",implement as product capability,"Можно писать заметку, связать [[wikilink]], увидеть backlinks/graph, сохранить/перезагрузить без потери.",Режим фокуса для заметок,в заметочном слое нужен спокойный режим глубокой работы.,5820,docs/source_of_truth/LifeOS_canon_v33.md
C06-017,Функция,C06,"ЗАМЕТКИ, ЗНАНИЯ И ОБУЧЕНИЕ",Library / Obsidian Core,Library,/app/library,"PLAN_TBD_BY_ARTIFACT_AUDIT, PLAN_TBD_BY_ARTIFACT_AUDIT","Note, DailyNote, JournalEntry, KnowledgeItem, Tag, Space, Backlink, WikiLink",implement as product capability,"Можно писать заметку, связать [[wikilink]], увидеть backlinks/graph, сохранить/перезагрузить без потери.",Активное состояние заметки,заметка должна уметь переходить из архива в отдельный оперативный слой.,5826,docs/source_of_truth/LifeOS_canon_v33.md
C06-018,Функция,C06,"ЗАМЕТКИ, ЗНАНИЯ И ОБУЧЕНИЕ",Library / Obsidian Core,Library,/app/library,"PLAN_TBD_BY_ARTIFACT_AUDIT, PLAN_TBD_BY_ARTIFACT_AUDIT","Note, DailyNote, JournalEntry, KnowledgeItem, Tag, Space, Backlink, WikiLink",implement as product capability,"Можно писать заметку, связать [[wikilink]], увидеть backlinks/graph, сохранить/перезагрузить без потери.",Мягкий архив,объект можно убрать с активной поверхности без удаления и потери связей.,5833,docs/source_of_truth/LifeOS_canon_v33.md
C06-019,Функция,C06,"ЗАМЕТКИ, ЗНАНИЯ И ОБУЧЕНИЕ",Library / Obsidian Core,Library,/app/library,"PLAN_TBD_BY_ARTIFACT_AUDIT, PLAN_TBD_BY_ARTIFACT_AUDIT","Note, DailyNote, JournalEntry, KnowledgeItem, Tag, Space, Backlink, WikiLink",implement as product capability,"Можно писать заметку, связать [[wikilink]], увидеть backlinks/graph, сохранить/перезагрузить без потери.",История версий заметки,заметочный слой должен позволять вернуться к прошлому состоянию.,5839,docs/source_of_truth/LifeOS_canon_v33.md
C06-020,Функция,C06,"ЗАМЕТКИ, ЗНАНИЯ И ОБУЧЕНИЕ",Library / Obsidian Core,Library,/app/library,"PLAN_TBD_BY_ARTIFACT_AUDIT, PLAN_TBD_BY_ARTIFACT_AUDIT","Note, DailyNote, JournalEntry, KnowledgeItem, Tag, Space, Backlink, WikiLink",implement as product capability,"Можно писать заметку, связать [[wikilink]], увидеть backlinks/graph, сохранить/перезагрузить без потери.",Защита заметки,отдельная заметка должна уметь иметь свой уровень защиты.,5845,docs/source_of_truth/LifeOS_canon_v33.md
C06-021,Функция,C06,"ЗАМЕТКИ, ЗНАНИЯ И ОБУЧЕНИЕ",Library / Obsidian Core,Library,/app/library,"PLAN_TBD_BY_ARTIFACT_AUDIT, PLAN_TBD_BY_ARTIFACT_AUDIT","Note, DailyNote, JournalEntry, KnowledgeItem, Tag, Space, Backlink, WikiLink",implement as product capability,"Можно писать заметку, связать [[wikilink]], увидеть backlinks/graph, сохранить/перезагрузить без потери.",Богатая документная поверхность,"заметка должна уметь быть не только строкой текста, но и полноценным документом.",5851,docs/source_of_truth/LifeOS_canon_v33.md
C06-022,Качество,C06,"ЗАМЕТКИ, ЗНАНИЯ И ОБУЧЕНИЕ",Library / Obsidian Core,Library,/app/library,"PLAN_TBD_BY_ARTIFACT_AUDIT, PLAN_TBD_BY_ARTIFACT_AUDIT","Note, DailyNote, JournalEntry, KnowledgeItem, Tag, Space, Backlink, WikiLink",build as acceptance criterion,"Можно писать заметку, связать [[wikilink]], увидеть backlinks/graph, сохранить/перезагрузить без потери.",Документ как хорошо поданный объект,"подача документа сама по себе должна усиливать чтение, возврат и принятие решений.",5857,docs/source_of_truth/LifeOS_canon_v33.md
C06-023,Функция,C06,"ЗАМЕТКИ, ЗНАНИЯ И ОБУЧЕНИЕ",Library / Obsidian Core,Library,/app/library,"PLAN_TBD_BY_ARTIFACT_AUDIT, PLAN_TBD_BY_ARTIFACT_AUDIT","Note, DailyNote, JournalEntry, KnowledgeItem, Tag, Space, Backlink, WikiLink",implement as product capability,"Можно писать заметку, связать [[wikilink]], увидеть backlinks/graph, сохранить/перезагрузить без потери.",Лёгкая разметка без технического ощущения,"если в системе есть лёгкая разметка, она не должна ощущаться редактором для программистов.",5863,docs/source_of_truth/LifeOS_canon_v33.md
C06-024,Функция,C06,"ЗАМЕТКИ, ЗНАНИЯ И ОБУЧЕНИЕ",Library / Obsidian Core,Library,/app/library,"PLAN_TBD_BY_ARTIFACT_AUDIT, PLAN_TBD_BY_ARTIFACT_AUDIT","Note, DailyNote, JournalEntry, KnowledgeItem, Tag, Space, Backlink, WikiLink",implement as product capability,"Можно писать заметку, связать [[wikilink]], увидеть backlinks/graph, сохранить/перезагрузить без потери.",Встроенный слой улучшения письма,улучшение текста должно происходить прямо внутри заметки или документа.,5870,docs/source_of_truth/LifeOS_canon_v33.md
C06-025,Функция,C06,"ЗАМЕТКИ, ЗНАНИЯ И ОБУЧЕНИЕ",Library / Obsidian Core,Library,/app/library,"PLAN_TBD_BY_ARTIFACT_AUDIT, PLAN_TBD_BY_ARTIFACT_AUDIT","Note, DailyNote, JournalEntry, KnowledgeItem, Tag, Space, Backlink, WikiLink",implement as product capability,"Можно писать заметку, связать [[wikilink]], увидеть backlinks/graph, сохранить/перезагрузить без потери.",Подсказки по тону,"система должна уметь помогать смягчать, усиливать или выравнивать тон формулировки.",5876,docs/source_of_truth/LifeOS_canon_v33.md
C06-026,Функция,C06,"ЗАМЕТКИ, ЗНАНИЯ И ОБУЧЕНИЕ",Library / Obsidian Core,Library,/app/library,"PLAN_TBD_BY_ARTIFACT_AUDIT, PLAN_TBD_BY_ARTIFACT_AUDIT","Note, DailyNote, JournalEntry, KnowledgeItem, Tag, Space, Backlink, WikiLink",implement as product capability,"Можно писать заметку, связать [[wikilink]], увидеть backlinks/graph, сохранить/перезагрузить без потери.",Точечное переписывание абзаца,нужно уметь перерабатывать один фрагмент без перегенерации всего документа.,5882,docs/source_of_truth/LifeOS_canon_v33.md
C06-027,Функция,C06,"ЗАМЕТКИ, ЗНАНИЯ И ОБУЧЕНИЕ",Library / Obsidian Core,Library,/app/library,"PLAN_TBD_BY_ARTIFACT_AUDIT, PLAN_TBD_BY_ARTIFACT_AUDIT","Note, DailyNote, JournalEntry, KnowledgeItem, Tag, Space, Backlink, WikiLink",implement as product capability,"Можно писать заметку, связать [[wikilink]], увидеть backlinks/graph, сохранить/перезагрузить без потери.",Сниппеты и заготовки фраз,часто используемые текстовые куски должны копиться как повторно используемый слой.,5888,docs/source_of_truth/LifeOS_canon_v33.md
C06-028,Функция,C06,"ЗАМЕТКИ, ЗНАНИЯ И ОБУЧЕНИЕ",Library / Obsidian Core,Library,/app/library,"PLAN_TBD_BY_ARTIFACT_AUDIT, PLAN_TBD_BY_ARTIFACT_AUDIT","Note, DailyNote, JournalEntry, KnowledgeItem, Tag, Space, Backlink, WikiLink",implement as product capability,"Можно писать заметку, связать [[wikilink]], увидеть backlinks/graph, сохранить/перезагрузить без потери.",Стилевые правила для команды,в совместной работе нужен отдельный слой единообразия текста.,5894,docs/source_of_truth/LifeOS_canon_v33.md
C06-029,Функция,C06,"ЗАМЕТКИ, ЗНАНИЯ И ОБУЧЕНИЕ",Library / Obsidian Core,Library,/app/library,"PLAN_TBD_BY_ARTIFACT_AUDIT, PLAN_TBD_BY_ARTIFACT_AUDIT","Note, DailyNote, JournalEntry, KnowledgeItem, Tag, Space, Backlink, WikiLink",implement as product capability,"Можно писать заметку, связать [[wikilink]], увидеть backlinks/graph, сохранить/перезагрузить без потери.",Командный обмен заметками со скоростью письма,"делиться заметкой должно быть почти так же легко, как отправить письмо.",5900,docs/source_of_truth/LifeOS_canon_v33.md
C06-030,Функция,C06,"ЗАМЕТКИ, ЗНАНИЯ И ОБУЧЕНИЕ",Library / Obsidian Core,Library,/app/library,"PLAN_TBD_BY_ARTIFACT_AUDIT, PLAN_TBD_BY_ARTIFACT_AUDIT","Note, DailyNote, JournalEntry, KnowledgeItem, Tag, Space, Backlink, WikiLink",implement as product capability,"Можно писать заметку, связать [[wikilink]], увидеть backlinks/graph, сохранить/перезагрузить без потери.",Совместные заметки,несколько людей должны уметь править один и тот же объект без распада на копии.,5906,docs/source_of_truth/LifeOS_canon_v33.md
C06-031,Функция,C06,"ЗАМЕТКИ, ЗНАНИЯ И ОБУЧЕНИЕ",Library / Obsidian Core,Library,/app/library,"PLAN_TBD_BY_ARTIFACT_AUDIT, PLAN_TBD_BY_ARTIFACT_AUDIT","Note, DailyNote, JournalEntry, KnowledgeItem, Tag, Space, Backlink, WikiLink",implement as product capability,"Можно писать заметку, связать [[wikilink]], увидеть backlinks/graph, сохранить/перезагрузить без потери.",Права доступа на уровне атомарной карточки,доступы должны уметь опускаться ниже целого документа или пространства.,5912,docs/source_of_truth/LifeOS_canon_v33.md
C06-032,Функция,C06,"ЗАМЕТКИ, ЗНАНИЯ И ОБУЧЕНИЕ",Library / Obsidian Core,Library,/app/library,"PLAN_TBD_BY_ARTIFACT_AUDIT, PLAN_TBD_BY_ARTIFACT_AUDIT","Note, DailyNote, JournalEntry, KnowledgeItem, Tag, Space, Backlink, WikiLink",implement as product capability,"Можно писать заметку, связать [[wikilink]], увидеть backlinks/graph, сохранить/перезагрузить без потери.",Секретная веб-ссылка,нужен лёгкий режим делиться заметкой по приватной ссылке без публичной публикации.,5918,docs/source_of_truth/LifeOS_canon_v33.md
C06-033,Функция,C06,"ЗАМЕТКИ, ЗНАНИЯ И ОБУЧЕНИЕ",Library / Obsidian Core,Library,/app/library,"PLAN_TBD_BY_ARTIFACT_AUDIT, PLAN_TBD_BY_ARTIFACT_AUDIT","Note, DailyNote, JournalEntry, KnowledgeItem, Tag, Space, Backlink, WikiLink",implement as product capability,"Можно писать заметку, связать [[wikilink]], увидеть backlinks/graph, сохранить/перезагрузить без потери.",Публичные и рекомендованные блокноты,часть знания должна уметь выходить наружу как публичный контейнер.,5924,docs/source_of_truth/LifeOS_canon_v33.md
C06-034,Функция,C06,"ЗАМЕТКИ, ЗНАНИЯ И ОБУЧЕНИЕ",Library / Obsidian Core,Library,/app/library,"PLAN_TBD_BY_ARTIFACT_AUDIT, PLAN_TBD_BY_ARTIFACT_AUDIT","Note, DailyNote, JournalEntry, KnowledgeItem, Tag, Space, Backlink, WikiLink",implement as product capability,"Можно писать заметку, связать [[wikilink]], увидеть backlinks/graph, сохранить/перезагрузить без потери.",Обмен отдельной страницей или снимком,"нужно делиться конкретным объектом, а не открывать весь большой контекст.",5930,docs/source_of_truth/LifeOS_canon_v33.md
C06-035,Функция,C06,"ЗАМЕТКИ, ЗНАНИЯ И ОБУЧЕНИЕ",Library / Obsidian Core,Library,/app/library,"PLAN_TBD_BY_ARTIFACT_AUDIT, PLAN_TBD_BY_ARTIFACT_AUDIT","Note, DailyNote, JournalEntry, KnowledgeItem, Tag, Space, Backlink, WikiLink",implement as product capability,"Можно писать заметку, связать [[wikilink]], увидеть backlinks/graph, сохранить/перезагрузить без потери.",Открытый экспорт заметок и знаний,знания и заметки должны честно выгружаться наружу в читаемых форматах.,5936,docs/source_of_truth/LifeOS_canon_v33.md
C06-036,Функция,C06,"ЗАМЕТКИ, ЗНАНИЯ И ОБУЧЕНИЕ",Library / Obsidian Core,Library,/app/library,"PLAN_TBD_BY_ARTIFACT_AUDIT, PLAN_TBD_BY_ARTIFACT_AUDIT","Note, DailyNote, JournalEntry, KnowledgeItem, Tag, Space, Backlink, WikiLink",implement as product capability,"Можно писать заметку, связать [[wikilink]], увидеть backlinks/graph, сохранить/перезагрузить без потери.",Переиспользуемая библиотека материалов,"файлы и куски материалов должны жить как общий фонд, который можно подключать повторно.",5942,docs/source_of_truth/LifeOS_canon_v33.md
C06-037,Функция,C06,"ЗАМЕТКИ, ЗНАНИЯ И ОБУЧЕНИЕ",Library / Obsidian Core,Library,/app/library,"PLAN_TBD_BY_ARTIFACT_AUDIT, PLAN_TBD_BY_ARTIFACT_AUDIT","Note, DailyNote, JournalEntry, KnowledgeItem, Tag, Space, Backlink, WikiLink",implement as product capability,"Можно писать заметку, связать [[wikilink]], увидеть backlinks/graph, сохранить/перезагрузить без потери.",Повторное подключение материала из библиотеки,материал должен быстро входить в новые контексты.,5948,docs/source_of_truth/LifeOS_canon_v33.md
C06-038,Функция,C06,"ЗАМЕТКИ, ЗНАНИЯ И ОБУЧЕНИЕ",Library / Obsidian Core,Library,/app/library,"PLAN_TBD_BY_ARTIFACT_AUDIT, PLAN_TBD_BY_ARTIFACT_AUDIT","Note, DailyNote, JournalEntry, KnowledgeItem, Tag, Space, Backlink, WikiLink",implement as product capability,"Можно писать заметку, связать [[wikilink]], увидеть backlinks/graph, сохранить/перезагрузить без потери.","Расширенный поиск по архиву, вложениям и изображениям","искать нужно не только по заголовкам, но и по содержимому файлов.",5954,docs/source_of_truth/LifeOS_canon_v33.md
C06-039,Функция,C06,"ЗАМЕТКИ, ЗНАНИЯ И ОБУЧЕНИЕ",Library / Obsidian Core,Library,/app/library,"PLAN_TBD_BY_ARTIFACT_AUDIT, PLAN_TBD_BY_ARTIFACT_AUDIT","Note, DailyNote, JournalEntry, KnowledgeItem, Tag, Space, Backlink, WikiLink",implement as product capability,"Можно писать заметку, связать [[wikilink]], увидеть backlinks/graph, сохранить/перезагрузить без потери.",Поиск с объяснением и источниками,"ответ по своему корпусу должен показывать, откуда он собран.",5960,docs/source_of_truth/LifeOS_canon_v33.md
C06-040,Функция,C06,"ЗАМЕТКИ, ЗНАНИЯ И ОБУЧЕНИЕ",Library / Obsidian Core,Library,/app/library,"PLAN_TBD_BY_ARTIFACT_AUDIT, PLAN_TBD_BY_ARTIFACT_AUDIT","Note, DailyNote, JournalEntry, KnowledgeItem, Tag, Space, Backlink, WikiLink",implement as product capability,"Можно писать заметку, связать [[wikilink]], увидеть backlinks/graph, сохранить/перезагрузить без потери.",Универсальный поиск по собственным материалам,"заметки, файлы, карточки знания и документы должны искаться как один корпус.",5966,docs/source_of_truth/LifeOS_canon_v33.md
C06-041,Функция,C06,"ЗАМЕТКИ, ЗНАНИЯ И ОБУЧЕНИЕ",Library / Obsidian Core,Library,/app/library,"PLAN_TBD_BY_ARTIFACT_AUDIT, PLAN_TBD_BY_ARTIFACT_AUDIT","Note, DailyNote, JournalEntry, KnowledgeItem, Tag, Space, Backlink, WikiLink",implement as product capability,"Можно писать заметку, связать [[wikilink]], увидеть backlinks/graph, сохранить/перезагрузить без потери.",История последних поисков и недавних объектов,поиск должен помнить полезный недавний контекст.,5972,docs/source_of_truth/LifeOS_canon_v33.md
C06-042,Функция,C06,"ЗАМЕТКИ, ЗНАНИЯ И ОБУЧЕНИЕ",Library / Obsidian Core,Library,/app/library,"PLAN_TBD_BY_ARTIFACT_AUDIT, PLAN_TBD_BY_ARTIFACT_AUDIT","Note, DailyNote, JournalEntry, KnowledgeItem, Tag, Space, Backlink, WikiLink",implement as product capability,"Можно писать заметку, связать [[wikilink]], увидеть backlinks/graph, сохранить/перезагрузить без потери.",Библиотека знаний,"знания должны жить отдельным связанным слоем, а не растворяться в общем массиве заметок.",5978,docs/source_of_truth/LifeOS_canon_v33.md
C06-043,Функция,C06,"ЗАМЕТКИ, ЗНАНИЯ И ОБУЧЕНИЕ",Library / Obsidian Core,Library,/app/library,"PLAN_TBD_BY_ARTIFACT_AUDIT, PLAN_TBD_BY_ARTIFACT_AUDIT","Note, DailyNote, JournalEntry, KnowledgeItem, Tag, Space, Backlink, WikiLink",implement as product capability,"Можно писать заметку, связать [[wikilink]], увидеть backlinks/graph, сохранить/перезагрузить без потери.",Карточка знания,"единица знания должна быть отдельным объектом, а не просто куском текста.",5984,docs/source_of_truth/LifeOS_canon_v33.md
C06-044,Функция,C06,"ЗАМЕТКИ, ЗНАНИЯ И ОБУЧЕНИЕ",Library / Obsidian Core,Library,/app/library,"PLAN_TBD_BY_ARTIFACT_AUDIT, PLAN_TBD_BY_ARTIFACT_AUDIT","Note, DailyNote, JournalEntry, KnowledgeItem, Tag, Space, Backlink, WikiLink",implement as product capability,"Можно писать заметку, связать [[wikilink]], увидеть backlinks/graph, сохранить/перезагрузить без потери.","Типизированное знание с автором, источником, концептом и влиянием","знание должно хранить не только текст, но и интеллектуальный контекст.",5990,docs/source_of_truth/LifeOS_canon_v33.md
C06-045,Функция,C06,"ЗАМЕТКИ, ЗНАНИЯ И ОБУЧЕНИЕ",Library / Obsidian Core,Library,/app/library,"PLAN_TBD_BY_ARTIFACT_AUDIT, PLAN_TBD_BY_ARTIFACT_AUDIT","Note, DailyNote, JournalEntry, KnowledgeItem, Tag, Space, Backlink, WikiLink",implement as product capability,"Можно писать заметку, связать [[wikilink]], увидеть backlinks/graph, сохранить/перезагрузить без потери.","База знаний, связанная с исполнением","знание должно уметь жить рядом с рабочей средой, а не отдельной мёртвой вики.",5996,docs/source_of_truth/LifeOS_canon_v33.md
C06-046,Функция,C06,"ЗАМЕТКИ, ЗНАНИЯ И ОБУЧЕНИЕ",Library / Obsidian Core,Library,/app/library,"PLAN_TBD_BY_ARTIFACT_AUDIT, PLAN_TBD_BY_ARTIFACT_AUDIT","Note, DailyNote, JournalEntry, KnowledgeItem, Tag, Space, Backlink, WikiLink",implement as product capability,"Можно писать заметку, связать [[wikilink]], увидеть backlinks/graph, сохранить/перезагрузить без потери.",Разделение подтверждённого и любопытного знания,"система должна различать знание, на которое уже можно опираться, и материал, который пока лишь интересен для проверки.",6002,docs/source_of_truth/LifeOS_canon_v33.md
C06-047,Функция,C06,"ЗАМЕТКИ, ЗНАНИЯ И ОБУЧЕНИЕ",Library / Obsidian Core,Library,/app/library,"PLAN_TBD_BY_ARTIFACT_AUDIT, PLAN_TBD_BY_ARTIFACT_AUDIT","Note, DailyNote, JournalEntry, KnowledgeItem, Tag, Space, Backlink, WikiLink",implement as product capability,"Можно писать заметку, связать [[wikilink]], увидеть backlinks/graph, сохранить/перезагрузить без потери.",Усиление и ослабление сигнала,пользователь должен уметь повышать или понижать значимость знания для системы.,6008,docs/source_of_truth/LifeOS_canon_v33.md
C06-048,Функция,C06,"ЗАМЕТКИ, ЗНАНИЯ И ОБУЧЕНИЕ",Library / Obsidian Core,Library,/app/library,"PLAN_TBD_BY_ARTIFACT_AUDIT, PLAN_TBD_BY_ARTIFACT_AUDIT","Note, DailyNote, JournalEntry, KnowledgeItem, Tag, Space, Backlink, WikiLink",implement as product capability,"Можно писать заметку, связать [[wikilink]], увидеть backlinks/graph, сохранить/перезагрузить без потери.",Право на исправление знания,"человек должен уметь принимать, отклонять, переклассифицировать и разрывать связи в слое знаний.",6014,docs/source_of_truth/LifeOS_canon_v33.md
C06-049,Функция,C06,"ЗАМЕТКИ, ЗНАНИЯ И ОБУЧЕНИЕ",Library / Obsidian Core,Library,/app/library,"PLAN_TBD_BY_ARTIFACT_AUDIT, PLAN_TBD_BY_ARTIFACT_AUDIT","Note, DailyNote, JournalEntry, KnowledgeItem, Tag, Space, Backlink, WikiLink",implement as product capability,"Можно писать заметку, связать [[wikilink]], увидеть backlinks/graph, сохранить/перезагрузить без потери.","Видимые границы того, что сейчас видит режим или пространство","в работе со знанием должно быть видно, какой контур памяти и материалов вообще участвует.",6020,docs/source_of_truth/LifeOS_canon_v33.md
C06-050,Функция,C06,"ЗАМЕТКИ, ЗНАНИЯ И ОБУЧЕНИЕ",Library / Obsidian Core,Library,/app/library,"PLAN_TBD_BY_ARTIFACT_AUDIT, PLAN_TBD_BY_ARTIFACT_AUDIT","Note, DailyNote, JournalEntry, KnowledgeItem, Tag, Space, Backlink, WikiLink",implement as product capability,"Можно писать заметку, связать [[wikilink]], увидеть backlinks/graph, сохранить/перезагрузить без потери.",Склейка дублей знаний и источников,"одинаковые знания, источники и карточки должны уметь объединяться в один опорный объект внутри библиотечного слоя.",6026,docs/source_of_truth/LifeOS_canon_v33.md
C06-051,Функция,C06,"ЗАМЕТКИ, ЗНАНИЯ И ОБУЧЕНИЕ",Library / Obsidian Core,Library,/app/library,"PLAN_TBD_BY_ARTIFACT_AUDIT, PLAN_TBD_BY_ARTIFACT_AUDIT","Note, DailyNote, JournalEntry, KnowledgeItem, Tag, Space, Backlink, WikiLink",implement as product capability,"Можно писать заметку, связать [[wikilink]], увидеть backlinks/graph, сохранить/перезагрузить без потери.",Типизированная оболочка знаний,"знания должны уметь жить не только как страницы, но и как типизированные рабочие сущности.",6032,docs/source_of_truth/LifeOS_canon_v33.md
C06-052,Функция,C06,"ЗАМЕТКИ, ЗНАНИЯ И ОБУЧЕНИЕ",Library / Obsidian Core,Library,/app/library,"PLAN_TBD_BY_ARTIFACT_AUDIT, PLAN_TBD_BY_ARTIFACT_AUDIT","Note, DailyNote, JournalEntry, KnowledgeItem, Tag, Space, Backlink, WikiLink",implement as product capability,"Можно писать заметку, связать [[wikilink]], увидеть backlinks/graph, сохранить/перезагрузить без потери.",Библиотека карточек мышления,"поверх полотен и досок нужен постоянный слой карточек, которые можно переиспользовать.",6038,docs/source_of_truth/LifeOS_canon_v33.md
C06-053,Функция,C06,"ЗАМЕТКИ, ЗНАНИЯ И ОБУЧЕНИЕ",Library / Obsidian Core,Library,/app/library,"PLAN_TBD_BY_ARTIFACT_AUDIT, PLAN_TBD_BY_ARTIFACT_AUDIT","Note, DailyNote, JournalEntry, KnowledgeItem, Tag, Space, Backlink, WikiLink",implement as product capability,"Можно писать заметку, связать [[wikilink]], увидеть backlinks/graph, сохранить/перезагрузить без потери.",Карточки из ПДФ и медиа,"документ и медиа должны уметь жить как полноценные объекты мышления, а не как мёртвые вложения.",6044,docs/source_of_truth/LifeOS_canon_v33.md
C06-054,Функция,C06,"ЗАМЕТКИ, ЗНАНИЯ И ОБУЧЕНИЕ",Library / Obsidian Core,Library,/app/library,"PLAN_TBD_BY_ARTIFACT_AUDIT, PLAN_TBD_BY_ARTIFACT_AUDIT","Note, DailyNote, JournalEntry, KnowledgeItem, Tag, Space, Backlink, WikiLink",implement as product capability,"Можно писать заметку, связать [[wikilink]], увидеть backlinks/graph, сохранить/перезагрузить без потери.",Пространственное полотно мышления,"части знаний должны уметь раскладываться в пространстве, а не только списком.",6050,docs/source_of_truth/LifeOS_canon_v33.md
C06-055,Функция,C06,"ЗАМЕТКИ, ЗНАНИЯ И ОБУЧЕНИЕ",Library / Obsidian Core,Library,/app/library,"PLAN_TBD_BY_ARTIFACT_AUDIT, PLAN_TBD_BY_ARTIFACT_AUDIT","Note, DailyNote, JournalEntry, KnowledgeItem, Tag, Space, Backlink, WikiLink",implement as product capability,"Можно писать заметку, связать [[wikilink]], увидеть backlinks/graph, сохранить/перезагрузить без потери.",Полотно рядом с документом,рядом с документом нужен дополнительный визуальный режим мышления.,6056,docs/source_of_truth/LifeOS_canon_v33.md
C06-056,Функция,C06,"ЗАМЕТКИ, ЗНАНИЯ И ОБУЧЕНИЕ",Library / Obsidian Core,Library,/app/library,"PLAN_TBD_BY_ARTIFACT_AUDIT, PLAN_TBD_BY_ARTIFACT_AUDIT","Note, DailyNote, JournalEntry, KnowledgeItem, Tag, Space, Backlink, WikiLink",implement as product capability,"Можно писать заметку, связать [[wikilink]], увидеть backlinks/graph, сохранить/перезагрузить без потери.","Сосуществование документа, полотна и базы","текст, визуальная поверхность и структурированный массив не должны жить в трёх разорванных продуктах.",6062,docs/source_of_truth/LifeOS_canon_v33.md
C06-057,Функция,C06,"ЗАМЕТКИ, ЗНАНИЯ И ОБУЧЕНИЕ",Library / Obsidian Core,Library,/app/library,"PLAN_TBD_BY_ARTIFACT_AUDIT, PLAN_TBD_BY_ARTIFACT_AUDIT","Note, DailyNote, JournalEntry, KnowledgeItem, Tag, Space, Backlink, WikiLink",implement as product capability,"Можно писать заметку, связать [[wikilink]], увидеть backlinks/graph, сохранить/перезагрузить без потери.",Встраивание структурированного массива внутрь документа или полотна,таблица или база должны уметь появляться прямо внутри живой рабочей поверхности.,6068,docs/source_of_truth/LifeOS_canon_v33.md
C06-058,Функция,C06,"ЗАМЕТКИ, ЗНАНИЯ И ОБУЧЕНИЕ",Library / Obsidian Core,Library,/app/library,"PLAN_TBD_BY_ARTIFACT_AUDIT, PLAN_TBD_BY_ARTIFACT_AUDIT","Note, DailyNote, JournalEntry, KnowledgeItem, Tag, Space, Backlink, WikiLink",implement as product capability,"Можно писать заметку, связать [[wikilink]], увидеть backlinks/graph, сохранить/перезагрузить без потери.","Смешанные визуальные страницы заметок, задач и планирования",часть пользователей должна уметь собирать рабочие страницы из визуальных блоков.,6074,docs/source_of_truth/LifeOS_canon_v33.md
C06-059,Функция,C06,"ЗАМЕТКИ, ЗНАНИЯ И ОБУЧЕНИЕ",Library / Obsidian Core,Library,/app/library,"PLAN_TBD_BY_ARTIFACT_AUDIT, PLAN_TBD_BY_ARTIFACT_AUDIT","Note, DailyNote, JournalEntry, KnowledgeItem, Tag, Space, Backlink, WikiLink",implement as product capability,"Можно писать заметку, связать [[wikilink]], увидеть backlinks/graph, сохранить/перезагрузить без потери.","Заметки, привязанные к датам",заметка должна уметь быть частью временной линии.,6080,docs/source_of_truth/LifeOS_canon_v33.md
C06-060,Функция,C06,"ЗАМЕТКИ, ЗНАНИЯ И ОБУЧЕНИЕ",Library / Obsidian Core,Library,/app/library,"PLAN_TBD_BY_ARTIFACT_AUDIT, PLAN_TBD_BY_ARTIFACT_AUDIT","Note, DailyNote, JournalEntry, KnowledgeItem, Tag, Space, Backlink, WikiLink",implement as product capability,"Можно писать заметку, связать [[wikilink]], увидеть backlinks/graph, сохранить/перезагрузить без потери.",Навигация заметок через календарь,календарь должен уметь быть входом обратно в заметки.,6086,docs/source_of_truth/LifeOS_canon_v33.md
C06-061,Функция,C06,"ЗАМЕТКИ, ЗНАНИЯ И ОБУЧЕНИЕ",Library / Obsidian Core,Library,/app/library,"PLAN_TBD_BY_ARTIFACT_AUDIT, PLAN_TBD_BY_ARTIFACT_AUDIT","Note, DailyNote, JournalEntry, KnowledgeItem, Tag, Space, Backlink, WikiLink",implement as product capability,"Можно писать заметку, связать [[wikilink]], увидеть backlinks/graph, сохранить/перезагрузить без потери.",Задачи и чек-листы внутри заметки,"заметка должна уметь быть не только текстом, но и рабочим контейнером действия.",6092,docs/source_of_truth/LifeOS_canon_v33.md
C06-062,Функция,C06,"ЗАМЕТКИ, ЗНАНИЯ И ОБУЧЕНИЕ",Library / Obsidian Core,Library,/app/library,"PLAN_TBD_BY_ARTIFACT_AUDIT, PLAN_TBD_BY_ARTIFACT_AUDIT","Note, DailyNote, JournalEntry, KnowledgeItem, Tag, Space, Backlink, WikiLink",implement as product capability,"Можно писать заметку, связать [[wikilink]], увидеть backlinks/graph, сохранить/перезагрузить без потери.",Слияние задачи и заметки,"контекст должен жить там же, где само действие.",6098,docs/source_of_truth/LifeOS_canon_v33.md
C06-063,Функция,C06,"ЗАМЕТКИ, ЗНАНИЯ И ОБУЧЕНИЕ",Library / Obsidian Core,Library,/app/library,"PLAN_TBD_BY_ARTIFACT_AUDIT, PLAN_TBD_BY_ARTIFACT_AUDIT","Note, DailyNote, JournalEntry, KnowledgeItem, Tag, Space, Backlink, WikiLink",implement as product capability,"Можно писать заметку, связать [[wikilink]], увидеть backlinks/graph, сохранить/перезагрузить без потери.",Мост «заметка → задача»,мысль должна уметь переходить в действие без ручного копирования.,6104,docs/source_of_truth/LifeOS_canon_v33.md
C06-064,Функция,C06,"ЗАМЕТКИ, ЗНАНИЯ И ОБУЧЕНИЕ",Library / Obsidian Core,Library,/app/library,"PLAN_TBD_BY_ARTIFACT_AUDIT, PLAN_TBD_BY_ARTIFACT_AUDIT","Note, DailyNote, JournalEntry, KnowledgeItem, Tag, Space, Backlink, WikiLink",implement as product capability,"Можно писать заметку, связать [[wikilink]], увидеть backlinks/graph, сохранить/перезагрузить без потери.",Мост «артефакт → напоминание»,"напоминание должно быть приклеено к самому объекту, а не существовать отдельно.",6110,docs/source_of_truth/LifeOS_canon_v33.md
C06-065,Функция,C06,"ЗАМЕТКИ, ЗНАНИЯ И ОБУЧЕНИЕ",Library / Obsidian Core,Library,/app/library,"PLAN_TBD_BY_ARTIFACT_AUDIT, PLAN_TBD_BY_ARTIFACT_AUDIT","Note, DailyNote, JournalEntry, KnowledgeItem, Tag, Space, Backlink, WikiLink",implement as product capability,"Можно писать заметку, связать [[wikilink]], увидеть backlinks/graph, сохранить/перезагрузить без потери.",Мост «заметка → задача → слот времени»,переход от мысли к исполнению и времени должен быть прямым.,6116,docs/source_of_truth/LifeOS_canon_v33.md
C06-066,Функция,C06,"ЗАМЕТКИ, ЗНАНИЯ И ОБУЧЕНИЕ",Library / Obsidian Core,Library,/app/library,"PLAN_TBD_BY_ARTIFACT_AUDIT, PLAN_TBD_BY_ARTIFACT_AUDIT","Note, DailyNote, JournalEntry, KnowledgeItem, Tag, Space, Backlink, WikiLink",implement as product capability,"Можно писать заметку, связать [[wikilink]], увидеть backlinks/graph, сохранить/перезагрузить без потери.",Страницы планирования с реальными датами,"страница планирования должна знать реальные даты, повторы и события.",6122,docs/source_of_truth/LifeOS_canon_v33.md
C06-067,Функция,C06,"ЗАМЕТКИ, ЗНАНИЯ И ОБУЧЕНИЕ",Library / Obsidian Core,Library,/app/library,"PLAN_TBD_BY_ARTIFACT_AUDIT, PLAN_TBD_BY_ARTIFACT_AUDIT","Note, DailyNote, JournalEntry, KnowledgeItem, Tag, Space, Backlink, WikiLink",implement as product capability,"Можно писать заметку, связать [[wikilink]], увидеть backlinks/graph, сохранить/перезагрузить без потери.","Заметка как временная линия прошлого, настоящего и будущего","часть заметок должна уметь одновременно держать прошлый контекст, текущий фокус и будущий шаг.",6128,docs/source_of_truth/LifeOS_canon_v33.md
C06-068,Функция,C06,"ЗАМЕТКИ, ЗНАНИЯ И ОБУЧЕНИЕ",Library / Obsidian Core,Library,/app/library,"PLAN_TBD_BY_ARTIFACT_AUDIT, PLAN_TBD_BY_ARTIFACT_AUDIT","Note, DailyNote, JournalEntry, KnowledgeItem, Tag, Space, Backlink, WikiLink",implement as product capability,"Можно писать заметку, связать [[wikilink]], увидеть backlinks/graph, сохранить/перезагрузить без потери.",Аудио и видео внутри заметки,"медиа должны быть частью тела заметки, а не чужим вложением без контекста.",6134,docs/source_of_truth/LifeOS_canon_v33.md
C06-069,Функция,C06,"ЗАМЕТКИ, ЗНАНИЯ И ОБУЧЕНИЕ",Library / Obsidian Core,Library,/app/library,"PLAN_TBD_BY_ARTIFACT_AUDIT, PLAN_TBD_BY_ARTIFACT_AUDIT","Note, DailyNote, JournalEntry, KnowledgeItem, Tag, Space, Backlink, WikiLink",implement as product capability,"Можно писать заметку, связать [[wikilink]], увидеть backlinks/graph, сохранить/перезагрузить без потери.","Запись лекции или разговора, прикреплённая к заметке",заметка должна уметь держать связанную запись с поиском и расшифровкой.,6140,docs/source_of_truth/LifeOS_canon_v33.md
C06-070,Функция,C06,"ЗАМЕТКИ, ЗНАНИЯ И ОБУЧЕНИЕ",Library / Obsidian Core,Library,/app/library,"PLAN_TBD_BY_ARTIFACT_AUDIT, PLAN_TBD_BY_ARTIFACT_AUDIT","Note, DailyNote, JournalEntry, KnowledgeItem, Tag, Space, Backlink, WikiLink",implement as product capability,"Можно писать заметку, связать [[wikilink]], увидеть backlinks/graph, сохранить/перезагрузить без потери.",Голосовая заметка с поиском по транскрипту,"голосовая запись должна находиться как по аудио, так и по распознанному тексту.",6146,docs/source_of_truth/LifeOS_canon_v33.md
C06-071,Функция,C06,"ЗАМЕТКИ, ЗНАНИЯ И ОБУЧЕНИЕ",Library / Obsidian Core,Library,/app/library,"PLAN_TBD_BY_ARTIFACT_AUDIT, PLAN_TBD_BY_ARTIFACT_AUDIT","Note, DailyNote, JournalEntry, KnowledgeItem, Tag, Space, Backlink, WikiLink",implement as product capability,"Можно писать заметку, связать [[wikilink]], увидеть backlinks/graph, сохранить/перезагрузить без потери.",Заметки превращаются в карточки повторения,важные материалы должны уметь переходить в слой запоминания без ручного переписывания.,6152,docs/source_of_truth/LifeOS_canon_v33.md
C06-072,Функция,C06,"ЗАМЕТКИ, ЗНАНИЯ И ОБУЧЕНИЕ",Library / Obsidian Core,Library,/app/library,"PLAN_TBD_BY_ARTIFACT_AUDIT, PLAN_TBD_BY_ARTIFACT_AUDIT","Note, DailyNote, JournalEntry, KnowledgeItem, Tag, Space, Backlink, WikiLink",implement as product capability,"Можно писать заметку, связать [[wikilink]], увидеть backlinks/graph, сохранить/перезагрузить без потери.",Интервальные повторы,полезное знание должно возвращаться по разумным интервалам.,6158,docs/source_of_truth/LifeOS_canon_v33.md
C06-073,Функция,C06,"ЗАМЕТКИ, ЗНАНИЯ И ОБУЧЕНИЕ",Library / Obsidian Core,Library,/app/library,"PLAN_TBD_BY_ARTIFACT_AUDIT, PLAN_TBD_BY_ARTIFACT_AUDIT","Note, DailyNote, JournalEntry, KnowledgeItem, Tag, Space, Backlink, WikiLink",implement as product capability,"Можно писать заметку, связать [[wikilink]], увидеть backlinks/graph, сохранить/перезагрузить без потери.",Цели навыка,обучение должно иметь отдельные цели навыка.,6164,docs/source_of_truth/LifeOS_canon_v33.md
C06-074,Функция,C06,"ЗАМЕТКИ, ЗНАНИЯ И ОБУЧЕНИЕ",Library / Obsidian Core,Library,/app/library,"PLAN_TBD_BY_ARTIFACT_AUDIT, PLAN_TBD_BY_ARTIFACT_AUDIT","Note, DailyNote, JournalEntry, KnowledgeItem, Tag, Space, Backlink, WikiLink",implement as product capability,"Можно писать заметку, связать [[wikilink]], увидеть backlinks/graph, сохранить/перезагрузить без потери.",Учебный план,"обучение должно иметь видимую структуру, а не быть бесконечным накоплением материалов.",6170,docs/source_of_truth/LifeOS_canon_v33.md
C06-075,Функция,C06,"ЗАМЕТКИ, ЗНАНИЯ И ОБУЧЕНИЕ",Library / Obsidian Core,Library,/app/library,"PLAN_TBD_BY_ARTIFACT_AUDIT, PLAN_TBD_BY_ARTIFACT_AUDIT","Note, DailyNote, JournalEntry, KnowledgeItem, Tag, Space, Backlink, WikiLink",implement as product capability,"Можно писать заметку, связать [[wikilink]], увидеть backlinks/graph, сохранить/перезагрузить без потери.",Короткие десятиминутные уроки,обучение должно дробиться на реально исполнимые куски.,6176,docs/source_of_truth/LifeOS_canon_v33.md
C06-076,Функция,C06,"ЗАМЕТКИ, ЗНАНИЯ И ОБУЧЕНИЕ",Library / Obsidian Core,Library,/app/library,"PLAN_TBD_BY_ARTIFACT_AUDIT, PLAN_TBD_BY_ARTIFACT_AUDIT","Note, DailyNote, JournalEntry, KnowledgeItem, Tag, Space, Backlink, WikiLink",implement as product capability,"Можно писать заметку, связать [[wikilink]], увидеть backlinks/graph, сохранить/перезагрузить без потери.",Учебные мини-проекты,знание должно закрепляться через маленькие практические сборки.,6182,docs/source_of_truth/LifeOS_canon_v33.md
C06-077,Функция,C06,"ЗАМЕТКИ, ЗНАНИЯ И ОБУЧЕНИЕ",Library / Obsidian Core,Library,/app/library,"PLAN_TBD_BY_ARTIFACT_AUDIT, PLAN_TBD_BY_ARTIFACT_AUDIT","Note, DailyNote, JournalEntry, KnowledgeItem, Tag, Space, Backlink, WikiLink",implement as product capability,"Можно писать заметку, связать [[wikilink]], увидеть backlinks/graph, сохранить/перезагрузить без потери.",Тесты и генератор вопросов по материалу,"по знаниям должны рождаться средства проверки, а не только конспекты.",6188,docs/source_of_truth/LifeOS_canon_v33.md
C06-078,Функция,C06,"ЗАМЕТКИ, ЗНАНИЯ И ОБУЧЕНИЕ",Library / Obsidian Core,Library,/app/library,"PLAN_TBD_BY_ARTIFACT_AUDIT, PLAN_TBD_BY_ARTIFACT_AUDIT","Note, DailyNote, JournalEntry, KnowledgeItem, Tag, Space, Backlink, WikiLink",implement as product capability,"Можно писать заметку, связать [[wikilink]], увидеть backlinks/graph, сохранить/перезагрузить без потери.",Проверка ответа,после самопроверки нужно понимать качество удержания знания.,6194,docs/source_of_truth/LifeOS_canon_v33.md
C06-079,Функция,C06,"ЗАМЕТКИ, ЗНАНИЯ И ОБУЧЕНИЕ",Library / Obsidian Core,Library,/app/library,"PLAN_TBD_BY_ARTIFACT_AUDIT, PLAN_TBD_BY_ARTIFACT_AUDIT","Note, DailyNote, JournalEntry, KnowledgeItem, Tag, Space, Backlink, WikiLink",implement as product capability,"Можно писать заметку, связать [[wikilink]], увидеть backlinks/graph, сохранить/перезагрузить без потери.",Назначение следующего повтора,по качеству ответа должен автоматически выбираться новый срок возврата.,6200,docs/source_of_truth/LifeOS_canon_v33.md
C06-080,Функция,C06,"ЗАМЕТКИ, ЗНАНИЯ И ОБУЧЕНИЕ",Library / Obsidian Core,Library,/app/library,"PLAN_TBD_BY_ARTIFACT_AUDIT, PLAN_TBD_BY_ARTIFACT_AUDIT","Note, DailyNote, JournalEntry, KnowledgeItem, Tag, Space, Backlink, WikiLink",implement as product capability,"Можно писать заметку, связать [[wikilink]], увидеть backlinks/graph, сохранить/перезагрузить без потери.",Блок учебных повторов,"в системе нужен отдельный видимый слой того, что пришло время повторить.",6206,docs/source_of_truth/LifeOS_canon_v33.md
C06-081,Функция,C06,"ЗАМЕТКИ, ЗНАНИЯ И ОБУЧЕНИЕ",Library / Obsidian Core,Library,/app/library,"PLAN_TBD_BY_ARTIFACT_AUDIT, PLAN_TBD_BY_ARTIFACT_AUDIT","Note, DailyNote, JournalEntry, KnowledgeItem, Tag, Space, Backlink, WikiLink",implement as product capability,"Можно писать заметку, связать [[wikilink]], увидеть backlinks/graph, сохранить/перезагрузить без потери.",Еженедельная проверка знаний,кроме точечных повторов нужен более крупный цикл проверки.,6212,docs/source_of_truth/LifeOS_canon_v33.md
C06-082,Функция,C06,"ЗАМЕТКИ, ЗНАНИЯ И ОБУЧЕНИЕ",Library / Obsidian Core,Library,/app/library,"PLAN_TBD_BY_ARTIFACT_AUDIT, PLAN_TBD_BY_ARTIFACT_AUDIT","Note, DailyNote, JournalEntry, KnowledgeItem, Tag, Space, Backlink, WikiLink",implement as product capability,"Можно писать заметку, связать [[wikilink]], увидеть backlinks/graph, сохранить/перезагрузить без потери.",Учёт курсов и сертификатов,"обучение должно помнить не только заметки, но и завершённые учебные контуры.",6218,docs/source_of_truth/LifeOS_canon_v33.md
C06-083,Функция,C06,"ЗАМЕТКИ, ЗНАНИЯ И ОБУЧЕНИЕ",Library / Obsidian Core,Library,/app/library,"PLAN_TBD_BY_ARTIFACT_AUDIT, PLAN_TBD_BY_ARTIFACT_AUDIT","Note, DailyNote, JournalEntry, KnowledgeItem, Tag, Space, Backlink, WikiLink",implement as product capability,"Можно писать заметку, связать [[wikilink]], увидеть backlinks/graph, сохранить/перезагрузить без потери.",Внешний разбор своей работы,для роста полезно хранить внешний отзыв или экспертный разбор как часть учебного слоя.,6224,docs/source_of_truth/LifeOS_canon_v33.md
C06-084,Функция,C06,"ЗАМЕТКИ, ЗНАНИЯ И ОБУЧЕНИЕ",Library / Obsidian Core,Library,/app/library,"PLAN_TBD_BY_ARTIFACT_AUDIT, PLAN_TBD_BY_ARTIFACT_AUDIT","Note, DailyNote, JournalEntry, KnowledgeItem, Tag, Space, Backlink, WikiLink",implement as product capability,"Можно писать заметку, связать [[wikilink]], увидеть backlinks/graph, сохранить/перезагрузить без потери.",Учебные объекты из заметок и знаний,"не каждая заметка достойна обучения, но нужные материалы должны уметь выделяться в отдельный учебный слой.",6230,docs/source_of_truth/LifeOS_canon_v33.md
C06-085,Функция,C06,"ЗАМЕТКИ, ЗНАНИЯ И ОБУЧЕНИЕ",Library / Obsidian Core,Library,/app/library,"PLAN_TBD_BY_ARTIFACT_AUDIT, PLAN_TBD_BY_ARTIFACT_AUDIT","Note, DailyNote, JournalEntry, KnowledgeItem, Tag, Space, Backlink, WikiLink",implement as product capability,"Можно писать заметку, связать [[wikilink]], увидеть backlinks/graph, сохранить/перезагрузить без потери.",Мост «знание → действие»,"сильное знание должно уметь выходить в эксперимент, проект или следующий шаг.",6236,docs/source_of_truth/LifeOS_canon_v33.md
C06-086,Минус,C06,"ЗАМЕТКИ, ЗНАНИЯ И ОБУЧЕНИЕ",Library / Obsidian Core,Library,/app/library,"PLAN_TBD_BY_ARTIFACT_AUDIT, PLAN_TBD_BY_ARTIFACT_AUDIT","Note, DailyNote, JournalEntry, KnowledgeItem, Tag, Space, Backlink, WikiLink",forbid / add regression guard,"Можно писать заметку, связать [[wikilink]], увидеть backlinks/graph, сохранить/перезагрузить без потери.",Мёртвый архив материалов,"красивый склад книг, статей и заметок без связей и возвращения почти не даёт пользы.",6242,docs/source_of_truth/LifeOS_canon_v33.md
C06-087,Минус,C06,"ЗАМЕТКИ, ЗНАНИЯ И ОБУЧЕНИЕ",Library / Obsidian Core,Library,/app/library,"PLAN_TBD_BY_ARTIFACT_AUDIT, PLAN_TBD_BY_ARTIFACT_AUDIT","Note, DailyNote, JournalEntry, KnowledgeItem, Tag, Space, Backlink, WikiLink",forbid / add regression guard,"Можно писать заметку, связать [[wikilink]], увидеть backlinks/graph, сохранить/перезагрузить без потери.",Жёсткая обязательная иерархия,"если каждая запись требует заранее решить, куда её положить, быстрые заметки умирают от трения.",6248,docs/source_of_truth/LifeOS_canon_v33.md
C06-088,Минус,C06,"ЗАМЕТКИ, ЗНАНИЯ И ОБУЧЕНИЕ",Library / Obsidian Core,Library,/app/library,"PLAN_TBD_BY_ARTIFACT_AUDIT, PLAN_TBD_BY_ARTIFACT_AUDIT","Note, DailyNote, JournalEntry, KnowledgeItem, Tag, Space, Backlink, WikiLink",forbid / add regression guard,"Можно писать заметку, связать [[wikilink]], увидеть backlinks/graph, сохранить/перезагрузить без потери.",Теги вместо реального смысла,"одни теги не заменяют тип, происхождение, стадию и содержательные связи объекта.",6254,docs/source_of_truth/LifeOS_canon_v33.md
C06-089,Минус,C06,"ЗАМЕТКИ, ЗНАНИЯ И ОБУЧЕНИЕ",Library / Obsidian Core,Library,/app/library,"PLAN_TBD_BY_ARTIFACT_AUDIT, PLAN_TBD_BY_ARTIFACT_AUDIT","Note, DailyNote, JournalEntry, KnowledgeItem, Tag, Space, Backlink, WikiLink",forbid / add regression guard,"Можно писать заметку, связать [[wikilink]], увидеть backlinks/graph, сохранить/перезагрузить без потери.",Обучение на неочищенном знании,"если строить повторы и тесты по мусору, закрепляется не польза, а шум.",6260,docs/source_of_truth/LifeOS_canon_v33.md
C06-090,Минус,C06,"ЗАМЕТКИ, ЗНАНИЯ И ОБУЧЕНИЕ",Library / Obsidian Core,Library,/app/library,"PLAN_TBD_BY_ARTIFACT_AUDIT, PLAN_TBD_BY_ARTIFACT_AUDIT","Note, DailyNote, JournalEntry, KnowledgeItem, Tag, Space, Backlink, WikiLink",forbid / add regression guard,"Можно писать заметку, связать [[wikilink]], увидеть backlinks/graph, сохранить/перезагрузить без потери.",Заметочник как отдельный культ вместо траектории,сильный слой заметок не должен подменять собой всю продуктовую физику LifeOS.,6266,docs/source_of_truth/LifeOS_canon_v33.md
C06-091,Функция,C06,"ЗАМЕТКИ, ЗНАНИЯ И ОБУЧЕНИЕ",Library / Obsidian Core,Library,/app/library,"PLAN_TBD_BY_ARTIFACT_AUDIT, PLAN_TBD_BY_ARTIFACT_AUDIT","Note, DailyNote, JournalEntry, KnowledgeItem, Tag, Space, Backlink, WikiLink",implement as product capability,"Можно писать заметку, связать [[wikilink]], увидеть backlinks/graph, сохранить/перезагрузить без потери.",Напоминания о проверке устаревающих документов и знаний,"справочные материалы и знания должны уметь сами возвращаться на ревизию, когда есть риск устаревания.",6272,docs/source_of_truth/LifeOS_canon_v33.md
C06-092,Функция,C06,"ЗАМЕТКИ, ЗНАНИЯ И ОБУЧЕНИЕ",Library / Obsidian Core,Library,/app/library,"PLAN_TBD_BY_ARTIFACT_AUDIT, PLAN_TBD_BY_ARTIFACT_AUDIT","Note, DailyNote, JournalEntry, KnowledgeItem, Tag, Space, Backlink, WikiLink",implement as product capability,"Можно писать заметку, связать [[wikilink]], увидеть backlinks/graph, сохранить/перезагрузить без потери.",Ежедневное возвращение важного знания,"сильные материалы должны сами возвращаться в поле внимания, а не ждать случайного поиска.",6278,docs/source_of_truth/LifeOS_canon_v33.md
C06-093,Функция,C06,"ЗАМЕТКИ, ЗНАНИЯ И ОБУЧЕНИЕ",Library / Obsidian Core,Library,/app/library,"PLAN_TBD_BY_ARTIFACT_AUDIT, PLAN_TBD_BY_ARTIFACT_AUDIT","Note, DailyNote, JournalEntry, KnowledgeItem, Tag, Space, Backlink, WikiLink",implement as product capability,"Можно писать заметку, связать [[wikilink]], увидеть backlinks/graph, сохранить/перезагрузить без потери.",Настройка частоты возврата материала,у разных знаний должна быть разная частота повторного всплытия.,6284,docs/source_of_truth/LifeOS_canon_v33.md
C06-094,Функция,C06,"ЗАМЕТКИ, ЗНАНИЯ И ОБУЧЕНИЕ",Library / Obsidian Core,Library,/app/library,"PLAN_TBD_BY_ARTIFACT_AUDIT, PLAN_TBD_BY_ARTIFACT_AUDIT","Note, DailyNote, JournalEntry, KnowledgeItem, Tag, Space, Backlink, WikiLink",implement as product capability,"Можно писать заметку, связать [[wikilink]], увидеть backlinks/graph, сохранить/перезагрузить без потери.",Тематические подборки повторения,"возвращение знания должно уметь собираться по темам, а не только в одну общую ленту.",6290,docs/source_of_truth/LifeOS_canon_v33.md
C06-095,Функция,C06,"ЗАМЕТКИ, ЗНАНИЯ И ОБУЧЕНИЕ",Library / Obsidian Core,Library,/app/library,"PLAN_TBD_BY_ARTIFACT_AUDIT, PLAN_TBD_BY_ARTIFACT_AUDIT","Note, DailyNote, JournalEntry, KnowledgeItem, Tag, Space, Backlink, WikiLink",implement as product capability,"Можно писать заметку, связать [[wikilink]], увидеть backlinks/graph, сохранить/перезагрузить без потери.","Чат по выделениям, цитатам и конспектам",человеку нужен режим вопросов именно по своим выделениям и заметкам.,6296,docs/source_of_truth/LifeOS_canon_v33.md
C06-096,Функция,C06,"ЗАМЕТКИ, ЗНАНИЯ И ОБУЧЕНИЕ",Library / Obsidian Core,Library,/app/library,"PLAN_TBD_BY_ARTIFACT_AUDIT, PLAN_TBD_BY_ARTIFACT_AUDIT","Note, DailyNote, JournalEntry, KnowledgeItem, Tag, Space, Backlink, WikiLink",implement as product capability,"Можно писать заметку, связать [[wikilink]], увидеть backlinks/graph, сохранить/перезагрузить без потери.",Похожие выделения и родственные идеи,"система должна показывать не только точное совпадение, но и соседние по смыслу материалы.",6302,docs/source_of_truth/LifeOS_canon_v33.md
C06-097,Функция,C06,"ЗАМЕТКИ, ЗНАНИЯ И ОБУЧЕНИЕ",Library / Obsidian Core,Library,/app/library,"PLAN_TBD_BY_ARTIFACT_AUDIT, PLAN_TBD_BY_ARTIFACT_AUDIT","Note, DailyNote, JournalEntry, KnowledgeItem, Tag, Space, Backlink, WikiLink",implement as product capability,"Можно писать заметку, связать [[wikilink]], увидеть backlinks/graph, сохранить/перезагрузить без потери.",Богатый слой пометок внутри знания,"у знания должны быть не только текст и тег, но и живые пометки человека.",6308,docs/source_of_truth/LifeOS_canon_v33.md
C06-098,Функция,C06,"ЗАМЕТКИ, ЗНАНИЯ И ОБУЧЕНИЕ",Library / Obsidian Core,Library,/app/library,"PLAN_TBD_BY_ARTIFACT_AUDIT, PLAN_TBD_BY_ARTIFACT_AUDIT","Note, DailyNote, JournalEntry, KnowledgeItem, Tag, Space, Backlink, WikiLink",implement as product capability,"Можно писать заметку, связать [[wikilink]], увидеть backlinks/graph, сохранить/перезагрузить без потери.",Открытый экспорт знания и повторов,"человек должен уметь унести наружу не только сам текст, но и след его освоения.",6314,docs/source_of_truth/LifeOS_canon_v33.md
C06-099,Функция,C06,"ЗАМЕТКИ, ЗНАНИЯ И ОБУЧЕНИЕ",Library / Obsidian Core,Library,/app/library,"PLAN_TBD_BY_ARTIFACT_AUDIT, PLAN_TBD_BY_ARTIFACT_AUDIT","Note, DailyNote, JournalEntry, KnowledgeItem, Tag, Space, Backlink, WikiLink",implement as product capability,"Можно писать заметку, связать [[wikilink]], увидеть backlinks/graph, сохранить/перезагрузить без потери.",Геометка заметки и контекст места,"заметка должна уметь хранить контекст места как отдельный атрибут, если это усиливает бытовой, дорожный или память-сценарий.",6320,docs/source_of_truth/LifeOS_canon_v33.md
C06-100,Функция,C06,"ЗАМЕТКИ, ЗНАНИЯ И ОБУЧЕНИЕ",Library / Obsidian Core,Library,/app/library,"PLAN_TBD_BY_ARTIFACT_AUDIT, PLAN_TBD_BY_ARTIFACT_AUDIT","Note, DailyNote, JournalEntry, KnowledgeItem, Tag, Space, Backlink, WikiLink",implement as product capability,"Можно писать заметку, связать [[wikilink]], увидеть backlinks/graph, сохранить/перезагрузить без потери.","Кластеризация карточек, голосование и аннотации как единый воркшопный поток","визуальное групповое мышление должно собираться в один сценарий, а не распадаться на отдельные режимы карточек, пометок и голосования.",6326,docs/source_of_truth/LifeOS_canon_v33.md
C06-101,Функция,C06,"ЗАМЕТКИ, ЗНАНИЯ И ОБУЧЕНИЕ",Library / Obsidian Core,Library,/app/library,"PLAN_TBD_BY_ARTIFACT_AUDIT, PLAN_TBD_BY_ARTIFACT_AUDIT","Note, DailyNote, JournalEntry, KnowledgeItem, Tag, Space, Backlink, WikiLink",implement as product capability,"Можно писать заметку, связать [[wikilink]], увидеть backlinks/graph, сохранить/перезагрузить без потери.","Вторичная навигация заметок через папки, избранное и сортировку","большим массивам заметок нужен дополнительный организационный слой поверх поиска, связей и типов.",6332,docs/source_of_truth/LifeOS_canon_v33.md
C06-102,Функция,C06,"ЗАМЕТКИ, ЗНАНИЯ И ОБУЧЕНИЕ",Library / Obsidian Core,Library,/app/library,"PLAN_TBD_BY_ARTIFACT_AUDIT, PLAN_TBD_BY_ARTIFACT_AUDIT","Note, DailyNote, JournalEntry, KnowledgeItem, Tag, Space, Backlink, WikiLink",implement as product capability,"Можно писать заметку, связать [[wikilink]], увидеть backlinks/graph, сохранить/перезагрузить без потери.",Совместное редактирование заметок,Несколько людей могут работать над одной заметкой или страницей как над общим артефактом.,6339,docs/source_of_truth/LifeOS_canon_v33.md
C06-103,Функция,C06,"ЗАМЕТКИ, ЗНАНИЯ И ОБУЧЕНИЕ",Library / Obsidian Core,Library,/app/library,"PLAN_TBD_BY_ARTIFACT_AUDIT, PLAN_TBD_BY_ARTIFACT_AUDIT","Note, DailyNote, JournalEntry, KnowledgeItem, Tag, Space, Backlink, WikiLink",implement as product capability,"Можно писать заметку, связать [[wikilink]], увидеть backlinks/graph, сохранить/перезагрузить без потери.",Блокноты с лимитами по источникам и запросам,"Исследовательский блокнот должен иметь рабочие границы, чтобы не расползаться бесконечно.",6346,docs/source_of_truth/LifeOS_canon_v33.md
C06-104,Функция,C06,"ЗАМЕТКИ, ЗНАНИЯ И ОБУЧЕНИЕ",Library / Obsidian Core,Library,/app/library,"PLAN_TBD_BY_ARTIFACT_AUDIT, PLAN_TBD_BY_ARTIFACT_AUDIT","Note, DailyNote, JournalEntry, KnowledgeItem, Tag, Space, Backlink, WikiLink",implement as product capability,"Можно писать заметку, связать [[wikilink]], увидеть backlinks/graph, сохранить/перезагрузить без потери.","Заметки, связанные с конкретными людьми через обратные ссылки","Человек должен быть узлом контекста, а не просто словом внутри текста.",6353,docs/source_of_truth/LifeOS_canon_v33.md
C06-105,Функция,C06,"ЗАМЕТКИ, ЗНАНИЯ И ОБУЧЕНИЕ",Library / Obsidian Core,Library,/app/library,"PLAN_TBD_BY_ARTIFACT_AUDIT, PLAN_TBD_BY_ARTIFACT_AUDIT","Note, DailyNote, JournalEntry, KnowledgeItem, Tag, Space, Backlink, WikiLink",implement as product capability,"Можно писать заметку, связать [[wikilink]], увидеть backlinks/graph, сохранить/перезагрузить без потери.",Решатель математики внутри заметки,"Внутри заметочного слоя должен быть отдельный режим вычислений и математического разбора, не требующий выхода в другой инструмент.",6360,docs/source_of_truth/LifeOS_canon_v33.md
C06-106,Функция,C06,"ЗАМЕТКИ, ЗНАНИЯ И ОБУЧЕНИЕ",Library / Obsidian Core,Library,/app/library,"PLAN_TBD_BY_ARTIFACT_AUDIT, PLAN_TBD_BY_ARTIFACT_AUDIT","Note, DailyNote, JournalEntry, KnowledgeItem, Tag, Space, Backlink, WikiLink",implement as product capability,"Можно писать заметку, связать [[wikilink]], увидеть backlinks/graph, сохранить/перезагрузить без потери.",Импорт внешних выделений и пометок,"выделения, цитаты и пометки из внешних чтений должны входить в слой знаний без ручного переписывания.",6366,docs/source_of_truth/LifeOS_canon_v33.md
C06-107,Функция,C06,"ЗАМЕТКИ, ЗНАНИЯ И ОБУЧЕНИЕ",Library / Obsidian Core,Library,/app/library,"PLAN_TBD_BY_ARTIFACT_AUDIT, PLAN_TBD_BY_ARTIFACT_AUDIT","Note, DailyNote, JournalEntry, KnowledgeItem, Tag, Space, Backlink, WikiLink",implement as product capability,"Можно писать заметку, связать [[wikilink]], увидеть backlinks/graph, сохранить/перезагрузить без потери.",Подкаст и аудиоэпизод как объект знания,"внешний аудиоматериал должен жить как полноценный объект знания, а не как безликий звуковой файл.",6372,docs/source_of_truth/LifeOS_canon_v33.md
C06-108,Функция,C06,"ЗАМЕТКИ, ЗНАНИЯ И ОБУЧЕНИЕ",Library / Obsidian Core,Library,/app/library,"PLAN_TBD_BY_ARTIFACT_AUDIT, PLAN_TBD_BY_ARTIFACT_AUDIT","Note, DailyNote, JournalEntry, KnowledgeItem, Tag, Space, Backlink, WikiLink",implement as product capability,"Можно писать заметку, связать [[wikilink]], увидеть backlinks/graph, сохранить/перезагрузить без потери.",Книга как управляемый объект чтения и слушания,"книга должна быть не просто файлом, а объектом с главами, прогрессом, закладками, цитатами, вопросами и связями с жизнью человека.",6381,docs/source_of_truth/LifeOS_canon_v33.md
C06-109,Функция,C06,"ЗАМЕТКИ, ЗНАНИЯ И ОБУЧЕНИЕ",Library / Obsidian Core,Library,/app/library,"PLAN_TBD_BY_ARTIFACT_AUDIT, PLAN_TBD_BY_ARTIFACT_AUDIT","Note, DailyNote, JournalEntry, KnowledgeItem, Tag, Space, Backlink, WikiLink",implement as product capability,"Можно писать заметку, связать [[wikilink]], увидеть backlinks/graph, сохранить/перезагрузить без потери.",Прогресс чтения и прослушивания,"у книги и длинного материала должен быть единый прогресс по чтению, слушанию, возврату, тайм-кодам и завершению.",6387,docs/source_of_truth/LifeOS_canon_v33.md
C06-110,Функция,C06,"ЗАМЕТКИ, ЗНАНИЯ И ОБУЧЕНИЕ",Library / Obsidian Core,Library,/app/library,"PLAN_TBD_BY_ARTIFACT_AUDIT, PLAN_TBD_BY_ARTIFACT_AUDIT","Note, DailyNote, JournalEntry, KnowledgeItem, Tag, Space, Backlink, WikiLink",implement as product capability,"Можно писать заметку, связать [[wikilink]], увидеть backlinks/graph, сохранить/перезагрузить без потери.","Цитаты, выделения и карточки по источнику","из книги, курса, урока или длинного текста нужно уметь вытаскивать цитаты, фрагменты и собственные карточки с сохранением происхождения.",6393,docs/source_of_truth/LifeOS_canon_v33.md
C06-111,Функция,C06,"ЗАМЕТКИ, ЗНАНИЯ И ОБУЧЕНИЕ",Library / Obsidian Core,Library,/app/library,"PLAN_TBD_BY_ARTIFACT_AUDIT, PLAN_TBD_BY_ARTIFACT_AUDIT","Note, DailyNote, JournalEntry, KnowledgeItem, Tag, Space, Backlink, WikiLink",implement as product capability,"Можно писать заметку, связать [[wikilink]], увидеть backlinks/graph, сохранить/перезагрузить без потери.","Опросник, самопроверка и диалог по книге или уроку","после чтения или прохождения урока система должна уметь строить вопросы, самопроверку и диалог, чтобы материал не оставался пассивным потреблением.",6399,docs/source_of_truth/LifeOS_canon_v33.md
C06-112,Функция,C06,"ЗАМЕТКИ, ЗНАНИЯ И ОБУЧЕНИЕ",Library / Obsidian Core,Library,/app/library,"PLAN_TBD_BY_ARTIFACT_AUDIT, PLAN_TBD_BY_ARTIFACT_AUDIT","Note, DailyNote, JournalEntry, KnowledgeItem, Tag, Space, Backlink, WikiLink",implement as product capability,"Можно писать заметку, связать [[wikilink]], увидеть backlinks/graph, сохранить/перезагрузить без потери.","Курс, модуль, урок и задание как обучающие объекты","обучающий контур должен поддерживать курсы, модули, уроки, задания, тесты, обратную связь и итоговые результаты.",6405,docs/source_of_truth/LifeOS_canon_v33.md
C06-113,Функция,C06,"ЗАМЕТКИ, ЗНАНИЯ И ОБУЧЕНИЕ",Library / Obsidian Core,Library,/app/library,"PLAN_TBD_BY_ARTIFACT_AUDIT, PLAN_TBD_BY_ARTIFACT_AUDIT","Note, DailyNote, JournalEntry, KnowledgeItem, Tag, Space, Backlink, WikiLink",implement as product capability,"Можно писать заметку, связать [[wikilink]], увидеть backlinks/graph, сохранить/перезагрузить без потери.",Учебные тесты и задания с проверкой прохождения,"обучение должно включать проверяемые тесты, практические задания и явный статус выполнения.",6411,docs/source_of_truth/LifeOS_canon_v33.md
C06-114,Функция,C06,"ЗАМЕТКИ, ЗНАНИЯ И ОБУЧЕНИЕ",Library / Obsidian Core,Library,/app/library,"PLAN_TBD_BY_ARTIFACT_AUDIT, PLAN_TBD_BY_ARTIFACT_AUDIT","Note, DailyNote, JournalEntry, KnowledgeItem, Tag, Space, Backlink, WikiLink",implement as product capability,"Можно писать заметку, связать [[wikilink]], увидеть backlinks/graph, сохранить/перезагрузить без потери.",Публикуемое знание и creator publishing,"курсы, уроки, шаблоны, гайды и пакеты должны уметь переходить из личного режима в публикуемый формат без пересоздания с нуля.",6417,docs/source_of_truth/LifeOS_canon_v33.md
C06-115,Качество,C06,"ЗАМЕТКИ, ЗНАНИЯ И ОБУЧЕНИЕ",Library / Obsidian Core,Library,/app/library,"PLAN_TBD_BY_ARTIFACT_AUDIT, PLAN_TBD_BY_ARTIFACT_AUDIT","Note, DailyNote, JournalEntry, KnowledgeItem, Tag, Space, Backlink, WikiLink",build as acceptance criterion,"Можно писать заметку, связать [[wikilink]], увидеть backlinks/graph, сохранить/перезагрузить без потери.",Одна учебная и знаниевая система для себя и для публикации,"личное обучение, конспект, курс, урок и продаваемый пакет должны быть разными режимами одной системы, а не пятью разными продуктами.",6423,docs/source_of_truth/LifeOS_canon_v33.md
C07-001,Функция,C07,"ДЕНЬ, ОБЗОР И ЕЖЕДНЕВНЫЙ ЦЕНТР",Today / Journal,Today,/app/today,"PLAN_TBD_BY_ARTIFACT_AUDIT, PLAN_TBD_BY_ARTIFACT_AUDIT","TodayPage, DailyReview, JournalEntry, NextAction, RecoveryPlan",implement as product capability,Today читает реальные notes/tasks/calendar/source links и не генерирует отдельную несвязанную реальность.,Ежедневный главный экран как панель блоков,"ежедневный центр должен быть не одной жёсткой страницей, а собираемой панелью блоков.",6433,docs/source_of_truth/LifeOS_canon_v33.md
C07-002,Функция,C07,"ДЕНЬ, ОБЗОР И ЕЖЕДНЕВНЫЙ ЦЕНТР",Today / Journal,Today,/app/today,"PLAN_TBD_BY_ARTIFACT_AUDIT, PLAN_TBD_BY_ARTIFACT_AUDIT","TodayPage, DailyReview, JournalEntry, NextAction, RecoveryPlan",implement as product capability,Today читает реальные notes/tasks/calendar/source links и не генерирует отдельную несвязанную реальность.,Управление видимостью блоков,человек должен уметь показывать и скрывать блоки главной панели под свой режим дня.,6439,docs/source_of_truth/LifeOS_canon_v33.md
C07-003,Функция,C07,"ДЕНЬ, ОБЗОР И ЕЖЕДНЕВНЫЙ ЦЕНТР",Today / Journal,Today,/app/today,"PLAN_TBD_BY_ARTIFACT_AUDIT, PLAN_TBD_BY_ARTIFACT_AUDIT","TodayPage, DailyReview, JournalEntry, NextAction, RecoveryPlan",implement as product capability,Today читает реальные notes/tasks/calendar/source links и не генерирует отдельную несвязанную реальность.,Изменение порядка блоков,"порядок блоков должен быть управляемым, чтобы важное было выше второстепенного.",6445,docs/source_of_truth/LifeOS_canon_v33.md
C07-004,Функция,C07,"ДЕНЬ, ОБЗОР И ЕЖЕДНЕВНЫЙ ЦЕНТР",Today / Journal,Today,/app/today,"PLAN_TBD_BY_ARTIFACT_AUDIT, PLAN_TBD_BY_ARTIFACT_AUDIT","TodayPage, DailyReview, JournalEntry, NextAction, RecoveryPlan",implement as product capability,Today читает реальные notes/tasks/calendar/source links и не генерирует отдельную несвязанную реальность.,Пресеты главной панели,у главной поверхности должны быть готовые наборы блоков под разные режимы просмотра.,6451,docs/source_of_truth/LifeOS_canon_v33.md
C07-005,Функция,C07,"ДЕНЬ, ОБЗОР И ЕЖЕДНЕВНЫЙ ЦЕНТР",Today / Journal,Today,/app/today,"PLAN_TBD_BY_ARTIFACT_AUDIT, PLAN_TBD_BY_ARTIFACT_AUDIT","TodayPage, DailyReview, JournalEntry, NextAction, RecoveryPlan",implement as product capability,Today читает реальные notes/tasks/calendar/source links и не генерирует отдельную несвязанную реальность.,Отдельный экран «Сегодня»,"режим «Сегодня» должен существовать как самостоятельная центральная поверхность дня, но не обязан быть единственным стартовым экраном при любом сценарии.",6457,docs/source_of_truth/LifeOS_canon_v33.md
C07-006,Качество,C07,"ДЕНЬ, ОБЗОР И ЕЖЕДНЕВНЫЙ ЦЕНТР",Today / Journal,Today,/app/today,"PLAN_TBD_BY_ARTIFACT_AUDIT, PLAN_TBD_BY_ARTIFACT_AUDIT","TodayPage, DailyReview, JournalEntry, NextAction, RecoveryPlan",build as acceptance criterion,Today читает реальные notes/tasks/calendar/source links и не генерирует отдельную несвязанную реальность.,Ежедневный слой как место проживания дня,"дневной слой нужен не для редких просмотров, а для того, чтобы человек реально проживал через него день.",6463,docs/source_of_truth/LifeOS_canon_v33.md
C07-007,Качество,C07,"ДЕНЬ, ОБЗОР И ЕЖЕДНЕВНЫЙ ЦЕНТР",Today / Journal,Today,/app/today,"PLAN_TBD_BY_ARTIFACT_AUDIT, PLAN_TBD_BY_ARTIFACT_AUDIT","TodayPage, DailyReview, JournalEntry, NextAction, RecoveryPlan",build as acceptance criterion,Today читает реальные notes/tasks/calendar/source links и не генерирует отдельную несвязанную реальность.,Главная поверхность должна давать ясность и спокойствие,"дневной центр должен создавать ощущение «передо мной моя жизнь, а не куча модулей».",6469,docs/source_of_truth/LifeOS_canon_v33.md
C07-008,Функция,C07,"ДЕНЬ, ОБЗОР И ЕЖЕДНЕВНЫЙ ЦЕНТР",Today / Journal,Today,/app/today,"PLAN_TBD_BY_ARTIFACT_AUDIT, PLAN_TBD_BY_ARTIFACT_AUDIT","TodayPage, DailyReview, JournalEntry, NextAction, RecoveryPlan",implement as product capability,Today читает реальные notes/tasks/calendar/source links и не генерирует отдельную несвязанную реальность.,Блок цели периода,на главной панели должен существовать отдельный блок текущей цели периода.,6475,docs/source_of_truth/LifeOS_canon_v33.md
C07-009,Функция,C07,"ДЕНЬ, ОБЗОР И ЕЖЕДНЕВНЫЙ ЦЕНТР",Today / Journal,Today,/app/today,"PLAN_TBD_BY_ARTIFACT_AUDIT, PLAN_TBD_BY_ARTIFACT_AUDIT","TodayPage, DailyReview, JournalEntry, NextAction, RecoveryPlan",implement as product capability,Today читает реальные notes/tasks/calendar/source links и не генерирует отдельную несвязанную реальность.,Блок целей по сферам,у ежедневного центра должен быть отдельный блок целей по жизненным сферам.,6481,docs/source_of_truth/LifeOS_canon_v33.md
C07-010,Функция,C07,"ДЕНЬ, ОБЗОР И ЕЖЕДНЕВНЫЙ ЦЕНТР",Today / Journal,Today,/app/today,"PLAN_TBD_BY_ARTIFACT_AUDIT, PLAN_TBD_BY_ARTIFACT_AUDIT","TodayPage, DailyReview, JournalEntry, NextAction, RecoveryPlan",implement as product capability,Today читает реальные notes/tasks/calendar/source links и не генерирует отдельную несвязанную реальность.,Блок фокуса дня,главный фокус дня должен жить отдельным коротким блоком.,6487,docs/source_of_truth/LifeOS_canon_v33.md
C07-011,Функция,C07,"ДЕНЬ, ОБЗОР И ЕЖЕДНЕВНЫЙ ЦЕНТР",Today / Journal,Today,/app/today,"PLAN_TBD_BY_ARTIFACT_AUDIT, PLAN_TBD_BY_ARTIFACT_AUDIT","TodayPage, DailyReview, JournalEntry, NextAction, RecoveryPlan",implement as product capability,Today читает реальные notes/tasks/calendar/source links и не генерирует отдельную несвязанную реальность.,Блок следующего шага,рядом с обзором дня должен быть отдельный блок одного ближайшего действия.,6493,docs/source_of_truth/LifeOS_canon_v33.md
C07-012,Функция,C07,"ДЕНЬ, ОБЗОР И ЕЖЕДНЕВНЫЙ ЦЕНТР",Today / Journal,Today,/app/today,"PLAN_TBD_BY_ARTIFACT_AUDIT, PLAN_TBD_BY_ARTIFACT_AUDIT","TodayPage, DailyReview, JournalEntry, NextAction, RecoveryPlan",implement as product capability,Today читает реальные notes/tasks/calendar/source links и не генерирует отдельную несвязанную реальность.,Блок трёх главных дел,на главной панели должен быть отдельный срез дня через 3 главных результата.,6499,docs/source_of_truth/LifeOS_canon_v33.md
C07-013,Функция,C07,"ДЕНЬ, ОБЗОР И ЕЖЕДНЕВНЫЙ ЦЕНТР",Today / Journal,Today,/app/today,"PLAN_TBD_BY_ARTIFACT_AUDIT, PLAN_TBD_BY_ARTIFACT_AUDIT","TodayPage, DailyReview, JournalEntry, NextAction, RecoveryPlan",implement as product capability,Today читает реальные notes/tasks/calendar/source links и не генерирует отдельную несвязанную реальность.,Блок рисков дня,риск сегодняшнего развала должен быть виден прямо на дневной поверхности.,6505,docs/source_of_truth/LifeOS_canon_v33.md
C07-014,Функция,C07,"ДЕНЬ, ОБЗОР И ЕЖЕДНЕВНЫЙ ЦЕНТР",Today / Journal,Today,/app/today,"PLAN_TBD_BY_ARTIFACT_AUDIT, PLAN_TBD_BY_ARTIFACT_AUDIT","TodayPage, DailyReview, JournalEntry, NextAction, RecoveryPlan",implement as product capability,Today читает реальные notes/tasks/calendar/source links и не генерирует отдельную несвязанную реальность.,Блок состояния,рядом с делами и временем должен существовать отдельный блок текущего состояния человека.,6511,docs/source_of_truth/LifeOS_canon_v33.md
C07-015,Функция,C07,"ДЕНЬ, ОБЗОР И ЕЖЕДНЕВНЫЙ ЦЕНТР",Today / Journal,Today,/app/today,"PLAN_TBD_BY_ARTIFACT_AUDIT, PLAN_TBD_BY_ARTIFACT_AUDIT","TodayPage, DailyReview, JournalEntry, NextAction, RecoveryPlan",implement as product capability,Today читает реальные notes/tasks/calendar/source links и не генерирует отдельную несвязанную реальность.,Блок перегруза,"главная поверхность должна отдельно показывать, когда день уже перегружен.",6517,docs/source_of_truth/LifeOS_canon_v33.md
C07-016,Функция,C07,"ДЕНЬ, ОБЗОР И ЕЖЕДНЕВНЫЙ ЦЕНТР",Today / Journal,Today,/app/today,"PLAN_TBD_BY_ARTIFACT_AUDIT, PLAN_TBD_BY_ARTIFACT_AUDIT","TodayPage, DailyReview, JournalEntry, NextAction, RecoveryPlan",implement as product capability,Today читает реальные notes/tasks/calendar/source links и не генерирует отдельную несвязанную реальность.,Блок метрик,у ежедневного центра должен быть отдельный компактный блок ключевых метрик дня.,6523,docs/source_of_truth/LifeOS_canon_v33.md
C07-017,Функция,C07,"ДЕНЬ, ОБЗОР И ЕЖЕДНЕВНЫЙ ЦЕНТР",Today / Journal,Today,/app/today,"PLAN_TBD_BY_ARTIFACT_AUDIT, PLAN_TBD_BY_ARTIFACT_AUDIT","TodayPage, DailyReview, JournalEntry, NextAction, RecoveryPlan",implement as product capability,Today читает реальные notes/tasks/calendar/source links и не генерирует отдельную несвязанную реальность.,Блок привычек,активные привычки должны быть видимы прямо в дневном центре.,6529,docs/source_of_truth/LifeOS_canon_v33.md
C07-018,Функция,C07,"ДЕНЬ, ОБЗОР И ЕЖЕДНЕВНЫЙ ЦЕНТР",Today / Journal,Today,/app/today,"PLAN_TBD_BY_ARTIFACT_AUDIT, PLAN_TBD_BY_ARTIFACT_AUDIT","TodayPage, DailyReview, JournalEntry, NextAction, RecoveryPlan",implement as product capability,Today читает реальные notes/tasks/calendar/source links и не генерирует отдельную несвязанную реальность.,Блок пакетов,текущие пакеты и сценарные маршруты должны быть частью ежедневной поверхности.,6535,docs/source_of_truth/LifeOS_canon_v33.md
C07-019,Функция,C07,"ДЕНЬ, ОБЗОР И ЕЖЕДНЕВНЫЙ ЦЕНТР",Today / Journal,Today,/app/today,"PLAN_TBD_BY_ARTIFACT_AUDIT, PLAN_TBD_BY_ARTIFACT_AUDIT","TodayPage, DailyReview, JournalEntry, NextAction, RecoveryPlan",implement as product capability,Today читает реальные notes/tasks/calendar/source links и не генерирует отдельную несвязанную реальность.,Блок задач,задачи дня должны быть видны как отдельный блок главной панели.,6541,docs/source_of_truth/LifeOS_canon_v33.md
C07-020,Функция,C07,"ДЕНЬ, ОБЗОР И ЕЖЕДНЕВНЫЙ ЦЕНТР",Today / Journal,Today,/app/today,"PLAN_TBD_BY_ARTIFACT_AUDIT, PLAN_TBD_BY_ARTIFACT_AUDIT","TodayPage, DailyReview, JournalEntry, NextAction, RecoveryPlan",implement as product capability,Today читает реальные notes/tasks/calendar/source links и не генерирует отдельную несвязанную реальность.,Блок календаря,временной контур дня должен присутствовать прямо на главной панели.,6547,docs/source_of_truth/LifeOS_canon_v33.md
C07-021,Функция,C07,"ДЕНЬ, ОБЗОР И ЕЖЕДНЕВНЫЙ ЦЕНТР",Today / Journal,Today,/app/today,"PLAN_TBD_BY_ARTIFACT_AUDIT, PLAN_TBD_BY_ARTIFACT_AUDIT","TodayPage, DailyReview, JournalEntry, NextAction, RecoveryPlan",implement as product capability,Today читает реальные notes/tasks/calendar/source links и не генерирует отдельную несвязанную реальность.,Блок колеса баланса,главная поверхность должна уметь показывать визуальный срез перекосов по сферам.,6553,docs/source_of_truth/LifeOS_canon_v33.md
C07-022,Функция,C07,"ДЕНЬ, ОБЗОР И ЕЖЕДНЕВНЫЙ ЦЕНТР",Today / Journal,Today,/app/today,"PLAN_TBD_BY_ARTIFACT_AUDIT, PLAN_TBD_BY_ARTIFACT_AUDIT","TodayPage, DailyReview, JournalEntry, NextAction, RecoveryPlan",implement as product capability,Today читает реальные notes/tasks/calendar/source links и не генерирует отдельную несвязанную реальность.,Блок финансов,деньги должны быть видимы на главной поверхности как часть текущей реальности дня.,6559,docs/source_of_truth/LifeOS_canon_v33.md
C07-023,Функция,C07,"ДЕНЬ, ОБЗОР И ЕЖЕДНЕВНЫЙ ЦЕНТР",Today / Journal,Today,/app/today,"PLAN_TBD_BY_ARTIFACT_AUDIT, PLAN_TBD_BY_ARTIFACT_AUDIT","TodayPage, DailyReview, JournalEntry, NextAction, RecoveryPlan",implement as product capability,Today читает реальные notes/tasks/calendar/source links и не генерирует отдельную несвязанную реальность.,Блок прогресса,движение по дню и периоду должно быть видно в виде отдельного блока прогресса.,6565,docs/source_of_truth/LifeOS_canon_v33.md
C07-024,Функция,C07,"ДЕНЬ, ОБЗОР И ЕЖЕДНЕВНЫЙ ЦЕНТР",Today / Journal,Today,/app/today,"PLAN_TBD_BY_ARTIFACT_AUDIT, PLAN_TBD_BY_ARTIFACT_AUDIT","TodayPage, DailyReview, JournalEntry, NextAction, RecoveryPlan",implement as product capability,Today читает реальные notes/tasks/calendar/source links и не генерирует отдельную несвязанную реальность.,Блок учебных повторов на главной панели,учебные возвраты и повторения должны участвовать в дне как отдельный блок.,6571,docs/source_of_truth/LifeOS_canon_v33.md
C07-025,Функция,C07,"ДЕНЬ, ОБЗОР И ЕЖЕДНЕВНЫЙ ЦЕНТР",Today / Journal,Today,/app/today,"PLAN_TBD_BY_ARTIFACT_AUDIT, PLAN_TBD_BY_ARTIFACT_AUDIT","TodayPage, DailyReview, JournalEntry, NextAction, RecoveryPlan",implement as product capability,Today читает реальные notes/tasks/calendar/source links и не генерирует отдельную несвязанную реальность.,Блок экспериментов,активные эксперименты должны быть видны прямо в ежедневном центре.,6577,docs/source_of_truth/LifeOS_canon_v33.md
C07-026,Функция,C07,"ДЕНЬ, ОБЗОР И ЕЖЕДНЕВНЫЙ ЦЕНТР",Today / Journal,Today,/app/today,"PLAN_TBD_BY_ARTIFACT_AUDIT, PLAN_TBD_BY_ARTIFACT_AUDIT","TodayPage, DailyReview, JournalEntry, NextAction, RecoveryPlan",implement as product capability,Today читает реальные notes/tasks/calendar/source links и не генерирует отдельную несвязанную реальность.,Блок входящих идей,"свежие идеи должны быть заметны, но не разрушать день.",6583,docs/source_of_truth/LifeOS_canon_v33.md
C07-027,Функция,C07,"ДЕНЬ, ОБЗОР И ЕЖЕДНЕВНЫЙ ЦЕНТР",Today / Journal,Today,/app/today,"PLAN_TBD_BY_ARTIFACT_AUDIT, PLAN_TBD_BY_ARTIFACT_AUDIT","TodayPage, DailyReview, JournalEntry, NextAction, RecoveryPlan",implement as product capability,Today читает реальные notes/tasks/calendar/source links и не генерирует отдельную несвязанную реальность.,Блок предложений системы,ежедневный центр должен показывать 1–3 уместных предложения системы как отдельный блок.,6589,docs/source_of_truth/LifeOS_canon_v33.md
C07-028,Функция,C07,"ДЕНЬ, ОБЗОР И ЕЖЕДНЕВНЫЙ ЦЕНТР",Today / Journal,Today,/app/today,"PLAN_TBD_BY_ARTIFACT_AUDIT, PLAN_TBD_BY_ARTIFACT_AUDIT","TodayPage, DailyReview, JournalEntry, NextAction, RecoveryPlan",implement as product capability,Today читает реальные notes/tasks/calendar/source links и не генерирует отдельную несвязанную реальность.,Утренняя сборка дня,"день должен начинаться с отдельного короткого сценария сборки, а не с пассивного просмотра.",6595,docs/source_of_truth/LifeOS_canon_v33.md
C07-029,Функция,C07,"ДЕНЬ, ОБЗОР И ЕЖЕДНЕВНЫЙ ЦЕНТР",Today / Journal,Today,/app/today,"PLAN_TBD_BY_ARTIFACT_AUDIT, PLAN_TBD_BY_ARTIFACT_AUDIT","TodayPage, DailyReview, JournalEntry, NextAction, RecoveryPlan",implement as product capability,Today читает реальные notes/tasks/calendar/source links и не генерирует отдельную несвязанную реальность.,"Ежедневная заметка, прикреплённая к утренней рутине",утренний старт должен иметь свой короткий текстовый контейнер состояния и намерения.,6601,docs/source_of_truth/LifeOS_canon_v33.md
C07-030,Функция,C07,"ДЕНЬ, ОБЗОР И ЕЖЕДНЕВНЫЙ ЦЕНТР",Today / Journal,Today,/app/today,"PLAN_TBD_BY_ARTIFACT_AUDIT, PLAN_TBD_BY_ARTIFACT_AUDIT","TodayPage, DailyReview, JournalEntry, NextAction, RecoveryPlan",implement as product capability,Today читает реальные notes/tasks/calendar/source links и не генерирует отдельную несвязанную реальность.,Ежедневная заметка как одна из центральных домашних поверхностей,"дневным центром системы может быть не только дашборд, но и живая заметка дня.",6607,docs/source_of_truth/LifeOS_canon_v33.md
C07-031,Функция,C07,"ДЕНЬ, ОБЗОР И ЕЖЕДНЕВНЫЙ ЦЕНТР",Today / Journal,Today,/app/today,"PLAN_TBD_BY_ARTIFACT_AUDIT, PLAN_TBD_BY_ARTIFACT_AUDIT","TodayPage, DailyReview, JournalEntry, NextAction, RecoveryPlan",implement as product capability,Today читает реальные notes/tasks/calendar/source links и не генерирует отдельную несвязанную реальность.,Мост «календарь → ежедневная заметка»,события дня должны естественно стекаться в сегодняшнюю запись.,6614,docs/source_of_truth/LifeOS_canon_v33.md
C07-032,Функция,C07,"ДЕНЬ, ОБЗОР И ЕЖЕДНЕВНЫЙ ЦЕНТР",Today / Journal,Today,/app/today,"PLAN_TBD_BY_ARTIFACT_AUDIT, PLAN_TBD_BY_ARTIFACT_AUDIT","TodayPage, DailyReview, JournalEntry, NextAction, RecoveryPlan",implement as product capability,Today читает реальные notes/tasks/calendar/source links и не генерирует отдельную несвязанную реальность.,Богатая датированная заметка дня с задачами и чек-листами,"заметка дня должна уметь быть рабочим контейнером, а не только текстом.",6620,docs/source_of_truth/LifeOS_canon_v33.md
C07-033,Функция,C07,"ДЕНЬ, ОБЗОР И ЕЖЕДНЕВНЫЙ ЦЕНТР",Today / Journal,Today,/app/today,"PLAN_TBD_BY_ARTIFACT_AUDIT, PLAN_TBD_BY_ARTIFACT_AUDIT","TodayPage, DailyReview, JournalEntry, NextAction, RecoveryPlan",implement as product capability,Today читает реальные notes/tasks/calendar/source links и не генерирует отдельную несвязанную реальность.,Двухминутный стартовый ритуал,у дня должен быть сверхкороткий вход для снятия стартового трения.,6626,docs/source_of_truth/LifeOS_canon_v33.md
C07-034,Функция,C07,"ДЕНЬ, ОБЗОР И ЕЖЕДНЕВНЫЙ ЦЕНТР",Today / Journal,Today,/app/today,"PLAN_TBD_BY_ARTIFACT_AUDIT, PLAN_TBD_BY_ARTIFACT_AUDIT","TodayPage, DailyReview, JournalEntry, NextAction, RecoveryPlan",implement as product capability,Today читает реальные notes/tasks/calendar/source links и не генерирует отдельную несвязанную реальность.,Парный ритуал открытия и закрытия дня,"начало и завершение дня должны работать как связанный сценарий, а не как две случайные отдельные функции.",6632,docs/source_of_truth/LifeOS_canon_v33.md
C07-035,Функция,C07,"ДЕНЬ, ОБЗОР И ЕЖЕДНЕВНЫЙ ЦЕНТР",Today / Journal,Today,/app/today,"PLAN_TBD_BY_ARTIFACT_AUDIT, PLAN_TBD_BY_ARTIFACT_AUDIT","TodayPage, DailyReview, JournalEntry, NextAction, RecoveryPlan",implement as product capability,Today читает реальные notes/tasks/calendar/source links и не генерирует отдельную несвязанную реальность.,Мягкое закрытие дня,"день должен завершаться не обрывом, а спокойным сведением прожитого в понятный итог.",6638,docs/source_of_truth/LifeOS_canon_v33.md
C07-036,Функция,C07,"ДЕНЬ, ОБЗОР И ЕЖЕДНЕВНЫЙ ЦЕНТР",Today / Journal,Today,/app/today,"PLAN_TBD_BY_ARTIFACT_AUDIT, PLAN_TBD_BY_ARTIFACT_AUDIT","TodayPage, DailyReview, JournalEntry, NextAction, RecoveryPlan",implement as product capability,Today читает реальные notes/tasks/calendar/source links и не генерирует отдельную несвязанную реальность.,Закрытие дня за 60 секунд,вечерний выход должен иметь короткую предельную форму даже для слабого состояния.,6644,docs/source_of_truth/LifeOS_canon_v33.md
C07-037,Функция,C07,"ДЕНЬ, ОБЗОР И ЕЖЕДНЕВНЫЙ ЦЕНТР",Today / Journal,Today,/app/today,"PLAN_TBD_BY_ARTIFACT_AUDIT, PLAN_TBD_BY_ARTIFACT_AUDIT","TodayPage, DailyReview, JournalEntry, NextAction, RecoveryPlan",implement as product capability,Today читает реальные notes/tasks/calendar/source links и не генерирует отдельную несвязанную реальность.,Глобальный низкоресурсный режим,"упрощение должно работать по всей повседневной поверхности, а не только внутри одного частного экрана.",6650,docs/source_of_truth/LifeOS_canon_v33.md
C07-038,Функция,C07,"ДЕНЬ, ОБЗОР И ЕЖЕДНЕВНЫЙ ЦЕНТР",Today / Journal,Today,/app/today,"PLAN_TBD_BY_ARTIFACT_AUDIT, PLAN_TBD_BY_ARTIFACT_AUDIT","TodayPage, DailyReview, JournalEntry, NextAction, RecoveryPlan",implement as product capability,Today читает реальные notes/tasks/calendar/source links и не генерирует отдельную несвязанную реальность.,Режим одной вещи,в перегрузе человек должен иметь возможность видеть только одну текущую опору.,6656,docs/source_of_truth/LifeOS_canon_v33.md
C07-039,Функция,C07,"ДЕНЬ, ОБЗОР И ЕЖЕДНЕВНЫЙ ЦЕНТР",Today / Journal,Today,/app/today,"PLAN_TBD_BY_ARTIFACT_AUDIT, PLAN_TBD_BY_ARTIFACT_AUDIT","TodayPage, DailyReview, JournalEntry, NextAction, RecoveryPlan",implement as product capability,Today читает реальные notes/tasks/calendar/source links и не генерирует отдельную несвязанную реальность.,Последовательный прогон 1–3 шагов,система должна уметь вести пользователя по короткой очереди ближайших шагов.,6662,docs/source_of_truth/LifeOS_canon_v33.md
C07-040,Функция,C07,"ДЕНЬ, ОБЗОР И ЕЖЕДНЕВНЫЙ ЦЕНТР",Today / Journal,Today,/app/today,"PLAN_TBD_BY_ARTIFACT_AUDIT, PLAN_TBD_BY_ARTIFACT_AUDIT","TodayPage, DailyReview, JournalEntry, NextAction, RecoveryPlan",implement as product capability,Today читает реальные notes/tasks/calendar/source links и не генерирует отдельную несвязанную реальность.,Спокойный режим восстановления дня,после срыва или перегруза нужен отдельный тихий дневной экран с минимальной полезностью.,6668,docs/source_of_truth/LifeOS_canon_v33.md
C07-041,Качество,C07,"ДЕНЬ, ОБЗОР И ЕЖЕДНЕВНЫЙ ЦЕНТР",Today / Journal,Today,/app/today,"PLAN_TBD_BY_ARTIFACT_AUDIT, PLAN_TBD_BY_ARTIFACT_AUDIT","TodayPage, DailyReview, JournalEntry, NextAction, RecoveryPlan",build as acceptance criterion,Today читает реальные notes/tasks/calendar/source links и не генерирует отдельную несвязанную реальность.,Антистыдящий язык дня,"дневной слой не должен стыдить, обвинять или обнулять человека после провала.",6674,docs/source_of_truth/LifeOS_canon_v33.md
C07-042,Качество,C07,"ДЕНЬ, ОБЗОР И ЕЖЕДНЕВНЫЙ ЦЕНТР",Today / Journal,Today,/app/today,"PLAN_TBD_BY_ARTIFACT_AUDIT, PLAN_TBD_BY_ARTIFACT_AUDIT","TodayPage, DailyReview, JournalEntry, NextAction, RecoveryPlan",build as acceptance criterion,Today читает реальные notes/tasks/calendar/source links и не генерирует отдельную несвязанную реальность.,Рутинная оболочка вместо давящей продуктивности,"повседневная подача должна поддерживать жизнь, а не изображать агрессивную машину требований.",6680,docs/source_of_truth/LifeOS_canon_v33.md
C07-043,Функция,C07,"ДЕНЬ, ОБЗОР И ЕЖЕДНЕВНЫЙ ЦЕНТР",Today / Journal,Today,/app/today,"PLAN_TBD_BY_ARTIFACT_AUDIT, PLAN_TBD_BY_ARTIFACT_AUDIT","TodayPage, DailyReview, JournalEntry, NextAction, RecoveryPlan",implement as product capability,Today читает реальные notes/tasks/calendar/source links и не генерирует отдельную несвязанную реальность.,Поддержка доверенных людей прямо в потоке дня,"помощь близких должна уметь встраиваться в ежедневный контур, а не жить только вне него.",6686,docs/source_of_truth/LifeOS_canon_v33.md
C07-044,Функция,C07,"ДЕНЬ, ОБЗОР И ЕЖЕДНЕВНЫЙ ЦЕНТР",Today / Journal,Today,/app/today,"PLAN_TBD_BY_ARTIFACT_AUDIT, PLAN_TBD_BY_ARTIFACT_AUDIT","TodayPage, DailyReview, JournalEntry, NextAction, RecoveryPlan",implement as product capability,Today читает реальные notes/tasks/calendar/source links и не генерирует отдельную несвязанную реальность.,Напоминание о чек-ине,утренний или дневной вход в день должен поддерживаться отдельным мягким напоминанием.,6693,docs/source_of_truth/LifeOS_canon_v33.md
C07-045,Функция,C07,"ДЕНЬ, ОБЗОР И ЕЖЕДНЕВНЫЙ ЦЕНТР",Today / Journal,Today,/app/today,"PLAN_TBD_BY_ARTIFACT_AUDIT, PLAN_TBD_BY_ARTIFACT_AUDIT","TodayPage, DailyReview, JournalEntry, NextAction, RecoveryPlan",implement as product capability,Today читает реальные notes/tasks/calendar/source links и не генерирует отдельную несвязанную реальность.,Напоминание о закрытии дня,вечернее завершение должно иметь собственный возврат внимания.,6699,docs/source_of_truth/LifeOS_canon_v33.md
C07-046,Минус,C07,"ДЕНЬ, ОБЗОР И ЕЖЕДНЕВНЫЙ ЦЕНТР",Today / Journal,Today,/app/today,"PLAN_TBD_BY_ARTIFACT_AUDIT, PLAN_TBD_BY_ARTIFACT_AUDIT","TodayPage, DailyReview, JournalEntry, NextAction, RecoveryPlan",forbid / add regression guard,Today читает реальные notes/tasks/calendar/source links и не генерирует отдельную несвязанную реальность.,Перегруженный главный экран,избыток равноправных блоков убивает способность начать день.,6705,docs/source_of_truth/LifeOS_canon_v33.md
C07-047,Минус,C07,"ДЕНЬ, ОБЗОР И ЕЖЕДНЕВНЫЙ ЦЕНТР",Today / Journal,Today,/app/today,"PLAN_TBD_BY_ARTIFACT_AUDIT, PLAN_TBD_BY_ARTIFACT_AUDIT","TodayPage, DailyReview, JournalEntry, NextAction, RecoveryPlan",forbid / add regression guard,Today читает реальные notes/tasks/calendar/source links и не генерирует отдельную несвязанную реальность.,Красная стена долгов и обнуление после пропуска,долговая стена и логика «снова с нуля» разрушают возврат.,6711,docs/source_of_truth/LifeOS_canon_v33.md
C07-048,Минус,C07,"ДЕНЬ, ОБЗОР И ЕЖЕДНЕВНЫЙ ЦЕНТР",Today / Journal,Today,/app/today,"PLAN_TBD_BY_ARTIFACT_AUDIT, PLAN_TBD_BY_ARTIFACT_AUDIT","TodayPage, DailyReview, JournalEntry, NextAction, RecoveryPlan",forbid / add regression guard,Today читает реальные notes/tasks/calendar/source links и не генерирует отдельную несвязанную реальность.,Слишком сильное скрытие контекста в слабый день,"упрощение вредно, если оно прячет от человека саму картину обязательного.",6717,docs/source_of_truth/LifeOS_canon_v33.md
C07-049,Функция,C07,"ДЕНЬ, ОБЗОР И ЕЖЕДНЕВНЫЙ ЦЕНТР",Today / Journal,Today,/app/today,"PLAN_TBD_BY_ARTIFACT_AUDIT, PLAN_TBD_BY_ARTIFACT_AUDIT","TodayPage, DailyReview, JournalEntry, NextAction, RecoveryPlan",implement as product capability,Today читает реальные notes/tasks/calendar/source links и не генерирует отдельную несвязанную реальность.,Структурированный ежедневный чек-ин,день должен иметь короткую структурированную точку синхронизации между жизнью человека и состоянием системы.,6723,docs/source_of_truth/LifeOS_canon_v33.md
C07-050,Функция,C07,"ДЕНЬ, ОБЗОР И ЕЖЕДНЕВНЫЙ ЦЕНТР",Today / Journal,Today,/app/today,"PLAN_TBD_BY_ARTIFACT_AUDIT, PLAN_TBD_BY_ARTIFACT_AUDIT","TodayPage, DailyReview, JournalEntry, NextAction, RecoveryPlan",implement as product capability,Today читает реальные notes/tasks/calendar/source links и не генерирует отдельную несвязанную реальность.,Утренний чек-ин,"утру нужен отдельный короткий вход, который собирает текущую реальность до старта дня.",6729,docs/source_of_truth/LifeOS_canon_v33.md
C07-051,Функция,C07,"ДЕНЬ, ОБЗОР И ЕЖЕДНЕВНЫЙ ЦЕНТР",Today / Journal,Today,/app/today,"PLAN_TBD_BY_ARTIFACT_AUDIT, PLAN_TBD_BY_ARTIFACT_AUDIT","TodayPage, DailyReview, JournalEntry, NextAction, RecoveryPlan",implement as product capability,Today читает реальные notes/tasks/calendar/source links и не генерирует отдельную несвязанную реальность.,Вечерний чек-ин,"вечеру нужен отдельный короткий контур фиксации того, что реально произошло.",6735,docs/source_of_truth/LifeOS_canon_v33.md
C07-052,Функция,C07,"ДЕНЬ, ОБЗОР И ЕЖЕДНЕВНЫЙ ЦЕНТР",Today / Journal,Today,/app/today,"PLAN_TBD_BY_ARTIFACT_AUDIT, PLAN_TBD_BY_ARTIFACT_AUDIT","TodayPage, DailyReview, JournalEntry, NextAction, RecoveryPlan",implement as product capability,Today читает реальные notes/tasks/calendar/source links и не генерирует отдельную несвязанную реальность.,Адаптивные вопросы чек-ина,"вопросы чек-ина должны слегка меняться под контекст прошлых дней, а не идти одинаковым шаблоном всегда.",6741,docs/source_of_truth/LifeOS_canon_v33.md
C07-053,Функция,C07,"ДЕНЬ, ОБЗОР И ЕЖЕДНЕВНЫЙ ЦЕНТР",Today / Journal,Today,/app/today,"PLAN_TBD_BY_ARTIFACT_AUDIT, PLAN_TBD_BY_ARTIFACT_AUDIT","TodayPage, DailyReview, JournalEntry, NextAction, RecoveryPlan",implement as product capability,Today читает реальные notes/tasks/calendar/source links и не генерирует отдельную несвязанную реальность.,Короткий ИИ-итог чек-ина,"после чек-ина нужен короткий полезный итог, который собирает факты дня в ясную картину.",6747,docs/source_of_truth/LifeOS_canon_v33.md
C07-054,Функция,C07,"ДЕНЬ, ОБЗОР И ЕЖЕДНЕВНЫЙ ЦЕНТР",Today / Journal,Today,/app/today,"PLAN_TBD_BY_ARTIFACT_AUDIT, PLAN_TBD_BY_ARTIFACT_AUDIT","TodayPage, DailyReview, JournalEntry, NextAction, RecoveryPlan",implement as product capability,Today читает реальные notes/tasks/calendar/source links и не генерирует отдельную несвязанную реальность.,Следующий маленький шаг,после дневного или вечернего разбора система должна уметь собирать один очень маленький следующий ход.,6753,docs/source_of_truth/LifeOS_canon_v33.md
C07-055,Функция,C07,"ДЕНЬ, ОБЗОР И ЕЖЕДНЕВНЫЙ ЦЕНТР",Today / Journal,Today,/app/today,"PLAN_TBD_BY_ARTIFACT_AUDIT, PLAN_TBD_BY_ARTIFACT_AUDIT","TodayPage, DailyReview, JournalEntry, NextAction, RecoveryPlan",implement as product capability,Today читает реальные notes/tasks/calendar/source links и не генерирует отдельную несвязанную реальность.,Ограниченный слой мягких подталкиваний,"в дневном слое нужны маленькие своевременные подталкивания, но только в ограниченном числе и без ощущения давления.",6759,docs/source_of_truth/LifeOS_canon_v33.md
C07-056,Качество,C07,"ДЕНЬ, ОБЗОР И ЕЖЕДНЕВНЫЙ ЦЕНТР",Today / Journal,Today,/app/today,"PLAN_TBD_BY_ARTIFACT_AUDIT, PLAN_TBD_BY_ARTIFACT_AUDIT","TodayPage, DailyReview, JournalEntry, NextAction, RecoveryPlan",build as acceptance criterion,Today читает реальные notes/tasks/calendar/source links и не генерирует отдельную несвязанную реальность.,Адаптивная главная оболочка вместо одного жёсткого стартового экрана,"главный вход в продукт должен быть оболочкой, которая подстраивается под режим дня, входящее, рабочий контур и слабое состояние, а не навсегда застывшей страницей.",6765,docs/source_of_truth/LifeOS_canon_v33.md
C07-057,Функция,C07,"ДЕНЬ, ОБЗОР И ЕЖЕДНЕВНЫЙ ЦЕНТР",Today / Journal,Today,/app/today,"PLAN_TBD_BY_ARTIFACT_AUDIT, PLAN_TBD_BY_ARTIFACT_AUDIT","TodayPage, DailyReview, JournalEntry, NextAction, RecoveryPlan",implement as product capability,Today читает реальные notes/tasks/calendar/source links и не генерирует отдельную несвязанную реальность.,Быстрый захват всегда рядом с главной оболочкой,"из какой бы главной поверхности ни жил человек, быстрый захват должен быть доступен без долгого ухода в другие разделы.",6771,docs/source_of_truth/LifeOS_canon_v33.md
C07-058,Функция,C07,"ДЕНЬ, ОБЗОР И ЕЖЕДНЕВНЫЙ ЦЕНТР",Today / Journal,Today,/app/today,"PLAN_TBD_BY_ARTIFACT_AUDIT, PLAN_TBD_BY_ARTIFACT_AUDIT","TodayPage, DailyReview, JournalEntry, NextAction, RecoveryPlan",implement as product capability,Today читает реальные notes/tasks/calendar/source links и не генерирует отдельную несвязанную реальность.,Главная оболочка стартует сильным пресетом по умолчанию,"при первом входе и после сбоя главная оболочка должна открываться в сильном и понятном пресете, а не в максимально кастомном состоянии.",6778,docs/source_of_truth/LifeOS_canon_v33.md
C07-059,Качество,C07,"ДЕНЬ, ОБЗОР И ЕЖЕДНЕВНЫЙ ЦЕНТР",Today / Journal,Today,/app/today,"PLAN_TBD_BY_ARTIFACT_AUDIT, PLAN_TBD_BY_ARTIFACT_AUDIT","TodayPage, DailyReview, JournalEntry, NextAction, RecoveryPlan",build as acceptance criterion,Today читает реальные notes/tasks/calendar/source links и не генерирует отдельную несвязанную реальность.,У дня всегда есть короткий безопасный первый ход,"независимо от перегруза, слабого ресурса или хаоса у дня должен оставаться один минимальный и безопасный способ начать движение.",6784,docs/source_of_truth/LifeOS_canon_v33.md
C08-001,Функция,C08,КАЛЕНДАРЬ И ВРЕМЯ,Planner / Tasks / Calendar / Focus,Plan,/app/plan,PLAN_TBD_BY_ARTIFACT_AUDIT,"Task, Project, CalendarBlock, PlannerBlock, FocusSession, WeekPlan",implement as product capability,"Task можно создать из source/note/chat, поставить в календарный блок, увидеть связь и receipt.",Визуальная временная линия дня,"день должен читаться как один проживаемый поток времени, а не как разрозненные записи.",6794,docs/source_of_truth/LifeOS_canon_v33.md
C08-002,Функция,C08,КАЛЕНДАРЬ И ВРЕМЯ,Planner / Tasks / Calendar / Focus,Plan,/app/plan,PLAN_TBD_BY_ARTIFACT_AUDIT,"Task, Project, CalendarBlock, PlannerBlock, FocusSession, WeekPlan",implement as product capability,"Task можно создать из source/note/chat, поставить в календарный блок, увидеть связь и receipt.",Вид дня,временной слой должен уметь показывать день в реальном часовом масштабе.,6800,docs/source_of_truth/LifeOS_canon_v33.md
C08-003,Функция,C08,КАЛЕНДАРЬ И ВРЕМЯ,Planner / Tasks / Calendar / Focus,Plan,/app/plan,PLAN_TBD_BY_ARTIFACT_AUDIT,"Task, Project, CalendarBlock, PlannerBlock, FocusSession, WeekPlan",implement as product capability,"Task можно создать из source/note/chat, поставить в календарный блок, увидеть связь и receipt.",Вид недели,"недельный временной масштаб нужен для конфликтов, перегруза и формы недели.",6806,docs/source_of_truth/LifeOS_canon_v33.md
C08-004,Функция,C08,КАЛЕНДАРЬ И ВРЕМЯ,Planner / Tasks / Calendar / Focus,Plan,/app/plan,PLAN_TBD_BY_ARTIFACT_AUDIT,"Task, Project, CalendarBlock, PlannerBlock, FocusSession, WeekPlan",implement as product capability,"Task можно создать из source/note/chat, поставить в календарный блок, увидеть связь и receipt.",Вид месяца,"месячный масштаб нужен для дальних повторов, поездок и крупных обязательств.",6812,docs/source_of_truth/LifeOS_canon_v33.md
C08-005,Функция,C08,КАЛЕНДАРЬ И ВРЕМЯ,Planner / Tasks / Calendar / Focus,Plan,/app/plan,PLAN_TBD_BY_ARTIFACT_AUDIT,"Task, Project, CalendarBlock, PlannerBlock, FocusSession, WeekPlan",implement as product capability,"Task можно создать из source/note/chat, поставить в календарный блок, увидеть связь и receipt.",Круговой вид времени,"день должен уметь показываться не только сеткой, но и как круговая форма времени.",6818,docs/source_of_truth/LifeOS_canon_v33.md
C08-006,Функция,C08,КАЛЕНДАРЬ И ВРЕМЯ,Planner / Tasks / Calendar / Focus,Plan,/app/plan,PLAN_TBD_BY_ARTIFACT_AUDIT,"Task, Project, CalendarBlock, PlannerBlock, FocusSession, WeekPlan",implement as product capability,"Task можно создать из source/note/chat, поставить в календарный блок, увидеть связь и receipt.",Несколько календарей в одном интерфейсе,"личный, рабочий и общий контуры времени должны быть видны рядом.",6825,docs/source_of_truth/LifeOS_canon_v33.md
C08-007,Функция,C08,КАЛЕНДАРЬ И ВРЕМЯ,Planner / Tasks / Calendar / Focus,Plan,/app/plan,PLAN_TBD_BY_ARTIFACT_AUDIT,"Task, Project, CalendarBlock, PlannerBlock, FocusSession, WeekPlan",implement as product capability,"Task можно создать из source/note/chat, поставить в календарный блок, увидеть связь и receipt.",Наложение календарей,временные контуры должны уметь накладываться друг на друга.,6831,docs/source_of_truth/LifeOS_canon_v33.md
C08-008,Качество,C08,КАЛЕНДАРЬ И ВРЕМЯ,Planner / Tasks / Calendar / Focus,Plan,/app/plan,PLAN_TBD_BY_ARTIFACT_AUDIT,"Task, Project, CalendarBlock, PlannerBlock, FocusSession, WeekPlan",build as acceptance criterion,"Task можно создать из source/note/chat, поставить в календарный блок, увидеть связь и receipt.",Гуманное чтение времени,"сильный временной слой должен быстро показывать реальный, а не фальшиво красивый день.",6837,docs/source_of_truth/LifeOS_canon_v33.md
C08-009,Функция,C08,КАЛЕНДАРЬ И ВРЕМЯ,Planner / Tasks / Calendar / Focus,Plan,/app/plan,PLAN_TBD_BY_ARTIFACT_AUDIT,"Task, Project, CalendarBlock, PlannerBlock, FocusSession, WeekPlan",implement as product capability,"Task можно создать из source/note/chat, поставить в календарный блок, увидеть связь и receipt.",Ручная раскладка по времени,"человек должен уметь сам класть вещи во время, а не жить только по советам системы.",6843,docs/source_of_truth/LifeOS_canon_v33.md
C08-010,Функция,C08,КАЛЕНДАРЬ И ВРЕМЯ,Planner / Tasks / Calendar / Focus,Plan,/app/plan,PLAN_TBD_BY_ARTIFACT_AUDIT,"Task, Project, CalendarBlock, PlannerBlock, FocusSession, WeekPlan",implement as product capability,"Task можно создать из source/note/chat, поставить в календарный блок, увидеть связь и receipt.",Создание блока времени,временной слой должен позволять руками создавать полноценный блок.,6849,docs/source_of_truth/LifeOS_canon_v33.md
C08-011,Функция,C08,КАЛЕНДАРЬ И ВРЕМЯ,Planner / Tasks / Calendar / Focus,Plan,/app/plan,PLAN_TBD_BY_ARTIFACT_AUDIT,"Task, Project, CalendarBlock, PlannerBlock, FocusSession, WeekPlan",implement as product capability,"Task можно создать из source/note/chat, поставить в календарный блок, увидеть связь и receipt.",Перемещение блока во времени,временной блок должен быстро двигаться без длинной формы редактирования.,6855,docs/source_of_truth/LifeOS_canon_v33.md
C08-012,Функция,C08,КАЛЕНДАРЬ И ВРЕМЯ,Planner / Tasks / Calendar / Focus,Plan,/app/plan,PLAN_TBD_BY_ARTIFACT_AUDIT,"Task, Project, CalendarBlock, PlannerBlock, FocusSession, WeekPlan",implement as product capability,"Task можно создать из source/note/chat, поставить в календарный блок, увидеть связь и receipt.",Изменение длины блока,блок должен уметь растягиваться и сжиматься прямо в временной поверхности.,6861,docs/source_of_truth/LifeOS_canon_v33.md
C08-013,Функция,C08,КАЛЕНДАРЬ И ВРЕМЯ,Planner / Tasks / Calendar / Focus,Plan,/app/plan,PLAN_TBD_BY_ARTIFACT_AUDIT,"Task, Project, CalendarBlock, PlannerBlock, FocusSession, WeekPlan",implement as product capability,"Task можно создать из source/note/chat, поставить в календарный блок, увидеть связь и receipt.",Отвязка блока от времени,блок должен уметь временно выпадать из конкретного часа без удаления.,6867,docs/source_of_truth/LifeOS_canon_v33.md
C08-014,Функция,C08,КАЛЕНДАРЬ И ВРЕМЯ,Planner / Tasks / Calendar / Focus,Plan,/app/plan,PLAN_TBD_BY_ARTIFACT_AUDIT,"Task, Project, CalendarBlock, PlannerBlock, FocusSession, WeekPlan",implement as product capability,"Task можно создать из source/note/chat, поставить в календарный блок, увидеть связь и receipt.",Повторная привязка блока ко времени,плавающий блок должен легко возвращаться в конкретный слот.,6873,docs/source_of_truth/LifeOS_canon_v33.md
C08-015,Функция,C08,КАЛЕНДАРЬ И ВРЕМЯ,Planner / Tasks / Calendar / Focus,Plan,/app/plan,PLAN_TBD_BY_ARTIFACT_AUDIT,"Task, Project, CalendarBlock, PlannerBlock, FocusSession, WeekPlan",implement as product capability,"Task можно создать из source/note/chat, поставить в календарный блок, увидеть связь и receipt.",Временной блок как осмысленный артефакт,"блок времени должен не просто занимать слот, а хранить своё назначение.",6879,docs/source_of_truth/LifeOS_canon_v33.md
C08-016,Функция,C08,КАЛЕНДАРЬ И ВРЕМЯ,Planner / Tasks / Calendar / Focus,Plan,/app/plan,PLAN_TBD_BY_ARTIFACT_AUDIT,"Task, Project, CalendarBlock, PlannerBlock, FocusSession, WeekPlan",implement as product capability,"Task можно создать из source/note/chat, поставить в календарный блок, увидеть связь и receipt.","Единый календарный объект для события, задачи, встречи и цели",временной слой должен уметь держать разные виды объектов внутри одной логики времени.,6885,docs/source_of_truth/LifeOS_canon_v33.md
C08-017,Функция,C08,КАЛЕНДАРЬ И ВРЕМЯ,Planner / Tasks / Calendar / Focus,Plan,/app/plan,PLAN_TBD_BY_ARTIFACT_AUDIT,"Task, Project, CalendarBlock, PlannerBlock, FocusSession, WeekPlan",implement as product capability,"Task можно создать из source/note/chat, поставить в календарный блок, увидеть связь и receipt.",Задачи прямо в календарной сетке,"задача должна уметь жить не только списком, но и временем.",6892,docs/source_of_truth/LifeOS_canon_v33.md
C08-018,Функция,C08,КАЛЕНДАРЬ И ВРЕМЯ,Planner / Tasks / Calendar / Focus,Plan,/app/plan,PLAN_TBD_BY_ARTIFACT_AUDIT,"Task, Project, CalendarBlock, PlannerBlock, FocusSession, WeekPlan",implement as product capability,"Task можно создать из source/note/chat, поставить в календарный блок, увидеть связь и receipt.",Защищённые блоки,часть времени должна иметь повышенную защиту от разрушения и случайных переносов.,6898,docs/source_of_truth/LifeOS_canon_v33.md
C08-019,Функция,C08,КАЛЕНДАРЬ И ВРЕМЯ,Planner / Tasks / Calendar / Focus,Plan,/app/plan,PLAN_TBD_BY_ARTIFACT_AUDIT,"Task, Project, CalendarBlock, PlannerBlock, FocusSession, WeekPlan",implement as product capability,"Task можно создать из source/note/chat, поставить в календарный блок, увидеть связь и receipt.",Мягкие блоки,"кроме жёстких якорей должны быть и блоки, которые можно мягко перестраивать.",6904,docs/source_of_truth/LifeOS_canon_v33.md
C08-020,Функция,C08,КАЛЕНДАРЬ И ВРЕМЯ,Planner / Tasks / Calendar / Focus,Plan,/app/plan,PLAN_TBD_BY_ARTIFACT_AUDIT,"Task, Project, CalendarBlock, PlannerBlock, FocusSession, WeekPlan",implement as product capability,"Task можно создать из source/note/chat, поставить в календарный блок, увидеть связь и receipt.",Общий календарь с уровнями прав,"совместный календарь должен различать просмотр, добавление и редактирование.",6910,docs/source_of_truth/LifeOS_canon_v33.md
C08-021,Функция,C08,КАЛЕНДАРЬ И ВРЕМЯ,Planner / Tasks / Calendar / Focus,Plan,/app/plan,PLAN_TBD_BY_ARTIFACT_AUDIT,"Task, Project, CalendarBlock, PlannerBlock, FocusSession, WeekPlan",implement as product capability,"Task можно создать из source/note/chat, поставить в календарный блок, увидеть связь и receipt.",Делегирование управления календарём,доверенный человек должен уметь управлять календарём в заданных границах.,6916,docs/source_of_truth/LifeOS_canon_v33.md
C08-022,Функция,C08,КАЛЕНДАРЬ И ВРЕМЯ,Planner / Tasks / Calendar / Focus,Plan,/app/plan,PLAN_TBD_BY_ARTIFACT_AUDIT,"Task, Project, CalendarBlock, PlannerBlock, FocusSession, WeekPlan",implement as product capability,"Task можно создать из source/note/chat, поставить в календарный блок, увидеть связь и receipt.",Групповой или семейный календарь,нескольким людям нужен отдельный общий контур времени.,6922,docs/source_of_truth/LifeOS_canon_v33.md
C08-023,Функция,C08,КАЛЕНДАРЬ И ВРЕМЯ,Planner / Tasks / Calendar / Focus,Plan,/app/plan,PLAN_TBD_BY_ARTIFACT_AUDIT,"Task, Project, CalendarBlock, PlannerBlock, FocusSession, WeekPlan",implement as product capability,"Task можно создать из source/note/chat, поставить в календарный блок, увидеть связь и receipt.",Рабочие часы,"система должна знать, в какие часы человек вообще доступен для встреч и внешних обязательств.",6928,docs/source_of_truth/LifeOS_canon_v33.md
C08-024,Функция,C08,КАЛЕНДАРЬ И ВРЕМЯ,Planner / Tasks / Calendar / Focus,Plan,/app/plan,PLAN_TBD_BY_ARTIFACT_AUDIT,"Task, Project, CalendarBlock, PlannerBlock, FocusSession, WeekPlan",implement as product capability,"Task можно создать из source/note/chat, поставить в календарный блок, увидеть связь и receipt.",Окна доступности,кроме часов работы должны существовать конкретные окна допустимой загрузки.,6934,docs/source_of_truth/LifeOS_canon_v33.md
C08-025,Функция,C08,КАЛЕНДАРЬ И ВРЕМЯ,Planner / Tasks / Calendar / Focus,Plan,/app/plan,PLAN_TBD_BY_ARTIFACT_AUDIT,"Task, Project, CalendarBlock, PlannerBlock, FocusSession, WeekPlan",implement as product capability,"Task можно создать из source/note/chat, поставить в календарный блок, увидеть связь и receipt.",Рабочая локация,"место дня должно влиять на встречи, дорогу и временную вместимость.",6940,docs/source_of_truth/LifeOS_canon_v33.md
C08-026,Функция,C08,КАЛЕНДАРЬ И ВРЕМЯ,Planner / Tasks / Calendar / Focus,Plan,/app/plan,PLAN_TBD_BY_ARTIFACT_AUDIT,"Task, Project, CalendarBlock, PlannerBlock, FocusSession, WeekPlan",implement as product capability,"Task можно создать из source/note/chat, поставить в календарный блок, увидеть связь и receipt.",Статус «вне доступа»,человек должен уметь закрывать целые периоды от новых встреч и обязательств.,6946,docs/source_of_truth/LifeOS_canon_v33.md
C08-027,Функция,C08,КАЛЕНДАРЬ И ВРЕМЯ,Planner / Tasks / Calendar / Focus,Plan,/app/plan,PLAN_TBD_BY_ARTIFACT_AUDIT,"Task, Project, CalendarBlock, PlannerBlock, FocusSession, WeekPlan",implement as product capability,"Task можно создать из source/note/chat, поставить в календарный блок, увидеть связь и receipt.",Страница бронирования,"внешний человек должен видеть только разрешённые слоты, а не весь внутренний календарь.",6952,docs/source_of_truth/LifeOS_canon_v33.md
C08-028,Функция,C08,КАЛЕНДАРЬ И ВРЕМЯ,Planner / Tasks / Calendar / Focus,Plan,/app/plan,PLAN_TBD_BY_ARTIFACT_AUDIT,"Task, Project, CalendarBlock, PlannerBlock, FocusSession, WeekPlan",implement as product capability,"Task можно создать из source/note/chat, поставить в календарный блок, увидеть связь и receipt.",Правила подтверждения бронирования,"часть бронирований должна идти не напрямую, а через явное подтверждение человека.",6958,docs/source_of_truth/LifeOS_canon_v33.md
C08-029,Функция,C08,КАЛЕНДАРЬ И ВРЕМЯ,Planner / Tasks / Calendar / Focus,Plan,/app/plan,PLAN_TBD_BY_ARTIFACT_AUDIT,"Task, Project, CalendarBlock, PlannerBlock, FocusSession, WeekPlan",implement as product capability,"Task можно создать из source/note/chat, поставить в календарный блок, увидеть связь и receipt.",Слой встречи внутри события,"событие должно уметь хранить всё, что относится именно ко встрече.",6965,docs/source_of_truth/LifeOS_canon_v33.md
C08-030,Функция,C08,КАЛЕНДАРЬ И ВРЕМЯ,Life Domains / Wellbeing / Money / Family,Domains,/app/domains,PLAN_TBD_BY_ARTIFACT_AUDIT,"HealthSignal, Routine, Relationship, HomeItem, MoneyEvent, Trip, Meal, DomainPack",implement as product capability,Домены не ломают ядро; каждый доменный объект — LifeObject с source/receipt/control/graph.,Разговоры и координация вокруг события,"событие должно быть не молчаливой клеткой, а объектом согласования.",6971,docs/source_of_truth/LifeOS_canon_v33.md
C08-031,Функция,C08,КАЛЕНДАРЬ И ВРЕМЯ,Planner / Tasks / Calendar / Focus,Plan,/app/plan,PLAN_TBD_BY_ARTIFACT_AUDIT,"Task, Project, CalendarBlock, PlannerBlock, FocusSession, WeekPlan",implement as product capability,"Task можно создать из source/note/chat, поставить в календарный блок, увидеть связь и receipt.",Визуальная система конфликтов,"календарь должен показывать не только факт пересечения, но и тип возникшей проблемы.",6978,docs/source_of_truth/LifeOS_canon_v33.md
C08-032,Функция,C08,КАЛЕНДАРЬ И ВРЕМЯ,Planner / Tasks / Calendar / Focus,Plan,/app/plan,PLAN_TBD_BY_ARTIFACT_AUDIT,"Task, Project, CalendarBlock, PlannerBlock, FocusSession, WeekPlan",implement as product capability,"Task можно создать из source/note/chat, поставить в календарный блок, увидеть связь и receipt.",Детектор переполнения и переуплотнения дня,"система должна видеть не только прямые пересечения, но и день, который уже нереалистичен по плотности.",6984,docs/source_of_truth/LifeOS_canon_v33.md
C08-033,Функция,C08,КАЛЕНДАРЬ И ВРЕМЯ,Planner / Tasks / Calendar / Focus,Plan,/app/plan,PLAN_TBD_BY_ARTIFACT_AUDIT,"Task, Project, CalendarBlock, PlannerBlock, FocusSession, WeekPlan",implement as product capability,"Task можно создать из source/note/chat, поставить в календарный блок, увидеть связь и receipt.",Метка уверенности расписания,"день должен показывать, насколько он вообще реалистичен.",6990,docs/source_of_truth/LifeOS_canon_v33.md
C08-034,Функция,C08,КАЛЕНДАРЬ И ВРЕМЯ,Planner / Tasks / Calendar / Focus,Plan,/app/plan,PLAN_TBD_BY_ARTIFACT_AUDIT,"Task, Project, CalendarBlock, PlannerBlock, FocusSession, WeekPlan",implement as product capability,"Task можно создать из source/note/chat, поставить в календарный блок, увидеть связь и receipt.",Учёт неопределённости в расписании,календарный слой должен различать твёрдые и хрупкие элементы.,6996,docs/source_of_truth/LifeOS_canon_v33.md
C08-035,Функция,C08,КАЛЕНДАРЬ И ВРЕМЯ,Planner / Tasks / Calendar / Focus,Plan,/app/plan,PLAN_TBD_BY_ARTIFACT_AUDIT,"Task, Project, CalendarBlock, PlannerBlock, FocusSession, WeekPlan",implement as product capability,"Task можно создать из source/note/chat, поставить в календарный блок, увидеть связь и receipt.",Реалистичные переходы между блоками,"между делами должно существовать время на переключение и сборку, а не телепортация.",7002,docs/source_of_truth/LifeOS_canon_v33.md
C08-036,Функция,C08,КАЛЕНДАРЬ И ВРЕМЯ,Planner / Tasks / Calendar / Focus,Plan,/app/plan,PLAN_TBD_BY_ARTIFACT_AUDIT,"Task, Project, CalendarBlock, PlannerBlock, FocusSession, WeekPlan",implement as product capability,"Task можно создать из source/note/chat, поставить в календарный блок, увидеть связь и receipt.",Учёт дороги и перемещений,поездка между местами должна влиять на временной контур дня.,7008,docs/source_of_truth/LifeOS_canon_v33.md
C08-037,Функция,C08,КАЛЕНДАРЬ И ВРЕМЯ,Planner / Tasks / Calendar / Focus,Plan,/app/plan,PLAN_TBD_BY_ARTIFACT_AUDIT,"Task, Project, CalendarBlock, PlannerBlock, FocusSession, WeekPlan",implement as product capability,"Task можно создать из source/note/chat, поставить в календарный блок, увидеть связь и receipt.",Автоматические буферы после встреч и задач,после плотных или важных блоков должны автоматически появляться короткие окна на выдох и фиксацию.,7014,docs/source_of_truth/LifeOS_canon_v33.md
C08-038,Функция,C08,КАЛЕНДАРЬ И ВРЕМЯ,Planner / Tasks / Calendar / Focus,Plan,/app/plan,PLAN_TBD_BY_ARTIFACT_AUDIT,"Task, Project, CalendarBlock, PlannerBlock, FocusSession, WeekPlan",implement as product capability,"Task можно создать из source/note/chat, поставить в календарный блок, увидеть связь и receipt.",Послевстречный хвост и окна восстановления,"временной слой должен учитывать, что после событий человеку нужно время на итог, переход и восстановление.",7020,docs/source_of_truth/LifeOS_canon_v33.md
C08-039,Функция,C08,КАЛЕНДАРЬ И ВРЕМЯ,Planner / Tasks / Calendar / Focus,Plan,/app/plan,PLAN_TBD_BY_ARTIFACT_AUDIT,"Task, Project, CalendarBlock, PlannerBlock, FocusSession, WeekPlan",implement as product capability,"Task можно создать из source/note/chat, поставить в календарный блок, увидеть связь и receipt.",Напоминание о событии,событие должно иметь собственный ранний возврат внимания.,7026,docs/source_of_truth/LifeOS_canon_v33.md
C08-040,Функция,C08,КАЛЕНДАРЬ И ВРЕМЯ,Planner / Tasks / Calendar / Focus,Plan,/app/plan,PLAN_TBD_BY_ARTIFACT_AUDIT,"Task, Project, CalendarBlock, PlannerBlock, FocusSession, WeekPlan",implement as product capability,"Task можно создать из source/note/chat, поставить в календарный блок, увидеть связь и receipt.",Напоминание о временном блоке,"не только событие, но и запланированный рабочий блок должен уметь позвать человека обратно в день.",7032,docs/source_of_truth/LifeOS_canon_v33.md
C08-041,Функция,C08,КАЛЕНДАРЬ И ВРЕМЯ,Planner / Tasks / Calendar / Focus,Plan,/app/plan,PLAN_TBD_BY_ARTIFACT_AUDIT,"Task, Project, CalendarBlock, PlannerBlock, FocusSession, WeekPlan",implement as product capability,"Task можно создать из source/note/chat, поставить в календарный блок, увидеть связь и receipt.","Напоминание, прикреплённое к заметке или артефакту",мысль и момент возвращения к ней должны жить рядом.,7038,docs/source_of_truth/LifeOS_canon_v33.md
C08-042,Функция,C08,КАЛЕНДАРЬ И ВРЕМЯ,Planner / Tasks / Calendar / Focus,Plan,/app/plan,PLAN_TBD_BY_ARTIFACT_AUDIT,"Task, Project, CalendarBlock, PlannerBlock, FocusSession, WeekPlan",implement as product capability,"Task можно создать из source/note/chat, поставить в календарный блок, увидеть связь и receipt.",Настойчивое напоминание до решения,слой напоминаний должен уметь не давать критичному забыться после одного пропущенного сигнала.,7044,docs/source_of_truth/LifeOS_canon_v33.md
C08-043,Функция,C08,КАЛЕНДАРЬ И ВРЕМЯ,Planner / Tasks / Calendar / Focus,Plan,/app/plan,PLAN_TBD_BY_ARTIFACT_AUDIT,"Task, Project, CalendarBlock, PlannerBlock, FocusSession, WeekPlan",implement as product capability,"Task можно создать из source/note/chat, поставить в календарный блок, увидеть связь и receipt.",Автоматическое откладывание сигнала,у напоминаний должна быть мягкая логика повторного возврата без ручной пересборки каждый раз.,7051,docs/source_of_truth/LifeOS_canon_v33.md
C08-044,Функция,C08,КАЛЕНДАРЬ И ВРЕМЯ,Planner / Tasks / Calendar / Focus,Plan,/app/plan,PLAN_TBD_BY_ARTIFACT_AUDIT,"Task, Project, CalendarBlock, PlannerBlock, FocusSession, WeekPlan",implement as product capability,"Task можно создать из source/note/chat, поставить в календарный блок, увидеть связь и receipt.",Сверхбыстрое создание и правка напоминания,путь до временного сигнала должен быть очень коротким.,7057,docs/source_of_truth/LifeOS_canon_v33.md
C08-045,Функция,C08,КАЛЕНДАРЬ И ВРЕМЯ,Planner / Tasks / Calendar / Focus,Plan,/app/plan,PLAN_TBD_BY_ARTIFACT_AUDIT,"Task, Project, CalendarBlock, PlannerBlock, FocusSession, WeekPlan",implement as product capability,"Task можно создать из source/note/chat, поставить в календарный блок, увидеть связь и receipt.",Разбор даты и времени из человеческой фразы,дата и время должны извлекаться из обычной человеческой записи.,7063,docs/source_of_truth/LifeOS_canon_v33.md
C08-046,Минус,C08,КАЛЕНДАРЬ И ВРЕМЯ,Planner / Tasks / Calendar / Focus,Plan,/app/plan,PLAN_TBD_BY_ARTIFACT_AUDIT,"Task, Project, CalendarBlock, PlannerBlock, FocusSession, WeekPlan",forbid / add regression guard,"Task можно создать из source/note/chat, поставить в календарный блок, увидеть связь и receipt.",Шум от множества календарей,"большое число календарей, цветов и правил легко превращает временной слой в шум.",7069,docs/source_of_truth/LifeOS_canon_v33.md
C08-047,Минус,C08,КАЛЕНДАРЬ И ВРЕМЯ,Planner / Tasks / Calendar / Focus,Plan,/app/plan,PLAN_TBD_BY_ARTIFACT_AUDIT,"Task, Project, CalendarBlock, PlannerBlock, FocusSession, WeekPlan",forbid / add regression guard,"Task можно создать из source/note/chat, поставить в календарный блок, увидеть связь и receipt.",Ложная точность красивого расписания,"аккуратно нарисованный день может выглядеть правдоподобно, хотя в жизни он уже неисполняем.",7075,docs/source_of_truth/LifeOS_canon_v33.md
C08-048,Минус,C08,КАЛЕНДАРЬ И ВРЕМЯ,Data Control / Trust / Privacy,Control,/app/control,"PLAN_TBD_BY_ARTIFACT_AUDIT, PLAN_TBD_BY_ARTIFACT_AUDIT","Receipt, DataControlItem, AuditEvent, ExportJob, DeletePreview, PrivacyZone, PermissionGrant",forbid / add regression guard,Любое изменение имеет receipt; destructive действия только preview + confirmation boundary.,Бронирование в обход ограничений и прав,"бронирование опасно, если может обойти защищённые блоки, правила и права доступа.",7081,docs/source_of_truth/LifeOS_canon_v33.md
C08-049,Функция,C08,КАЛЕНДАРЬ И ВРЕМЯ,Planner / Tasks / Calendar / Focus,Plan,/app/plan,PLAN_TBD_BY_ARTIFACT_AUDIT,"Task, Project, CalendarBlock, PlannerBlock, FocusSession, WeekPlan",implement as product capability,"Task можно создать из source/note/chat, поставить в календарный блок, увидеть связь и receipt.",Геонапоминания,"Напоминание может срабатывать по месту, а не только по времени.",7087,docs/source_of_truth/LifeOS_canon_v33.md
C08-050,Функция,C08,КАЛЕНДАРЬ И ВРЕМЯ,Planner / Tasks / Calendar / Focus,Plan,/app/plan,PLAN_TBD_BY_ARTIFACT_AUDIT,"Task, Project, CalendarBlock, PlannerBlock, FocusSession, WeekPlan",implement as product capability,"Task можно создать из source/note/chat, поставить в календарный блок, увидеть связь и receipt.",Обратные отсчёты внутри списков и календаря,"Срок должен ощущаться как приближение, а не как голая дата в карточке.",7094,docs/source_of_truth/LifeOS_canon_v33.md
C08-051,Функция,C08,КАЛЕНДАРЬ И ВРЕМЯ,Planner / Tasks / Calendar / Focus,Plan,/app/plan,PLAN_TBD_BY_ARTIFACT_AUDIT,"Task, Project, CalendarBlock, PlannerBlock, FocusSession, WeekPlan",implement as product capability,"Task можно создать из source/note/chat, поставить в календарный блок, увидеть связь и receipt.",Календарное проживание события и участия,"события и встречи должны уметь становиться полноценными временными объектами с участием, дорогой, буфером и связанной подготовкой.",7104,docs/source_of_truth/LifeOS_canon_v33.md
C08-052,Функция,C08,КАЛЕНДАРЬ И ВРЕМЯ,Planner / Tasks / Calendar / Focus,Plan,/app/plan,PLAN_TBD_BY_ARTIFACT_AUDIT,"Task, Project, CalendarBlock, PlannerBlock, FocusSession, WeekPlan",implement as product capability,"Task можно создать из source/note/chat, поставить в календарный блок, увидеть связь и receipt.",Конфликты участия и перегрузка по событиям,"если человек записался на несколько событий, система должна видеть пересечения, логистический конфликт и риск перегруза.",7110,docs/source_of_truth/LifeOS_canon_v33.md
C08-053,Функция,C08,КАЛЕНДАРЬ И ВРЕМЯ,Life Domains / Wellbeing / Money / Family,Domains,/app/domains,PLAN_TBD_BY_ARTIFACT_AUDIT,"HealthSignal, Routine, Relationship, HomeItem, MoneyEvent, Trip, Meal, DomainPack",implement as product capability,Домены не ломают ядро; каждый доменный объект — LifeObject с source/receipt/control/graph.,Предварительная оценка времени и дороги на событие,"событие должно учитывать не только момент начала, но и дорогу, сборы, стоимость времени и реальный возврат домой.",7116,docs/source_of_truth/LifeOS_canon_v33.md
C09-001,Функция,C09,"ПЛАНИРОВАНИЕ, ПЕРЕПЛАНИРОВАНИЕ И ВОССТАНОВЛЕНИЕ ПОСЛЕ СРЫВА",Planner / Tasks / Calendar / Focus,Plan,/app/plan,PLAN_TBD_BY_ARTIFACT_AUDIT,"Task, Project, CalendarBlock, PlannerBlock, FocusSession, WeekPlan",implement as product capability,"Task можно создать из source/note/chat, поставить в календарный блок, увидеть связь и receipt.",Движок планирования как отдельный слой,"логика планирования должна жить отдельным слоем, а не быть размазанной по интерфейсу и случайным правилам.",7126,docs/source_of_truth/LifeOS_canon_v33.md
C09-002,Качество,C09,"ПЛАНИРОВАНИЕ, ПЕРЕПЛАНИРОВАНИЕ И ВОССТАНОВЛЕНИЕ ПОСЛЕ СРЫВА",Planner / Tasks / Calendar / Focus,Plan,/app/plan,PLAN_TBD_BY_ARTIFACT_AUDIT,"Task, Project, CalendarBlock, PlannerBlock, FocusSession, WeekPlan",build as acceptance criterion,"Task можно создать из source/note/chat, поставить в календарный блок, увидеть связь и receipt.","Планирование как адаптация траектории, а не только раскладка задач","планирование должно помогать проживать путь, а не сводиться к списку задач в календаре.",7132,docs/source_of_truth/LifeOS_canon_v33.md
C09-003,Функция,C09,"ПЛАНИРОВАНИЕ, ПЕРЕПЛАНИРОВАНИЕ И ВОССТАНОВЛЕНИЕ ПОСЛЕ СРЫВА",Today / Journal,Today,/app/today,"PLAN_TBD_BY_ARTIFACT_AUDIT, PLAN_TBD_BY_ARTIFACT_AUDIT","TodayPage, DailyReview, JournalEntry, NextAction, RecoveryPlan",implement as product capability,Today читает реальные notes/tasks/calendar/source links и не генерирует отдельную несвязанную реальность.,Оценка нагрузки дня,"день должен оцениваться не по числу карточек, а по реальной суммарной нагрузке.",7138,docs/source_of_truth/LifeOS_canon_v33.md
C09-004,Функция,C09,"ПЛАНИРОВАНИЕ, ПЕРЕПЛАНИРОВАНИЕ И ВОССТАНОВЛЕНИЕ ПОСЛЕ СРЫВА",Planner / Tasks / Calendar / Focus,Plan,/app/plan,PLAN_TBD_BY_ARTIFACT_AUDIT,"Task, Project, CalendarBlock, PlannerBlock, FocusSession, WeekPlan",implement as product capability,"Task можно создать из source/note/chat, поставить в календарный блок, увидеть связь и receipt.",Бюджеты ресурсов дня,"планирование должно опираться не только на часы, но и на силы, внимание, деньги и другие конечные ресурсы.",7144,docs/source_of_truth/LifeOS_canon_v33.md
C09-005,Функция,C09,"ПЛАНИРОВАНИЕ, ПЕРЕПЛАНИРОВАНИЕ И ВОССТАНОВЛЕНИЕ ПОСЛЕ СРЫВА",Planner / Tasks / Calendar / Focus,Plan,/app/plan,PLAN_TBD_BY_ARTIFACT_AUDIT,"Task, Project, CalendarBlock, PlannerBlock, FocusSession, WeekPlan",implement as product capability,"Task можно создать из source/note/chat, поставить в календарный блок, увидеть связь и receipt.",Запланированность как отдельное состояние,полезная вещь и реально встроенная в план вещь должны различаться явно.,7150,docs/source_of_truth/LifeOS_canon_v33.md
C09-006,Функция,C09,"ПЛАНИРОВАНИЕ, ПЕРЕПЛАНИРОВАНИЕ И ВОССТАНОВЛЕНИЕ ПОСЛЕ СРЫВА",Planner / Tasks / Calendar / Focus,Plan,/app/plan,PLAN_TBD_BY_ARTIFACT_AUDIT,"Task, Project, CalendarBlock, PlannerBlock, FocusSession, WeekPlan",implement as product capability,"Task можно создать из source/note/chat, поставить в календарный блок, увидеть связь и receipt.",Обязательство как отдельная форма планирования,"обязательство нельзя смешивать с обычной желательной задачей, потому что цена срыва у них разная.",7156,docs/source_of_truth/LifeOS_canon_v33.md
C09-007,Функция,C09,"ПЛАНИРОВАНИЕ, ПЕРЕПЛАНИРОВАНИЕ И ВОССТАНОВЛЕНИЕ ПОСЛЕ СРЫВА",Planner / Tasks / Calendar / Focus,Plan,/app/plan,PLAN_TBD_BY_ARTIFACT_AUDIT,"Task, Project, CalendarBlock, PlannerBlock, FocusSession, WeekPlan",implement as product capability,"Task можно создать из source/note/chat, поставить в календарный блок, увидеть связь и receipt.",Список следующих действий,система должна уметь собирать отдельный список реально ближайших шагов из задач и контекста.,7162,docs/source_of_truth/LifeOS_canon_v33.md
C09-008,Функция,C09,"ПЛАНИРОВАНИЕ, ПЕРЕПЛАНИРОВАНИЕ И ВОССТАНОВЛЕНИЕ ПОСЛЕ СРЫВА",Planner / Tasks / Calendar / Focus,Plan,/app/plan,PLAN_TBD_BY_ARTIFACT_AUDIT,"Task, Project, CalendarBlock, PlannerBlock, FocusSession, WeekPlan",implement as product capability,"Task можно создать из source/note/chat, поставить в календарный блок, увидеть связь и receipt.",Разбиение большой задачи на стартуемые шаги,"тяжёлая задача должна уметь уменьшаться до кусочков, которые реально начать.",7168,docs/source_of_truth/LifeOS_canon_v33.md
C09-009,Функция,C09,"ПЛАНИРОВАНИЕ, ПЕРЕПЛАНИРОВАНИЕ И ВОССТАНОВЛЕНИЕ ПОСЛЕ СРЫВА",Planner / Tasks / Calendar / Focus,Plan,/app/plan,PLAN_TBD_BY_ARTIFACT_AUDIT,"Task, Project, CalendarBlock, PlannerBlock, FocusSession, WeekPlan",implement as product capability,"Task можно создать из source/note/chat, поставить в календарный блок, увидеть связь и receipt.",Режим ожидания до встречи,"до ближайшего события нужен отдельный короткий режим микро-задач, а не провал в хаос.",7174,docs/source_of_truth/LifeOS_canon_v33.md
C09-010,Функция,C09,"ПЛАНИРОВАНИЕ, ПЕРЕПЛАНИРОВАНИЕ И ВОССТАНОВЛЕНИЕ ПОСЛЕ СРЫВА",Planner / Tasks / Calendar / Focus,Plan,/app/plan,PLAN_TBD_BY_ARTIFACT_AUDIT,"Task, Project, CalendarBlock, PlannerBlock, FocusSession, WeekPlan",implement as product capability,"Task можно создать из source/note/chat, поставить в календарный блок, увидеть связь и receipt.",Перепланирование при перегрузе,"если день уже не помещается, система должна предлагать новую форму плана.",7180,docs/source_of_truth/LifeOS_canon_v33.md
C09-011,Функция,C09,"ПЛАНИРОВАНИЕ, ПЕРЕПЛАНИРОВАНИЕ И ВОССТАНОВЛЕНИЕ ПОСЛЕ СРЫВА",Planner / Tasks / Calendar / Focus,Plan,/app/plan,PLAN_TBD_BY_ARTIFACT_AUDIT,"Task, Project, CalendarBlock, PlannerBlock, FocusSession, WeekPlan",implement as product capability,"Task можно создать из source/note/chat, поставить в календарный блок, увидеть связь и receipt.",Мягкий перенос с явной судьбой хвостов,"невыполненное должно получать явное продолжение, а не ползти вперёд молча.",7186,docs/source_of_truth/LifeOS_canon_v33.md
C09-012,Функция,C09,"ПЛАНИРОВАНИЕ, ПЕРЕПЛАНИРОВАНИЕ И ВОССТАНОВЛЕНИЕ ПОСЛЕ СРЫВА",Planner / Tasks / Calendar / Focus,Plan,/app/plan,PLAN_TBD_BY_ARTIFACT_AUDIT,"Task, Project, CalendarBlock, PlannerBlock, FocusSession, WeekPlan",implement as product capability,"Task можно создать из source/note/chat, поставить в календарный блок, увидеть связь и receipt.",Автоперенос и отмена задач по правилам,часть плановых изменений должна уметь происходить по ясным правилам честного плана.,7192,docs/source_of_truth/LifeOS_canon_v33.md
C09-013,Функция,C09,"ПЛАНИРОВАНИЕ, ПЕРЕПЛАНИРОВАНИЕ И ВОССТАНОВЛЕНИЕ ПОСЛЕ СРЫВА",Today / Journal,Today,/app/today,"PLAN_TBD_BY_ARTIFACT_AUDIT, PLAN_TBD_BY_ARTIFACT_AUDIT","TodayPage, DailyReview, JournalEntry, NextAction, RecoveryPlan",implement as product capability,Today читает реальные notes/tasks/calendar/source links и не генерирует отдельную несвязанную реальность.,Восстановление после срыва,после развала дня или недели должен существовать отдельный путь возврата к управлению.,7198,docs/source_of_truth/LifeOS_canon_v33.md
C09-014,Функция,C09,"ПЛАНИРОВАНИЕ, ПЕРЕПЛАНИРОВАНИЕ И ВОССТАНОВЛЕНИЕ ПОСЛЕ СРЫВА",Planner / Tasks / Calendar / Focus,Plan,/app/plan,PLAN_TBD_BY_ARTIFACT_AUDIT,"Task, Project, CalendarBlock, PlannerBlock, FocusSession, WeekPlan",implement as product capability,"Task можно создать из source/note/chat, поставить в календарный блок, увидеть связь и receipt.",Перестройка плана по рискам,"на план должны влиять не только часы и дедлайны, но и рисковые сигналы.",7204,docs/source_of_truth/LifeOS_canon_v33.md
C09-015,Функция,C09,"ПЛАНИРОВАНИЕ, ПЕРЕПЛАНИРОВАНИЕ И ВОССТАНОВЛЕНИЕ ПОСЛЕ СРЫВА",Planner / Tasks / Calendar / Focus,Plan,/app/plan,PLAN_TBD_BY_ARTIFACT_AUDIT,"Task, Project, CalendarBlock, PlannerBlock, FocusSession, WeekPlan",implement as product capability,"Task можно создать из source/note/chat, поставить в календарный блок, увидеть связь и receipt.",Учёт зависимостей,"задача не должна подниматься в ближайшее действие, если ей чего-то не хватает.",7210,docs/source_of_truth/LifeOS_canon_v33.md
C09-016,Функция,C09,"ПЛАНИРОВАНИЕ, ПЕРЕПЛАНИРОВАНИЕ И ВОССТАНОВЛЕНИЕ ПОСЛЕ СРЫВА",Planner / Tasks / Calendar / Focus,Plan,/app/plan,PLAN_TBD_BY_ARTIFACT_AUDIT,"Task, Project, CalendarBlock, PlannerBlock, FocusSession, WeekPlan",implement as product capability,"Task можно создать из source/note/chat, поставить в календарный блок, увидеть связь и receipt.",Режим хрупкого дня,при высокой непредсказуемости дня нужна отдельная форма планирования.,7216,docs/source_of_truth/LifeOS_canon_v33.md
C09-017,Функция,C09,"ПЛАНИРОВАНИЕ, ПЕРЕПЛАНИРОВАНИЕ И ВОССТАНОВЛЕНИЕ ПОСЛЕ СРЫВА",Planner / Tasks / Calendar / Focus,Plan,/app/plan,PLAN_TBD_BY_ARTIFACT_AUDIT,"Task, Project, CalendarBlock, PlannerBlock, FocusSession, WeekPlan",implement as product capability,"Task можно создать из source/note/chat, поставить в календарный блок, увидеть связь и receipt.",Режим низкой энергии,"план должен перестраиваться под реальную вместимость человека, а не под идеальный сценарий.",7222,docs/source_of_truth/LifeOS_canon_v33.md
C09-018,Функция,C09,"ПЛАНИРОВАНИЕ, ПЕРЕПЛАНИРОВАНИЕ И ВОССТАНОВЛЕНИЕ ПОСЛЕ СРЫВА",Planner / Tasks / Calendar / Focus,Plan,/app/plan,PLAN_TBD_BY_ARTIFACT_AUDIT,"Task, Project, CalendarBlock, PlannerBlock, FocusSession, WeekPlan",implement as product capability,"Task можно создать из source/note/chat, поставить в календарный блок, увидеть связь и receipt.",Сон как фактор завтрашнего плана,"качество сна должно менять форму следующего дня, а не просто записываться в журнал.",7228,docs/source_of_truth/LifeOS_canon_v33.md
C09-019,Функция,C09,"ПЛАНИРОВАНИЕ, ПЕРЕПЛАНИРОВАНИЕ И ВОССТАНОВЛЕНИЕ ПОСЛЕ СРЫВА",Planner / Tasks / Calendar / Focus,Plan,/app/plan,PLAN_TBD_BY_ARTIFACT_AUDIT,"Task, Project, CalendarBlock, PlannerBlock, FocusSession, WeekPlan",implement as product capability,"Task можно создать из source/note/chat, поставить в календарный блок, увидеть связь и receipt.",Противообвальный приоритет,в тяжёлый момент план должен сначала спасать несущие вещи.,7234,docs/source_of_truth/LifeOS_canon_v33.md
C09-020,Функция,C09,"ПЛАНИРОВАНИЕ, ПЕРЕПЛАНИРОВАНИЕ И ВОССТАНОВЛЕНИЕ ПОСЛЕ СРЫВА",Planner / Tasks / Calendar / Focus,Plan,/app/plan,PLAN_TBD_BY_ARTIFACT_AUDIT,"Task, Project, CalendarBlock, PlannerBlock, FocusSession, WeekPlan",implement as product capability,"Task можно создать из source/note/chat, поставить в календарный блок, увидеть связь и receipt.",Ограниченные предложения слотов,"система должна предлагать не бесконечную оптимизацию, а 2–3 понятных варианта.",7240,docs/source_of_truth/LifeOS_canon_v33.md
C09-021,Функция,C09,"ПЛАНИРОВАНИЕ, ПЕРЕПЛАНИРОВАНИЕ И ВОССТАНОВЛЕНИЕ ПОСЛЕ СРЫВА",Planner / Tasks / Calendar / Focus,Plan,/app/plan,PLAN_TBD_BY_ARTIFACT_AUDIT,"Task, Project, CalendarBlock, PlannerBlock, FocusSession, WeekPlan",implement as product capability,"Task можно создать из source/note/chat, поставить в календарный блок, увидеть связь и receipt.",Динамическое перепланирование с ручным обзором,динамическая пересборка должна работать только в ограниченной и обозримой форме.,7246,docs/source_of_truth/LifeOS_canon_v33.md
C09-022,Функция,C09,"ПЛАНИРОВАНИЕ, ПЕРЕПЛАНИРОВАНИЕ И ВОССТАНОВЛЕНИЕ ПОСЛЕ СРЫВА",Planner / Tasks / Calendar / Focus,Plan,/app/plan,PLAN_TBD_BY_ARTIFACT_AUDIT,"Task, Project, CalendarBlock, PlannerBlock, FocusSession, WeekPlan",implement as product capability,"Task можно создать из source/note/chat, поставить в календарный блок, увидеть связь и receipt.",Неделя как следующий контур после дня,"неделя должна жить не как список задач на семь дней, а как отдельный плановый уровень.",7252,docs/source_of_truth/LifeOS_canon_v33.md
C09-023,Функция,C09,"ПЛАНИРОВАНИЕ, ПЕРЕПЛАНИРОВАНИЕ И ВОССТАНОВЛЕНИЕ ПОСЛЕ СРЫВА",Planner / Tasks / Calendar / Focus,Plan,/app/plan,PLAN_TBD_BY_ARTIFACT_AUDIT,"Task, Project, CalendarBlock, PlannerBlock, FocusSession, WeekPlan",implement as product capability,"Task можно создать из source/note/chat, поставить в календарный блок, увидеть связь и receipt.",Недельный обзор,у продукта должен быть отдельный обзорный сценарий недели.,7258,docs/source_of_truth/LifeOS_canon_v33.md
C09-024,Функция,C09,"ПЛАНИРОВАНИЕ, ПЕРЕПЛАНИРОВАНИЕ И ВОССТАНОВЛЕНИЕ ПОСЛЕ СРЫВА",Planner / Tasks / Calendar / Focus,Plan,/app/plan,PLAN_TBD_BY_ARTIFACT_AUDIT,"Task, Project, CalendarBlock, PlannerBlock, FocusSession, WeekPlan",implement as product capability,"Task можно создать из source/note/chat, поставить в календарный блок, увидеть связь и receipt.",Один–три недельных фокуса,"у недели должны быть 1–3 опорных направления, а не бесконечный список «всего важного».",7264,docs/source_of_truth/LifeOS_canon_v33.md
C09-025,Функция,C09,"ПЛАНИРОВАНИЕ, ПЕРЕПЛАНИРОВАНИЕ И ВОССТАНОВЛЕНИЕ ПОСЛЕ СРЫВА",Planner / Tasks / Calendar / Focus,Plan,/app/plan,PLAN_TBD_BY_ARTIFACT_AUDIT,"Task, Project, CalendarBlock, PlannerBlock, FocusSession, WeekPlan",implement as product capability,"Task можно создать из source/note/chat, поставить в календарный блок, увидеть связь и receipt.",Недельный планировочный вид,"нужен отдельный вид недели, где задачи можно раскладывать по дням.",7270,docs/source_of_truth/LifeOS_canon_v33.md
C09-026,Функция,C09,"ПЛАНИРОВАНИЕ, ПЕРЕПЛАНИРОВАНИЕ И ВОССТАНОВЛЕНИЕ ПОСЛЕ СРЫВА",Planner / Tasks / Calendar / Focus,Plan,/app/plan,PLAN_TBD_BY_ARTIFACT_AUDIT,"Task, Project, CalendarBlock, PlannerBlock, FocusSession, WeekPlan",implement as product capability,"Task можно создать из source/note/chat, поставить в календарный блок, увидеть связь и receipt.",Спокойный недельный лист без часового перегруза,неделя должна уметь показываться в спокойной бумажно-подобной форме без лишней точности по часам.,7276,docs/source_of_truth/LifeOS_canon_v33.md
C09-027,Функция,C09,"ПЛАНИРОВАНИЕ, ПЕРЕПЛАНИРОВАНИЕ И ВОССТАНОВЛЕНИЕ ПОСЛЕ СРЫВА",Planner / Tasks / Calendar / Focus,Plan,/app/plan,PLAN_TBD_BY_ARTIFACT_AUDIT,"Task, Project, CalendarBlock, PlannerBlock, FocusSession, WeekPlan",implement as product capability,"Task можно создать из source/note/chat, поставить в календарный блок, увидеть связь и receipt.",Совместное недельное планирование,недельный лист должен уметь быть разделяемым для семьи или небольшой команды.,7283,docs/source_of_truth/LifeOS_canon_v33.md
C09-028,Функция,C09,"ПЛАНИРОВАНИЕ, ПЕРЕПЛАНИРОВАНИЕ И ВОССТАНОВЛЕНИЕ ПОСЛЕ СРЫВА",Planner / Tasks / Calendar / Focus,Plan,/app/plan,PLAN_TBD_BY_ARTIFACT_AUDIT,"Task, Project, CalendarBlock, PlannerBlock, FocusSession, WeekPlan",implement as product capability,"Task можно создать из source/note/chat, поставить в календарный блок, увидеть связь и receipt.",Автосборка недельного обзора,"недельный обзор должен приходить уже с собранными итогами, перегрузом, хвостами и значимыми паттернами.",7289,docs/source_of_truth/LifeOS_canon_v33.md
C09-029,Функция,C09,"ПЛАНИРОВАНИЕ, ПЕРЕПЛАНИРОВАНИЕ И ВОССТАНОВЛЕНИЕ ПОСЛЕ СРЫВА",Planner / Tasks / Calendar / Focus,Plan,/app/plan,PLAN_TBD_BY_ARTIFACT_AUDIT,"Task, Project, CalendarBlock, PlannerBlock, FocusSession, WeekPlan",implement as product capability,"Task можно создать из source/note/chat, поставить в календарный блок, увидеть связь и receipt.",Правила «если — то» в планировании,у движка планирования должен существовать отдельный слой правил «если — то».,7295,docs/source_of_truth/LifeOS_canon_v33.md
C09-030,Функция,C09,"ПЛАНИРОВАНИЕ, ПЕРЕПЛАНИРОВАНИЕ И ВОССТАНОВЛЕНИЕ ПОСЛЕ СРЫВА",Planner / Tasks / Calendar / Focus,Plan,/app/plan,PLAN_TBD_BY_ARTIFACT_AUDIT,"Task, Project, CalendarBlock, PlannerBlock, FocusSession, WeekPlan",implement as product capability,"Task можно создать из source/note/chat, поставить в календарный блок, увидеть связь и receipt.","Стоп-механизмы на часы, задачи и ночные сессии","планированию нужны явные ограничители, а не только надежда на самоконтроль.",7301,docs/source_of_truth/LifeOS_canon_v33.md
C09-031,Функция,C09,"ПЛАНИРОВАНИЕ, ПЕРЕПЛАНИРОВАНИЕ И ВОССТАНОВЛЕНИЕ ПОСЛЕ СРЫВА",Planner / Tasks / Calendar / Focus,Plan,/app/plan,PLAN_TBD_BY_ARTIFACT_AUDIT,"Task, Project, CalendarBlock, PlannerBlock, FocusSession, WeekPlan",implement as product capability,"Task можно создать из source/note/chat, поставить в календарный блок, увидеть связь и receipt.","Повторы как жизненная повторяемость, а не тупой календарный клон","повторяющиеся вещи должны жить внутри логики жизни и состояния, а не как бессмысленная копия по расписанию.",7307,docs/source_of_truth/LifeOS_canon_v33.md
C09-032,Функция,C09,"ПЛАНИРОВАНИЕ, ПЕРЕПЛАНИРОВАНИЕ И ВОССТАНОВЛЕНИЕ ПОСЛЕ СРЫВА",Planner / Tasks / Calendar / Focus,Plan,/app/plan,PLAN_TBD_BY_ARTIFACT_AUDIT,"Task, Project, CalendarBlock, PlannerBlock, FocusSession, WeekPlan",implement as product capability,"Task можно создать из source/note/chat, поставить в календарный блок, увидеть связь и receipt.","Повторяющиеся даты, задаваемые человеческой фразой","повтор должен настраиваться не только формой, но и обычным языком.",7313,docs/source_of_truth/LifeOS_canon_v33.md
C09-033,Функция,C09,"ПЛАНИРОВАНИЕ, ПЕРЕПЛАНИРОВАНИЕ И ВОССТАНОВЛЕНИЕ ПОСЛЕ СРЫВА",Planner / Tasks / Calendar / Focus,Plan,/app/plan,PLAN_TBD_BY_ARTIFACT_AUDIT,"Task, Project, CalendarBlock, PlannerBlock, FocusSession, WeekPlan",implement as product capability,"Task можно создать из source/note/chat, поставить в календарный блок, увидеть связь и receipt.",Базовые режимы повторов,движок повторов должен поддерживать основные жизненные формы повторяемости.,7319,docs/source_of_truth/LifeOS_canon_v33.md
C09-034,Функция,C09,"ПЛАНИРОВАНИЕ, ПЕРЕПЛАНИРОВАНИЕ И ВОССТАНОВЛЕНИЕ ПОСЛЕ СРЫВА",Today / Journal,Today,/app/today,"PLAN_TBD_BY_ARTIFACT_AUDIT, PLAN_TBD_BY_ARTIFACT_AUDIT","TodayPage, DailyReview, JournalEntry, NextAction, RecoveryPlan",implement as product capability,Today читает реальные notes/tasks/calendar/source links и не генерирует отдельную несвязанную реальность.,"Адаптация повторов к режиму, болезни и срывам",повторяющееся действие не должно быть глухим к реальности пользователя.,7325,docs/source_of_truth/LifeOS_canon_v33.md
C09-035,Функция,C09,"ПЛАНИРОВАНИЕ, ПЕРЕПЛАНИРОВАНИЕ И ВОССТАНОВЛЕНИЕ ПОСЛЕ СРЫВА",Planner / Tasks / Calendar / Focus,Plan,/app/plan,PLAN_TBD_BY_ARTIFACT_AUDIT,"Task, Project, CalendarBlock, PlannerBlock, FocusSession, WeekPlan",implement as product capability,"Task можно создать из source/note/chat, поставить в календарный блок, увидеть связь и receipt.",Подзадачи внутри логики планирования,"подзадачи должны быть частью логики планирования, а не отдельным списочным миром.",7331,docs/source_of_truth/LifeOS_canon_v33.md
C09-036,Функция,C09,"ПЛАНИРОВАНИЕ, ПЕРЕПЛАНИРОВАНИЕ И ВОССТАНОВЛЕНИЕ ПОСЛЕ СРЫВА",Planner / Tasks / Calendar / Focus,Plan,/app/plan,PLAN_TBD_BY_ARTIFACT_AUDIT,"Task, Project, CalendarBlock, PlannerBlock, FocusSession, WeekPlan",implement as product capability,"Task можно создать из source/note/chat, поставить в календарный блок, увидеть связь и receipt.",Чек-листы внутри планировочного слоя,"чек-листы должны поддерживать план, а не расползаться в бесконечный шум.",7337,docs/source_of_truth/LifeOS_canon_v33.md
C09-037,Функция,C09,"ПЛАНИРОВАНИЕ, ПЕРЕПЛАНИРОВАНИЕ И ВОССТАНОВЛЕНИЕ ПОСЛЕ СРЫВА",Planner / Tasks / Calendar / Focus,Plan,/app/plan,PLAN_TBD_BY_ARTIFACT_AUDIT,"Task, Project, CalendarBlock, PlannerBlock, FocusSession, WeekPlan",implement as product capability,"Task можно создать из source/note/chat, поставить в календарный блок, увидеть связь и receipt.",Ограничение числа активных дел,у планирования должен быть анти-перегрузочный предел на количество одновременно активного.,7343,docs/source_of_truth/LifeOS_canon_v33.md
C09-038,Функция,C09,"ПЛАНИРОВАНИЕ, ПЕРЕПЛАНИРОВАНИЕ И ВОССТАНОВЛЕНИЕ ПОСЛЕ СРЫВА",Planner / Tasks / Calendar / Focus,Plan,/app/plan,PLAN_TBD_BY_ARTIFACT_AUDIT,"Task, Project, CalendarBlock, PlannerBlock, FocusSession, WeekPlan",implement as product capability,"Task можно создать из source/note/chat, поставить в календарный блок, увидеть связь и receipt.",Счётчик долга задач,"накопление неисполненного должно быть отдельным ранним сигналом, а не невидимой массой.",7349,docs/source_of_truth/LifeOS_canon_v33.md
C09-039,Функция,C09,"ПЛАНИРОВАНИЕ, ПЕРЕПЛАНИРОВАНИЕ И ВОССТАНОВЛЕНИЕ ПОСЛЕ СРЫВА",Planner / Tasks / Calendar / Focus,Plan,/app/plan,PLAN_TBD_BY_ARTIFACT_AUDIT,"Task, Project, CalendarBlock, PlannerBlock, FocusSession, WeekPlan",implement as product capability,"Task можно создать из source/note/chat, поставить в календарный блок, увидеть связь и receipt.",Ручной режим паузы и болезни,человек должен уметь явно переводить систему в щадящий режим.,7355,docs/source_of_truth/LifeOS_canon_v33.md
C09-040,Функция,C09,"ПЛАНИРОВАНИЕ, ПЕРЕПЛАНИРОВАНИЕ И ВОССТАНОВЛЕНИЕ ПОСЛЕ СРЫВА",Planner / Tasks / Calendar / Focus,Plan,/app/plan,PLAN_TBD_BY_ARTIFACT_AUDIT,"Task, Project, CalendarBlock, PlannerBlock, FocusSession, WeekPlan",implement as product capability,"Task можно создать из source/note/chat, поставить в календарный блок, увидеть связь и receipt.",Кризисный режим на 24–72 часа,для острого форс-мажора нужен короткий режим поддержки с минимумом обязательств.,7361,docs/source_of_truth/LifeOS_canon_v33.md
C09-041,Функция,C09,"ПЛАНИРОВАНИЕ, ПЕРЕПЛАНИРОВАНИЕ И ВОССТАНОВЛЕНИЕ ПОСЛЕ СРЫВА",Today / Journal,Today,/app/today,"PLAN_TBD_BY_ARTIFACT_AUDIT, PLAN_TBD_BY_ARTIFACT_AUDIT","TodayPage, DailyReview, JournalEntry, NextAction, RecoveryPlan",implement as product capability,Today читает реальные notes/tasks/calendar/source links и не генерирует отдельную несвязанную реальность.,Сброс после развалившегося дня,"когда развалился именно день, нужен отдельный путь быстрого возврата.",7368,docs/source_of_truth/LifeOS_canon_v33.md
C09-042,Функция,C09,"ПЛАНИРОВАНИЕ, ПЕРЕПЛАНИРОВАНИЕ И ВОССТАНОВЛЕНИЕ ПОСЛЕ СРЫВА",Planner / Tasks / Calendar / Focus,Plan,/app/plan,PLAN_TBD_BY_ARTIFACT_AUDIT,"Task, Project, CalendarBlock, PlannerBlock, FocusSession, WeekPlan",implement as product capability,"Task можно создать из source/note/chat, поставить в календарный блок, увидеть связь и receipt.",Сброс после развалившейся недели,"недельный развал требует другого масштаба восстановления, чем дневной.",7374,docs/source_of_truth/LifeOS_canon_v33.md
C09-043,Функция,C09,"ПЛАНИРОВАНИЕ, ПЕРЕПЛАНИРОВАНИЕ И ВОССТАНОВЛЕНИЕ ПОСЛЕ СРЫВА",Planner / Tasks / Calendar / Focus,Plan,/app/plan,PLAN_TBD_BY_ARTIFACT_AUDIT,"Task, Project, CalendarBlock, PlannerBlock, FocusSession, WeekPlan",implement as product capability,"Task можно создать из source/note/chat, поставить в календарный блок, увидеть связь и receipt.",Возвращение после паузы,после нескольких дней или недель выпадения должен существовать особый путь возврата.,7380,docs/source_of_truth/LifeOS_canon_v33.md
C09-044,Функция,C09,"ПЛАНИРОВАНИЕ, ПЕРЕПЛАНИРОВАНИЕ И ВОССТАНОВЛЕНИЕ ПОСЛЕ СРЫВА",Today / Journal,Today,/app/today,"PLAN_TBD_BY_ARTIFACT_AUDIT, PLAN_TBD_BY_ARTIFACT_AUDIT","TodayPage, DailyReview, JournalEntry, NextAction, RecoveryPlan",implement as product capability,Today читает реальные notes/tasks/calendar/source links и не генерирует отдельную несвязанную реальность.,Проверка вчерашнего шага,"новый день должен уметь спросить, что произошло со вчерашним ближайшим шагом.",7386,docs/source_of_truth/LifeOS_canon_v33.md
C09-045,Функция,C09,"ПЛАНИРОВАНИЕ, ПЕРЕПЛАНИРОВАНИЕ И ВОССТАНОВЛЕНИЕ ПОСЛЕ СРЫВА",Planner / Tasks / Calendar / Focus,Plan,/app/plan,PLAN_TBD_BY_ARTIFACT_AUDIT,"Task, Project, CalendarBlock, PlannerBlock, FocusSession, WeekPlan",implement as product capability,"Task можно создать из source/note/chat, поставить в календарный блок, увидеть связь и receipt.",Корректировка по причине срыва,разные причины невыполнения должны менять план по-разному.,7392,docs/source_of_truth/LifeOS_canon_v33.md
C09-046,Функция,C09,"ПЛАНИРОВАНИЕ, ПЕРЕПЛАНИРОВАНИЕ И ВОССТАНОВЛЕНИЕ ПОСЛЕ СРЫВА",Planner / Tasks / Calendar / Focus,Plan,/app/plan,PLAN_TBD_BY_ARTIFACT_AUDIT,"Task, Project, CalendarBlock, PlannerBlock, FocusSession, WeekPlan",implement as product capability,"Task можно создать из source/note/chat, поставить в календарный блок, увидеть связь и receipt.",Детектор плохого состояния с автоснижением нагрузки,"планирование должно уметь снижать ожидания, когда состояние уже сигналит об опасности.",7398,docs/source_of_truth/LifeOS_canon_v33.md
C09-047,Функция,C09,"ПЛАНИРОВАНИЕ, ПЕРЕПЛАНИРОВАНИЕ И ВОССТАНОВЛЕНИЕ ПОСЛЕ СРЫВА",Planner / Tasks / Calendar / Focus,Plan,/app/plan,PLAN_TBD_BY_ARTIFACT_AUDIT,"Task, Project, CalendarBlock, PlannerBlock, FocusSession, WeekPlan",implement as product capability,"Task можно создать из source/note/chat, поставить в календарный блок, увидеть связь и receipt.",Индекс перегруза и риск-сигнал плана,перегруз должен становиться отдельным предупреждением ещё до развала дня.,7404,docs/source_of_truth/LifeOS_canon_v33.md
C09-048,Функция,C09,"ПЛАНИРОВАНИЕ, ПЕРЕПЛАНИРОВАНИЕ И ВОССТАНОВЛЕНИЕ ПОСЛЕ СРЫВА",Planner / Tasks / Calendar / Focus,Plan,/app/plan,PLAN_TBD_BY_ARTIFACT_AUDIT,"Task, Project, CalendarBlock, PlannerBlock, FocusSession, WeekPlan",implement as product capability,"Task можно создать из source/note/chat, поставить в календарный блок, увидеть связь и receipt.",Маршруты планирования за пределами списка задач,"движок планирования должен уметь запускать не только обычные задачи, но и целые сценарные маршруты.",7410,docs/source_of_truth/LifeOS_canon_v33.md
C09-049,Качество,C09,"ПЛАНИРОВАНИЕ, ПЕРЕПЛАНИРОВАНИЕ И ВОССТАНОВЛЕНИЕ ПОСЛЕ СРЫВА",Today / Journal,Today,/app/today,"PLAN_TBD_BY_ARTIFACT_AUDIT, PLAN_TBD_BY_ARTIFACT_AUDIT","TodayPage, DailyReview, JournalEntry, NextAction, RecoveryPlan",build as acceptance criterion,Today читает реальные notes/tasks/calendar/source links и не генерирует отдельную несвязанную реальность.,Срыв должен обрабатываться через мягкий протокол возврата,"после провала нужен не долг, а бережный сценарий возвращения.",7416,docs/source_of_truth/LifeOS_canon_v33.md
C09-050,Качество,C09,"ПЛАНИРОВАНИЕ, ПЕРЕПЛАНИРОВАНИЕ И ВОССТАНОВЛЕНИЕ ПОСЛЕ СРЫВА",Planner / Tasks / Calendar / Focus,Plan,/app/plan,PLAN_TBD_BY_ARTIFACT_AUDIT,"Task, Project, CalendarBlock, PlannerBlock, FocusSession, WeekPlan",build as acceptance criterion,"Task можно создать из source/note/chat, поставить в календарный блок, увидеть связь и receipt.","Состояние должно менять сам план, а не только тон интерфейса","слабый ресурс должен влиять не только на оформление, но и на реальную форму действий, слотов и ожиданий.",7422,docs/source_of_truth/LifeOS_canon_v33.md
C09-051,Минус,C09,"ПЛАНИРОВАНИЕ, ПЕРЕПЛАНИРОВАНИЕ И ВОССТАНОВЛЕНИЕ ПОСЛЕ СРЫВА",Planner / Tasks / Calendar / Focus,Plan,/app/plan,PLAN_TBD_BY_ARTIFACT_AUDIT,"Task, Project, CalendarBlock, PlannerBlock, FocusSession, WeekPlan",forbid / add regression guard,"Task можно создать из source/note/chat, поставить в календарный блок, увидеть связь и receipt.",Тихие зомби-хвосты,скрытые переносы создают иллюзию контроля и копят кладбище дел.,7428,docs/source_of_truth/LifeOS_canon_v33.md
C09-052,Минус,C09,"ПЛАНИРОВАНИЕ, ПЕРЕПЛАНИРОВАНИЕ И ВОССТАНОВЛЕНИЕ ПОСЛЕ СРЫВА",Planner / Tasks / Calendar / Focus,Plan,/app/plan,PLAN_TBD_BY_ARTIFACT_AUDIT,"Task, Project, CalendarBlock, PlannerBlock, FocusSession, WeekPlan",forbid / add regression guard,"Task можно создать из source/note/chat, поставить в календарный блок, увидеть связь и receipt.",Бесконечное перепланирование без действия,можно утонуть в перестройке плана и так и не начать движение.,7434,docs/source_of_truth/LifeOS_canon_v33.md
C09-053,Минус,C09,"ПЛАНИРОВАНИЕ, ПЕРЕПЛАНИРОВАНИЕ И ВОССТАНОВЛЕНИЕ ПОСЛЕ СРЫВА",Planner / Tasks / Calendar / Focus,Plan,/app/plan,PLAN_TBD_BY_ARTIFACT_AUDIT,"Task, Project, CalendarBlock, PlannerBlock, FocusSession, WeekPlan",forbid / add regression guard,"Task можно создать из source/note/chat, поставить в календарный блок, увидеть связь и receipt.",Жёсткое автоперепланирование без подтверждения,агрессивное автопланирование ломает доверие и ощущение контроля.,7440,docs/source_of_truth/LifeOS_canon_v33.md
C09-054,Минус,C09,"ПЛАНИРОВАНИЕ, ПЕРЕПЛАНИРОВАНИЕ И ВОССТАНОВЛЕНИЕ ПОСЛЕ СРЫВА",Planner / Tasks / Calendar / Focus,Plan,/app/plan,PLAN_TBD_BY_ARTIFACT_AUDIT,"Task, Project, CalendarBlock, PlannerBlock, FocusSession, WeekPlan",forbid / add regression guard,"Task можно создать из source/note/chat, поставить в календарный блок, увидеть связь и receipt.","Сброс, который показывает стену долгов","плохой сброс уничтожает желание вернуться, если сразу вываливает весь накопленный хвост.",7446,docs/source_of_truth/LifeOS_canon_v33.md
C09-055,Функция,C09,"ПЛАНИРОВАНИЕ, ПЕРЕПЛАНИРОВАНИЕ И ВОССТАНОВЛЕНИЕ ПОСЛЕ СРЫВА",Planner / Tasks / Calendar / Focus,Plan,/app/plan,PLAN_TBD_BY_ARTIFACT_AUDIT,"Task, Project, CalendarBlock, PlannerBlock, FocusSession, WeekPlan",implement as product capability,"Task можно создать из source/note/chat, поставить в календарный блок, увидеть связь и receipt.",Быстрый ввод задачи или события обычной фразой,"новый элемент плана должен создаваться человеческой фразой, а не длинной формой.",7452,docs/source_of_truth/LifeOS_canon_v33.md
C09-056,Функция,C09,"ПЛАНИРОВАНИЕ, ПЕРЕПЛАНИРОВАНИЕ И ВОССТАНОВЛЕНИЕ ПОСЛЕ СРЫВА",Planner / Tasks / Calendar / Focus,Plan,/app/plan,PLAN_TBD_BY_ARTIFACT_AUDIT,"Task, Project, CalendarBlock, PlannerBlock, FocusSession, WeekPlan",implement as product capability,"Task можно создать из source/note/chat, поставить в календарный блок, увидеть связь и receipt.",Таймлайн зависимостей с перетаскиванием и видом загрузки,"крупные зависимые работы должны уметь планироваться не только списком, но и как редактируемый временной контур.",7458,docs/source_of_truth/LifeOS_canon_v33.md
C09-057,Качество,C09,"ПЛАНИРОВАНИЕ, ПЕРЕПЛАНИРОВАНИЕ И ВОССТАНОВЛЕНИЕ ПОСЛЕ СРЫВА",Planner / Tasks / Calendar / Focus,Plan,/app/plan,PLAN_TBD_BY_ARTIFACT_AUDIT,"Task, Project, CalendarBlock, PlannerBlock, FocusSession, WeekPlan",build as acceptance criterion,"Task можно создать из source/note/chat, поставить в календарный блок, увидеть связь и receipt.",Чистый слой задач без корпоративной тяжести,слой задач должен оставаться простым и не душить человека ощущением тяжёлой проектной машины.,7464,docs/source_of_truth/LifeOS_canon_v33.md
C09-058,Функция,C09,"ПЛАНИРОВАНИЕ, ПЕРЕПЛАНИРОВАНИЕ И ВОССТАНОВЛЕНИЕ ПОСЛЕ СРЫВА",Planner / Tasks / Calendar / Focus,Plan,/app/plan,PLAN_TBD_BY_ARTIFACT_AUDIT,"Task, Project, CalendarBlock, PlannerBlock, FocusSession, WeekPlan",implement as product capability,"Task можно создать из source/note/chat, поставить в календарный блок, увидеть связь и receipt.",Пропуск и перенос повтора без чувства вины,"повторяющееся действие должно иметь явные судьбы «сделано», «облегчено», «перенесено» и «пропущено», не ломая весь контур.",7470,docs/source_of_truth/LifeOS_canon_v33.md
C10-001,Функция,C10,ФОКУС И ИСПОЛНЕНИЕ,Planner / Tasks / Calendar / Focus,Plan,/app/plan,PLAN_TBD_BY_ARTIFACT_AUDIT,"Task, Project, CalendarBlock, PlannerBlock, FocusSession, WeekPlan",implement as product capability,"Task можно создать из source/note/chat, поставить в календарный блок, увидеть связь и receipt.",Экран фокуса из конкретного дела,"режим сосредоточения должен запускаться из выбранной задачи, а не из пустого таймера.",7482,docs/source_of_truth/LifeOS_canon_v33.md
C10-002,Функция,C10,ФОКУС И ИСПОЛНЕНИЕ,Planner / Tasks / Calendar / Focus,Plan,/app/plan,PLAN_TBD_BY_ARTIFACT_AUDIT,"Task, Project, CalendarBlock, PlannerBlock, FocusSession, WeekPlan",implement as product capability,"Task можно создать из source/note/chat, поставить в календарный блок, увидеть связь и receipt.",Фокус-сессии,исполнение должно поддерживаться отдельными рабочими сессиями.,7488,docs/source_of_truth/LifeOS_canon_v33.md
C10-003,Функция,C10,ФОКУС И ИСПОЛНЕНИЕ,Planner / Tasks / Calendar / Focus,Plan,/app/plan,PLAN_TBD_BY_ARTIFACT_AUDIT,"Task, Project, CalendarBlock, PlannerBlock, FocusSession, WeekPlan",implement as product capability,"Task можно создать из source/note/chat, поставить в календарный блок, увидеть связь и receipt.",Таймер внутри сессии,фокусный блок должен уметь идти с таймером выбранной длины.,7494,docs/source_of_truth/LifeOS_canon_v33.md
C10-004,Функция,C10,ФОКУС И ИСПОЛНЕНИЕ,Planner / Tasks / Calendar / Focus,Plan,/app/plan,PLAN_TBD_BY_ARTIFACT_AUDIT,"Task, Project, CalendarBlock, PlannerBlock, FocusSession, WeekPlan",implement as product capability,"Task можно создать из source/note/chat, поставить в календарный блок, увидеть связь и receipt.",Компактный цикл «намерение → таймер → след»,"план сессии, отсчёт времени и короткий итог должны жить в одном минимальном цикле.",7500,docs/source_of_truth/LifeOS_canon_v33.md
C10-005,Функция,C10,ФОКУС И ИСПОЛНЕНИЕ,Planner / Tasks / Calendar / Focus,Plan,/app/plan,PLAN_TBD_BY_ARTIFACT_AUDIT,"Task, Project, CalendarBlock, PlannerBlock, FocusSession, WeekPlan",implement as product capability,"Task можно создать из source/note/chat, поставить в календарный блок, увидеть связь и receipt.",Очистка отвлечений перед стартом,перед работой система должна помогать убрать шум среды.,7506,docs/source_of_truth/LifeOS_canon_v33.md
C10-006,Функция,C10,ФОКУС И ИСПОЛНЕНИЕ,Planner / Tasks / Calendar / Focus,Plan,/app/plan,PLAN_TBD_BY_ARTIFACT_AUDIT,"Task, Project, CalendarBlock, PlannerBlock, FocusSession, WeekPlan",implement as product capability,"Task можно создать из source/note/chat, поставить в календарный блок, увидеть связь и receipt.",Пауза в момент импульса отвлечься,"лучше ловить отвлечение в точке импульса, чем потом разбирать сорванную сессию.",7512,docs/source_of_truth/LifeOS_canon_v33.md
C10-007,Функция,C10,ФОКУС И ИСПОЛНЕНИЕ,Planner / Tasks / Calendar / Focus,Plan,/app/plan,PLAN_TBD_BY_ARTIFACT_AUDIT,"Task, Project, CalendarBlock, PlannerBlock, FocusSession, WeekPlan",implement as product capability,"Task можно создать из source/note/chat, поставить в календарный блок, увидеть связь и receipt.",Добровольные блокировщики отвлечений,в фокусном окне должны быть опциональные блокировки сайтов и приложений.,7518,docs/source_of_truth/LifeOS_canon_v33.md
C10-008,Функция,C10,ФОКУС И ИСПОЛНЕНИЕ,Planner / Tasks / Calendar / Focus,Plan,/app/plan,PLAN_TBD_BY_ARTIFACT_AUDIT,"Task, Project, CalendarBlock, PlannerBlock, FocusSession, WeekPlan",implement as product capability,"Task можно создать из source/note/chat, поставить в календарный блок, увидеть связь и receipt.",Жёсткие цифровые границы на выбранное окно,для части людей нужен отдельный более жёсткий режим без лёгкого обхода.,7524,docs/source_of_truth/LifeOS_canon_v33.md
C10-009,Функция,C10,ФОКУС И ИСПОЛНЕНИЕ,Planner / Tasks / Calendar / Focus,Plan,/app/plan,PLAN_TBD_BY_ARTIFACT_AUDIT,"Task, Project, CalendarBlock, PlannerBlock, FocusSession, WeekPlan",implement as product capability,"Task можно создать из source/note/chat, поставить в календарный блок, увидеть связь и receipt.",Совместное присутствие для работы,"некоторым людям легче начать и удержаться, когда сессия проживается вместе с другим присутствием.",7531,docs/source_of_truth/LifeOS_canon_v33.md
C10-010,Функция,C10,ФОКУС И ИСПОЛНЕНИЕ,Planner / Tasks / Calendar / Focus,Plan,/app/plan,PLAN_TBD_BY_ARTIFACT_AUDIT,"Task, Project, CalendarBlock, PlannerBlock, FocusSession, WeekPlan",implement as product capability,"Task можно создать из source/note/chat, поставить в календарный блок, увидеть связь и receipt.",Дневник фокуса,после каждой сессии должен оставаться короткий человеческий след.,7537,docs/source_of_truth/LifeOS_canon_v33.md
C10-011,Функция,C10,ФОКУС И ИСПОЛНЕНИЕ,Planner / Tasks / Calendar / Focus,Plan,/app/plan,PLAN_TBD_BY_ARTIFACT_AUDIT,"Task, Project, CalendarBlock, PlannerBlock, FocusSession, WeekPlan",implement as product capability,"Task можно создать из source/note/chat, поставить в календарный блок, увидеть связь и receipt.",След исполнения после сессии,"фокус-сессия должна оставлять не только впечатление, но и фактический след исполнения.",7543,docs/source_of_truth/LifeOS_canon_v33.md
C10-012,Функция,C10,ФОКУС И ИСПОЛНЕНИЕ,Planner / Tasks / Calendar / Focus,Plan,/app/plan,PLAN_TBD_BY_ARTIFACT_AUDIT,"Task, Project, CalendarBlock, PlannerBlock, FocusSession, WeekPlan",implement as product capability,"Task можно создать из source/note/chat, поставить в календарный блок, увидеть связь и receipt.",Аналитика фокуса,"нужен слой, который показывает качество удержания внимания, а не только число минут.",7549,docs/source_of_truth/LifeOS_canon_v33.md
C10-013,Функция,C10,ФОКУС И ИСПОЛНЕНИЕ,Planner / Tasks / Calendar / Focus,Plan,/app/plan,PLAN_TBD_BY_ARTIFACT_AUDIT,"Task, Project, CalendarBlock, PlannerBlock, FocusSession, WeekPlan",implement as product capability,"Task можно создать из source/note/chat, поставить в календарный блок, увидеть связь и receipt.",Ручной учёт времени по задаче,фактическое время должно фиксироваться рядом с исполнением дела.,7555,docs/source_of_truth/LifeOS_canon_v33.md
C10-014,Функция,C10,ФОКУС И ИСПОЛНЕНИЕ,Planner / Tasks / Calendar / Focus,Plan,/app/plan,PLAN_TBD_BY_ARTIFACT_AUDIT,"Task, Project, CalendarBlock, PlannerBlock, FocusSession, WeekPlan",implement as product capability,"Task можно создать из source/note/chat, поставить в календарный блок, увидеть связь и receipt.",Учёт времени в один клик через @ и #,лог времени должен добавляться почти без трения.,7561,docs/source_of_truth/LifeOS_canon_v33.md
C10-015,Функция,C10,ФОКУС И ИСПОЛНЕНИЕ,Planner / Tasks / Calendar / Focus,Plan,/app/plan,PLAN_TBD_BY_ARTIFACT_AUDIT,"Task, Project, CalendarBlock, PlannerBlock, FocusSession, WeekPlan",implement as product capability,"Task можно создать из source/note/chat, поставить в календарный блок, увидеть связь и receipt.",Сводки по проектам и клиентам,из логов времени должны собираться понятные итоги по рабочим контекстам.,7567,docs/source_of_truth/LifeOS_canon_v33.md
C10-016,Функция,C10,ФОКУС И ИСПОЛНЕНИЕ,Planner / Tasks / Calendar / Focus,Plan,/app/plan,PLAN_TBD_BY_ARTIFACT_AUDIT,"Task, Project, CalendarBlock, PlannerBlock, FocusSession, WeekPlan",implement as product capability,"Task можно создать из source/note/chat, поставить в календарный блок, увидеть связь и receipt.",Простые графики фактического времени,"человек должен видеть время не только строками, но и в короткой обзорной форме.",7573,docs/source_of_truth/LifeOS_canon_v33.md
C10-017,Функция,C10,ФОКУС И ИСПОЛНЕНИЕ,Planner / Tasks / Calendar / Focus,Plan,/app/plan,PLAN_TBD_BY_ARTIFACT_AUDIT,"Task, Project, CalendarBlock, PlannerBlock, FocusSession, WeekPlan",implement as product capability,"Task можно создать из source/note/chat, поставить в календарный блок, увидеть связь и receipt.",Аналитик рабочих паттернов,"фокусный слой должен показывать, где на самом деле утекают время и внимание.",7579,docs/source_of_truth/LifeOS_canon_v33.md
C10-018,Функция,C10,ФОКУС И ИСПОЛНЕНИЕ,Today / Journal,Today,/app/today,"PLAN_TBD_BY_ARTIFACT_AUDIT, PLAN_TBD_BY_ARTIFACT_AUDIT","TodayPage, DailyReview, JournalEntry, NextAction, RecoveryPlan",implement as product capability,Today читает реальные notes/tasks/calendar/source links и не генерирует отдельную несвязанную реальность.,Пассивное восстановление времени,при согласии пользователя система может черновиком восстанавливать фактический день без ручного запуска таймера.,7585,docs/source_of_truth/LifeOS_canon_v33.md
C10-019,Функция,C10,ФОКУС И ИСПОЛНЕНИЕ,Planner / Tasks / Calendar / Focus,Plan,/app/plan,PLAN_TBD_BY_ARTIFACT_AUDIT,"Task, Project, CalendarBlock, PlannerBlock, FocusSession, WeekPlan",implement as product capability,"Task можно создать из source/note/chat, поставить в календарный блок, увидеть связь и receipt.",Восстановление исполнения после сорванной сессии,после прерывания или провала сессии нужен быстрый путь обратно в работу.,7592,docs/source_of_truth/LifeOS_canon_v33.md
C10-020,Качество,C10,ФОКУС И ИСПОЛНЕНИЕ,Planner / Tasks / Calendar / Focus,Plan,/app/plan,PLAN_TBD_BY_ARTIFACT_AUDIT,"Task, Project, CalendarBlock, PlannerBlock, FocusSession, WeekPlan",build as acceptance criterion,"Task можно создать из source/note/chat, поставить в календарный блок, увидеть связь и receipt.","Фокусный слой служит делу, а не таймеру","хороший режим сосредоточения подчинён задаче и результату, а не самой технике отсчёта.",7598,docs/source_of_truth/LifeOS_canon_v33.md
C10-021,Минус,C10,ФОКУС И ИСПОЛНЕНИЕ,Planner / Tasks / Calendar / Focus,Plan,/app/plan,PLAN_TBD_BY_ARTIFACT_AUDIT,"Task, Project, CalendarBlock, PlannerBlock, FocusSession, WeekPlan",forbid / add regression guard,"Task можно создать из source/note/chat, поставить в календарный блок, увидеть связь и receipt.",Таймер ради таймера,отдельный таймер без контекста легко превращается в имитацию работы.,7604,docs/source_of_truth/LifeOS_canon_v33.md
C10-022,Минус,C10,ФОКУС И ИСПОЛНЕНИЕ,Planner / Tasks / Calendar / Focus,Plan,/app/plan,PLAN_TBD_BY_ARTIFACT_AUDIT,"Task, Project, CalendarBlock, PlannerBlock, FocusSession, WeekPlan",forbid / add regression guard,"Task можно создать из source/note/chat, поставить в календарный блок, увидеть связь и receipt.",Карательные блокировки без баланса,слишком жёсткие запреты ломают антистыдящий контур и вызывают отторжение.,7610,docs/source_of_truth/LifeOS_canon_v33.md
C10-023,Минус,C10,ФОКУС И ИСПОЛНЕНИЕ,Planner / Tasks / Calendar / Focus,Plan,/app/plan,PLAN_TBD_BY_ARTIFACT_AUDIT,"Task, Project, CalendarBlock, PlannerBlock, FocusSession, WeekPlan",forbid / add regression guard,"Task можно создать из source/note/chat, поставить в календарный блок, увидеть связь и receipt.",Скрытое слежение и журнал вины,"пассивный сбор активности опасен, если превращается в неявный надзор.",7616,docs/source_of_truth/LifeOS_canon_v33.md
C10-024,Функция,C10,ФОКУС И ИСПОЛНЕНИЕ,Planner / Tasks / Calendar / Focus,Plan,/app/plan,PLAN_TBD_BY_ARTIFACT_AUDIT,"Task, Project, CalendarBlock, PlannerBlock, FocusSession, WeekPlan",implement as product capability,"Task можно создать из source/note/chat, поставить в календарный блок, увидеть связь и receipt.",Таймер фокуса с растущим визуальным объектом,фокус-сессия может получать мягкий визуальный символ прогресса.,7622,docs/source_of_truth/LifeOS_canon_v33.md
C10-025,Функция,C10,ФОКУС И ИСПОЛНЕНИЕ,Planner / Tasks / Calendar / Focus,Plan,/app/plan,PLAN_TBD_BY_ARTIFACT_AUDIT,"Task, Project, CalendarBlock, PlannerBlock, FocusSession, WeekPlan",implement as product capability,"Task можно создать из source/note/chat, поставить в календарный блок, увидеть связь и receipt.",История фокус-сессий как накопительный след,прошлые фокус-сессии должны оставлять накапливающийся видимый след.,7628,docs/source_of_truth/LifeOS_canon_v33.md
C10-026,Минус,C10,ФОКУС И ИСПОЛНЕНИЕ,Planner / Tasks / Calendar / Focus,Plan,/app/plan,PLAN_TBD_BY_ARTIFACT_AUDIT,"Task, Project, CalendarBlock, PlannerBlock, FocusSession, WeekPlan",forbid / add regression guard,"Task можно создать из source/note/chat, поставить в календарный блок, увидеть связь и receipt.",Визуальное наказание за срыв фокуса,механика вида «объект погибает при выходе из режима» опасна как карательный слой.,7634,docs/source_of_truth/LifeOS_canon_v33.md
C10-027,Функция,C10,ФОКУС И ИСПОЛНЕНИЕ,Planner / Tasks / Calendar / Focus,Plan,/app/plan,PLAN_TBD_BY_ARTIFACT_AUDIT,"Task, Project, CalendarBlock, PlannerBlock, FocusSession, WeekPlan",implement as product capability,"Task можно создать из source/note/chat, поставить в календарный блок, увидеть связь и receipt.",Анализ порога входа в действие,"системе полезно видеть не только факт срыва, но и где именно человеку трудно начать.",7640,docs/source_of_truth/LifeOS_canon_v33.md
C10-028,Функция,C10,ФОКУС И ИСПОЛНЕНИЕ,Planner / Tasks / Calendar / Focus,Plan,/app/plan,PLAN_TBD_BY_ARTIFACT_AUDIT,"Task, Project, CalendarBlock, PlannerBlock, FocusSession, WeekPlan",implement as product capability,"Task можно создать из source/note/chat, поставить в календарный блок, увидеть связь и receipt.",Лимиты незавершённой работы и аналитика потока,"слой исполнения должен уметь ограничивать число дел «в работе» и показывать, где поток начинает вязнуть.",7646,docs/source_of_truth/LifeOS_canon_v33.md
C10-029,Функция,C10,ФОКУС И ИСПОЛНЕНИЕ,Planner / Tasks / Calendar / Focus,Plan,/app/plan,PLAN_TBD_BY_ARTIFACT_AUDIT,"Task, Project, CalendarBlock, PlannerBlock, FocusSession, WeekPlan",implement as product capability,"Task можно создать из source/note/chat, поставить в календарный блок, увидеть связь и receipt.","Пассивная реконструкция времени по приложениям, сайтам и документам","при явном согласии система может собирать черновую картину дня по следам приложений, сайтов и документов, а не только по ручным таймерам.",7652,docs/source_of_truth/LifeOS_canon_v33.md
C10-030,Функция,C10,ФОКУС И ИСПОЛНЕНИЕ,Planner / Tasks / Calendar / Focus,Plan,/app/plan,PLAN_TBD_BY_ARTIFACT_AUDIT,"Task, Project, CalendarBlock, PlannerBlock, FocusSession, WeekPlan",implement as product capability,"Task можно создать из source/note/chat, поставить в календарный блок, увидеть связь и receipt.",Биллинг времени по проектам и клиентам,"рабочий слой времени должен уметь превращать зафиксированные часы не только в аналитику, но и в расчёт к выставлению.",7659,docs/source_of_truth/LifeOS_canon_v33.md
C10-031,Функция,C10,ФОКУС И ИСПОЛНЕНИЕ,Planner / Tasks / Calendar / Focus,Plan,/app/plan,PLAN_TBD_BY_ARTIFACT_AUDIT,"Task, Project, CalendarBlock, PlannerBlock, FocusSession, WeekPlan",implement as product capability,"Task можно создать из source/note/chat, поставить в календарный блок, увидеть связь и receipt.",Зеркалирование одной карточки между досками,Один объект может быть виден в нескольких рабочих досках без создания расходящихся копий.,7666,docs/source_of_truth/LifeOS_canon_v33.md
C10-032,Функция,C10,ФОКУС И ИСПОЛНЕНИЕ,Providers / Local AI / Media / Screen,Providers,/app/providers,PLAN_TBD_BY_ARTIFACT_AUDIT,"ProviderBoundary, ModelProfile, MediaTranscriptJob, ScreenSession, DeviceSyncState",implement as product capability,"Никаких fake cloud/model/screen/VPN success; только readiness, preview, explicit setup/approval.",Искусственный интеллект внутри слоя исполнения на доске,"В рабочей доске могут жить отдельные ИИ-подсказки, ИИ-блоки и ИИ-сценарии ускорения исполнения.",7673,docs/source_of_truth/LifeOS_canon_v33.md
C11-001,Функция,C11,"ПРОГРЕСС, ПАТТЕРНЫ, ЭКСПЕРИМЕНТЫ И АДАПТАЦИЯ",Kernel / OS Spine,Core / invisible OS spine,/app/system,PLAN_TBD_BY_ARTIFACT_AUDIT,"LifeObject, SourceRef, Receipt, AuditEvent, PolicyBoundary, GraphEdge",implement as product capability,Все сущности имеют общий id/state/source/receipt/graph refs; ни одна секция не хранит отдельные fake arrays.,Детектор маленьких побед,"система сама замечает маленький, но реальный сдвиг вперёд.",7685,docs/source_of_truth/LifeOS_canon_v33.md
C11-002,Функция,C11,"ПРОГРЕСС, ПАТТЕРНЫ, ЭКСПЕРИМЕНТЫ И АДАПТАЦИЯ",Kernel / OS Spine,Core / invisible OS spine,/app/system,PLAN_TBD_BY_ARTIFACT_AUDIT,"LifeObject, SourceRef, Receipt, AuditEvent, PolicyBoundary, GraphEdge",implement as product capability,Все сущности имеют общий id/state/source/receipt/graph refs; ни одна секция не хранит отдельные fake arrays.,Лента маленьких побед,"малые успехи не должны пропадать, их нужно видеть как отдельный след прогресса.",7691,docs/source_of_truth/LifeOS_canon_v33.md
C11-003,Функция,C11,"ПРОГРЕСС, ПАТТЕРНЫ, ЭКСПЕРИМЕНТЫ И АДАПТАЦИЯ",Providers / Local AI / Media / Screen,Providers,/app/providers,PLAN_TBD_BY_ARTIFACT_AUDIT,"ProviderBoundary, ModelProfile, MediaTranscriptJob, ScreenSession, DeviceSyncState",implement as product capability,"Никаких fake cloud/model/screen/VPN success; только readiness, preview, explicit setup/approval.",Умные серии,"серии должны поддерживать устойчивость, а не ломать мотивацию после одного пропуска.",7697,docs/source_of_truth/LifeOS_canon_v33.md
C11-004,Функция,C11,"ПРОГРЕСС, ПАТТЕРНЫ, ЭКСПЕРИМЕНТЫ И АДАПТАЦИЯ",Providers / Local AI / Media / Screen,Providers,/app/providers,PLAN_TBD_BY_ARTIFACT_AUDIT,"ProviderBoundary, ModelProfile, MediaTranscriptJob, ScreenSession, DeviceSyncState",implement as product capability,"Никаких fake cloud/model/screen/VPN success; только readiness, preview, explicit setup/approval.",Индекс устойчивости привычки,"вместо хрупкой серии система может показывать, насколько человек умеет возвращаться.",7703,docs/source_of_truth/LifeOS_canon_v33.md
C11-005,Функция,C11,"ПРОГРЕСС, ПАТТЕРНЫ, ЭКСПЕРИМЕНТЫ И АДАПТАЦИЯ",Kernel / OS Spine,Core / invisible OS spine,/app/system,PLAN_TBD_BY_ARTIFACT_AUDIT,"LifeObject, SourceRef, Receipt, AuditEvent, PolicyBoundary, GraphEdge",implement as product capability,Все сущности имеют общий id/state/source/receipt/graph refs; ни одна секция не хранит отдельные fake arrays.,Награда без наказания,"подкрепление должно усиливать полезное поведение, не превращаясь в кнут.",7709,docs/source_of_truth/LifeOS_canon_v33.md
C11-006,Функция,C11,"ПРОГРЕСС, ПАТТЕРНЫ, ЭКСПЕРИМЕНТЫ И АДАПТАЦИЯ",Agents / Workflows,Agents,/app/agents,PLAN_TBD_BY_ARTIFACT_AUDIT,"AgentManifest, ToolScope, WorkflowManifest, WorkflowRunPreview, ActionProposal",implement as product capability,Агент ничего не отправляет/не удаляет/не публикует без явного approval; dry-run даёт receipt и proposal.,Подкрепление личности фактами,"система может укреплять образ «я умею возвращаться и держаться», но только на базе подтверждённых действий.",7715,docs/source_of_truth/LifeOS_canon_v33.md
C11-007,Функция,C11,"ПРОГРЕСС, ПАТТЕРНЫ, ЭКСПЕРИМЕНТЫ И АДАПТАЦИЯ",Kernel / OS Spine,Core / invisible OS spine,/app/system,PLAN_TBD_BY_ARTIFACT_AUDIT,"LifeObject, SourceRef, Receipt, AuditEvent, PolicyBoundary, GraphEdge",implement as product capability,Все сущности имеют общий id/state/source/receipt/graph refs; ни одна секция не хранит отдельные fake arrays.,Контур проверки результата,"польза замыкается не на совете, а на проверке, сделан ли прошлый шаг.",7722,docs/source_of_truth/LifeOS_canon_v33.md
C11-008,Функция,C11,"ПРОГРЕСС, ПАТТЕРНЫ, ЭКСПЕРИМЕНТЫ И АДАПТАЦИЯ",Today / Journal,Today,/app/today,"PLAN_TBD_BY_ARTIFACT_AUDIT, PLAN_TBD_BY_ARTIFACT_AUDIT","TodayPage, DailyReview, JournalEntry, NextAction, RecoveryPlan",implement as product capability,Today читает реальные notes/tasks/calendar/source links и не генерирует отдельную несвязанную реальность.,Мягкая корректировка после срыва,после серии пропусков система должна снижать нагрузку и перестраивать траекторию.,7728,docs/source_of_truth/LifeOS_canon_v33.md
C11-009,Функция,C11,"ПРОГРЕСС, ПАТТЕРНЫ, ЭКСПЕРИМЕНТЫ И АДАПТАЦИЯ",Today / Journal,Today,/app/today,"PLAN_TBD_BY_ARTIFACT_AUDIT, PLAN_TBD_BY_ARTIFACT_AUDIT","TodayPage, DailyReview, JournalEntry, NextAction, RecoveryPlan",implement as product capability,Today читает реальные notes/tasks/calendar/source links и не генерирует отдельную несвязанную реальность.,Радар риска,"система заранее поднимает сигнал, что человек движется к срыву или перегрузу.",7734,docs/source_of_truth/LifeOS_canon_v33.md
C11-010,Функция,C11,"ПРОГРЕСС, ПАТТЕРНЫ, ЭКСПЕРИМЕНТЫ И АДАПТАЦИЯ",Data Control / Trust / Privacy,Control,/app/control,"PLAN_TBD_BY_ARTIFACT_AUDIT, PLAN_TBD_BY_ARTIFACT_AUDIT","Receipt, DataControlItem, AuditEvent, ExportJob, DeletePreview, PrivacyZone, PermissionGrant",implement as product capability,Любое изменение имеет receipt; destructive действия только preview + confirmation boundary.,Персональные правила риска,"риск должен учитывать не только общие правила, но и личные уязвимости.",7740,docs/source_of_truth/LifeOS_canon_v33.md
C11-011,Функция,C11,"ПРОГРЕСС, ПАТТЕРНЫ, ЭКСПЕРИМЕНТЫ И АДАПТАЦИЯ",Kernel / OS Spine,Core / invisible OS spine,/app/system,PLAN_TBD_BY_ARTIFACT_AUDIT,"LifeObject, SourceRef, Receipt, AuditEvent, PolicyBoundary, GraphEdge",implement as product capability,Все сущности имеют общий id/state/source/receipt/graph refs; ни одна секция не хранит отдельные fake arrays.,Сигнал с понятной уверенностью,"любой сильный вывод должен сопровождаться оценкой, насколько данных хватает.",7746,docs/source_of_truth/LifeOS_canon_v33.md
C11-012,Функция,C11,"ПРОГРЕСС, ПАТТЕРНЫ, ЭКСПЕРИМЕНТЫ И АДАПТАЦИЯ",LifeGraph / Entities,Graph,/app/graph,"PLAN_TBD_BY_ARTIFACT_AUDIT, PLAN_TBD_BY_ARTIFACT_AUDIT","GraphNode, GraphEdge, Entity, EntityCandidate, RelationshipReason",implement as product capability,Graph edge имеет source/provenance/confidence; можно скрыть/исправить связь через безопасный preview.,Выявление повторяющихся связей,"система должна замечать устойчивые повторения между состоянием, поведением и результатом.",7752,docs/source_of_truth/LifeOS_canon_v33.md
C11-013,Функция,C11,"ПРОГРЕСС, ПАТТЕРНЫ, ЭКСПЕРИМЕНТЫ И АДАПТАЦИЯ",LifeGraph / Entities,Graph,/app/graph,"PLAN_TBD_BY_ARTIFACT_AUDIT, PLAN_TBD_BY_ARTIFACT_AUDIT","GraphNode, GraphEdge, Entity, EntityCandidate, RelationshipReason",implement as product capability,Graph edge имеет source/provenance/confidence; можно скрыть/исправить связь через безопасный preview.,Перевод найденной связи в действие,"замеченная связь должна вести к гипотезе, изменению режима или следующему шагу.",7758,docs/source_of_truth/LifeOS_canon_v33.md
C11-014,Функция,C11,"ПРОГРЕСС, ПАТТЕРНЫ, ЭКСПЕРИМЕНТЫ И АДАПТАЦИЯ",Data Control / Trust / Privacy,Control,/app/control,"PLAN_TBD_BY_ARTIFACT_AUDIT, PLAN_TBD_BY_ARTIFACT_AUDIT","Receipt, DataControlItem, AuditEvent, ExportJob, DeletePreview, PrivacyZone, PermissionGrant",implement as product capability,Любое изменение имеет receipt; destructive действия только preview + confirmation boundary.,Трекер экспериментов,жизненные гипотезы должны проверяться как отдельные управляемые эксперименты.,7764,docs/source_of_truth/LifeOS_canon_v33.md
C11-015,Функция,C11,"ПРОГРЕСС, ПАТТЕРНЫ, ЭКСПЕРИМЕНТЫ И АДАПТАЦИЯ",LifeGraph / Entities,Graph,/app/graph,"PLAN_TBD_BY_ARTIFACT_AUDIT, PLAN_TBD_BY_ARTIFACT_AUDIT","GraphNode, GraphEdge, Entity, EntityCandidate, RelationshipReason",implement as product capability,Graph edge имеет source/provenance/confidence; можно скрыть/исправить связь через безопасный preview.,Карточка эксперимента,"у каждого эксперимента должна быть отдельная сущность, а не просто заметка на полях.",7770,docs/source_of_truth/LifeOS_canon_v33.md
C11-016,Функция,C11,"ПРОГРЕСС, ПАТТЕРНЫ, ЭКСПЕРИМЕНТЫ И АДАПТАЦИЯ",Library / Obsidian Core,Library,/app/library,"PLAN_TBD_BY_ARTIFACT_AUDIT, PLAN_TBD_BY_ARTIFACT_AUDIT","Note, DailyNote, JournalEntry, KnowledgeItem, Tag, Space, Backlink, WikiLink",implement as product capability,"Можно писать заметку, связать [[wikilink]], увидеть backlinks/graph, сохранить/перезагрузить без потери.",Эксперимент из разных мест системы,"эксперимент должен рождаться не только из отдельного раздела, но и из риска, дневника или паттерна.",7776,docs/source_of_truth/LifeOS_canon_v33.md
C11-017,Функция,C11,"ПРОГРЕСС, ПАТТЕРНЫ, ЭКСПЕРИМЕНТЫ И АДАПТАЦИЯ",Data Control / Trust / Privacy,Control,/app/control,"PLAN_TBD_BY_ARTIFACT_AUDIT, PLAN_TBD_BY_ARTIFACT_AUDIT","Receipt, DataControlItem, AuditEvent, ExportJob, DeletePreview, PrivacyZone, PermissionGrant",implement as product capability,Любое изменение имеет receipt; destructive действия только preview + confirmation boundary.,Возврат результата эксперимента в систему,"итоги проверки должны менять дальнейшие правила, а не лежать мёртвым отчётом.",7782,docs/source_of_truth/LifeOS_canon_v33.md
C11-018,Качество,C11,"ПРОГРЕСС, ПАТТЕРНЫ, ЭКСПЕРИМЕНТЫ И АДАПТАЦИЯ",Kernel / OS Spine,Core / invisible OS spine,/app/system,PLAN_TBD_BY_ARTIFACT_AUDIT,"LifeObject, SourceRef, Receipt, AuditEvent, PolicyBoundary, GraphEdge",build as acceptance criterion,Все сущности имеют общий id/state/source/receipt/graph refs; ни одна секция не хранит отдельные fake arrays.,Рост через малые шаги,"прогресс должен строиться из небольших выполнимых движений, а не из героических рывков.",7788,docs/source_of_truth/LifeOS_canon_v33.md
C11-019,Качество,C11,"ПРОГРЕСС, ПАТТЕРНЫ, ЭКСПЕРИМЕНТЫ И АДАПТАЦИЯ",Life Domains / Wellbeing / Money / Family,Domains,/app/domains,PLAN_TBD_BY_ARTIFACT_AUDIT,"HealthSignal, Routine, Relationship, HomeItem, MoneyEvent, Trip, Meal, DomainPack",build as acceptance criterion,Домены не ломают ядро; каждый доменный объект — LifeObject с source/receipt/control/graph.,Сигналы прогресса опираются на факты,"полезный сигнал должен быть выведен из наблюдаемого события, а не из красивого тона системы.",7794,docs/source_of_truth/LifeOS_canon_v33.md
C11-020,Качество,C11,"ПРОГРЕСС, ПАТТЕРНЫ, ЭКСПЕРИМЕНТЫ И АДАПТАЦИЯ",Life Domains / Wellbeing / Money / Family,Domains,/app/domains,PLAN_TBD_BY_ARTIFACT_AUDIT,"HealthSignal, Routine, Relationship, HomeItem, MoneyEvent, Trip, Meal, DomainPack",build as acceptance criterion,Домены не ломают ядро; каждый доменный объект — LifeObject с source/receipt/control/graph.,Мотивация должна быть поддерживающей,"польза растёт там, где мотивация не унижает и не строится на долге.",7800,docs/source_of_truth/LifeOS_canon_v33.md
C11-021,Минус,C11,"ПРОГРЕСС, ПАТТЕРНЫ, ЭКСПЕРИМЕНТЫ И АДАПТАЦИЯ",Data Control / Trust / Privacy,Control,/app/control,"PLAN_TBD_BY_ARTIFACT_AUDIT, PLAN_TBD_BY_ARTIFACT_AUDIT","Receipt, DataControlItem, AuditEvent, ExportJob, DeletePreview, PrivacyZone, PermissionGrant",forbid / add regression guard,Любое изменение имеет receipt; destructive действия только preview + confirmation boundary.,Пустая похвала,похвала без реального основания быстро убивает доверие.,7806,docs/source_of_truth/LifeOS_canon_v33.md
C11-022,Минус,C11,"ПРОГРЕСС, ПАТТЕРНЫ, ЭКСПЕРИМЕНТЫ И АДАПТАЦИЯ",Today / Journal,Today,/app/today,"PLAN_TBD_BY_ARTIFACT_AUDIT, PLAN_TBD_BY_ARTIFACT_AUDIT","TodayPage, DailyReview, JournalEntry, NextAction, RecoveryPlan",forbid / add regression guard,Today читает реальные notes/tasks/calendar/source links и не генерирует отдельную несвязанную реальность.,Культ бесконечной серии,хрупкая серия делает любой пропуск катастрофой и мешает мягкому восстановлению.,7812,docs/source_of_truth/LifeOS_canon_v33.md
C11-023,Минус,C11,"ПРОГРЕСС, ПАТТЕРНЫ, ЭКСПЕРИМЕНТЫ И АДАПТАЦИЯ",Kernel / OS Spine,Core / invisible OS spine,/app/system,PLAN_TBD_BY_ARTIFACT_AUDIT,"LifeObject, SourceRef, Receipt, AuditEvent, PolicyBoundary, GraphEdge",forbid / add regression guard,Все сущности имеют общий id/state/source/receipt/graph refs; ни одна секция не хранит отдельные fake arrays.,Нечестная или пустая игровизация,"игровой слой вреден, когда очки живут сами по себе и не отражают реальный прогресс.",7818,docs/source_of_truth/LifeOS_canon_v33.md
C11-024,Минус,C11,"ПРОГРЕСС, ПАТТЕРНЫ, ЭКСПЕРИМЕНТЫ И АДАПТАЦИЯ",Providers / Local AI / Media / Screen,Providers,/app/providers,PLAN_TBD_BY_ARTIFACT_AUDIT,"ProviderBoundary, ModelProfile, MediaTranscriptJob, ScreenSession, DeviceSyncState",forbid / add regression guard,"Никаких fake cloud/model/screen/VPN success; только readiness, preview, explicit setup/approval.",Аналитика без следующего шага,"если система только показывает корреляции и сводки, она превращается в зеркало без руля.",7824,docs/source_of_truth/LifeOS_canon_v33.md
C11-025,Минус,C11,"ПРОГРЕСС, ПАТТЕРНЫ, ЭКСПЕРИМЕНТЫ И АДАПТАЦИЯ",LifeGraph / Entities,Graph,/app/graph,"PLAN_TBD_BY_ARTIFACT_AUDIT, PLAN_TBD_BY_ARTIFACT_AUDIT","GraphNode, GraphEdge, Entity, EntityCandidate, RelationshipReason",forbid / add regression guard,Graph edge имеет source/provenance/confidence; можно скрыть/исправить связь через безопасный preview.,Ложная причинность в прогресс-аналитике,опасно выдавать совпадение или слабую связь за доказанную причину.,7830,docs/source_of_truth/LifeOS_canon_v33.md
C11-026,Минус,C11,"ПРОГРЕСС, ПАТТЕРНЫ, ЭКСПЕРИМЕНТЫ И АДАПТАЦИЯ",Kernel / OS Spine,Core / invisible OS spine,/app/system,PLAN_TBD_BY_ARTIFACT_AUDIT,"LifeObject, SourceRef, Receipt, AuditEvent, PolicyBoundary, GraphEdge",forbid / add regression guard,Все сущности имеют общий id/state/source/receipt/graph refs; ни одна секция не хранит отдельные fake arrays.,Перегруз сигналами,"контур пользы ломается, когда вокруг человека слишком много флагов, индексов и правил одновременно.",7836,docs/source_of_truth/LifeOS_canon_v33.md
C11-027,Функция,C11,"ПРОГРЕСС, ПАТТЕРНЫ, ЭКСПЕРИМЕНТЫ И АДАПТАЦИЯ",Planner / Tasks / Calendar / Focus,Plan,/app/plan,PLAN_TBD_BY_ARTIFACT_AUDIT,"Task, Project, CalendarBlock, PlannerBlock, FocusSession, WeekPlan",implement as product capability,"Task можно создать из source/note/chat, поставить в календарный блок, увидеть связь и receipt.",Общая цель периода,"системе нужна отдельная цель периода, чтобы день не отрывался от длинной траектории.",7842,docs/source_of_truth/LifeOS_canon_v33.md
C11-028,Функция,C11,"ПРОГРЕСС, ПАТТЕРНЫ, ЭКСПЕРИМЕНТЫ И АДАПТАЦИЯ",Kernel / OS Spine,Core / invisible OS spine,/app/system,PLAN_TBD_BY_ARTIFACT_AUDIT,"LifeObject, SourceRef, Receipt, AuditEvent, PolicyBoundary, GraphEdge",implement as product capability,Все сущности имеют общий id/state/source/receipt/graph refs; ни одна секция не хранит отдельные fake arrays.,Цели по сферам,кроме общей цели нужны отдельные цели по жизненным сферам.,7848,docs/source_of_truth/LifeOS_canon_v33.md
C11-029,Функция,C11,"ПРОГРЕСС, ПАТТЕРНЫ, ЭКСПЕРИМЕНТЫ И АДАПТАЦИЯ",Providers / Local AI / Media / Screen,Providers,/app/providers,PLAN_TBD_BY_ARTIFACT_AUDIT,"ProviderBoundary, ModelProfile, MediaTranscriptJob, ScreenSession, DeviceSyncState",implement as product capability,"Никаких fake cloud/model/screen/VPN success; только readiness, preview, explicit setup/approval.",Сферы жизни как отдельный контур,"сферы должны жить как явная модель жизни, а не как случайные метки.",7854,docs/source_of_truth/LifeOS_canon_v33.md
C11-030,Функция,C11,"ПРОГРЕСС, ПАТТЕРНЫ, ЭКСПЕРИМЕНТЫ И АДАПТАЦИЯ",Kernel / OS Spine,Core / invisible OS spine,/app/system,PLAN_TBD_BY_ARTIFACT_AUDIT,"LifeObject, SourceRef, Receipt, AuditEvent, PolicyBoundary, GraphEdge",implement as product capability,Все сущности имеют общий id/state/source/receipt/graph refs; ни одна секция не хранит отдельные fake arrays.,Типы метрик,"система должна понимать разные формы измерения, а не только одно число на всё.",7860,docs/source_of_truth/LifeOS_canon_v33.md
C11-031,Функция,C11,"ПРОГРЕСС, ПАТТЕРНЫ, ЭКСПЕРИМЕНТЫ И АДАПТАЦИЯ",Life Domains / Wellbeing / Money / Family,Domains,/app/domains,PLAN_TBD_BY_ARTIFACT_AUDIT,"HealthSignal, Routine, Relationship, HomeItem, MoneyEvent, Trip, Meal, DomainPack",implement as product capability,Домены не ломают ядро; каждый доменный объект — LifeObject с source/receipt/control/graph.,Единицы измерения метрик,"у метрик должны быть явные единицы, чтобы не терялся смысл измерения.",7866,docs/source_of_truth/LifeOS_canon_v33.md
C11-032,Функция,C11,"ПРОГРЕСС, ПАТТЕРНЫ, ЭКСПЕРИМЕНТЫ И АДАПТАЦИЯ",Capture / Inbox,Inbox,/app/inbox,PLAN_TBD_BY_ARTIFACT_AUDIT,"Source, SourcePacket, Attachment, ImportJob, CaptureDraft",implement as product capability,"Любой ввод сохраняется локально, получает provenance, receipt, Data Control item и graph edge.",Автораспознавание типа метрики,система может сама предполагать тип метрики по смыслу входящего сигнала.,7872,docs/source_of_truth/LifeOS_canon_v33.md
C11-033,Функция,C11,"ПРОГРЕСС, ПАТТЕРНЫ, ЭКСПЕРИМЕНТЫ И АДАПТАЦИЯ",Data Control / Trust / Privacy,Control,/app/control,"PLAN_TBD_BY_ARTIFACT_AUDIT, PLAN_TBD_BY_ARTIFACT_AUDIT","Receipt, DataControlItem, AuditEvent, ExportJob, DeletePreview, PrivacyZone, PermissionGrant",implement as product capability,Любое изменение имеет receipt; destructive действия только preview + confirmation boundary.,Ручная правка метрики,"человек может в любой момент исправить тип, единицу, диапазон и категорию метрики.",7878,docs/source_of_truth/LifeOS_canon_v33.md
C11-034,Функция,C11,"ПРОГРЕСС, ПАТТЕРНЫ, ЭКСПЕРИМЕНТЫ И АДАПТАЦИЯ",Kernel / OS Spine,Core / invisible OS spine,/app/system,PLAN_TBD_BY_ARTIFACT_AUDIT,"LifeObject, SourceRef, Receipt, AuditEvent, PolicyBoundary, GraphEdge",implement as product capability,Все сущности имеют общий id/state/source/receipt/graph refs; ни одна секция не хранит отдельные fake arrays.,Колесо баланса,"общий баланс жизни должен иметь отдельную визуальную форму, а не тонуть в списках.",7884,docs/source_of_truth/LifeOS_canon_v33.md
C11-035,Функция,C11,"ПРОГРЕСС, ПАТТЕРНЫ, ЭКСПЕРИМЕНТЫ И АДАПТАЦИЯ",Kernel / OS Spine,Core / invisible OS spine,/app/system,PLAN_TBD_BY_ARTIFACT_AUDIT,"LifeObject, SourceRef, Receipt, AuditEvent, PolicyBoundary, GraphEdge",implement as product capability,Все сущности имеют общий id/state/source/receipt/graph refs; ни одна секция не хранит отдельные fake arrays.,Балл сферы,по каждой сфере нужен короткий балл состояния.,7890,docs/source_of_truth/LifeOS_canon_v33.md
C11-036,Функция,C11,"ПРОГРЕСС, ПАТТЕРНЫ, ЭКСПЕРИМЕНТЫ И АДАПТАЦИЯ",LifeGraph / Entities,Graph,/app/graph,"PLAN_TBD_BY_ARTIFACT_AUDIT, PLAN_TBD_BY_ARTIFACT_AUDIT","GraphNode, GraphEdge, Entity, EntityCandidate, RelationshipReason",implement as product capability,Graph edge имеет source/provenance/confidence; можно скрыть/исправить связь через безопасный preview.,Графики прогресса,"длинное движение должно быть видно не только словами, но и в обзорных графиках.",7896,docs/source_of_truth/LifeOS_canon_v33.md
C11-037,Функция,C11,"ПРОГРЕСС, ПАТТЕРНЫ, ЭКСПЕРИМЕНТЫ И АДАПТАЦИЯ",Packs / Builder / Marketplace,Packs,/app/packs,PLAN_TBD_BY_ARTIFACT_AUDIT,"PackManifest, CustomObjectType, Template, BuilderBlock, InstallImpact",implement as product capability,"Install/uninstall только local-first с impact screen, permission list, rollback receipt; payments/publish gated.","Метрики как вход для ревью, экспериментов и пакетов","метрики должны не просто храниться, а кормить управленческие слои.",7902,docs/source_of_truth/LifeOS_canon_v33.md
C11-038,Функция,C11,"ПРОГРЕСС, ПАТТЕРНЫ, ЭКСПЕРИМЕНТЫ И АДАПТАЦИЯ",Packs / Builder / Marketplace,Packs,/app/packs,PLAN_TBD_BY_ARTIFACT_AUDIT,"PackManifest, CustomObjectType, Template, BuilderBlock, InstallImpact",implement as product capability,"Install/uninstall только local-first с impact screen, permission list, rollback receipt; payments/publish gated.",Каталог сильных пакетов,"продукту нужен короткий каталог понятных пакетов, а не бесконечная россыпь маршрутов.",7908,docs/source_of_truth/LifeOS_canon_v33.md
C11-039,Функция,C11,"ПРОГРЕСС, ПАТТЕРНЫ, ЭКСПЕРИМЕНТЫ И АДАПТАЦИЯ",Packs / Builder / Marketplace,Packs,/app/packs,PLAN_TBD_BY_ARTIFACT_AUDIT,"PackManifest, CustomObjectType, Template, BuilderBlock, InstallImpact",implement as product capability,"Install/uninstall только local-first с impact screen, permission list, rollback receipt; payments/publish gated.",Реальный запуск пакета,"пакет должен не просто существовать в каталоге, а запускаться как живой маршрут.",7914,docs/source_of_truth/LifeOS_canon_v33.md
C11-040,Функция,C11,"ПРОГРЕСС, ПАТТЕРНЫ, ЭКСПЕРИМЕНТЫ И АДАПТАЦИЯ",Packs / Builder / Marketplace,Packs,/app/packs,PLAN_TBD_BY_ARTIFACT_AUDIT,"PackManifest, CustomObjectType, Template, BuilderBlock, InstallImpact",implement as product capability,"Install/uninstall только local-first с impact screen, permission list, rollback receipt; payments/publish gated.",Пакет сброса как отдельный тип,"режим сброса должен существовать не как обычный пакет с другим названием, а как особый тип.",7920,docs/source_of_truth/LifeOS_canon_v33.md
C11-041,Функция,C11,"ПРОГРЕСС, ПАТТЕРНЫ, ЭКСПЕРИМЕНТЫ И АДАПТАЦИЯ",Kernel / OS Spine,Core / invisible OS spine,/app/system,PLAN_TBD_BY_ARTIFACT_AUDIT,"LifeObject, SourceRef, Receipt, AuditEvent, PolicyBoundary, GraphEdge",implement as product capability,Все сущности имеют общий id/state/source/receipt/graph refs; ни одна секция не хранит отдельные fake arrays.,Библиотека состояний,повторяющиеся состояния человека должны жить как отдельный словарь системы.,7926,docs/source_of_truth/LifeOS_canon_v33.md
C11-042,Функция,C11,"ПРОГРЕСС, ПАТТЕРНЫ, ЭКСПЕРИМЕНТЫ И АДАПТАЦИЯ",Life Domains / Wellbeing / Money / Family,Domains,/app/domains,PLAN_TBD_BY_ARTIFACT_AUDIT,"HealthSignal, Routine, Relationship, HomeItem, MoneyEvent, Trip, Meal, DomainPack",implement as product capability,Домены не ломают ядро; каждый доменный объект — LifeObject с source/receipt/control/graph.,Библиотека активностей,"полезные действия должны быть отдельным слоем, а не каждый раз придумываемым заново.",7932,docs/source_of_truth/LifeOS_canon_v33.md
C11-043,Функция,C11,"ПРОГРЕСС, ПАТТЕРНЫ, ЭКСПЕРИМЕНТЫ И АДАПТАЦИЯ",Kernel / OS Spine,Core / invisible OS spine,/app/system,PLAN_TBD_BY_ARTIFACT_AUDIT,"LifeObject, SourceRef, Receipt, AuditEvent, PolicyBoundary, GraphEdge",implement as product capability,Все сущности имеют общий id/state/source/receipt/graph refs; ни одна секция не хранит отдельные fake arrays.,Карта «состояние → действие»,"система должна знать, какие действия обычно уместны в каком состоянии.",7938,docs/source_of_truth/LifeOS_canon_v33.md
C11-044,Функция,C11,"ПРОГРЕСС, ПАТТЕРНЫ, ЭКСПЕРИМЕНТЫ И АДАПТАЦИЯ",Packs / Builder / Marketplace,Packs,/app/packs,PLAN_TBD_BY_ARTIFACT_AUDIT,"PackManifest, CustomObjectType, Template, BuilderBlock, InstallImpact",implement as product capability,"Install/uninstall только local-first с impact screen, permission list, rollback receipt; payments/publish gated.",Рекомендация пакета по состоянию и риску,"пакет должен рекомендоваться не случайно, а по объяснимым сигналам.",7944,docs/source_of_truth/LifeOS_canon_v33.md
C11-045,Функция,C11,"ПРОГРЕСС, ПАТТЕРНЫ, ЭКСПЕРИМЕНТЫ И АДАПТАЦИЯ",Providers / Local AI / Media / Screen,Providers,/app/providers,PLAN_TBD_BY_ARTIFACT_AUDIT,"ProviderBoundary, ModelProfile, MediaTranscriptJob, ScreenSession, DeviceSyncState",implement as product capability,"Никаких fake cloud/model/screen/VPN success; только readiness, preview, explicit setup/approval.",Экран прохождения пакета,"у пакета нужен свой экран с текущей фазой, короткими шагами и проверками.",7950,docs/source_of_truth/LifeOS_canon_v33.md
C11-046,Функция,C11,"ПРОГРЕСС, ПАТТЕРНЫ, ЭКСПЕРИМЕНТЫ И АДАПТАЦИЯ",Packs / Builder / Marketplace,Packs,/app/packs,PLAN_TBD_BY_ARTIFACT_AUDIT,"PackManifest, CustomObjectType, Template, BuilderBlock, InstallImpact",implement as product capability,"Install/uninstall только local-first с impact screen, permission list, rollback receipt; payments/publish gated.",Проверки пакета,пакет должен иметь свои короткие контрольные точки.,7956,docs/source_of_truth/LifeOS_canon_v33.md
C11-047,Функция,C11,"ПРОГРЕСС, ПАТТЕРНЫ, ЭКСПЕРИМЕНТЫ И АДАПТАЦИЯ",Packs / Builder / Marketplace,Packs,/app/packs,PLAN_TBD_BY_ARTIFACT_AUDIT,"PackManifest, CustomObjectType, Template, BuilderBlock, InstallImpact",implement as product capability,"Install/uninstall только local-first с impact screen, permission list, rollback receipt; payments/publish gated.",Продление пакета,"полезный пакет можно продлить, если контур ещё не завершился.",7962,docs/source_of_truth/LifeOS_canon_v33.md
C11-048,Функция,C11,"ПРОГРЕСС, ПАТТЕРНЫ, ЭКСПЕРИМЕНТЫ И АДАПТАЦИЯ",Packs / Builder / Marketplace,Packs,/app/packs,PLAN_TBD_BY_ARTIFACT_AUDIT,"PackManifest, CustomObjectType, Template, BuilderBlock, InstallImpact",implement as product capability,"Install/uninstall только local-first с impact screen, permission list, rollback receipt; payments/publish gated.",Облегчение пакета,"пакет можно упростить, если он оказался слишком тяжёлым.",7968,docs/source_of_truth/LifeOS_canon_v33.md
C11-049,Функция,C11,"ПРОГРЕСС, ПАТТЕРНЫ, ЭКСПЕРИМЕНТЫ И АДАПТАЦИЯ",Packs / Builder / Marketplace,Packs,/app/packs,PLAN_TBD_BY_ARTIFACT_AUDIT,"PackManifest, CustomObjectType, Template, BuilderBlock, InstallImpact",implement as product capability,"Install/uninstall только local-first с impact screen, permission list, rollback receipt; payments/publish gated.",Остановка пакета,пакет можно корректно остановить без хвоста и без чувства провала.,7974,docs/source_of_truth/LifeOS_canon_v33.md
C11-050,Функция,C11,"ПРОГРЕСС, ПАТТЕРНЫ, ЭКСПЕРИМЕНТЫ И АДАПТАЦИЯ",Packs / Builder / Marketplace,Packs,/app/packs,PLAN_TBD_BY_ARTIFACT_AUDIT,"PackManifest, CustomObjectType, Template, BuilderBlock, InstallImpact",implement as product capability,"Install/uninstall только local-first с impact screen, permission list, rollback receipt; payments/publish gated.",Итог пакета с записью в журнал и метрики,"после завершения пакет должен оставлять не только воспоминание, но и управленческий след.",7980,docs/source_of_truth/LifeOS_canon_v33.md
C11-051,Функция,C11,"ПРОГРЕСС, ПАТТЕРНЫ, ЭКСПЕРИМЕНТЫ И АДАПТАЦИЯ",Packs / Builder / Marketplace,Packs,/app/packs,PLAN_TBD_BY_ARTIFACT_AUDIT,"PackManifest, CustomObjectType, Template, BuilderBlock, InstallImpact",implement as product capability,"Install/uninstall только local-first с impact screen, permission list, rollback receipt; payments/publish gated.",Переход пакета в план дня,"шаг пакета должен попадать в реальный день, а не висеть отдельным красивым объектом.",7986,docs/source_of_truth/LifeOS_canon_v33.md
C11-052,Функция,C11,"ПРОГРЕСС, ПАТТЕРНЫ, ЭКСПЕРИМЕНТЫ И АДАПТАЦИЯ",Providers / Local AI / Media / Screen,Providers,/app/providers,PLAN_TBD_BY_ARTIFACT_AUDIT,"ProviderBoundary, ModelProfile, MediaTranscriptJob, ScreenSession, DeviceSyncState",implement as product capability,"Никаких fake cloud/model/screen/VPN success; только readiness, preview, explicit setup/approval.",Спокойный экран пути сброса,"путь сброса должен быть очень коротким, ясным и нестыдящим.",7992,docs/source_of_truth/LifeOS_canon_v33.md
C11-053,Функция,C11,"ПРОГРЕСС, ПАТТЕРНЫ, ЭКСПЕРИМЕНТЫ И АДАПТАЦИЯ",Planner / Tasks / Calendar / Focus,Plan,/app/plan,PLAN_TBD_BY_ARTIFACT_AUDIT,"Task, Project, CalendarBlock, PlannerBlock, FocusSession, WeekPlan",implement as product capability,"Task можно создать из source/note/chat, поставить в календарный блок, увидеть связь и receipt.",Трекер привычек,"устойчивое поведение должно жить как отдельный управляемый слой, а не растворяться в задачах.",7998,docs/source_of_truth/LifeOS_canon_v33.md
C11-054,Функция,C11,"ПРОГРЕСС, ПАТТЕРНЫ, ЭКСПЕРИМЕНТЫ И АДАПТАЦИЯ",Kernel / OS Spine,Core / invisible OS spine,/app/system,PLAN_TBD_BY_ARTIFACT_AUDIT,"LifeObject, SourceRef, Receipt, AuditEvent, PolicyBoundary, GraphEdge",implement as product capability,Все сущности имеют общий id/state/source/receipt/graph refs; ни одна секция не хранит отдельные fake arrays.,Типы привычек,"привычки бывают не только бинарными, поэтому системе нужны разные формы успеха.",8004,docs/source_of_truth/LifeOS_canon_v33.md
C11-055,Функция,C11,"ПРОГРЕСС, ПАТТЕРНЫ, ЭКСПЕРИМЕНТЫ И АДАПТАЦИЯ",Chat / Communication,Chat,/app/chat,PLAN_TBD_BY_ARTIFACT_AUDIT,"ChatThread, ChatMessage, MeetingNote, Contact, ConversationContext",implement as product capability,Сообщение можно превратить в note/task/proposal; внешняя отправка заблокирована без provider/approval.,Авто-логирование привычек,"часть привычек должна отмечаться без ручной галочки, если на это есть надёжный сигнал.",8010,docs/source_of_truth/LifeOS_canon_v33.md
C11-056,Функция,C11,"ПРОГРЕСС, ПАТТЕРНЫ, ЭКСПЕРИМЕНТЫ И АДАПТАЦИЯ",LifeGraph / Entities,Graph,/app/graph,"PLAN_TBD_BY_ARTIFACT_AUDIT, PLAN_TBD_BY_ARTIFACT_AUDIT","GraphNode, GraphEdge, Entity, EntityCandidate, RelationshipReason",implement as product capability,Graph edge имеет source/provenance/confidence; можно скрыть/исправить связь через безопасный preview.,Привычки-связки с метриками и состоянием,"привычка должна уметь опираться на фактические сигналы, а не только на самоотчёт.",8016,docs/source_of_truth/LifeOS_canon_v33.md
C11-057,Функция,C11,"ПРОГРЕСС, ПАТТЕРНЫ, ЭКСПЕРИМЕНТЫ И АДАПТАЦИЯ",Providers / Local AI / Media / Screen,Providers,/app/providers,PLAN_TBD_BY_ARTIFACT_AUDIT,"ProviderBoundary, ModelProfile, MediaTranscriptJob, ScreenSession, DeviceSyncState",implement as product capability,"Никаких fake cloud/model/screen/VPN success; только readiness, preview, explicit setup/approval.",Категории привычек по сферам,"привычки важно раскладывать по жизненным сферам, чтобы видеть перекос.",8022,docs/source_of_truth/LifeOS_canon_v33.md
C11-058,Функция,C11,"ПРОГРЕСС, ПАТТЕРНЫ, ЭКСПЕРИМЕНТЫ И АДАПТАЦИЯ",Packs / Builder / Marketplace,Packs,/app/packs,PLAN_TBD_BY_ARTIFACT_AUDIT,"PackManifest, CustomObjectType, Template, BuilderBlock, InstallImpact",implement as product capability,"Install/uninstall только local-first с impact screen, permission list, rollback receipt; payments/publish gated.",Каталог идей привычек,"человеку нужен не пустой конструктор, а набор готовых идей для внедрения.",8028,docs/source_of_truth/LifeOS_canon_v33.md
C11-059,Функция,C11,"ПРОГРЕСС, ПАТТЕРНЫ, ЭКСПЕРИМЕНТЫ И АДАПТАЦИЯ",Life Domains / Wellbeing / Money / Family,Domains,/app/domains,PLAN_TBD_BY_ARTIFACT_AUDIT,"HealthSignal, Routine, Relationship, HomeItem, MoneyEvent, Trip, Meal, DomainPack",implement as product capability,Домены не ломают ядро; каждый доменный объект — LifeObject с source/receipt/control/graph.,Ограничение числа активных привычек,"одновременно активных привычек не должно быть слишком много, иначе слой роста сам создаёт перегруз.",8034,docs/source_of_truth/LifeOS_canon_v33.md
C11-060,Функция,C11,"ПРОГРЕСС, ПАТТЕРНЫ, ЭКСПЕРИМЕНТЫ И АДАПТАЦИЯ",Kernel / OS Spine,Core / invisible OS spine,/app/system,PLAN_TBD_BY_ARTIFACT_AUDIT,"LifeObject, SourceRef, Receipt, AuditEvent, PolicyBoundary, GraphEdge",implement as product capability,Все сущности имеют общий id/state/source/receipt/graph refs; ни одна секция не хранит отдельные fake arrays.,Якоря шкалы состояния и метрик,"шкалы должны иметь понятные опоры, иначе сравнение во времени превращается в шум.",8041,docs/source_of_truth/LifeOS_canon_v33.md
C11-061,Функция,C11,"ПРОГРЕСС, ПАТТЕРНЫ, ЭКСПЕРИМЕНТЫ И АДАПТАЦИЯ",Life Domains / Wellbeing / Money / Family,Domains,/app/domains,PLAN_TBD_BY_ARTIFACT_AUDIT,"HealthSignal, Routine, Relationship, HomeItem, MoneyEvent, Trip, Meal, DomainPack",implement as product capability,Домены не ломают ядро; каждый доменный объект — LifeObject с source/receipt/control/graph.,Объяснимый балл сферы,"балл сферы должен быть не чёрным ящиком, а коротко объяснимым результатом нескольких сигналов.",8047,docs/source_of_truth/LifeOS_canon_v33.md
C11-062,Функция,C11,"ПРОГРЕСС, ПАТТЕРНЫ, ЭКСПЕРИМЕНТЫ И АДАПТАЦИЯ",LifeGraph / Entities,Graph,/app/graph,"PLAN_TBD_BY_ARTIFACT_AUDIT, PLAN_TBD_BY_ARTIFACT_AUDIT","GraphNode, GraphEdge, Entity, EntityCandidate, RelationshipReason",implement as product capability,Graph edge имеет source/provenance/confidence; можно скрыть/исправить связь через безопасный preview.,Один лучший рычаг по сфере,кроме графика и балла система должна показывать один самый полезный рычаг изменения.,8053,docs/source_of_truth/LifeOS_canon_v33.md
C11-063,Функция,C11,"ПРОГРЕСС, ПАТТЕРНЫ, ЭКСПЕРИМЕНТЫ И АДАПТАЦИЯ",Agents / Workflows,Agents,/app/agents,PLAN_TBD_BY_ARTIFACT_AUDIT,"AgentManifest, ToolScope, WorkflowManifest, WorkflowRunPreview, ActionProposal",implement as product capability,Агент ничего не отправляет/не удаляет/не публикует без явного approval; dry-run даёт receipt и proposal.,Анти-привычки,"системе нужен слой не только желаемых действий, но и повторяющихся нежелательных паттернов.",8059,docs/source_of_truth/LifeOS_canon_v33.md
C11-064,Функция,C11,"ПРОГРЕСС, ПАТТЕРНЫ, ЭКСПЕРИМЕНТЫ И АДАПТАЦИЯ",Today / Journal,Today,/app/today,"PLAN_TBD_BY_ARTIFACT_AUDIT, PLAN_TBD_BY_ARTIFACT_AUDIT","TodayPage, DailyReview, JournalEntry, NextAction, RecoveryPlan",implement as product capability,Today читает реальные notes/tasks/calendar/source links и не генерирует отдельную несвязанную реальность.,Еженедельный обзор системы,"кроме личной рефлексии нужен отдельный обзор того, как держится сама жизненная система.",8065,docs/source_of_truth/LifeOS_canon_v33.md
C11-065,Функция,C11,"ПРОГРЕСС, ПАТТЕРНЫ, ЭКСПЕРИМЕНТЫ И АДАПТАЦИЯ",Today / Journal,Today,/app/today,"PLAN_TBD_BY_ARTIFACT_AUDIT, PLAN_TBD_BY_ARTIFACT_AUDIT","TodayPage, DailyReview, JournalEntry, NextAction, RecoveryPlan",implement as product capability,Today читает реальные notes/tasks/calendar/source links и не генерирует отдельную несвязанную реальность.,Ежемесячный анализ,"системе нужен более крупный цикл обзора, чем просто неделя.",8071,docs/source_of_truth/LifeOS_canon_v33.md
C11-066,Функция,C11,"ПРОГРЕСС, ПАТТЕРНЫ, ЭКСПЕРИМЕНТЫ И АДАПТАЦИЯ",Planner / Tasks / Calendar / Focus,Plan,/app/plan,PLAN_TBD_BY_ARTIFACT_AUDIT,"Task, Project, CalendarBlock, PlannerBlock, FocusSession, WeekPlan",implement as product capability,"Task можно создать из source/note/chat, поставить в календарный блок, увидеть связь и receipt.",Стресс-тест цели,крупную цель полезно проверять на реалистичность и цену для системы жизни.,8077,docs/source_of_truth/LifeOS_canon_v33.md
C11-067,Функция,C11,"ПРОГРЕСС, ПАТТЕРНЫ, ЭКСПЕРИМЕНТЫ И АДАПТАЦИЯ",Kernel / OS Spine,Core / invisible OS spine,/app/system,PLAN_TBD_BY_ARTIFACT_AUDIT,"LifeObject, SourceRef, Receipt, AuditEvent, PolicyBoundary, GraphEdge",implement as product capability,Все сущности имеют общий id/state/source/receipt/graph refs; ни одна секция не хранит отдельные fake arrays.,Жёсткие рельсы цели с добровольной денежной ставкой,для части людей может существовать отдельный более жёсткий режим цели с денежным обязательством.,8083,docs/source_of_truth/LifeOS_canon_v33.md
C11-068,Функция,C11,"ПРОГРЕСС, ПАТТЕРНЫ, ЭКСПЕРИМЕНТЫ И АДАПТАЦИЯ",Kernel / OS Spine,Core / invisible OS spine,/app/system,PLAN_TBD_BY_ARTIFACT_AUDIT,"LifeObject, SourceRef, Receipt, AuditEvent, PolicyBoundary, GraphEdge",implement as product capability,Все сущности имеют общий id/state/source/receipt/graph refs; ни одна секция не хранит отдельные fake arrays.,Игровой слой наград как опциональная оболочка,"игра, спутник, квесты и косметические награды могут усиливать удержание, но только как добровольная надстройка.",8090,docs/source_of_truth/LifeOS_canon_v33.md
C11-069,Функция,C11,"ПРОГРЕСС, ПАТТЕРНЫ, ЭКСПЕРИМЕНТЫ И АДАПТАЦИЯ",Kernel / OS Spine,Core / invisible OS spine,/app/system,PLAN_TBD_BY_ARTIFACT_AUDIT,"LifeObject, SourceRef, Receipt, AuditEvent, PolicyBoundary, GraphEdge",implement as product capability,Все сущности имеют общий id/state/source/receipt/graph refs; ни одна секция не хранит отдельные fake arrays.,Повторяющаяся сетка привычек,"слой консистентности должен уметь жить как простая повторяющаяся сетка, а не только как список карточек.",8097,docs/source_of_truth/LifeOS_canon_v33.md
C11-070,Минус,C11,"ПРОГРЕСС, ПАТТЕРНЫ, ЭКСПЕРИМЕНТЫ И АДАПТАЦИЯ",Providers / Local AI / Media / Screen,Providers,/app/providers,PLAN_TBD_BY_ARTIFACT_AUDIT,"ProviderBoundary, ModelProfile, MediaTranscriptJob, ScreenSession, DeviceSyncState",forbid / add regression guard,"Никаких fake cloud/model/screen/VPN success; только readiness, preview, explicit setup/approval.",Шаблонные и повторяющиеся советы искусственного интеллекта,"если ИИ говорит банальностями и повторяет одни и те же очевидности, он быстро перестаёт ощущаться полезным.",8103,docs/source_of_truth/LifeOS_canon_v33.md
C11-071,Минус,C11,"ПРОГРЕСС, ПАТТЕРНЫ, ЭКСПЕРИМЕНТЫ И АДАПТАЦИЯ",Kernel / OS Spine,Core / invisible OS spine,/app/system,PLAN_TBD_BY_ARTIFACT_AUDIT,"LifeObject, SourceRef, Receipt, AuditEvent, PolicyBoundary, GraphEdge",forbid / add regression guard,Все сущности имеют общий id/state/source/receipt/graph refs; ни одна секция не хранит отдельные fake arrays.,Усталость от тотального трекинга,"чрезмерное измерение жизни может само становиться источником тревоги, вины и психологического давления.",8109,docs/source_of_truth/LifeOS_canon_v33.md
C11-072,Функция,C11,"ПРОГРЕСС, ПАТТЕРНЫ, ЭКСПЕРИМЕНТЫ И АДАПТАЦИЯ",Kernel / OS Spine,Core / invisible OS spine,/app/system,PLAN_TBD_BY_ARTIFACT_AUDIT,"LifeObject, SourceRef, Receipt, AuditEvent, PolicyBoundary, GraphEdge",implement as product capability,Все сущности имеют общий id/state/source/receipt/graph refs; ни одна секция не хранит отдельные fake arrays.,Индекс силы привычки,"кроме устойчивости возврата полезно видеть, насколько привычка вообще стала сильной и самоподдерживающейся.",8115,docs/source_of_truth/LifeOS_canon_v33.md
C11-073,Функция,C11,"ПРОГРЕСС, ПАТТЕРНЫ, ЭКСПЕРИМЕНТЫ И АДАПТАЦИЯ",Kernel / OS Spine,Core / invisible OS spine,/app/system,PLAN_TBD_BY_ARTIFACT_AUDIT,"LifeObject, SourceRef, Receipt, AuditEvent, PolicyBoundary, GraphEdge",implement as product capability,Все сущности имеют общий id/state/source/receipt/graph refs; ни одна секция не хранит отдельные fake arrays.,Ограниченный слой точечных своевременных вмешательств,"система должна иногда вмешиваться в точке риска, но только редко, уместно и объяснимо.",8121,docs/source_of_truth/LifeOS_canon_v33.md
C11-074,Функция,C11,"ПРОГРЕСС, ПАТТЕРНЫ, ЭКСПЕРИМЕНТЫ И АДАПТАЦИЯ",LifeGraph / Entities,Graph,/app/graph,"PLAN_TBD_BY_ARTIFACT_AUDIT, PLAN_TBD_BY_ARTIFACT_AUDIT","GraphNode, GraphEdge, Entity, EntityCandidate, RelationshipReason",implement as product capability,Graph edge имеет source/provenance/confidence; можно скрыть/исправить связь через безопасный preview.,"Сверхлёгкая связка привычек, дел и прогресса дня","маленький личный режим должен уметь держать привычки, текущие дела и короткий след прогресса в одном потоке.",8127,docs/source_of_truth/LifeOS_canon_v33.md
C11-075,Функция,C11,"ПРОГРЕСС, ПАТТЕРНЫ, ЭКСПЕРИМЕНТЫ И АДАПТАЦИЯ",Planner / Tasks / Calendar / Focus,Plan,/app/plan,PLAN_TBD_BY_ARTIFACT_AUDIT,"Task, Project, CalendarBlock, PlannerBlock, FocusSession, WeekPlan",implement as product capability,"Task можно создать из source/note/chat, поставить в календарный блок, увидеть связь и receipt.","Прогресс по чтению, прослушиванию и курсам","система должна учитывать не только задачи, но и движение в книге, курсе, уроках, практике и медиа.",8137,docs/source_of_truth/LifeOS_canon_v33.md
C11-076,Функция,C11,"ПРОГРЕСС, ПАТТЕРНЫ, ЭКСПЕРИМЕНТЫ И АДАПТАЦИЯ",Life Domains / Wellbeing / Money / Family,Domains,/app/domains,PLAN_TBD_BY_ARTIFACT_AUDIT,"HealthSignal, Routine, Relationship, HomeItem, MoneyEvent, Trip, Meal, DomainPack",implement as product capability,Домены не ломают ядро; каждый доменный объект — LifeObject с source/receipt/control/graph.,Фактическое посещение события и послесобытийная оценка,"участие в встрече должно заканчиваться не только фактом календаря, а статусом посетил, отзывом и полезностью.",8143,docs/source_of_truth/LifeOS_canon_v33.md
C11-077,Функция,C11,"ПРОГРЕСС, ПАТТЕРНЫ, ЭКСПЕРИМЕНТЫ И АДАПТАЦИЯ",Planner / Tasks / Calendar / Focus,Plan,/app/plan,PLAN_TBD_BY_ARTIFACT_AUDIT,"Task, Project, CalendarBlock, PlannerBlock, FocusSession, WeekPlan",implement as product capability,"Task можно создать из source/note/chat, поставить в календарный блок, увидеть связь и receipt.","Детектор ценности по книгам, курсам и активностям","система должна видеть, какие форматы реально помогают, а какие съедают время без эффекта.",8149,docs/source_of_truth/LifeOS_canon_v33.md
C11-078,Функция,C11,"ПРОГРЕСС, ПАТТЕРНЫ, ЭКСПЕРИМЕНТЫ И АДАПТАЦИЯ",Providers / Local AI / Media / Screen,Providers,/app/providers,PLAN_TBD_BY_ARTIFACT_AUDIT,"ProviderBoundary, ModelProfile, MediaTranscriptJob, ScreenSession, DeviceSyncState",implement as product capability,"Никаких fake cloud/model/screen/VPN success; только readiness, preview, explicit setup/approval.","Эксперименты по музыке, еде, режиму и среде","экспериментный движок должен покрывать не только привычки, но и аудио, питание, время дня, формат обучения и социальные активности.",8155,docs/source_of_truth/LifeOS_canon_v33.md
C11-079,Функция,C11,"ПРОГРЕСС, ПАТТЕРНЫ, ЭКСПЕРИМЕНТЫ И АДАПТАЦИЯ",Kernel / OS Spine,Core / invisible OS spine,/app/system,PLAN_TBD_BY_ARTIFACT_AUDIT,"LifeObject, SourceRef, Receipt, AuditEvent, PolicyBoundary, GraphEdge",implement as product capability,Все сущности имеют общий id/state/source/receipt/graph refs; ни одна секция не хранит отдельные fake arrays.,"Рейтинг и обратная связь по курсам, событиям и объектам публикации","публикуемые объекты должны накапливать сигналы качества, а не жить как немые карточки.",8161,docs/source_of_truth/LifeOS_canon_v33.md
C11-080,Качество,C11,"ПРОГРЕСС, ПАТТЕРНЫ, ЭКСПЕРИМЕНТЫ И АДАПТАЦИЯ",LifeGraph / Entities,Graph,/app/graph,"PLAN_TBD_BY_ARTIFACT_AUDIT, PLAN_TBD_BY_ARTIFACT_AUDIT","GraphNode, GraphEdge, Entity, EntityCandidate, RelationshipReason",build as acceptance criterion,Graph edge имеет source/provenance/confidence; можно скрыть/исправить связь через безопасный preview.,"Прогресс строится на прожитом опыте, а не только на галочках","ценность должна считаться по факту прожитого материала, посещений, обратной связи и эффекта, а не только по отметке выполнено.",8167,docs/source_of_truth/LifeOS_canon_v33.md
C12-001,Функция,C12,ЛИЧНЫЙ ДНЕВНИК И РЕФЛЕКСИЯ,Library / Obsidian Core,Library,/app/library,"PLAN_TBD_BY_ARTIFACT_AUDIT, PLAN_TBD_BY_ARTIFACT_AUDIT","Note, DailyNote, JournalEntry, KnowledgeItem, Tag, Space, Backlink, WikiLink",implement as product capability,"Можно писать заметку, связать [[wikilink]], увидеть backlinks/graph, сохранить/перезагрузить без потери.",Тихий приватный дневник,личный дневниковый слой должен ощущаться отдельным спокойным пространством.,8177,docs/source_of_truth/LifeOS_canon_v33.md
C12-002,Функция,C12,ЛИЧНЫЙ ДНЕВНИК И РЕФЛЕКСИЯ,Library / Obsidian Core,Library,/app/library,"PLAN_TBD_BY_ARTIFACT_AUDIT, PLAN_TBD_BY_ARTIFACT_AUDIT","Note, DailyNote, JournalEntry, KnowledgeItem, Tag, Space, Backlink, WikiLink",implement as product capability,"Можно писать заметку, связать [[wikilink]], увидеть backlinks/graph, сохранить/перезагрузить без потери.",Замок на личный дневник,у дневника должна быть отдельная защита поверх общей системы.,8183,docs/source_of_truth/LifeOS_canon_v33.md
C12-003,Функция,C12,ЛИЧНЫЙ ДНЕВНИК И РЕФЛЕКСИЯ,Today / Journal,Today,/app/today,"PLAN_TBD_BY_ARTIFACT_AUDIT, PLAN_TBD_BY_ARTIFACT_AUDIT","TodayPage, DailyReview, JournalEntry, NextAction, RecoveryPlan",implement as product capability,Today читает реальные notes/tasks/calendar/source links и не генерирует отдельную несвязанную реальность.,Быстрая отметка настроения,"настроение должно фиксироваться за секунды, без обязательного длинного текста.",8189,docs/source_of_truth/LifeOS_canon_v33.md
C12-004,Функция,C12,ЛИЧНЫЙ ДНЕВНИК И РЕФЛЕКСИЯ,Today / Journal,Today,/app/today,"PLAN_TBD_BY_ARTIFACT_AUDIT, PLAN_TBD_BY_ARTIFACT_AUDIT","TodayPage, DailyReview, JournalEntry, NextAction, RecoveryPlan",implement as product capability,Today читает реальные notes/tasks/calendar/source links и не генерирует отдельную несвязанную реальность.,Свои словари настроений и активностей,"пользователь должен задавать свои названия состояний и действий, а не жить по чужому списку.",8195,docs/source_of_truth/LifeOS_canon_v33.md
C12-005,Функция,C12,ЛИЧНЫЙ ДНЕВНИК И РЕФЛЕКСИЯ,Planner / Tasks / Calendar / Focus,Plan,/app/plan,PLAN_TBD_BY_ARTIFACT_AUDIT,"Task, Project, CalendarBlock, PlannerBlock, FocusSession, WeekPlan",implement as product capability,"Task можно создать из source/note/chat, поставить в календарный блок, увидеть связь и receipt.",Визуальный календарь настроения,"историю состояний полезно видеть календарём, а не только списком записей.",8201,docs/source_of_truth/LifeOS_canon_v33.md
C12-006,Функция,C12,ЛИЧНЫЙ ДНЕВНИК И РЕФЛЕКСИЯ,Today / Journal,Today,/app/today,"PLAN_TBD_BY_ARTIFACT_AUDIT, PLAN_TBD_BY_ARTIFACT_AUDIT","TodayPage, DailyReview, JournalEntry, NextAction, RecoveryPlan",implement as product capability,Today читает реальные notes/tasks/calendar/source links и не генерирует отдельную несвязанную реальность.,Год в пикселях,длинный личный след можно сжимать в плотную годовую карту состояний.,8207,docs/source_of_truth/LifeOS_canon_v33.md
C12-007,Функция,C12,ЛИЧНЫЙ ДНЕВНИК И РЕФЛЕКСИЯ,Library / Obsidian Core,Library,/app/library,"PLAN_TBD_BY_ARTIFACT_AUDIT, PLAN_TBD_BY_ARTIFACT_AUDIT","Note, DailyNote, JournalEntry, KnowledgeItem, Tag, Space, Backlink, WikiLink",implement as product capability,"Можно писать заметку, связать [[wikilink]], увидеть backlinks/graph, сохранить/перезагрузить без потери.",Фото- и видеодневник,"жизненный лог должен поддерживать не только текст, но и визуальные записи.",8213,docs/source_of_truth/LifeOS_canon_v33.md
C12-008,Функция,C12,ЛИЧНЫЙ ДНЕВНИК И РЕФЛЕКСИЯ,Today / Journal,Today,/app/today,"PLAN_TBD_BY_ARTIFACT_AUDIT, PLAN_TBD_BY_ARTIFACT_AUDIT","TodayPage, DailyReview, JournalEntry, NextAction, RecoveryPlan",implement as product capability,Today читает реальные notes/tasks/calendar/source links и не генерирует отдельную несвязанную реальность.,Фото-линия времени,визуальные записи должны складываться в непрерывную хронологию жизни.,8219,docs/source_of_truth/LifeOS_canon_v33.md
C12-009,Функция,C12,ЛИЧНЫЙ ДНЕВНИК И РЕФЛЕКСИЯ,Today / Journal,Today,/app/today,"PLAN_TBD_BY_ARTIFACT_AUDIT, PLAN_TBD_BY_ARTIFACT_AUDIT","TodayPage, DailyReview, JournalEntry, NextAction, RecoveryPlan",implement as product capability,Today читает реальные notes/tasks/calendar/source links и не генерирует отдельную несвязанную реальность.,Буллет-журнал без длинного текста,"личный контур должен вестись короткими отметками, а не требовать сочинений.",8225,docs/source_of_truth/LifeOS_canon_v33.md
C12-010,Функция,C12,ЛИЧНЫЙ ДНЕВНИК И РЕФЛЕКСИЯ,Today / Journal,Today,/app/today,"PLAN_TBD_BY_ARTIFACT_AUDIT, PLAN_TBD_BY_ARTIFACT_AUDIT","TodayPage, DailyReview, JournalEntry, NextAction, RecoveryPlan",implement as product capability,Today читает реальные notes/tasks/calendar/source links и не генерирует отдельную несвязанную реальность.,Единый дневной объект,"разные сигналы дня лучше складывать в одну запись, а не разрывать по множеству форм.",8231,docs/source_of_truth/LifeOS_canon_v33.md
C12-011,Функция,C12,ЛИЧНЫЙ ДНЕВНИК И РЕФЛЕКСИЯ,Library / Obsidian Core,Library,/app/library,"PLAN_TBD_BY_ARTIFACT_AUDIT, PLAN_TBD_BY_ARTIFACT_AUDIT","Note, DailyNote, JournalEntry, KnowledgeItem, Tag, Space, Backlink, WikiLink",implement as product capability,"Можно писать заметку, связать [[wikilink]], увидеть backlinks/graph, сохранить/перезагрузить без потери.",Дневник благодарности,"благодарность может быть отдельным мягким режимом записи, а не случайной строкой в конце.",8237,docs/source_of_truth/LifeOS_canon_v33.md
C12-012,Функция,C12,ЛИЧНЫЙ ДНЕВНИК И РЕФЛЕКСИЯ,Library / Obsidian Core,Library,/app/library,"PLAN_TBD_BY_ARTIFACT_AUDIT, PLAN_TBD_BY_ARTIFACT_AUDIT","Note, DailyNote, JournalEntry, KnowledgeItem, Tag, Space, Backlink, WikiLink",implement as product capability,"Можно писать заметку, связать [[wikilink]], увидеть backlinks/graph, сохранить/перезагрузить без потери.",Цели и вехи внутри дневника благодарности,"мягкий дневник может держать не только чувство, но и движение к важному.",8243,docs/source_of_truth/LifeOS_canon_v33.md
C12-013,Функция,C12,ЛИЧНЫЙ ДНЕВНИК И РЕФЛЕКСИЯ,Today / Journal,Today,/app/today,"PLAN_TBD_BY_ARTIFACT_AUDIT, PLAN_TBD_BY_ARTIFACT_AUDIT","TodayPage, DailyReview, JournalEntry, NextAction, RecoveryPlan",implement as product capability,Today читает реальные notes/tasks/calendar/source links и не генерирует отдельную несвязанную реальность.,Карточки микро-рефлексии,короткая рефлексия должна запускаться одной-двумя маленькими карточками.,8249,docs/source_of_truth/LifeOS_canon_v33.md
C12-014,Функция,C12,ЛИЧНЫЙ ДНЕВНИК И РЕФЛЕКСИЯ,Library / Obsidian Core,Library,/app/library,"PLAN_TBD_BY_ARTIFACT_AUDIT, PLAN_TBD_BY_ARTIFACT_AUDIT","Note, DailyNote, JournalEntry, KnowledgeItem, Tag, Space, Backlink, WikiLink",implement as product capability,"Можно писать заметку, связать [[wikilink]], увидеть backlinks/graph, сохранить/перезагрузить без потери.",Направляемый дневник вопросами,вместо пустого листа система может давать рамку вопросов и подсказок.,8255,docs/source_of_truth/LifeOS_canon_v33.md
C12-015,Функция,C12,ЛИЧНЫЙ ДНЕВНИК И РЕФЛЕКСИЯ,Today / Journal,Today,/app/today,"PLAN_TBD_BY_ARTIFACT_AUDIT, PLAN_TBD_BY_ARTIFACT_AUDIT","TodayPage, DailyReview, JournalEntry, NextAction, RecoveryPlan",implement as product capability,Today читает реальные notes/tasks/calendar/source links и не генерирует отдельную несвязанную реальность.,Ежедневная рефлексия,у дня должен быть короткий режим подведения итогов.,8261,docs/source_of_truth/LifeOS_canon_v33.md
C12-016,Функция,C12,ЛИЧНЫЙ ДНЕВНИК И РЕФЛЕКСИЯ,Today / Journal,Today,/app/today,"PLAN_TBD_BY_ARTIFACT_AUDIT, PLAN_TBD_BY_ARTIFACT_AUDIT","TodayPage, DailyReview, JournalEntry, NextAction, RecoveryPlan",implement as product capability,Today читает реальные notes/tasks/calendar/source links и не генерирует отдельную несвязанную реальность.,Еженедельная рефлексия,"раз в неделю нужен отдельный обзор, который собирает смысл периода, а не только список дней.",8267,docs/source_of_truth/LifeOS_canon_v33.md
C12-017,Функция,C12,ЛИЧНЫЙ ДНЕВНИК И РЕФЛЕКСИЯ,Library / Obsidian Core,Library,/app/library,"PLAN_TBD_BY_ARTIFACT_AUDIT, PLAN_TBD_BY_ARTIFACT_AUDIT","Note, DailyNote, JournalEntry, KnowledgeItem, Tag, Space, Backlink, WikiLink",implement as product capability,"Можно писать заметку, связать [[wikilink]], увидеть backlinks/graph, сохранить/перезагрузить без потери.",Связь активностей и настроения,"дневник должен показывать, какие занятия, люди или режимы обычно идут на пользу, а какие тянут вниз.",8273,docs/source_of_truth/LifeOS_canon_v33.md
C12-018,Функция,C12,ЛИЧНЫЙ ДНЕВНИК И РЕФЛЕКСИЯ,Library / Obsidian Core,Library,/app/library,"PLAN_TBD_BY_ARTIFACT_AUDIT, PLAN_TBD_BY_ARTIFACT_AUDIT","Note, DailyNote, JournalEntry, KnowledgeItem, Tag, Space, Backlink, WikiLink",implement as product capability,"Можно писать заметку, связать [[wikilink]], увидеть backlinks/graph, сохранить/перезагрузить без потери.",Дневник-временная линия,"записи должны жить в связной хронологии, а не как случайные карточки.",8279,docs/source_of_truth/LifeOS_canon_v33.md
C12-019,Функция,C12,ЛИЧНЫЙ ДНЕВНИК И РЕФЛЕКСИЯ,Library / Obsidian Core,Library,/app/library,"PLAN_TBD_BY_ARTIFACT_AUDIT, PLAN_TBD_BY_ARTIFACT_AUDIT","Note, DailyNote, JournalEntry, KnowledgeItem, Tag, Space, Backlink, WikiLink",implement as product capability,"Можно писать заметку, связать [[wikilink]], увидеть backlinks/graph, сохранить/перезагрузить без потери.",Живой архив жизни,"архив нужен не как кладбище заметок, а как возвращаемая личная память.",8285,docs/source_of_truth/LifeOS_canon_v33.md
C12-020,Функция,C12,ЛИЧНЫЙ ДНЕВНИК И РЕФЛЕКСИЯ,Today / Journal,Today,/app/today,"PLAN_TBD_BY_ARTIFACT_AUDIT, PLAN_TBD_BY_ARTIFACT_AUDIT","TodayPage, DailyReview, JournalEntry, NextAction, RecoveryPlan",implement as product capability,Today читает реальные notes/tasks/calendar/source links и не генерирует отдельную несвязанную реальность.,Слой живости,"в личном контуре должно быть место не только проблемам и задачам, но и тому, что делает жизнь живой.",8291,docs/source_of_truth/LifeOS_canon_v33.md
C12-021,Качество,C12,ЛИЧНЫЙ ДНЕВНИК И РЕФЛЕКСИЯ,Library / Obsidian Core,Library,/app/library,"PLAN_TBD_BY_ARTIFACT_AUDIT, PLAN_TBD_BY_ARTIFACT_AUDIT","Note, DailyNote, JournalEntry, KnowledgeItem, Tag, Space, Backlink, WikiLink",build as acceptance criterion,"Можно писать заметку, связать [[wikilink]], увидеть backlinks/graph, сохранить/перезагрузить без потери.",Личный слой тихий и тёплый,"дневниковый режим должен ощущаться как безопасный уголок, а не как ещё одна витрина продуктивности.",8297,docs/source_of_truth/LifeOS_canon_v33.md
C12-022,Качество,C12,ЛИЧНЫЙ ДНЕВНИК И РЕФЛЕКСИЯ,Today / Journal,Today,/app/today,"PLAN_TBD_BY_ARTIFACT_AUDIT, PLAN_TBD_BY_ARTIFACT_AUDIT","TodayPage, DailyReview, JournalEntry, NextAction, RecoveryPlan",build as acceptance criterion,Today читает реальные notes/tasks/calendar/source links и не генерирует отдельную несвязанную реальность.,Рефлексия с низким трением,вести личный слой должно быть возможно даже без сил на длинный текст.,8303,docs/source_of_truth/LifeOS_canon_v33.md
C12-023,Качество,C12,ЛИЧНЫЙ ДНЕВНИК И РЕФЛЕКСИЯ,Today / Journal,Today,/app/today,"PLAN_TBD_BY_ARTIFACT_AUDIT, PLAN_TBD_BY_ARTIFACT_AUDIT","TodayPage, DailyReview, JournalEntry, NextAction, RecoveryPlan",build as acceptance criterion,Today читает реальные notes/tasks/calendar/source links и не генерирует отдельную несвязанную реальность.,Персонализация без потери пользы,"теплота, темы и визуальная красота хороши только тогда, когда они не замещают смысл.",8309,docs/source_of_truth/LifeOS_canon_v33.md
C12-024,Минус,C12,ЛИЧНЫЙ ДНЕВНИК И РЕФЛЕКСИЯ,Library / Obsidian Core,Library,/app/library,"PLAN_TBD_BY_ARTIFACT_AUDIT, PLAN_TBD_BY_ARTIFACT_AUDIT","Note, DailyNote, JournalEntry, KnowledgeItem, Tag, Space, Backlink, WikiLink",forbid / add regression guard,"Можно писать заметку, связать [[wikilink]], увидеть backlinks/graph, сохранить/перезагрузить без потери.",Дневник вместо действия,"даже хороший дневник вреден, если начинает подменять решение, план и исполнение.",8315,docs/source_of_truth/LifeOS_canon_v33.md
C12-025,Минус,C12,ЛИЧНЫЙ ДНЕВНИК И РЕФЛЕКСИЯ,Today / Journal,Today,/app/today,"PLAN_TBD_BY_ARTIFACT_AUDIT, PLAN_TBD_BY_ARTIFACT_AUDIT","TodayPage, DailyReview, JournalEntry, NextAction, RecoveryPlan",forbid / add regression guard,Today читает реальные notes/tasks/calendar/source links и не генерирует отдельную несвязанную реальность.,Слишком грубая модель настроения,бедная шкала состояний теряет нюансы и быстро начинает раздражать.,8321,docs/source_of_truth/LifeOS_canon_v33.md
C12-026,Минус,C12,ЛИЧНЫЙ ДНЕВНИК И РЕФЛЕКСИЯ,Today / Journal,Today,/app/today,"PLAN_TBD_BY_ARTIFACT_AUDIT, PLAN_TBD_BY_ARTIFACT_AUDIT","TodayPage, DailyReview, JournalEntry, NextAction, RecoveryPlan",forbid / add regression guard,Today читает реальные notes/tasks/calendar/source links и не генерирует отдельную несвязанную реальность.,Повторяющиеся вопросы без новых выводов,"рефлексия превращается в механическое заполнение, если вопросы идут по кругу, а новых смыслов не возникает.",8327,docs/source_of_truth/LifeOS_canon_v33.md
C12-027,Минус,C12,ЛИЧНЫЙ ДНЕВНИК И РЕФЛЕКСИЯ,Today / Journal,Today,/app/today,"PLAN_TBD_BY_ARTIFACT_AUDIT, PLAN_TBD_BY_ARTIFACT_AUDIT","TodayPage, DailyReview, JournalEntry, NextAction, RecoveryPlan",forbid / add regression guard,Today читает реальные notes/tasks/calendar/source links и не генерирует отдельную несвязанную реальность.,Обязательная благодарность,"даже мягкая практика становится вредной, если превращается в моральную норму для всех.",8333,docs/source_of_truth/LifeOS_canon_v33.md
C12-028,Минус,C12,ЛИЧНЫЙ ДНЕВНИК И РЕФЛЕКСИЯ,Today / Journal,Today,/app/today,"PLAN_TBD_BY_ARTIFACT_AUDIT, PLAN_TBD_BY_ARTIFACT_AUDIT","TodayPage, DailyReview, JournalEntry, NextAction, RecoveryPlan",forbid / add regression guard,Today читает реальные notes/tasks/calendar/source links и не генерирует отдельную несвязанную реальность.,Пассивная свалка архива,"архив теряет ценность, если он просто накапливает прошлое без возврата в текущую жизнь.",8339,docs/source_of_truth/LifeOS_canon_v33.md
C12-029,Минус,C12,ЛИЧНЫЙ ДНЕВНИК И РЕФЛЕКСИЯ,Library / Obsidian Core,Library,/app/library,"PLAN_TBD_BY_ARTIFACT_AUDIT, PLAN_TBD_BY_ARTIFACT_AUDIT","Note, DailyNote, JournalEntry, KnowledgeItem, Tag, Space, Backlink, WikiLink",forbid / add regression guard,"Можно писать заметку, связать [[wikilink]], увидеть backlinks/graph, сохранить/перезагрузить без потери.","Дневник, усиливающий стыд",личный слой не должен делать человеку хуже после плохого дня.,8345,docs/source_of_truth/LifeOS_canon_v33.md
C12-030,Минус,C12,ЛИЧНЫЙ ДНЕВНИК И РЕФЛЕКСИЯ,Today / Journal,Today,/app/today,"PLAN_TBD_BY_ARTIFACT_AUDIT, PLAN_TBD_BY_ARTIFACT_AUDIT","TodayPage, DailyReview, JournalEntry, NextAction, RecoveryPlan",forbid / add regression guard,Today читает реальные notes/tasks/calendar/source links и не генерирует отдельную несвязанную реальность.,Украшение вместо пользы,"красивый дневник не решает задачу, если в нём нет живой логики памяти и рефлексии.",8351,docs/source_of_truth/LifeOS_canon_v33.md
C12-031,Функция,C12,ЛИЧНЫЙ ДНЕВНИК И РЕФЛЕКСИЯ,Today / Journal,Today,/app/today,"PLAN_TBD_BY_ARTIFACT_AUDIT, PLAN_TBD_BY_ARTIFACT_AUDIT","TodayPage, DailyReview, JournalEntry, NextAction, RecoveryPlan",implement as product capability,Today читает реальные notes/tasks/calendar/source links и не генерирует отдельную несвязанную реальность.,Голосовой дневник с превращением речи в текст,"рефлексию нужно уметь вести голосом, а не только руками.",8357,docs/source_of_truth/LifeOS_canon_v33.md
C12-032,Функция,C12,ЛИЧНЫЙ ДНЕВНИК И РЕФЛЕКСИЯ,Library / Obsidian Core,Library,/app/library,"PLAN_TBD_BY_ARTIFACT_AUDIT, PLAN_TBD_BY_ARTIFACT_AUDIT","Note, DailyNote, JournalEntry, KnowledgeItem, Tag, Space, Backlink, WikiLink",implement as product capability,"Можно писать заметку, связать [[wikilink]], увидеть backlinks/graph, сохранить/перезагрузить без потери.",Экспорт дневника,личные записи должны честно выноситься наружу без потери дат и структуры.,8363,docs/source_of_truth/LifeOS_canon_v33.md
C12-033,Функция,C12,ЛИЧНЫЙ ДНЕВНИК И РЕФЛЕКСИЯ,Library / Obsidian Core,Library,/app/library,"PLAN_TBD_BY_ARTIFACT_AUDIT, PLAN_TBD_BY_ARTIFACT_AUDIT","Note, DailyNote, JournalEntry, KnowledgeItem, Tag, Space, Backlink, WikiLink",implement as product capability,"Можно писать заметку, связать [[wikilink]], увидеть backlinks/graph, сохранить/перезагрузить без потери.",Богатое оформление дневника,"темы, шрифты, фоны и стикеры могут усиливать чувство «моего пространства» в личном слое.",8369,docs/source_of_truth/LifeOS_canon_v33.md
C12-034,Функция,C12,ЛИЧНЫЙ ДНЕВНИК И РЕФЛЕКСИЯ,Library / Obsidian Core,Library,/app/library,"PLAN_TBD_BY_ARTIFACT_AUDIT, PLAN_TBD_BY_ARTIFACT_AUDIT","Note, DailyNote, JournalEntry, KnowledgeItem, Tag, Space, Backlink, WikiLink",implement as product capability,"Можно писать заметку, связать [[wikilink]], увидеть backlinks/graph, сохранить/перезагрузить без потери.",Гибрид заметки и дневника,"одна запись может быть и фиксацией мысли, и личной рефлексией одновременно.",8376,docs/source_of_truth/LifeOS_canon_v33.md
C12-035,Функция,C12,ЛИЧНЫЙ ДНЕВНИК И РЕФЛЕКСИЯ,Today / Journal,Today,/app/today,"PLAN_TBD_BY_ARTIFACT_AUDIT, PLAN_TBD_BY_ARTIFACT_AUDIT","TodayPage, DailyReview, JournalEntry, NextAction, RecoveryPlan",implement as product capability,Today читает реальные notes/tasks/calendar/source links и не генерирует отдельную несвязанную реальность.,Сетки рефлексии,"рефлексия может идти не только вопросами, но и через структурированные сетки.",8382,docs/source_of_truth/LifeOS_canon_v33.md
C12-036,Функция,C12,ЛИЧНЫЙ ДНЕВНИК И РЕФЛЕКСИЯ,Providers / Local AI / Media / Screen,Providers,/app/providers,PLAN_TBD_BY_ARTIFACT_AUDIT,"ProviderBoundary, ModelProfile, MediaTranscriptJob, ScreenSession, DeviceSyncState",implement as product capability,"Никаких fake cloud/model/screen/VPN success; только readiness, preview, explicit setup/approval.","Цели, серии и достижения внутри мягкого дневникового слоя","внутри личного контура могут жить не только состояния, но и связанные с ними цели, серии и маленькие достижения.",8388,docs/source_of_truth/LifeOS_canon_v33.md
C12-037,Функция,C12,ЛИЧНЫЙ ДНЕВНИК И РЕФЛЕКСИЯ,Today / Journal,Today,/app/today,"PLAN_TBD_BY_ARTIFACT_AUDIT, PLAN_TBD_BY_ARTIFACT_AUDIT","TodayPage, DailyReview, JournalEntry, NextAction, RecoveryPlan",implement as product capability,Today читает реальные notes/tasks/calendar/source links и не генерирует отдельную несвязанную реальность.,Расширенный дневной журнал,"один личный объект дня может держать не только настроение, активность, заметку и фото, но и бытовой контекст дня.",8394,docs/source_of_truth/LifeOS_canon_v33.md
C12-038,Функция,C12,ЛИЧНЫЙ ДНЕВНИК И РЕФЛЕКСИЯ,Data Control / Trust / Privacy,Control,/app/control,"PLAN_TBD_BY_ARTIFACT_AUDIT, PLAN_TBD_BY_ARTIFACT_AUDIT","Receipt, DataControlItem, AuditEvent, ExportJob, DeletePreview, PrivacyZone, PermissionGrant",implement as product capability,Любое изменение имеет receipt; destructive действия только preview + confirmation boundary.,Несколько журналов внутри личного слоя,"человеку может быть нужен не один общий поток, а несколько личных журналов для разных контуров.",8400,docs/source_of_truth/LifeOS_canon_v33.md
C12-039,Функция,C12,ЛИЧНЫЙ ДНЕВНИК И РЕФЛЕКСИЯ,Today / Journal,Today,/app/today,"PLAN_TBD_BY_ARTIFACT_AUDIT, PLAN_TBD_BY_ARTIFACT_AUDIT","TodayPage, DailyReview, JournalEntry, NextAction, RecoveryPlan",implement as product capability,Today читает реальные notes/tasks/calendar/source links и не генерирует отдельную несвязанную реальность.,Направляемая рефлексия на основе прошлой истории,"система может задавать более точные вопросы, опираясь на прошлый личный контекст.",8406,docs/source_of_truth/LifeOS_canon_v33.md
C12-040,Функция,C12,ЛИЧНЫЙ ДНЕВНИК И РЕФЛЕКСИЯ,Library / Obsidian Core,Library,/app/library,"PLAN_TBD_BY_ARTIFACT_AUDIT, PLAN_TBD_BY_ARTIFACT_AUDIT","Note, DailyNote, JournalEntry, KnowledgeItem, Tag, Space, Backlink, WikiLink",implement as product capability,"Можно писать заметку, связать [[wikilink]], увидеть backlinks/graph, сохранить/перезагрузить без потери.",Философский и смысловой режим дневника,"для части людей личный слой должен уметь жить не только как журнал событий, но и как режим жизни по принципам.",8413,docs/source_of_truth/LifeOS_canon_v33.md
C12-041,Функция,C12,ЛИЧНЫЙ ДНЕВНИК И РЕФЛЕКСИЯ,Today / Journal,Today,/app/today,"PLAN_TBD_BY_ARTIFACT_AUDIT, PLAN_TBD_BY_ARTIFACT_AUDIT","TodayPage, DailyReview, JournalEntry, NextAction, RecoveryPlan",implement as product capability,Today читает реальные notes/tasks/calendar/source links и не генерирует отдельную несвязанную реальность.,Дыхательные инструменты в рефлексивном слое,короткие дыхательные практики могут быть частью мягкого личного режима.,8420,docs/source_of_truth/LifeOS_canon_v33.md
C12-042,Функция,C12,ЛИЧНЫЙ ДНЕВНИК И РЕФЛЕКСИЯ,Today / Journal,Today,/app/today,"PLAN_TBD_BY_ARTIFACT_AUDIT, PLAN_TBD_BY_ARTIFACT_AUDIT","TodayPage, DailyReview, JournalEntry, NextAction, RecoveryPlan",implement as product capability,Today читает реальные notes/tasks/calendar/source links и не генерирует отдельную несвязанную реальность.,Шаблоны личной рефлексии,"человеку полезно иметь не только пустой лист, но и готовые шаблоны для разных состояний и задач.",8426,docs/source_of_truth/LifeOS_canon_v33.md
C12-043,Качество,C12,ЛИЧНЫЙ ДНЕВНИК И РЕФЛЕКСИЯ,Library / Obsidian Core,Library,/app/library,"PLAN_TBD_BY_ARTIFACT_AUDIT, PLAN_TBD_BY_ARTIFACT_AUDIT","Note, DailyNote, JournalEntry, KnowledgeItem, Tag, Space, Backlink, WikiLink",build as acceptance criterion,"Можно писать заметку, связать [[wikilink]], увидеть backlinks/graph, сохранить/перезагрузить без потери.",Тихий личный уголок в телефоне,"личный дневниковый слой должен ощущаться на телефоне как спокойное и безопасное место, а не как ещё один экран продуктивности.",8432,docs/source_of_truth/LifeOS_canon_v33.md
C12-044,Функция,C12,ЛИЧНЫЙ ДНЕВНИК И РЕФЛЕКСИЯ,Library / Obsidian Core,Library,/app/library,"PLAN_TBD_BY_ARTIFACT_AUDIT, PLAN_TBD_BY_ARTIFACT_AUDIT","Note, DailyNote, JournalEntry, KnowledgeItem, Tag, Space, Backlink, WikiLink",implement as product capability,"Можно писать заметку, связать [[wikilink]], увидеть backlinks/graph, сохранить/перезагрузить без потери.",Многосигнальный объект дня,"один дневниковый объект должен уметь держать в себе не только настроение и заметку, но и другие лёгкие сигналы прожитого дня.",8438,docs/source_of_truth/LifeOS_canon_v33.md
C12-045,Функция,C12,ЛИЧНЫЙ ДНЕВНИК И РЕФЛЕКСИЯ,Today / Journal,Today,/app/today,"PLAN_TBD_BY_ARTIFACT_AUDIT, PLAN_TBD_BY_ARTIFACT_AUDIT","TodayPage, DailyReview, JournalEntry, NextAction, RecoveryPlan",implement as product capability,Today читает реальные notes/tasks/calendar/source links и не генерирует отдельную несвязанную реальность.,"Рефлексия после книги, урока или события","после чтения, обучения или участия в событии должен существовать короткий режим осмысления, чтобы опыт не пропадал.",8448,docs/source_of_truth/LifeOS_canon_v33.md
C12-046,Функция,C12,ЛИЧНЫЙ ДНЕВНИК И РЕФЛЕКСИЯ,Data Control / Trust / Privacy,Control,/app/control,"PLAN_TBD_BY_ARTIFACT_AUDIT, PLAN_TBD_BY_ARTIFACT_AUDIT","Receipt, DataControlItem, AuditEvent, ExportJob, DeletePreview, PrivacyZone, PermissionGrant",implement as product capability,Любое изменение имеет receipt; destructive действия только preview + confirmation boundary.,Личный медиажурнал,"пользователь должен уметь вести журнал книг, музыки, событий, фильмов, практик и впечатлений как часть своей жизни.",8454,docs/source_of_truth/LifeOS_canon_v33.md
C12-047,Функция,C12,ЛИЧНЫЙ ДНЕВНИК И РЕФЛЕКСИЯ,Today / Journal,Today,/app/today,"PLAN_TBD_BY_ARTIFACT_AUDIT, PLAN_TBD_BY_ARTIFACT_AUDIT","TodayPage, DailyReview, JournalEntry, NextAction, RecoveryPlan",implement as product capability,Today читает реальные notes/tasks/calendar/source links и не генерирует отдельную несвязанную реальность.,Вопросник после опыта,"после прослушивания, просмотра, чтения или посещения система должна уметь задавать мягкий, но полезный набор вопросов по опыту.",8460,docs/source_of_truth/LifeOS_canon_v33.md
C12-048,Качество,C12,ЛИЧНЫЙ ДНЕВНИК И РЕФЛЕКСИЯ,Today / Journal,Today,/app/today,"PLAN_TBD_BY_ARTIFACT_AUDIT, PLAN_TBD_BY_ARTIFACT_AUDIT","TodayPage, DailyReview, JournalEntry, NextAction, RecoveryPlan",build as acceptance criterion,Today читает реальные notes/tasks/calendar/source links и не генерирует отдельную несвязанную реальность.,Рефлексия остаётся добровольной и антистыдной,"система не должна превращать книги, музыку, события и знакомства в обязанность отчитываться за каждый прожитый момент.",8466,docs/source_of_truth/LifeOS_canon_v33.md
C13-001,Функция,C13,"ЗДОРОВЬЕ, СОН, ЭНЕРГИЯ, РУТИНЫ И ВОССТАНОВЛЕНИЕ",Life Domains / Wellbeing / Money / Family,Domains,/app/domains,PLAN_TBD_BY_ARTIFACT_AUDIT,"HealthSignal, Routine, Relationship, HomeItem, MoneyEvent, Trip, Meal, DomainPack",implement as product capability,Домены не ломают ядро; каждый доменный объект — LifeObject с source/receipt/control/graph.,Сон как базовая метрика,"сон должен быть отдельным опорным сигналом, потому что он влияет на весь день.",8476,docs/source_of_truth/LifeOS_canon_v33.md
C13-002,Функция,C13,"ЗДОРОВЬЕ, СОН, ЭНЕРГИЯ, РУТИНЫ И ВОССТАНОВЛЕНИЕ",Life Domains / Wellbeing / Money / Family,Domains,/app/domains,PLAN_TBD_BY_ARTIFACT_AUDIT,"HealthSignal, Routine, Relationship, HomeItem, MoneyEvent, Trip, Meal, DomainPack",implement as product capability,Домены не ломают ядро; каждый доменный объект — LifeObject с source/receipt/control/graph.,"Шкалы энергии, стресса и ресурса","состояние человека нужно регулярно фиксировать короткими шкалами, а не угадывать всегда молча.",8482,docs/source_of_truth/LifeOS_canon_v33.md
C13-003,Функция,C13,"ЗДОРОВЬЕ, СОН, ЭНЕРГИЯ, РУТИНЫ И ВОССТАНОВЛЕНИЕ",Life Domains / Wellbeing / Money / Family,Domains,/app/domains,PLAN_TBD_BY_ARTIFACT_AUDIT,"HealthSignal, Routine, Relationship, HomeItem, MoneyEvent, Trip, Meal, DomainPack",implement as product capability,Домены не ломают ядро; каждый доменный объект — LifeObject с source/receipt/control/graph.,Контекст сна и энергии меняет план дня,"сон и ресурс должны влиять на объём и тяжесть дня, а не только лежать в отчёте.",8488,docs/source_of_truth/LifeOS_canon_v33.md
C13-004,Функция,C13,"ЗДОРОВЬЕ, СОН, ЭНЕРГИЯ, РУТИНЫ И ВОССТАНОВЛЕНИЕ",Life Domains / Wellbeing / Money / Family,Domains,/app/domains,PLAN_TBD_BY_ARTIFACT_AUDIT,"HealthSignal, Routine, Relationship, HomeItem, MoneyEvent, Trip, Meal, DomainPack",implement as product capability,Домены не ломают ядро; каждый доменный объект — LifeObject с source/receipt/control/graph.,Мягкие рутины,"рутины должны помогать держаться, а не ломаться при малейшем отклонении.",8494,docs/source_of_truth/LifeOS_canon_v33.md
C13-005,Функция,C13,"ЗДОРОВЬЕ, СОН, ЭНЕРГИЯ, РУТИНЫ И ВОССТАНОВЛЕНИЕ",Life Domains / Wellbeing / Money / Family,Domains,/app/domains,PLAN_TBD_BY_ARTIFACT_AUDIT,"HealthSignal, Routine, Relationship, HomeItem, MoneyEvent, Trip, Meal, DomainPack",implement as product capability,Домены не ломают ядро; каждый доменный объект — LifeObject с source/receipt/control/graph.,Адаптивный темп рутин,"у рутин должен быть ритм, подходящий человеку, а не одна «правильная» скорость.",8500,docs/source_of_truth/LifeOS_canon_v33.md
C13-006,Функция,C13,"ЗДОРОВЬЕ, СОН, ЭНЕРГИЯ, РУТИНЫ И ВОССТАНОВЛЕНИЕ",Life Domains / Wellbeing / Money / Family,Domains,/app/domains,PLAN_TBD_BY_ARTIFACT_AUDIT,"HealthSignal, Routine, Relationship, HomeItem, MoneyEvent, Trip, Meal, DomainPack",implement as product capability,Домены не ломают ядро; каждый доменный объект — LifeObject с source/receipt/control/graph.,Рутины по времени дня,"повторяющиеся действия полезно группировать по утру, дню и вечеру.",8506,docs/source_of_truth/LifeOS_canon_v33.md
C13-007,Функция,C13,"ЗДОРОВЬЕ, СОН, ЭНЕРГИЯ, РУТИНЫ И ВОССТАНОВЛЕНИЕ",Life Domains / Wellbeing / Money / Family,Domains,/app/domains,PLAN_TBD_BY_ARTIFACT_AUDIT,"HealthSignal, Routine, Relationship, HomeItem, MoneyEvent, Trip, Meal, DomainPack",implement as product capability,Домены не ломают ядро; каждый доменный объект — LifeObject с source/receipt/control/graph.,Ритуал начала дня,"утру нужен короткий вход, который собирает человека без перегруза.",8512,docs/source_of_truth/LifeOS_canon_v33.md
C13-008,Функция,C13,"ЗДОРОВЬЕ, СОН, ЭНЕРГИЯ, РУТИНЫ И ВОССТАНОВЛЕНИЕ",Life Domains / Wellbeing / Money / Family,Domains,/app/domains,PLAN_TBD_BY_ARTIFACT_AUDIT,"HealthSignal, Routine, Relationship, HomeItem, MoneyEvent, Trip, Meal, DomainPack",implement as product capability,Домены не ломают ядро; каждый доменный объект — LifeObject с source/receipt/control/graph.,Ритуал закрытия дня,"день лучше завершать осознанно, а не обрывать на усталости.",8518,docs/source_of_truth/LifeOS_canon_v33.md
C13-009,Функция,C13,"ЗДОРОВЬЕ, СОН, ЭНЕРГИЯ, РУТИНЫ И ВОССТАНОВЛЕНИЕ",Life Domains / Wellbeing / Money / Family,Domains,/app/domains,PLAN_TBD_BY_ARTIFACT_AUDIT,"HealthSignal, Routine, Relationship, HomeItem, MoneyEvent, Trip, Meal, DomainPack",implement as product capability,Домены не ломают ядро; каждый доменный объект — LifeObject с source/receipt/control/graph.,Ритуал возвращения после паузы,после выпадения из режима нужен отдельный мягкий вход назад.,8524,docs/source_of_truth/LifeOS_canon_v33.md
C13-010,Функция,C13,"ЗДОРОВЬЕ, СОН, ЭНЕРГИЯ, РУТИНЫ И ВОССТАНОВЛЕНИЕ",Life Domains / Wellbeing / Money / Family,Domains,/app/domains,PLAN_TBD_BY_ARTIFACT_AUDIT,"HealthSignal, Routine, Relationship, HomeItem, MoneyEvent, Trip, Meal, DomainPack",implement as product capability,Домены не ломают ядро; каждый доменный объект — LifeObject с source/receipt/control/graph.,Короткие дыхательные практики,"внутри слоя восстановления нужны простые техники регуляции, не требующие сложного захода.",8530,docs/source_of_truth/LifeOS_canon_v33.md
C13-011,Функция,C13,"ЗДОРОВЬЕ, СОН, ЭНЕРГИЯ, РУТИНЫ И ВОССТАНОВЛЕНИЕ",Life Domains / Wellbeing / Money / Family,Domains,/app/domains,PLAN_TBD_BY_ARTIFACT_AUDIT,"HealthSignal, Routine, Relationship, HomeItem, MoneyEvent, Trip, Meal, DomainPack",implement as product capability,Домены не ломают ядро; каждый доменный объект — LifeObject с source/receipt/control/graph.,Сигнал усталости,накопленная усталость должна подниматься как отдельный ранний сигнал.,8536,docs/source_of_truth/LifeOS_canon_v33.md
C13-012,Функция,C13,"ЗДОРОВЬЕ, СОН, ЭНЕРГИЯ, РУТИНЫ И ВОССТАНОВЛЕНИЕ",Life Domains / Wellbeing / Money / Family,Domains,/app/domains,PLAN_TBD_BY_ARTIFACT_AUDIT,"HealthSignal, Routine, Relationship, HomeItem, MoneyEvent, Trip, Meal, DomainPack",implement as product capability,Домены не ломают ядро; каждый доменный объект — LifeObject с source/receipt/control/graph.,Индекс риска выгорания,"выгорание должно отслеживаться как сочетание усталости, стресса и падающего состояния.",8542,docs/source_of_truth/LifeOS_canon_v33.md
C13-013,Функция,C13,"ЗДОРОВЬЕ, СОН, ЭНЕРГИЯ, РУТИНЫ И ВОССТАНОВЛЕНИЕ",Life Domains / Wellbeing / Money / Family,Domains,/app/domains,PLAN_TBD_BY_ARTIFACT_AUDIT,"HealthSignal, Routine, Relationship, HomeItem, MoneyEvent, Trip, Meal, DomainPack",implement as product capability,Домены не ломают ядро; каждый доменный объект — LifeObject с source/receipt/control/graph.,Режим нулевого ресурса,"когда сил нет совсем, нужен не обычный план, а режим удержания от ухудшения.",8548,docs/source_of_truth/LifeOS_canon_v33.md
C13-014,Функция,C13,"ЗДОРОВЬЕ, СОН, ЭНЕРГИЯ, РУТИНЫ И ВОССТАНОВЛЕНИЕ",Life Domains / Wellbeing / Money / Family,Domains,/app/domains,PLAN_TBD_BY_ARTIFACT_AUDIT,"HealthSignal, Routine, Relationship, HomeItem, MoneyEvent, Trip, Meal, DomainPack",implement as product capability,Домены не ломают ядро; каждый доменный объект — LifeObject с source/receipt/control/graph.,Восстановление сна после сбоя,"после праздников, поездок или разъехавшегося режима нужен отдельный сценарий возврата ко сну.",8554,docs/source_of_truth/LifeOS_canon_v33.md
C13-015,Функция,C13,"ЗДОРОВЬЕ, СОН, ЭНЕРГИЯ, РУТИНЫ И ВОССТАНОВЛЕНИЕ",Life Domains / Wellbeing / Money / Family,Domains,/app/domains,PLAN_TBD_BY_ARTIFACT_AUDIT,"HealthSignal, Routine, Relationship, HomeItem, MoneyEvent, Trip, Meal, DomainPack",implement as product capability,Домены не ломают ядро; каждый доменный объект — LifeObject с source/receipt/control/graph.,Симптом-трекер без диагнозов,"симптомы можно хранить как наблюдения, не превращая систему во врача.",8560,docs/source_of_truth/LifeOS_canon_v33.md
C13-016,Функция,C13,"ЗДОРОВЬЕ, СОН, ЭНЕРГИЯ, РУТИНЫ И ВОССТАНОВЛЕНИЕ",Life Domains / Wellbeing / Money / Family,Domains,/app/domains,PLAN_TBD_BY_ARTIFACT_AUDIT,"HealthSignal, Routine, Relationship, HomeItem, MoneyEvent, Trip, Meal, DomainPack",implement as product capability,Домены не ломают ядро; каждый доменный объект — LifeObject с source/receipt/control/graph.,Чекапы как список и напоминания,профилактические проверки здоровья должны жить как управляемый цикл.,8567,docs/source_of_truth/LifeOS_canon_v33.md
C13-017,Функция,C13,"ЗДОРОВЬЕ, СОН, ЭНЕРГИЯ, РУТИНЫ И ВОССТАНОВЛЕНИЕ",Life Domains / Wellbeing / Money / Family,Domains,/app/domains,PLAN_TBD_BY_ARTIFACT_AUDIT,"HealthSignal, Routine, Relationship, HomeItem, MoneyEvent, Trip, Meal, DomainPack",implement as product capability,Домены не ломают ядро; каждый доменный объект — LifeObject с source/receipt/control/graph.,Персональный план чекапов,"список проверок должен учитывать пол, возраст и жизненный контекст.",8573,docs/source_of_truth/LifeOS_canon_v33.md
C13-018,Функция,C13,"ЗДОРОВЬЕ, СОН, ЭНЕРГИЯ, РУТИНЫ И ВОССТАНОВЛЕНИЕ",Life Domains / Wellbeing / Money / Family,Domains,/app/domains,PLAN_TBD_BY_ARTIFACT_AUDIT,"HealthSignal, Routine, Relationship, HomeItem, MoneyEvent, Trip, Meal, DomainPack",implement as product capability,Домены не ломают ядро; каждый доменный объект — LifeObject с source/receipt/control/graph.,Витамины и добавки как отслеживаемый приём,"приём витаминов и добавок нужно фиксировать как режим, а не держать только в памяти.",8579,docs/source_of_truth/LifeOS_canon_v33.md
C13-019,Функция,C13,"ЗДОРОВЬЕ, СОН, ЭНЕРГИЯ, РУТИНЫ И ВОССТАНОВЛЕНИЕ",Life Domains / Wellbeing / Money / Family,Domains,/app/domains,PLAN_TBD_BY_ARTIFACT_AUDIT,"HealthSignal, Routine, Relationship, HomeItem, MoneyEvent, Trip, Meal, DomainPack",implement as product capability,Домены не ломают ядро; каждый доменный объект — LifeObject с source/receipt/control/graph.,Прививки и профилактические напоминания,слой здоровья должен помнить о регулярной профилактике.,8586,docs/source_of_truth/LifeOS_canon_v33.md
C13-020,Функция,C13,"ЗДОРОВЬЕ, СОН, ЭНЕРГИЯ, РУТИНЫ И ВОССТАНОВЛЕНИЕ",Life Domains / Wellbeing / Money / Family,Domains,/app/domains,PLAN_TBD_BY_ARTIFACT_AUDIT,"HealthSignal, Routine, Relationship, HomeItem, MoneyEvent, Trip, Meal, DomainPack",implement as product capability,Домены не ломают ядро; каждый доменный объект — LifeObject с source/receipt/control/graph.,Анализы как сущность с историей,"анализы нужно хранить как отдельные объекты, чтобы видеть динамику по времени.",8592,docs/source_of_truth/LifeOS_canon_v33.md
C13-021,Функция,C13,"ЗДОРОВЬЕ, СОН, ЭНЕРГИЯ, РУТИНЫ И ВОССТАНОВЛЕНИЕ",Life Domains / Wellbeing / Money / Family,Domains,/app/domains,PLAN_TBD_BY_ARTIFACT_AUDIT,"HealthSignal, Routine, Relationship, HomeItem, MoneyEvent, Trip, Meal, DomainPack",implement as product capability,Домены не ломают ядро; каждый доменный объект — LifeObject с source/receipt/control/graph.,Витамин Д как отдельный показатель,отдельные важные показатели должны иметь явное место в истории здоровья.,8598,docs/source_of_truth/LifeOS_canon_v33.md
C13-022,Функция,C13,"ЗДОРОВЬЕ, СОН, ЭНЕРГИЯ, РУТИНЫ И ВОССТАНОВЛЕНИЕ",Life Domains / Wellbeing / Money / Family,Domains,/app/domains,PLAN_TBD_BY_ARTIFACT_AUDIT,"HealthSignal, Routine, Relationship, HomeItem, MoneyEvent, Trip, Meal, DomainPack",implement as product capability,Домены не ломают ядро; каждый доменный объект — LifeObject с source/receipt/control/graph.,Вопросы врачу и мед-заметки,"подготовка к визиту должна включать не только цифры, но и накопленные вопросы.",8604,docs/source_of_truth/LifeOS_canon_v33.md
C13-023,Функция,C13,"ЗДОРОВЬЕ, СОН, ЭНЕРГИЯ, РУТИНЫ И ВОССТАНОВЛЕНИЕ",Life Domains / Wellbeing / Money / Family,Domains,/app/domains,PLAN_TBD_BY_ARTIFACT_AUDIT,"HealthSignal, Routine, Relationship, HomeItem, MoneyEvent, Trip, Meal, DomainPack",implement as product capability,Домены не ломают ядро; каждый доменный объект — LifeObject с source/receipt/control/graph.,Тренировка как событие нагрузки,"тренировка должна храниться не просто как «сделано», а как тип и тяжесть нагрузки.",8610,docs/source_of_truth/LifeOS_canon_v33.md
C13-024,Функция,C13,"ЗДОРОВЬЕ, СОН, ЭНЕРГИЯ, РУТИНЫ И ВОССТАНОВЛЕНИЕ",Life Domains / Wellbeing / Money / Family,Domains,/app/domains,PLAN_TBD_BY_ARTIFACT_AUDIT,"HealthSignal, Routine, Relationship, HomeItem, MoneyEvent, Trip, Meal, DomainPack",implement as product capability,Домены не ломают ядро; каждый доменный объект — LifeObject с source/receipt/control/graph.,Боль и дискомфорт как стоп-флаг,через боль нельзя автоматически наращивать нагрузку.,8616,docs/source_of_truth/LifeOS_canon_v33.md
C13-025,Функция,C13,"ЗДОРОВЬЕ, СОН, ЭНЕРГИЯ, РУТИНЫ И ВОССТАНОВЛЕНИЕ",Life Domains / Wellbeing / Money / Family,Domains,/app/domains,PLAN_TBD_BY_ARTIFACT_AUDIT,"HealthSignal, Routine, Relationship, HomeItem, MoneyEvent, Trip, Meal, DomainPack",implement as product capability,Домены не ломают ядро; каждый доменный объект — LifeObject с source/receipt/control/graph.,Активность и шаги как контекст энергии,повседневная активность должна участвовать в понимании ресурса дня.,8622,docs/source_of_truth/LifeOS_canon_v33.md
C13-026,Функция,C13,"ЗДОРОВЬЕ, СОН, ЭНЕРГИЯ, РУТИНЫ И ВОССТАНОВЛЕНИЕ",Today / Journal,Today,/app/today,"PLAN_TBD_BY_ARTIFACT_AUDIT, PLAN_TBD_BY_ARTIFACT_AUDIT","TodayPage, DailyReview, JournalEntry, NextAction, RecoveryPlan",implement as product capability,Today читает реальные notes/tasks/calendar/source links и не генерирует отдельную несвязанную реальность.,Контур восстановления после тренировки,"после нагрузки нужен отдельный слой оценки восстановления, а не только запись о факте тренировки.",8628,docs/source_of_truth/LifeOS_canon_v33.md
C13-027,Качество,C13,"ЗДОРОВЬЕ, СОН, ЭНЕРГИЯ, РУТИНЫ И ВОССТАНОВЛЕНИЕ",Life Domains / Wellbeing / Money / Family,Domains,/app/domains,PLAN_TBD_BY_ARTIFACT_AUDIT,"HealthSignal, Routine, Relationship, HomeItem, MoneyEvent, Trip, Meal, DomainPack",build as acceptance criterion,Домены не ломают ядро; каждый доменный объект — LifeObject с source/receipt/control/graph.,"Здоровье меняет день, а не только рисует график","метрики здоровья полезны только тогда, когда реально влияют на режим, нагрузку и ритуалы.",8634,docs/source_of_truth/LifeOS_canon_v33.md
C13-028,Качество,C13,"ЗДОРОВЬЕ, СОН, ЭНЕРГИЯ, РУТИНЫ И ВОССТАНОВЛЕНИЕ",Life Domains / Wellbeing / Money / Family,Domains,/app/domains,PLAN_TBD_BY_ARTIFACT_AUDIT,"HealthSignal, Routine, Relationship, HomeItem, MoneyEvent, Trip, Meal, DomainPack",build as acceptance criterion,Домены не ломают ядро; каждый доменный объект — LifeObject с source/receipt/control/graph.,Медицинский слой остаётся безопасным,"система помогает помнить, сравнивать и спрашивать, но не лечит вместо специалиста.",8640,docs/source_of_truth/LifeOS_canon_v33.md
C13-029,Качество,C13,"ЗДОРОВЬЕ, СОН, ЭНЕРГИЯ, РУТИНЫ И ВОССТАНОВЛЕНИЕ",Life Domains / Wellbeing / Money / Family,Domains,/app/domains,PLAN_TBD_BY_ARTIFACT_AUDIT,"HealthSignal, Routine, Relationship, HomeItem, MoneyEvent, Trip, Meal, DomainPack",build as acceptance criterion,Домены не ломают ядро; каждый доменный объект — LifeObject с source/receipt/control/graph.,Ритуалы короткие и доброжелательные,"полезный ритуал снижает трение, а не становится ещё одной обязанностью.",8646,docs/source_of_truth/LifeOS_canon_v33.md
C13-030,Минус,C13,"ЗДОРОВЬЕ, СОН, ЭНЕРГИЯ, РУТИНЫ И ВОССТАНОВЛЕНИЕ",Life Domains / Wellbeing / Money / Family,Domains,/app/domains,PLAN_TBD_BY_ARTIFACT_AUDIT,"HealthSignal, Routine, Relationship, HomeItem, MoneyEvent, Trip, Meal, DomainPack",forbid / add regression guard,Домены не ломают ядро; каждый доменный объект — LifeObject с source/receipt/control/graph.,Жёсткая дисциплинарная рутина,"рутины ломают удержание, если существуют только в режиме «делай идеально или провал».",8652,docs/source_of_truth/LifeOS_canon_v33.md
C13-031,Минус,C13,"ЗДОРОВЬЕ, СОН, ЭНЕРГИЯ, РУТИНЫ И ВОССТАНОВЛЕНИЕ",Life Domains / Wellbeing / Money / Family,Domains,/app/domains,PLAN_TBD_BY_ARTIFACT_AUDIT,"HealthSignal, Routine, Relationship, HomeItem, MoneyEvent, Trip, Meal, DomainPack",forbid / add regression guard,Домены не ломают ядро; каждый доменный объект — LifeObject с source/receipt/control/graph.,Псевдомедицинские выводы,опасно выдавать догадку по самочувствию за медицинскую истину.,8658,docs/source_of_truth/LifeOS_canon_v33.md
C13-032,Минус,C13,"ЗДОРОВЬЕ, СОН, ЭНЕРГИЯ, РУТИНЫ И ВОССТАНОВЛЕНИЕ",Life Domains / Wellbeing / Money / Family,Domains,/app/domains,PLAN_TBD_BY_ARTIFACT_AUDIT,"HealthSignal, Routine, Relationship, HomeItem, MoneyEvent, Trip, Meal, DomainPack",forbid / add regression guard,Домены не ломают ядро; каждый доменный объект — LifeObject с source/receipt/control/graph.,Избыточный ручной ввод здоровья,"слой восстановления быстро бросают, если он требует слишком много ежедневных отметок.",8664,docs/source_of_truth/LifeOS_canon_v33.md
C13-033,Минус,C13,"ЗДОРОВЬЕ, СОН, ЭНЕРГИЯ, РУТИНЫ И ВОССТАНОВЛЕНИЕ",Life Domains / Wellbeing / Money / Family,Domains,/app/domains,PLAN_TBD_BY_ARTIFACT_AUDIT,"HealthSignal, Routine, Relationship, HomeItem, MoneyEvent, Trip, Meal, DomainPack",forbid / add regression guard,Домены не ломают ядро; каждый доменный объект — LifeObject с source/receipt/control/graph.,Один общий регулятор на всё,нельзя управлять всеми зонами жизни как одной и той же ручкой без учёта их разной инерции.,8670,docs/source_of_truth/LifeOS_canon_v33.md
C13-034,Функция,C13,"ЗДОРОВЬЕ, СОН, ЭНЕРГИЯ, РУТИНЫ И ВОССТАНОВЛЕНИЕ",Life Domains / Wellbeing / Money / Family,Domains,/app/domains,PLAN_TBD_BY_ARTIFACT_AUDIT,"HealthSignal, Routine, Relationship, HomeItem, MoneyEvent, Trip, Meal, DomainPack",implement as product capability,Домены не ломают ядро; каждый доменный объект — LifeObject с source/receipt/control/graph.,Управление лекарствами как рабочий контур,"приём лекарств должен жить как реальный жизненный процесс, а не только как разовое напоминание.",8676,docs/source_of_truth/LifeOS_canon_v33.md
C13-035,Функция,C13,"ЗДОРОВЬЕ, СОН, ЭНЕРГИЯ, РУТИНЫ И ВОССТАНОВЛЕНИЕ",Life Domains / Wellbeing / Money / Family,Domains,/app/domains,PLAN_TBD_BY_ARTIFACT_AUDIT,"HealthSignal, Routine, Relationship, HomeItem, MoneyEvent, Trip, Meal, DomainPack",implement as product capability,Домены не ломают ядро; каждый доменный объект — LifeObject с source/receipt/control/graph.,Предупреждение о взаимодействиях лекарств,при нескольких лекарствах и добавках системе нужен слой осторожных предупреждений о пересечениях.,8682,docs/source_of_truth/LifeOS_canon_v33.md
C13-036,Функция,C13,"ЗДОРОВЬЕ, СОН, ЭНЕРГИЯ, РУТИНЫ И ВОССТАНОВЛЕНИЕ",Life Domains / Wellbeing / Money / Family,Domains,/app/domains,PLAN_TBD_BY_ARTIFACT_AUDIT,"HealthSignal, Routine, Relationship, HomeItem, MoneyEvent, Trip, Meal, DomainPack",implement as product capability,Домены не ломают ядро; каждый доменный объект — LifeObject с source/receipt/control/graph.,Режим для сопровождающего,уход за собой и сопровождение другого человека — это разные сценарии здоровья.,8689,docs/source_of_truth/LifeOS_canon_v33.md
C13-037,Функция,C13,"ЗДОРОВЬЕ, СОН, ЭНЕРГИЯ, РУТИНЫ И ВОССТАНОВЛЕНИЕ",Life Domains / Wellbeing / Money / Family,Domains,/app/domains,PLAN_TBD_BY_ARTIFACT_AUDIT,"HealthSignal, Routine, Relationship, HomeItem, MoneyEvent, Trip, Meal, DomainPack",implement as product capability,Домены не ломают ядро; каждый доменный объект — LifeObject с source/receipt/control/graph.,Общий контур ухода за близким,в сложных семейных сценариях нужен общий слой ухода с ролями и напоминаниями.,8695,docs/source_of_truth/LifeOS_canon_v33.md
C13-038,Функция,C13,"ЗДОРОВЬЕ, СОН, ЭНЕРГИЯ, РУТИНЫ И ВОССТАНОВЛЕНИЕ",Life Domains / Wellbeing / Money / Family,Domains,/app/domains,PLAN_TBD_BY_ARTIFACT_AUDIT,"HealthSignal, Routine, Relationship, HomeItem, MoneyEvent, Trip, Meal, DomainPack",implement as product capability,Домены не ломают ядро; каждый доменный объект — LifeObject с source/receipt/control/graph.,Точечное вмешательство в нужный момент,"часть полезных подсказок должна приходить не по голому расписанию, а в точке, где они реально нужны.",8701,docs/source_of_truth/LifeOS_canon_v33.md
C13-039,Функция,C13,"ЗДОРОВЬЕ, СОН, ЭНЕРГИЯ, РУТИНЫ И ВОССТАНОВЛЕНИЕ",Life Domains / Wellbeing / Money / Family,Domains,/app/domains,PLAN_TBD_BY_ARTIFACT_AUDIT,"HealthSignal, Routine, Relationship, HomeItem, MoneyEvent, Trip, Meal, DomainPack",implement as product capability,Домены не ломают ядро; каждый доменный объект — LifeObject с source/receipt/control/graph.,Контур запаса и продления лекарств,"важна не только отметка приёма, но и понимание, когда препарат или рецепт заканчивается.",8707,docs/source_of_truth/LifeOS_canon_v33.md
C13-040,Функция,C13,"ЗДОРОВЬЕ, СОН, ЭНЕРГИЯ, РУТИНЫ И ВОССТАНОВЛЕНИЕ",Life Domains / Wellbeing / Money / Family,Domains,/app/domains,PLAN_TBD_BY_ARTIFACT_AUDIT,"HealthSignal, Routine, Relationship, HomeItem, MoneyEvent, Trip, Meal, DomainPack",implement as product capability,Домены не ломают ядро; каждый доменный объект — LifeObject с source/receipt/control/graph.,Привязка тренировки к питанию и белку,"контур нагрузки должен видеть не только факт тренировки, но и подпитку восстановления.",8713,docs/source_of_truth/LifeOS_canon_v33.md
C13-041,Функция,C13,"ЗДОРОВЬЕ, СОН, ЭНЕРГИЯ, РУТИНЫ И ВОССТАНОВЛЕНИЕ",Life Domains / Wellbeing / Money / Family,Domains,/app/domains,PLAN_TBD_BY_ARTIFACT_AUDIT,"HealthSignal, Routine, Relationship, HomeItem, MoneyEvent, Trip, Meal, DomainPack",implement as product capability,Домены не ломают ядро; каждый доменный объект — LifeObject с source/receipt/control/graph.,Первый час дня как отдельная зона дизайна поведения,начало дня должно существовать как особый ритуальный и поведенческий контур.,8719,docs/source_of_truth/LifeOS_canon_v33.md
C13-042,Функция,C13,"ЗДОРОВЬЕ, СОН, ЭНЕРГИЯ, РУТИНЫ И ВОССТАНОВЛЕНИЕ",Life Domains / Wellbeing / Money / Family,Domains,/app/domains,PLAN_TBD_BY_ARTIFACT_AUDIT,"HealthSignal, Routine, Relationship, HomeItem, MoneyEvent, Trip, Meal, DomainPack",implement as product capability,Домены не ломают ядро; каждый доменный объект — LifeObject с source/receipt/control/graph.,Связки привычек вокруг пробуждения,полезные утренние действия должны уметь сцепляться в естественную последовательность.,8725,docs/source_of_truth/LifeOS_canon_v33.md
C13-043,Функция,C13,"ЗДОРОВЬЕ, СОН, ЭНЕРГИЯ, РУТИНЫ И ВОССТАНОВЛЕНИЕ",Life Domains / Wellbeing / Money / Family,Domains,/app/domains,PLAN_TBD_BY_ARTIFACT_AUDIT,"HealthSignal, Routine, Relationship, HomeItem, MoneyEvent, Trip, Meal, DomainPack",implement as product capability,Домены не ломают ядро; каждый доменный объект — LifeObject с source/receipt/control/graph.,"Дневная заметка, приклеенная к рутине",рутинный контур должен уметь держать короткую заметку прямо внутри своего потока.,8731,docs/source_of_truth/LifeOS_canon_v33.md
C13-044,Функция,C13,"ЗДОРОВЬЕ, СОН, ЭНЕРГИЯ, РУТИНЫ И ВОССТАНОВЛЕНИЕ",Life Domains / Wellbeing / Money / Family,Domains,/app/domains,PLAN_TBD_BY_ARTIFACT_AUDIT,"HealthSignal, Routine, Relationship, HomeItem, MoneyEvent, Trip, Meal, DomainPack",implement as product capability,Домены не ломают ядро; каждый доменный объект — LifeObject с source/receipt/control/graph.,Пошаговые рутины,"рутина должна проживаться как последовательность шагов, а не только как чекбокс привычки.",8737,docs/source_of_truth/LifeOS_canon_v33.md
C13-045,Функция,C13,"ЗДОРОВЬЕ, СОН, ЭНЕРГИЯ, РУТИНЫ И ВОССТАНОВЛЕНИЕ",Life Domains / Wellbeing / Money / Family,Domains,/app/domains,PLAN_TBD_BY_ARTIFACT_AUDIT,"HealthSignal, Routine, Relationship, HomeItem, MoneyEvent, Trip, Meal, DomainPack",implement as product capability,Домены не ломают ядро; каждый доменный объект — LifeObject с source/receipt/control/graph.,Переходы и прогрессия внутри рутин,"внутри рутины нужна логика движения между шагами, а не только отметка «сделано».",8743,docs/source_of_truth/LifeOS_canon_v33.md
C13-046,Качество,C13,"ЗДОРОВЬЕ, СОН, ЭНЕРГИЯ, РУТИНЫ И ВОССТАНОВЛЕНИЕ",Life Domains / Wellbeing / Money / Family,Domains,/app/domains,PLAN_TBD_BY_ARTIFACT_AUDIT,"HealthSignal, Routine, Relationship, HomeItem, MoneyEvent, Trip, Meal, DomainPack",build as acceptance criterion,Домены не ломают ядро; каждый доменный объект — LifeObject с source/receipt/control/graph.,Поддерживающая и заботливая оболочка рутин,"повседневные рутины полезнее, когда они поданы как контур заботы о себе, а не как сухой строевой режим.",8749,docs/source_of_truth/LifeOS_canon_v33.md
C13-047,Функция,C13,"ЗДОРОВЬЕ, СОН, ЭНЕРГИЯ, РУТИНЫ И ВОССТАНОВЛЕНИЕ",Life Domains / Wellbeing / Money / Family,Domains,/app/domains,PLAN_TBD_BY_ARTIFACT_AUDIT,"HealthSignal, Routine, Relationship, HomeItem, MoneyEvent, Trip, Meal, DomainPack",implement as product capability,Домены не ломают ядро; каждый доменный объект — LifeObject с source/receipt/control/graph.,Индекс состояния,"система может собирать отдельный агрегированный индекс ресурса из сна, движения, стресса и перегруза.",8755,docs/source_of_truth/LifeOS_canon_v33.md
C13-048,Функция,C13,"ЗДОРОВЬЕ, СОН, ЭНЕРГИЯ, РУТИНЫ И ВОССТАНОВЛЕНИЕ",Today / Journal,Today,/app/today,"PLAN_TBD_BY_ARTIFACT_AUDIT, PLAN_TBD_BY_ARTIFACT_AUDIT","TodayPage, DailyReview, JournalEntry, NextAction, RecoveryPlan",implement as product capability,Today читает реальные notes/tasks/calendar/source links и не генерирует отдельную несвязанную реальность.,Журнал восстановления,"помимо общего дневника нужен отдельный лёгкий журнал сна, нагрузки и восстановления.",8762,docs/source_of_truth/LifeOS_canon_v33.md
C13-049,Функция,C13,"ЗДОРОВЬЕ, СОН, ЭНЕРГИЯ, РУТИНЫ И ВОССТАНОВЛЕНИЕ",Life Domains / Wellbeing / Money / Family,Domains,/app/domains,PLAN_TBD_BY_ARTIFACT_AUDIT,"HealthSignal, Routine, Relationship, HomeItem, MoneyEvent, Trip, Meal, DomainPack",implement as product capability,Домены не ломают ядро; каждый доменный объект — LifeObject с source/receipt/control/graph.,Косвенные сигналы состояния из голоса,система может использовать голосовые записи как дополнительный косвенный источник сигналов состояния.,8768,docs/source_of_truth/LifeOS_canon_v33.md
C13-050,Функция,C13,"ЗДОРОВЬЕ, СОН, ЭНЕРГИЯ, РУТИНЫ И ВОССТАНОВЛЕНИЕ",Life Domains / Wellbeing / Money / Family,Domains,/app/domains,PLAN_TBD_BY_ARTIFACT_AUDIT,"HealthSignal, Routine, Relationship, HomeItem, MoneyEvent, Trip, Meal, DomainPack",implement as product capability,Домены не ломают ядро; каждый доменный объект — LifeObject с source/receipt/control/graph.,Микро-советы для самочувствия,"в слое восстановления нужны маленькие уместные советы, а не большие программы.",8775,docs/source_of_truth/LifeOS_canon_v33.md
C13-051,Функция,C13,"ЗДОРОВЬЕ, СОН, ЭНЕРГИЯ, РУТИНЫ И ВОССТАНОВЛЕНИЕ",Providers / Local AI / Media / Screen,Providers,/app/providers,PLAN_TBD_BY_ARTIFACT_AUDIT,"ProviderBoundary, ModelProfile, MediaTranscriptJob, ScreenSession, DeviceSyncState",implement as product capability,"Никаких fake cloud/model/screen/VPN success; только readiness, preview, explicit setup/approval.",Нуджи при падении энергии,при заметном падении энергии система должна мягко подталкивать к щадящему режиму.,8781,docs/source_of_truth/LifeOS_canon_v33.md
C13-052,Функция,C13,"ЗДОРОВЬЕ, СОН, ЭНЕРГИЯ, РУТИНЫ И ВОССТАНОВЛЕНИЕ",Life Domains / Wellbeing / Money / Family,Domains,/app/domains,PLAN_TBD_BY_ARTIFACT_AUDIT,"HealthSignal, Routine, Relationship, HomeItem, MoneyEvent, Trip, Meal, DomainPack",implement as product capability,Домены не ломают ядро; каждый доменный объект — LifeObject с source/receipt/control/graph.,Опора на проверенные профилактические ориентиры,"контур чекапов должен опираться не на случайные советы, а на более надёжные профилактические ориентиры.",8787,docs/source_of_truth/LifeOS_canon_v33.md
C13-053,Функция,C13,"ЗДОРОВЬЕ, СОН, ЭНЕРГИЯ, РУТИНЫ И ВОССТАНОВЛЕНИЕ",Life Domains / Wellbeing / Money / Family,Domains,/app/domains,PLAN_TBD_BY_ARTIFACT_AUDIT,"HealthSignal, Routine, Relationship, HomeItem, MoneyEvent, Trip, Meal, DomainPack",implement as product capability,Домены не ломают ядро; каждый доменный объект — LifeObject с source/receipt/control/graph.,Ритуалы как отдельные объекты,"Ритуал — это не просто задача, а особый повторяемый сценарий с собственной логикой входа и завершения.",8793,docs/source_of_truth/LifeOS_canon_v33.md
C13-054,Функция,C13,"ЗДОРОВЬЕ, СОН, ЭНЕРГИЯ, РУТИНЫ И ВОССТАНОВЛЕНИЕ",Life Domains / Wellbeing / Money / Family,Domains,/app/domains,PLAN_TBD_BY_ARTIFACT_AUDIT,"HealthSignal, Routine, Relationship, HomeItem, MoneyEvent, Trip, Meal, DomainPack",implement as product capability,Домены не ломают ядро; каждый доменный объект — LifeObject с source/receipt/control/graph.,Предупреждения о сочетаниях лекарства с едой и алкоголем,"слой лекарств должен учитывать не только пересечения между препаратами, но и рискованные сочетания с едой и алкоголем.",8800,docs/source_of_truth/LifeOS_canon_v33.md
C13-055,Функция,C13,"ЗДОРОВЬЕ, СОН, ЭНЕРГИЯ, РУТИНЫ И ВОССТАНОВЛЕНИЕ",Life Domains / Wellbeing / Money / Family,Domains,/app/domains,PLAN_TBD_BY_ARTIFACT_AUDIT,"HealthSignal, Routine, Relationship, HomeItem, MoneyEvent, Trip, Meal, DomainPack",implement as product capability,Домены не ломают ядро; каждый доменный объект — LifeObject с source/receipt/control/graph.,Эскалация пропуска лекарства доверенному человеку,в режиме сопровождения пропуск критичного приёма должен уметь поднимать сигнал доверенному человеку.,8807,docs/source_of_truth/LifeOS_canon_v33.md
C13-056,Функция,C13,"ЗДОРОВЬЕ, СОН, ЭНЕРГИЯ, РУТИНЫ И ВОССТАНОВЛЕНИЕ",Life Domains / Wellbeing / Money / Family,Domains,/app/domains,PLAN_TBD_BY_ARTIFACT_AUDIT,"HealthSignal, Routine, Relationship, HomeItem, MoneyEvent, Trip, Meal, DomainPack",implement as product capability,Домены не ломают ядро; каждый доменный объект — LifeObject с source/receipt/control/graph.,Музыка и аудио как ритуал фокуса и восстановления,"музыкальные и звуковые контуры должны уметь поддерживать фокус, сон, прогулку, восстановление и мягкий старт дня.",8817,docs/source_of_truth/LifeOS_canon_v33.md
C13-057,Функция,C13,"ЗДОРОВЬЕ, СОН, ЭНЕРГИЯ, РУТИНЫ И ВОССТАНОВЛЕНИЕ",Life Domains / Wellbeing / Money / Family,Domains,/app/domains,PLAN_TBD_BY_ARTIFACT_AUDIT,"HealthSignal, Routine, Relationship, HomeItem, MoneyEvent, Trip, Meal, DomainPack",implement as product capability,Домены не ломают ядро; каждый доменный объект — LifeObject с source/receipt/control/graph.,Пищевой поток планировать -> купить -> приготовить -> съесть -> оценить,"еда должна жить как целый поток, а не как список рецептов или таблица калорий без жизни.",8823,docs/source_of_truth/LifeOS_canon_v33.md
C13-058,Функция,C13,"ЗДОРОВЬЕ, СОН, ЭНЕРГИЯ, РУТИНЫ И ВОССТАНОВЛЕНИЕ",Life Domains / Wellbeing / Money / Family,Domains,/app/domains,PLAN_TBD_BY_ARTIFACT_AUDIT,"HealthSignal, Routine, Relationship, HomeItem, MoneyEvent, Trip, Meal, DomainPack",implement as product capability,Домены не ломают ядро; каждый доменный объект — LifeObject с source/receipt/control/graph.,Энергетическая оценка питания и режима,"пищевые записи должны связываться с энергией, сном, рутиной и ощущением ресурса.",8829,docs/source_of_truth/LifeOS_canon_v33.md
C13-059,Функция,C13,"ЗДОРОВЬЕ, СОН, ЭНЕРГИЯ, РУТИНЫ И ВОССТАНОВЛЕНИЕ",Today / Journal,Today,/app/today,"PLAN_TBD_BY_ARTIFACT_AUDIT, PLAN_TBD_BY_ARTIFACT_AUDIT","TodayPage, DailyReview, JournalEntry, NextAction, RecoveryPlan",implement as product capability,Today читает реальные notes/tasks/calendar/source links и не генерирует отдельную несвязанную реальность.,Аудиоподдержка восстановления и сна,"должны существовать режимы аудио для восстановления, расслабления, сна, прогулки и переключения состояния.",8835,docs/source_of_truth/LifeOS_canon_v33.md
C13-060,Качество,C13,"ЗДОРОВЬЕ, СОН, ЭНЕРГИЯ, РУТИНЫ И ВОССТАНОВЛЕНИЕ",Life Domains / Wellbeing / Money / Family,Domains,/app/domains,PLAN_TBD_BY_ARTIFACT_AUDIT,"HealthSignal, Routine, Relationship, HomeItem, MoneyEvent, Trip, Meal, DomainPack",build as acceptance criterion,Домены не ломают ядро; каждый доменный объект — LifeObject с source/receipt/control/graph.,"Еда, аудио и состояние образуют единый контур восстановления","музыка, питание, ритуалы, сон и энергия должны усиливать друг друга в одном слое, а не жить как разрозненные приложения.",8841,docs/source_of_truth/LifeOS_canon_v33.md
C14-001,Качество,C14,ОТНОШЕНИЯ И БЛИЗКИЙ КРУГ,Life Domains / Wellbeing / Money / Family,Domains,/app/domains,PLAN_TBD_BY_ARTIFACT_AUDIT,"HealthSignal, Routine, Relationship, HomeItem, MoneyEvent, Trip, Meal, DomainPack",build as acceptance criterion,Домены не ломают ядро; каждый доменный объект — LifeObject с source/receipt/control/graph.,Лёгкий слой отношений,"отношения должны жить как отдельный слой жизни, но без превращения в тяжёлую систему учёта людей.",8851,docs/source_of_truth/LifeOS_canon_v33.md
C14-002,Качество,C14,ОТНОШЕНИЯ И БЛИЗКИЙ КРУГ,Life Domains / Wellbeing / Money / Family,Domains,/app/domains,PLAN_TBD_BY_ARTIFACT_AUDIT,"HealthSignal, Routine, Relationship, HomeItem, MoneyEvent, Trip, Meal, DomainPack",build as acceptance criterion,Домены не ломают ядро; каждый доменный объект — LifeObject с source/receipt/control/graph.,Деликатный слой без псевдотерапии,"слой отношений должен быть бережным, но не брать на себя роль терапевта, медиатора или судьи.",8857,docs/source_of_truth/LifeOS_canon_v33.md
C14-003,Функция,C14,ОТНОШЕНИЯ И БЛИЗКИЙ КРУГ,LifeGraph / Entities,Graph,/app/graph,"PLAN_TBD_BY_ARTIFACT_AUDIT, PLAN_TBD_BY_ARTIFACT_AUDIT","GraphNode, GraphEdge, Entity, EntityCandidate, RelationshipReason",implement as product capability,Graph edge имеет source/provenance/confidence; можно скрыть/исправить связь через безопасный preview.,Карточка важного человека,"по близкому человеку нужен короткий жизненный контур, который реально помогает не терять связь.",8863,docs/source_of_truth/LifeOS_canon_v33.md
C14-004,Функция,C14,ОТНОШЕНИЯ И БЛИЗКИЙ КРУГ,Life Domains / Wellbeing / Money / Family,Domains,/app/domains,PLAN_TBD_BY_ARTIFACT_AUDIT,"HealthSignal, Routine, Relationship, HomeItem, MoneyEvent, Trip, Meal, DomainPack",implement as product capability,Домены не ломают ядро; каждый доменный объект — LifeObject с source/receipt/control/graph.,Очередь социальных хвостов,продукт должен собирать «кому ответить» и «куда вернуться» в отдельный спокойный список.,8869,docs/source_of_truth/LifeOS_canon_v33.md
C14-005,Функция,C14,ОТНОШЕНИЯ И БЛИЗКИЙ КРУГ,Life Domains / Wellbeing / Money / Family,Domains,/app/domains,PLAN_TBD_BY_ARTIFACT_AUDIT,"HealthSignal, Routine, Relationship, HomeItem, MoneyEvent, Trip, Meal, DomainPack",implement as product capability,Домены не ломают ядро; каждый доменный объект — LifeObject с source/receipt/control/graph.,Календарь отношений,"отношениям нужен мягкий ритм поддержки, а не только реакция на ссоры и провалы.",8875,docs/source_of_truth/LifeOS_canon_v33.md
C14-006,Функция,C14,ОТНОШЕНИЯ И БЛИЗКИЙ КРУГ,Providers / Local AI / Media / Screen,Providers,/app/providers,PLAN_TBD_BY_ARTIFACT_AUDIT,"ProviderBoundary, ModelProfile, MediaTranscriptJob, ScreenSession, DeviceSyncState",implement as product capability,"Никаких fake cloud/model/screen/VPN success; только readiness, preview, explicit setup/approval.",Карта социальной энергии,"важно видеть, после кого и какого общения человеку легче, а после чего тяжелее.",8881,docs/source_of_truth/LifeOS_canon_v33.md
C14-007,Функция,C14,ОТНОШЕНИЯ И БЛИЗКИЙ КРУГ,Life Domains / Wellbeing / Money / Family,Domains,/app/domains,PLAN_TBD_BY_ARTIFACT_AUDIT,"HealthSignal, Routine, Relationship, HomeItem, MoneyEvent, Trip, Meal, DomainPack",implement as product capability,Домены не ломают ядро; каждый доменный объект — LifeObject с source/receipt/control/graph.,Метки людей по эффекту и формату,"близкий круг полезно различать не только по имени, но и по реальному влиянию на жизнь.",8887,docs/source_of_truth/LifeOS_canon_v33.md
C14-008,Функция,C14,ОТНОШЕНИЯ И БЛИЗКИЙ КРУГ,Life Domains / Wellbeing / Money / Family,Domains,/app/domains,PLAN_TBD_BY_ARTIFACT_AUDIT,"HealthSignal, Routine, Relationship, HomeItem, MoneyEvent, Trip, Meal, DomainPack",implement as product capability,Домены не ломают ядро; каждый доменный объект — LifeObject с source/receipt/control/graph.,Подготовка трудного разговора,"перед сложным разговором нужен короткий подготовительный контур, а не вход в конфликт вслепую.",8893,docs/source_of_truth/LifeOS_canon_v33.md
C14-009,Функция,C14,ОТНОШЕНИЯ И БЛИЗКИЙ КРУГ,Life Domains / Wellbeing / Money / Family,Domains,/app/domains,PLAN_TBD_BY_ARTIFACT_AUDIT,"HealthSignal, Routine, Relationship, HomeItem, MoneyEvent, Trip, Meal, DomainPack",implement as product capability,Домены не ломают ядро; каждый доменный объект — LifeObject с source/receipt/control/graph.,След после разговора,после важного разговора должен оставаться короткий рабочий след результата.,8900,docs/source_of_truth/LifeOS_canon_v33.md
C14-010,Функция,C14,ОТНОШЕНИЯ И БЛИЗКИЙ КРУГ,Life Domains / Wellbeing / Money / Family,Domains,/app/domains,PLAN_TBD_BY_ARTIFACT_AUDIT,"HealthSignal, Routine, Relationship, HomeItem, MoneyEvent, Trip, Meal, DomainPack",implement as product capability,Домены не ломают ядро; каждый доменный объект — LifeObject с source/receipt/control/graph.,Доверенные люди в потоке дня,"близкие и доверенные люди должны быть встроены в повседневный день, а не жить отдельно от него.",8906,docs/source_of_truth/LifeOS_canon_v33.md
C14-011,Функция,C14,ОТНОШЕНИЯ И БЛИЗКИЙ КРУГ,Life Domains / Wellbeing / Money / Family,Domains,/app/domains,PLAN_TBD_BY_ARTIFACT_AUDIT,"HealthSignal, Routine, Relationship, HomeItem, MoneyEvent, Trip, Meal, DomainPack",implement as product capability,Домены не ломают ядро; каждый доменный объект — LifeObject с source/receipt/control/graph.,Общие окна близкого круга,"семье, паре или близкому кругу нужны видимые совместные окна времени.",8912,docs/source_of_truth/LifeOS_canon_v33.md
C14-012,Функция,C14,ОТНОШЕНИЯ И БЛИЗКИЙ КРУГ,Life Domains / Wellbeing / Money / Family,Domains,/app/domains,PLAN_TBD_BY_ARTIFACT_AUDIT,"HealthSignal, Routine, Relationship, HomeItem, MoneyEvent, Trip, Meal, DomainPack",implement as product capability,Домены не ломают ядро; каждый доменный объект — LifeObject с source/receipt/control/graph.,Совместные обязательства,обещания и повторяющиеся договорённости с близкими должны жить как отдельные объекты.,8918,docs/source_of_truth/LifeOS_canon_v33.md
C14-013,Функция,C14,ОТНОШЕНИЯ И БЛИЗКИЙ КРУГ,Life Domains / Wellbeing / Money / Family,Domains,/app/domains,PLAN_TBD_BY_ARTIFACT_AUDIT,"HealthSignal, Routine, Relationship, HomeItem, MoneyEvent, Trip, Meal, DomainPack",implement as product capability,Домены не ломают ядро; каждый доменный объект — LifeObject с source/receipt/control/graph.,Социальный конфликт → упрощение дня,"напряжение в отношениях должно влиять на нагрузку дня, а не игнорироваться системой.",8924,docs/source_of_truth/LifeOS_canon_v33.md
C14-014,Функция,C14,ОТНОШЕНИЯ И БЛИЗКИЙ КРУГ,Life Domains / Wellbeing / Money / Family,Domains,/app/domains,PLAN_TBD_BY_ARTIFACT_AUDIT,"HealthSignal, Routine, Relationship, HomeItem, MoneyEvent, Trip, Meal, DomainPack",implement as product capability,Домены не ломают ядро; каждый доменный объект — LifeObject с source/receipt/control/graph.,Гигиена окружения,"человеку полезно бережно видеть, кто его поддерживает, а где среда стабильно вредит.",8930,docs/source_of_truth/LifeOS_canon_v33.md
C14-015,Минус,C14,ОТНОШЕНИЯ И БЛИЗКИЙ КРУГ,Providers / Local AI / Media / Screen,Providers,/app/providers,PLAN_TBD_BY_ARTIFACT_AUDIT,"ProviderBoundary, ModelProfile, MediaTranscriptJob, ScreenSession, DeviceSyncState",forbid / add regression guard,"Никаких fake cloud/model/screen/VPN success; только readiness, preview, explicit setup/approval.",Социальная сеть вместо слоя координации,"слой отношений ломается, если превращается в ленту, публичность и бесконечные реакции.",8936,docs/source_of_truth/LifeOS_canon_v33.md
C14-016,Минус,C14,ОТНОШЕНИЯ И БЛИЗКИЙ КРУГ,Life Domains / Wellbeing / Money / Family,Domains,/app/domains,PLAN_TBD_BY_ARTIFACT_AUDIT,"HealthSignal, Routine, Relationship, HomeItem, MoneyEvent, Trip, Meal, DomainPack",forbid / add regression guard,Домены не ломают ядро; каждый доменный объект — LifeObject с source/receipt/control/graph.,Диагнозы и моральные приговоры отношениям,"система не должна объявлять человека «токсичным», «неправым» или «вредящим» как установленный факт.",8942,docs/source_of_truth/LifeOS_canon_v33.md
C14-017,Минус,C14,ОТНОШЕНИЯ И БЛИЗКИЙ КРУГ,Life Domains / Wellbeing / Money / Family,Domains,/app/domains,PLAN_TBD_BY_ARTIFACT_AUDIT,"HealthSignal, Routine, Relationship, HomeItem, MoneyEvent, Trip, Meal, DomainPack",forbid / add regression guard,Домены не ломают ядро; каждый доменный объект — LifeObject с source/receipt/control/graph.,Тяжёлый социальный слой,слишком глубокий и насыщенный слой отношений рано перегружает продукт и пользователя.,8948,docs/source_of_truth/LifeOS_canon_v33.md
C14-018,Минус,C14,ОТНОШЕНИЯ И БЛИЗКИЙ КРУГ,Life Domains / Wellbeing / Money / Family,Domains,/app/domains,PLAN_TBD_BY_ARTIFACT_AUDIT,"HealthSignal, Routine, Relationship, HomeItem, MoneyEvent, Trip, Meal, DomainPack",forbid / add regression guard,Домены не ломают ядро; каждый доменный объект — LifeObject с source/receipt/control/graph.,Обязательная внешняя подотчётность,"внешний свидетель прогресса может быть полезен, но не должен становиться обязательной нормой.",8954,docs/source_of_truth/LifeOS_canon_v33.md
C14-019,Функция,C14,ОТНОШЕНИЯ И БЛИЗКИЙ КРУГ,Providers / Local AI / Media / Screen,Providers,/app/providers,PLAN_TBD_BY_ARTIFACT_AUDIT,"ProviderBoundary, ModelProfile, MediaTranscriptJob, ScreenSession, DeviceSyncState",implement as product capability,"Никаких fake cloud/model/screen/VPN success; только readiness, preview, explicit setup/approval.",Неизменяемая нить чувствительной координации,в конфликтных и юридически чувствительных сценариях переписка должна сохранять целостность.,8960,docs/source_of_truth/LifeOS_canon_v33.md
C14-020,Функция,C14,ОТНОШЕНИЯ И БЛИЗКИЙ КРУГ,Life Domains / Wellbeing / Money / Family,Domains,/app/domains,PLAN_TBD_BY_ARTIFACT_AUDIT,"HealthSignal, Routine, Relationship, HomeItem, MoneyEvent, Trip, Meal, DomainPack",implement as product capability,Домены не ломают ядро; каждый доменный объект — LifeObject с source/receipt/control/graph.,Метка первого прочтения,"важно видеть не только отправку сообщения, но и факт первого просмотра другой стороной.",8966,docs/source_of_truth/LifeOS_canon_v33.md
C14-021,Функция,C14,ОТНОШЕНИЯ И БЛИЗКИЙ КРУГ,Life Domains / Wellbeing / Money / Family,Domains,/app/domains,PLAN_TBD_BY_ARTIFACT_AUDIT,"HealthSignal, Routine, Relationship, HomeItem, MoneyEvent, Trip, Meal, DomainPack",implement as product capability,Домены не ломают ядро; каждый доменный объект — LifeObject с source/receipt/control/graph.,Журнал общих расходов с чеками,совместные траты в отношениях должны иметь доказательный и понятный след.,8972,docs/source_of_truth/LifeOS_canon_v33.md
C14-022,Функция,C14,ОТНОШЕНИЯ И БЛИЗКИЙ КРУГ,Life Domains / Wellbeing / Money / Family,Domains,/app/domains,PLAN_TBD_BY_ARTIFACT_AUDIT,"HealthSignal, Routine, Relationship, HomeItem, MoneyEvent, Trip, Meal, DomainPack",implement as product capability,Домены не ломают ядро; каждый доменный объект — LifeObject с source/receipt/control/graph.,Пользовательские правила деления общих расходов,"не все совместные траты делятся одинаково, и это нужно настраивать отдельно.",8978,docs/source_of_truth/LifeOS_canon_v33.md
C14-023,Функция,C14,ОТНОШЕНИЯ И БЛИЗКИЙ КРУГ,Life Domains / Wellbeing / Money / Family,Domains,/app/domains,PLAN_TBD_BY_ARTIFACT_AUDIT,"HealthSignal, Routine, Relationship, HomeItem, MoneyEvent, Trip, Meal, DomainPack",implement as product capability,Домены не ломают ядро; каждый доменный объект — LifeObject с source/receipt/control/graph.,Выгружаемый отчёт по конфликтному или семейному контуру,"в тяжёлых сценариях нужен аккуратный выгружаемый след договорённостей, сообщений и общих расходов.",8984,docs/source_of_truth/LifeOS_canon_v33.md
C14-024,Функция,C14,ОТНОШЕНИЯ И БЛИЗКИЙ КРУГ,Data Control / Trust / Privacy,Control,/app/control,"PLAN_TBD_BY_ARTIFACT_AUDIT, PLAN_TBD_BY_ARTIFACT_AUDIT","Receipt, DataControlItem, AuditEvent, ExportJob, DeletePreview, PrivacyZone, PermissionGrant",implement as product capability,Любое изменение имеет receipt; destructive действия только preview + confirmation boundary.,Смягчение тона конфликтного сообщения,перед отправкой резкой фразы продукт может помочь сделать её безопаснее по тону.,8990,docs/source_of_truth/LifeOS_canon_v33.md
C14-025,Функция,C14,ОТНОШЕНИЯ И БЛИЗКИЙ КРУГ,Kernel / OS Spine,Core / invisible OS spine,/app/system,PLAN_TBD_BY_ARTIFACT_AUDIT,"LifeObject, SourceRef, Receipt, AuditEvent, PolicyBoundary, GraphEdge",implement as product capability,Все сущности имеют общий id/state/source/receipt/graph refs; ни одна секция не хранит отдельные fake arrays.,Контур совместной заботы и раздельного родительства,"для ухода, ребёнка или сложной семейной логистики нужен отдельный мягкий контур координации.",8996,docs/source_of_truth/LifeOS_canon_v33.md
C14-026,Функция,C14,ОТНОШЕНИЯ И БЛИЗКИЙ КРУГ,Life Domains / Wellbeing / Money / Family,Domains,/app/domains,PLAN_TBD_BY_ARTIFACT_AUDIT,"HealthSignal, Routine, Relationship, HomeItem, MoneyEvent, Trip, Meal, DomainPack",implement as product capability,Домены не ломают ядро; каждый доменный объект — LifeObject с source/receipt/control/graph.,Радар дней рождения и подарков,близкому кругу нужен отдельный слой памятных дат и маленьких социальных обязательств.,9002,docs/source_of_truth/LifeOS_canon_v33.md
C14-027,Функция,C14,ОТНОШЕНИЯ И БЛИЗКИЙ КРУГ,Life Domains / Wellbeing / Money / Family,Domains,/app/domains,PLAN_TBD_BY_ARTIFACT_AUDIT,"HealthSignal, Routine, Relationship, HomeItem, MoneyEvent, Trip, Meal, DomainPack",implement as product capability,Домены не ломают ядро; каждый доменный объект — LifeObject с source/receipt/control/graph.,Мягкий ремонт отношений после ссоры,"после конфликта нужен не только след спора, но и короткий путь бережного возврата к связи.",9008,docs/source_of_truth/LifeOS_canon_v33.md
C14-028,Функция,C14,ОТНОШЕНИЯ И БЛИЗКИЙ КРУГ,Life Domains / Wellbeing / Money / Family,Domains,/app/domains,PLAN_TBD_BY_ARTIFACT_AUDIT,"HealthSignal, Routine, Relationship, HomeItem, MoneyEvent, Trip, Meal, DomainPack",implement as product capability,Домены не ломают ядро; каждый доменный объект — LifeObject с source/receipt/control/graph.,Мягкий внешний свидетель прогресса,"человек должен иметь возможность подключить друга, партнёра или ментора без превращения слоя отношений в соцсеть.",9014,docs/source_of_truth/LifeOS_canon_v33.md
C14-029,Функция,C14,ОТНОШЕНИЯ И БЛИЗКИЙ КРУГ,Life Domains / Wellbeing / Money / Family,Domains,/app/domains,PLAN_TBD_BY_ARTIFACT_AUDIT,"HealthSignal, Routine, Relationship, HomeItem, MoneyEvent, Trip, Meal, DomainPack",implement as product capability,Домены не ломают ядро; каждый доменный объект — LifeObject с source/receipt/control/graph.,Важные совместные дела близкого круга,"у близких есть не только общие обещания, но и конкретные важные совместные дела, которые нельзя терять.",9020,docs/source_of_truth/LifeOS_canon_v33.md
C14-030,Функция,C14,ОТНОШЕНИЯ И БЛИЗКИЙ КРУГ,Life Domains / Wellbeing / Money / Family,Domains,/app/domains,PLAN_TBD_BY_ARTIFACT_AUDIT,"HealthSignal, Routine, Relationship, HomeItem, MoneyEvent, Trip, Meal, DomainPack",implement as product capability,Домены не ломают ядро; каждый доменный объект — LifeObject с source/receipt/control/graph.,Неотложные темы с близкими,срочные или чувствительные темы близкого круга должны быть видимы отдельно от всего остального.,9026,docs/source_of_truth/LifeOS_canon_v33.md
C14-031,Функция,C14,ОТНОШЕНИЯ И БЛИЗКИЙ КРУГ,Providers / Local AI / Media / Screen,Providers,/app/providers,PLAN_TBD_BY_ARTIFACT_AUDIT,"ProviderBoundary, ModelProfile, MediaTranscriptJob, ScreenSession, DeviceSyncState",implement as product capability,"Никаких fake cloud/model/screen/VPN success; только readiness, preview, explicit setup/approval.",Временный шаринг локации близкому человеку,"для позднего возвращения, поездки или тревожного маршрута нужен временный режим передачи текущей локации близкому человеку.",9032,docs/source_of_truth/LifeOS_canon_v33.md
C14-032,Функция,C14,ОТНОШЕНИЯ И БЛИЗКИЙ КРУГ,Providers / Local AI / Media / Screen,Providers,/app/providers,PLAN_TBD_BY_ARTIFACT_AUDIT,"ProviderBoundary, ModelProfile, MediaTranscriptJob, ScreenSession, DeviceSyncState",implement as product capability,"Никаких fake cloud/model/screen/VPN success; только readiness, preview, explicit setup/approval.",Автоотключаемый режим совместной геопозиции,совместная геопозиция должна сама выключаться по завершении окна или прибытии.,9039,docs/source_of_truth/LifeOS_canon_v33.md
C14-033,Функция,C14,ОТНОШЕНИЯ И БЛИЗКИЙ КРУГ,Life Domains / Wellbeing / Money / Family,Domains,/app/domains,PLAN_TBD_BY_ARTIFACT_AUDIT,"HealthSignal, Routine, Relationship, HomeItem, MoneyEvent, Trip, Meal, DomainPack",implement as product capability,Домены не ломают ядро; каждый доменный объект — LifeObject с source/receipt/control/graph.,Скрытые превью чувствительных нитей общения,для конфликтных и чувствительных разговоров уведомления должны уметь скрывать превью текста на экране.,9045,docs/source_of_truth/LifeOS_canon_v33.md
C14-034,Функция,C14,ОТНОШЕНИЯ И БЛИЗКИЙ КРУГ,LifeGraph / Entities,Graph,/app/graph,"PLAN_TBD_BY_ARTIFACT_AUDIT, PLAN_TBD_BY_ARTIFACT_AUDIT","GraphNode, GraphEdge, Entity, EntityCandidate, RelationshipReason",implement as product capability,Graph edge имеет source/provenance/confidence; можно скрыть/исправить связь через безопасный preview.,Карта людей и близкого круга,"система должна уметь держать живую карту людей, ролей, близости, частоты контакта и значимых связей.",9054,docs/source_of_truth/LifeOS_canon_v33.md
C14-035,Функция,C14,ОТНОШЕНИЯ И БЛИЗКИЙ КРУГ,Life Domains / Wellbeing / Money / Family,Domains,/app/domains,PLAN_TBD_BY_ARTIFACT_AUDIT,"HealthSignal, Routine, Relationship, HomeItem, MoneyEvent, Trip, Meal, DomainPack",implement as product capability,Домены не ломают ядро; каждый доменный объект — LifeObject с source/receipt/control/graph.,Знакомства и подбор по явно выбранным критериям,"должен существовать добровольный слой знакомства и подбора людей по открыто выбранным критериям, интересам и форматам контакта.",9060,docs/source_of_truth/LifeOS_canon_v33.md
C14-036,Функция,C14,ОТНОШЕНИЯ И БЛИЗКИЙ КРУГ,Life Domains / Wellbeing / Money / Family,Domains,/app/domains,PLAN_TBD_BY_ARTIFACT_AUDIT,"HealthSignal, Routine, Relationship, HomeItem, MoneyEvent, Trip, Meal, DomainPack",implement as product capability,Домены не ломают ядро; каждый доменный объект — LifeObject с source/receipt/control/graph.,Отдельный профиль знакомств,"контур знакомства должен иметь собственный профиль, отличённый от личной жизни, памяти и скрытых внутренних слоёв.",9066,docs/source_of_truth/LifeOS_canon_v33.md
C14-037,Функция,C14,ОТНОШЕНИЯ И БЛИЗКИЙ КРУГ,Life Domains / Wellbeing / Money / Family,Domains,/app/domains,PLAN_TBD_BY_ARTIFACT_AUDIT,"HealthSignal, Routine, Relationship, HomeItem, MoneyEvent, Trip, Meal, DomainPack",implement as product capability,Домены не ломают ядро; каждый доменный объект — LifeObject с source/receipt/control/graph.,"Группы, клубы и сообщества","люди должны уметь собираться в клубы, группы и микро-сообщества вокруг интересов, событий, книг, практик и маршрутов.",9072,docs/source_of_truth/LifeOS_canon_v33.md
C14-038,Функция,C14,ОТНОШЕНИЯ И БЛИЗКИЙ КРУГ,Life Domains / Wellbeing / Money / Family,Domains,/app/domains,PLAN_TBD_BY_ARTIFACT_AUDIT,"HealthSignal, Routine, Relationship, HomeItem, MoneyEvent, Trip, Meal, DomainPack",implement as product capability,Домены не ломают ядро; каждый доменный объект — LifeObject с source/receipt/control/graph.,Организация встреч между людьми и группами,"контур отношений должен уметь доводить общение до реальной встречи, мероприятия или совместного действия.",9078,docs/source_of_truth/LifeOS_canon_v33.md
C14-039,Функция,C14,ОТНОШЕНИЯ И БЛИЗКИЙ КРУГ,Life Domains / Wellbeing / Money / Family,Domains,/app/domains,PLAN_TBD_BY_ARTIFACT_AUDIT,"HealthSignal, Routine, Relationship, HomeItem, MoneyEvent, Trip, Meal, DomainPack",implement as product capability,Домены не ломают ядро; каждый доменный объект — LifeObject с source/receipt/control/graph.,Отзывы и сигналы доверия по взаимодействию,"после встречи, курса, события или групповой активности могут накапливаться сигналы доверия и полезности взаимодействия.",9084,docs/source_of_truth/LifeOS_canon_v33.md
C14-040,Качество,C14,ОТНОШЕНИЯ И БЛИЗКИЙ КРУГ,Life Domains / Wellbeing / Money / Family,Domains,/app/domains,PLAN_TBD_BY_ARTIFACT_AUDIT,"HealthSignal, Routine, Relationship, HomeItem, MoneyEvent, Trip, Meal, DomainPack",build as acceptance criterion,Домены не ломают ядро; каждый доменный объект — LifeObject с source/receipt/control/graph.,"Социальный слой усиливает жизнь, а не высасывает внимание","отношения, события, форумы и знакомства должны подталкивать к реальной ценности, а не к бессмысленному скроллу и шуму.",9090,docs/source_of_truth/LifeOS_canon_v33.md
C15-001,Качество,C15,"ДОМ, СЕМЬЯ, БЫТ И ИНВЕНТАРЬ",Life Domains / Wellbeing / Money / Family,Domains,/app/domains,PLAN_TBD_BY_ARTIFACT_AUDIT,"HealthSignal, Routine, Relationship, HomeItem, MoneyEvent, Trip, Meal, DomainPack",build as acceptance criterion,Домены не ломают ядро; каждый доменный объект — LifeObject с source/receipt/control/graph.,Дом как операционный слой,"дом должен ощущаться как целостный бытовой контур, а не как набор разрозненных списков.",9100,docs/source_of_truth/LifeOS_canon_v33.md
C15-002,Качество,C15,"ДОМ, СЕМЬЯ, БЫТ И ИНВЕНТАРЬ",Life Domains / Wellbeing / Money / Family,Domains,/app/domains,PLAN_TBD_BY_ARTIFACT_AUDIT,"HealthSignal, Routine, Relationship, HomeItem, MoneyEvent, Trip, Meal, DomainPack",build as acceptance criterion,Домены не ломают ядро; каждый доменный объект — LifeObject с source/receipt/control/graph.,Бытовой домен поверх общего ядра,"семья и быт должны жить на том же ядре, что и остальная жизнь, а не как отдельное приложение.",9106,docs/source_of_truth/LifeOS_canon_v33.md
C15-003,Функция,C15,"ДОМ, СЕМЬЯ, БЫТ И ИНВЕНТАРЬ",Life Domains / Wellbeing / Money / Family,Domains,/app/domains,PLAN_TBD_BY_ARTIFACT_AUDIT,"HealthSignal, Routine, Relationship, HomeItem, MoneyEvent, Trip, Meal, DomainPack",implement as product capability,Домены не ломают ядро; каждый доменный объект — LifeObject с source/receipt/control/graph.,Семейный аккаунт с ролями,дому нужен общий контейнер с участниками и разными правами доступа.,9112,docs/source_of_truth/LifeOS_canon_v33.md
C15-004,Функция,C15,"ДОМ, СЕМЬЯ, БЫТ И ИНВЕНТАРЬ",Life Domains / Wellbeing / Money / Family,Domains,/app/domains,PLAN_TBD_BY_ARTIFACT_AUDIT,"HealthSignal, Routine, Relationship, HomeItem, MoneyEvent, Trip, Meal, DomainPack",implement as product capability,Домены не ломают ядро; каждый доменный объект — LifeObject с source/receipt/control/graph.,Лёгкий доступ для участников семьи,участие в домашнем слое не должно требовать тяжёлой отдельной настройки каждому.,9118,docs/source_of_truth/LifeOS_canon_v33.md
C15-005,Функция,C15,"ДОМ, СЕМЬЯ, БЫТ И ИНВЕНТАРЬ",Life Domains / Wellbeing / Money / Family,Domains,/app/domains,PLAN_TBD_BY_ARTIFACT_AUDIT,"HealthSignal, Routine, Relationship, HomeItem, MoneyEvent, Trip, Meal, DomainPack",implement as product capability,Домены не ломают ядро; каждый доменный объект — LifeObject с source/receipt/control/graph.,Общий домашний обзор,"дому нужен один главный экран, где читается вся бытовая ситуация.",9124,docs/source_of_truth/LifeOS_canon_v33.md
C15-006,Функция,C15,"ДОМ, СЕМЬЯ, БЫТ И ИНВЕНТАРЬ",Life Domains / Wellbeing / Money / Family,Domains,/app/domains,PLAN_TBD_BY_ARTIFACT_AUDIT,"HealthSignal, Routine, Relationship, HomeItem, MoneyEvent, Trip, Meal, DomainPack",implement as product capability,Домены не ломают ядро; каждый доменный объект — LifeObject с source/receipt/control/graph.,Семейный дайджест,"семье нужна короткая сводка недели или дня, а не постоянное ручное сверение в чате.",9130,docs/source_of_truth/LifeOS_canon_v33.md
C15-007,Функция,C15,"ДОМ, СЕМЬЯ, БЫТ И ИНВЕНТАРЬ",Life Domains / Wellbeing / Money / Family,Domains,/app/domains,PLAN_TBD_BY_ARTIFACT_AUDIT,"HealthSignal, Routine, Relationship, HomeItem, MoneyEvent, Trip, Meal, DomainPack",implement as product capability,Домены не ломают ядро; каждый доменный объект — LifeObject с source/receipt/control/graph.,Общий бытовой список покупок,повседневные домашние покупки должны синхронизироваться между людьми без трения.,9136,docs/source_of_truth/LifeOS_canon_v33.md
C15-008,Функция,C15,"ДОМ, СЕМЬЯ, БЫТ И ИНВЕНТАРЬ",Life Domains / Wellbeing / Money / Family,Domains,/app/domains,PLAN_TBD_BY_ARTIFACT_AUDIT,"HealthSignal, Routine, Relationship, HomeItem, MoneyEvent, Trip, Meal, DomainPack",implement as product capability,Домены не ломают ядро; каждый доменный объект — LifeObject с source/receipt/control/graph.,"Контур покупок по шаблонам, отделам и магазинам",общий список покупок должен быть удобным в реальном походе в магазин.,9142,docs/source_of_truth/LifeOS_canon_v33.md
C15-009,Функция,C15,"ДОМ, СЕМЬЯ, БЫТ И ИНВЕНТАРЬ",Life Domains / Wellbeing / Money / Family,Domains,/app/domains,PLAN_TBD_BY_ARTIFACT_AUDIT,"HealthSignal, Routine, Relationship, HomeItem, MoneyEvent, Trip, Meal, DomainPack",implement as product capability,Домены не ломают ядро; каждый доменный объект — LifeObject с source/receipt/control/graph.,Живой совместный список,"общий список должен ощущаться как живая координация, а не как мёртвая заметка.",9148,docs/source_of_truth/LifeOS_canon_v33.md
C15-010,Функция,C15,"ДОМ, СЕМЬЯ, БЫТ И ИНВЕНТАРЬ",Life Domains / Wellbeing / Money / Family,Domains,/app/domains,PLAN_TBD_BY_ARTIFACT_AUDIT,"HealthSignal, Routine, Relationship, HomeItem, MoneyEvent, Trip, Meal, DomainPack",implement as product capability,Домены не ломают ядро; каждый доменный объект — LifeObject с source/receipt/control/graph.,Видимость бытовой нагрузки,домашние дела должны быть распределены видимо и честно.,9154,docs/source_of_truth/LifeOS_canon_v33.md
C15-011,Функция,C15,"ДОМ, СЕМЬЯ, БЫТ И ИНВЕНТАРЬ",Life Domains / Wellbeing / Money / Family,Domains,/app/domains,PLAN_TBD_BY_ARTIFACT_AUDIT,"HealthSignal, Routine, Relationship, HomeItem, MoneyEvent, Trip, Meal, DomainPack",implement as product capability,Домены не ломают ядро; каждый доменный объект — LifeObject с source/receipt/control/graph.,Повторяющиеся бытовые обязательства,домашняя рутина должна жить как отдельный повторяющийся контур.,9160,docs/source_of_truth/LifeOS_canon_v33.md
C15-012,Функция,C15,"ДОМ, СЕМЬЯ, БЫТ И ИНВЕНТАРЬ",Life Domains / Wellbeing / Money / Family,Domains,/app/domains,PLAN_TBD_BY_ARTIFACT_AUDIT,"HealthSignal, Routine, Relationship, HomeItem, MoneyEvent, Trip, Meal, DomainPack",implement as product capability,Домены не ломают ядро; каждый доменный объект — LifeObject с source/receipt/control/graph.,Поддержание дома по состоянию,"дом лучше обслуживать по текущему состоянию, а не по чувству просроченной вины.",9166,docs/source_of_truth/LifeOS_canon_v33.md
C15-013,Функция,C15,"ДОМ, СЕМЬЯ, БЫТ И ИНВЕНТАРЬ",Life Domains / Wellbeing / Money / Family,Domains,/app/domains,PLAN_TBD_BY_ARTIFACT_AUDIT,"HealthSignal, Routine, Relationship, HomeItem, MoneyEvent, Trip, Meal, DomainPack",implement as product capability,Домены не ломают ядро; каждый доменный объект — LifeObject с source/receipt/control/graph.,Мягкое окно поддержания дома,"бытовая рутина должна приходить как удобное окно действия, а не как красная тревога.",9172,docs/source_of_truth/LifeOS_canon_v33.md
C15-014,Функция,C15,"ДОМ, СЕМЬЯ, БЫТ И ИНВЕНТАРЬ",Life Domains / Wellbeing / Money / Family,Domains,/app/domains,PLAN_TBD_BY_ARTIFACT_AUDIT,"HealthSignal, Routine, Relationship, HomeItem, MoneyEvent, Trip, Meal, DomainPack",implement as product capability,Домены не ломают ядро; каждый доменный объект — LifeObject с source/receipt/control/graph.,График уборки по комнатам,"поддержание дома проще, когда оно разбито по комнатам и зонам.",9178,docs/source_of_truth/LifeOS_canon_v33.md
C15-015,Функция,C15,"ДОМ, СЕМЬЯ, БЫТ И ИНВЕНТАРЬ",Life Domains / Wellbeing / Money / Family,Domains,/app/domains,PLAN_TBD_BY_ARTIFACT_AUDIT,"HealthSignal, Routine, Relationship, HomeItem, MoneyEvent, Trip, Meal, DomainPack",implement as product capability,Домены не ломают ядро; каждый доменный объект — LifeObject с source/receipt/control/graph.,Дневной домашний чек-лист,из общего бытового контура должен рождаться короткий список действий на сегодня.,9184,docs/source_of_truth/LifeOS_canon_v33.md
C15-016,Функция,C15,"ДОМ, СЕМЬЯ, БЫТ И ИНВЕНТАРЬ",Life Domains / Wellbeing / Money / Family,Domains,/app/domains,PLAN_TBD_BY_ARTIFACT_AUDIT,"HealthSignal, Routine, Relationship, HomeItem, MoneyEvent, Trip, Meal, DomainPack",implement as product capability,Домены не ломают ядро; каждый доменный объект — LifeObject с source/receipt/control/graph.,Хранилище домашних документов,"документы дома должны лежать рядом со сроками, напоминаниями и контекстом семьи.",9190,docs/source_of_truth/LifeOS_canon_v33.md
C15-017,Функция,C15,"ДОМ, СЕМЬЯ, БЫТ И ИНВЕНТАРЬ",Life Domains / Wellbeing / Money / Family,Domains,/app/domains,PLAN_TBD_BY_ARTIFACT_AUDIT,"HealthSignal, Routine, Relationship, HomeItem, MoneyEvent, Trip, Meal, DomainPack",implement as product capability,Домены не ломают ядро; каждый доменный объект — LifeObject с source/receipt/control/graph.,Визуальный инвентарь,"вещи дома должны читаться как наглядная карта, а не как складская таблица.",9196,docs/source_of_truth/LifeOS_canon_v33.md
C15-018,Функция,C15,"ДОМ, СЕМЬЯ, БЫТ И ИНВЕНТАРЬ",Life Domains / Wellbeing / Money / Family,Domains,/app/domains,PLAN_TBD_BY_ARTIFACT_AUDIT,"HealthSignal, Routine, Relationship, HomeItem, MoneyEvent, Trip, Meal, DomainPack",implement as product capability,Домены не ломают ядро; каждый доменный объект — LifeObject с source/receipt/control/graph.,Карточки вещей,"отдельным предметам нужны свои карточки, а не безликие строки.",9202,docs/source_of_truth/LifeOS_canon_v33.md
C15-019,Функция,C15,"ДОМ, СЕМЬЯ, БЫТ И ИНВЕНТАРЬ",Life Domains / Wellbeing / Money / Family,Domains,/app/domains,PLAN_TBD_BY_ARTIFACT_AUDIT,"HealthSignal, Routine, Relationship, HomeItem, MoneyEvent, Trip, Meal, DomainPack",implement as product capability,Домены не ломают ядро; каждый доменный объект — LifeObject с source/receipt/control/graph.,"Комнаты, контейнеры и документы вещей","вещь должна быть связана и с местом хранения, и с документами на неё.",9208,docs/source_of_truth/LifeOS_canon_v33.md
C15-020,Функция,C15,"ДОМ, СЕМЬЯ, БЫТ И ИНВЕНТАРЬ",Life Domains / Wellbeing / Money / Family,Domains,/app/domains,PLAN_TBD_BY_ARTIFACT_AUDIT,"HealthSignal, Routine, Relationship, HomeItem, MoneyEvent, Trip, Meal, DomainPack",implement as product capability,Домены не ломают ядро; каждый доменный объект — LifeObject с source/receipt/control/graph.,Скан ярлыка коробки,"по ярлыку нужно быстро понимать, что лежит внутри коробки или контейнера.",9214,docs/source_of_truth/LifeOS_canon_v33.md
C15-021,Функция,C15,"ДОМ, СЕМЬЯ, БЫТ И ИНВЕНТАРЬ",Life Domains / Wellbeing / Money / Family,Domains,/app/domains,PLAN_TBD_BY_ARTIFACT_AUDIT,"HealthSignal, Routine, Relationship, HomeItem, MoneyEvent, Trip, Meal, DomainPack",implement as product capability,Домены не ломают ядро; каждый доменный объект — LifeObject с source/receipt/control/graph.,Безопасное прибытие и домашние безопасные зоны,"семье иногда нужен мягкий сигнал, что близкий человек добрался до нужного места.",9220,docs/source_of_truth/LifeOS_canon_v33.md
C15-022,Функция,C15,"ДОМ, СЕМЬЯ, БЫТ И ИНВЕНТАРЬ",Life Domains / Wellbeing / Money / Family,Domains,/app/domains,PLAN_TBD_BY_ARTIFACT_AUDIT,"HealthSignal, Routine, Relationship, HomeItem, MoneyEvent, Trip, Meal, DomainPack",implement as product capability,Домены не ломают ядро; каждый доменный объект — LifeObject с source/receipt/control/graph.,Устойчивая петля домашних напоминаний,важные бытовые обязательства не должны исчезать после одного сигнала.,9227,docs/source_of_truth/LifeOS_canon_v33.md
C15-023,Функция,C15,"ДОМ, СЕМЬЯ, БЫТ И ИНВЕНТАРЬ",Life Domains / Wellbeing / Money / Family,Domains,/app/domains,PLAN_TBD_BY_ARTIFACT_AUDIT,"HealthSignal, Routine, Relationship, HomeItem, MoneyEvent, Trip, Meal, DomainPack",implement as product capability,Домены не ломают ядро; каждый доменный объект — LifeObject с source/receipt/control/graph.,Дела → ответственность,"домашние действия могут связываться с реальной ответственностью, а не только с галочкой.",9233,docs/source_of_truth/LifeOS_canon_v33.md
C15-024,Минус,C15,"ДОМ, СЕМЬЯ, БЫТ И ИНВЕНТАРЬ",Life Domains / Wellbeing / Money / Family,Domains,/app/domains,PLAN_TBD_BY_ARTIFACT_AUDIT,"HealthSignal, Routine, Relationship, HomeItem, MoneyEvent, Trip, Meal, DomainPack",forbid / add regression guard,Домены не ломают ядро; каждый доменный объект — LifeObject с source/receipt/control/graph.,Домашний контур не должен подменять весь продукт,даже очень сильный бытовой режим остаётся только одним доменом LifeOS.,9239,docs/source_of_truth/LifeOS_canon_v33.md
C15-025,Минус,C15,"ДОМ, СЕМЬЯ, БЫТ И ИНВЕНТАРЬ",Life Domains / Wellbeing / Money / Family,Domains,/app/domains,PLAN_TBD_BY_ARTIFACT_AUDIT,"HealthSignal, Routine, Relationship, HomeItem, MoneyEvent, Trip, Meal, DomainPack",forbid / add regression guard,Домены не ломают ядро; каждый доменный объект — LifeObject с source/receipt/control/graph.,Семья не должна становиться машиной контроля,"семейный слой вреден, если превращается в дисциплинарную систему давления.",9245,docs/source_of_truth/LifeOS_canon_v33.md
C15-026,Минус,C15,"ДОМ, СЕМЬЯ, БЫТ И ИНВЕНТАРЬ",Life Domains / Wellbeing / Money / Family,Domains,/app/domains,PLAN_TBD_BY_ARTIFACT_AUDIT,"HealthSignal, Routine, Relationship, HomeItem, MoneyEvent, Trip, Meal, DomainPack",forbid / add regression guard,Домены не ломают ядро; каждый доменный объект — LifeObject с source/receipt/control/graph.,Инвентарь не должен становиться складским учётом,домашний учёт вещей должен оставаться человеческим и лёгким.,9251,docs/source_of_truth/LifeOS_canon_v33.md
C15-027,Минус,C15,"ДОМ, СЕМЬЯ, БЫТ И ИНВЕНТАРЬ",Life Domains / Wellbeing / Money / Family,Domains,/app/domains,PLAN_TBD_BY_ARTIFACT_AUDIT,"HealthSignal, Routine, Relationship, HomeItem, MoneyEvent, Trip, Meal, DomainPack",forbid / add regression guard,Домены не ломают ядро; каждый доменный объект — LifeObject с source/receipt/control/graph.,Уборка не должна съедать весь бытовой слой,"чистота важна, но домашний домен шире уборки.",9257,docs/source_of_truth/LifeOS_canon_v33.md
C15-028,Функция,C15,"ДОМ, СЕМЬЯ, БЫТ И ИНВЕНТАРЬ",Life Domains / Wellbeing / Money / Family,Domains,/app/domains,PLAN_TBD_BY_ARTIFACT_AUDIT,"HealthSignal, Routine, Relationship, HomeItem, MoneyEvent, Trip, Meal, DomainPack",implement as product capability,Домены не ломают ядро; каждый доменный объект — LifeObject с source/receipt/control/graph.,Жизненная админка дома,"бытовая административная жизнь должна быть собрана в одном месте, а не разорвана по заметкам, почте и файлам.",9263,docs/source_of_truth/LifeOS_canon_v33.md
C15-029,Функция,C15,"ДОМ, СЕМЬЯ, БЫТ И ИНВЕНТАРЬ",Life Domains / Wellbeing / Money / Family,Domains,/app/domains,PLAN_TBD_BY_ARTIFACT_AUDIT,"HealthSignal, Routine, Relationship, HomeItem, MoneyEvent, Trip, Meal, DomainPack",implement as product capability,Домены не ломают ядро; каждый доменный объект — LifeObject с source/receipt/control/graph.,Календарь обслуживаний и сервисов дома,обслуживающие хвосты дома должны жить во времени как отдельные обязательства.,9269,docs/source_of_truth/LifeOS_canon_v33.md
C15-030,Функция,C15,"ДОМ, СЕМЬЯ, БЫТ И ИНВЕНТАРЬ",Life Domains / Wellbeing / Money / Family,Domains,/app/domains,PLAN_TBD_BY_ARTIFACT_AUDIT,"HealthSignal, Routine, Relationship, HomeItem, MoneyEvent, Trip, Meal, DomainPack",implement as product capability,Домены не ломают ядро; каждый доменный объект — LifeObject с source/receipt/control/graph.,Папка семейных сроков и продлений,"часть домашней админки — это именно сроки окончания, продления и обязательных действий.",9275,docs/source_of_truth/LifeOS_canon_v33.md
C15-031,Функция,C15,"ДОМ, СЕМЬЯ, БЫТ И ИНВЕНТАРЬ",Life Domains / Wellbeing / Money / Family,Domains,/app/domains,PLAN_TBD_BY_ARTIFACT_AUDIT,"HealthSignal, Routine, Relationship, HomeItem, MoneyEvent, Trip, Meal, DomainPack",implement as product capability,Домены не ломают ядро; каждый доменный объект — LifeObject с source/receipt/control/graph.,Поощрения за домашний вклад,"домашние обязанности могут иметь отдельный слой награды, чтобы вклад семьи был видимым.",9281,docs/source_of_truth/LifeOS_canon_v33.md
C15-032,Функция,C15,"ДОМ, СЕМЬЯ, БЫТ И ИНВЕНТАРЬ",Life Domains / Wellbeing / Money / Family,Domains,/app/domains,PLAN_TBD_BY_ARTIFACT_AUDIT,"HealthSignal, Routine, Relationship, HomeItem, MoneyEvent, Trip, Meal, DomainPack",implement as product capability,Домены не ломают ядро; каждый доменный объект — LifeObject с source/receipt/control/graph.,Привилегии как часть семейной ответственности,в семейном слое привилегии могут зависеть от выполненных обязанностей как отдельный механизм.,9287,docs/source_of_truth/LifeOS_canon_v33.md
C15-033,Функция,C15,"ДОМ, СЕМЬЯ, БЫТ И ИНВЕНТАРЬ",Life Domains / Wellbeing / Money / Family,Domains,/app/domains,PLAN_TBD_BY_ARTIFACT_AUDIT,"HealthSignal, Routine, Relationship, HomeItem, MoneyEvent, Trip, Meal, DomainPack",implement as product capability,Домены не ломают ядро; каждый доменный объект — LifeObject с source/receipt/control/graph.,Семейный чат внутри бытовой координации,"короткие бытовые сообщения семье нужны прямо в домашнем контуре, а не в оторванном мессенджере.",9293,docs/source_of_truth/LifeOS_canon_v33.md
C15-034,Функция,C15,"ДОМ, СЕМЬЯ, БЫТ И ИНВЕНТАРЬ",Life Domains / Wellbeing / Money / Family,Domains,/app/domains,PLAN_TBD_BY_ARTIFACT_AUDIT,"HealthSignal, Routine, Relationship, HomeItem, MoneyEvent, Trip, Meal, DomainPack",implement as product capability,Домены не ломают ядро; каждый доменный объект — LifeObject с source/receipt/control/graph.,Таймлайн переезда,переезд должен собираться как отдельный временный домашний контур.,9299,docs/source_of_truth/LifeOS_canon_v33.md
C15-035,Функция,C15,"ДОМ, СЕМЬЯ, БЫТ И ИНВЕНТАРЬ",Life Domains / Wellbeing / Money / Family,Domains,/app/domains,PLAN_TBD_BY_ARTIFACT_AUDIT,"HealthSignal, Routine, Relationship, HomeItem, MoneyEvent, Trip, Meal, DomainPack",implement as product capability,Домены не ломают ядро; каждый доменный объект — LifeObject с source/receipt/control/graph.,Коммунальные и мусорные ритмы,"часть домашней жизни — это фиксированные ритмы, которые нельзя постоянно вспоминать вручную.",9305,docs/source_of_truth/LifeOS_canon_v33.md
C15-036,Функция,C15,"ДОМ, СЕМЬЯ, БЫТ И ИНВЕНТАРЬ",Life Domains / Wellbeing / Money / Family,Domains,/app/domains,PLAN_TBD_BY_ARTIFACT_AUDIT,"HealthSignal, Routine, Relationship, HomeItem, MoneyEvent, Trip, Meal, DomainPack",implement as product capability,Домены не ломают ядро; каждый доменный объект — LifeObject с source/receipt/control/graph.,Сообщения школы и ребёнка → напоминания и задачи,детские и школьные сообщения не должны растворяться в общем потоке.,9311,docs/source_of_truth/LifeOS_canon_v33.md
C15-037,Функция,C15,"ДОМ, СЕМЬЯ, БЫТ И ИНВЕНТАРЬ",Life Domains / Wellbeing / Money / Family,Domains,/app/domains,PLAN_TBD_BY_ARTIFACT_AUDIT,"HealthSignal, Routine, Relationship, HomeItem, MoneyEvent, Trip, Meal, DomainPack",implement as product capability,Домены не ломают ядро; каждый доменный объект — LifeObject с source/receipt/control/graph.,"Обслуживание дома, привязанное к реальным объектам","домашние напоминания должны быть привязаны к конкретной технике, фильтру или объекту, а не висеть в вакууме.",9317,docs/source_of_truth/LifeOS_canon_v33.md
C15-038,Функция,C15,"ДОМ, СЕМЬЯ, БЫТ И ИНВЕНТАРЬ",Life Domains / Wellbeing / Money / Family,Domains,/app/domains,PLAN_TBD_BY_ARTIFACT_AUDIT,"HealthSignal, Routine, Relationship, HomeItem, MoneyEvent, Trip, Meal, DomainPack",implement as product capability,Домены не ломают ядро; каждый доменный объект — LifeObject с source/receipt/control/graph.,Радар отзывов и опасных вещей дома,"инвентарь может использоваться не только для учёта, но и для сигналов безопасности.",9323,docs/source_of_truth/LifeOS_canon_v33.md
C15-039,Функция,C15,"ДОМ, СЕМЬЯ, БЫТ И ИНВЕНТАРЬ",Life Domains / Wellbeing / Money / Family,Domains,/app/domains,PLAN_TBD_BY_ARTIFACT_AUDIT,"HealthSignal, Routine, Relationship, HomeItem, MoneyEvent, Trip, Meal, DomainPack",implement as product capability,Домены не ломают ядро; каждый доменный объект — LifeObject с source/receipt/control/graph.,Кошелёк карт лояльности внутри контура покупок,"бытовой слой покупок может хранить не только список, но и полезные магазинные атрибуты.",9329,docs/source_of_truth/LifeOS_canon_v33.md
C15-040,Функция,C15,"ДОМ, СЕМЬЯ, БЫТ И ИНВЕНТАРЬ",Life Domains / Wellbeing / Money / Family,Domains,/app/domains,PLAN_TBD_BY_ARTIFACT_AUDIT,"HealthSignal, Routine, Relationship, HomeItem, MoneyEvent, Trip, Meal, DomainPack",implement as product capability,Домены не ломают ядро; каждый доменный объект — LifeObject с source/receipt/control/graph.,Семейный набор непрерывности и ЧС,дому нужен отдельный спокойный контур подготовки к сбоям и чрезвычайным ситуациям.,9335,docs/source_of_truth/LifeOS_canon_v33.md
C15-041,Функция,C15,"ДОМ, СЕМЬЯ, БЫТ И ИНВЕНТАРЬ",Life Domains / Wellbeing / Money / Family,Domains,/app/domains,PLAN_TBD_BY_ARTIFACT_AUDIT,"HealthSignal, Routine, Relationship, HomeItem, MoneyEvent, Trip, Meal, DomainPack",implement as product capability,Домены не ломают ядро; каждый доменный объект — LifeObject с source/receipt/control/graph.,Пресеты состояния дома,"дому нужны быстрые режимы с разной бытовой логикой, а не один и тот же интерфейс на все случаи.",9341,docs/source_of_truth/LifeOS_canon_v33.md
C15-042,Функция,C15,"ДОМ, СЕМЬЯ, БЫТ И ИНВЕНТАРЬ",Life Domains / Wellbeing / Money / Family,Domains,/app/domains,PLAN_TBD_BY_ARTIFACT_AUDIT,"HealthSignal, Routine, Relationship, HomeItem, MoneyEvent, Trip, Meal, DomainPack",implement as product capability,Домены не ломают ядро; каждый доменный объект — LifeObject с source/receipt/control/graph.,Сфотографировал шильдик → карточка прибора,"домашняя техника должна быстро входить в систему через фото реального прибора, а не только ручной ввод.",9347,docs/source_of_truth/LifeOS_canon_v33.md
C15-043,Функция,C15,"ДОМ, СЕМЬЯ, БЫТ И ИНВЕНТАРЬ",Life Domains / Wellbeing / Money / Family,Domains,/app/domains,PLAN_TBD_BY_ARTIFACT_AUDIT,"HealthSignal, Routine, Relationship, HomeItem, MoneyEvent, Trip, Meal, DomainPack",implement as product capability,Домены не ломают ядро; каждый доменный объект — LifeObject с source/receipt/control/graph.,Гарантийные и сервисные окна домашних вещей,"для техники и крупных покупок нужен отдельный слой сроков гарантии, сервиса и важных окон действия.",9353,docs/source_of_truth/LifeOS_canon_v33.md
C15-044,Функция,C15,"ДОМ, СЕМЬЯ, БЫТ И ИНВЕНТАРЬ",Life Domains / Wellbeing / Money / Family,Domains,/app/domains,PLAN_TBD_BY_ARTIFACT_AUDIT,"HealthSignal, Routine, Relationship, HomeItem, MoneyEvent, Trip, Meal, DomainPack",implement as product capability,Домены не ломают ядро; каждый доменный объект — LifeObject с source/receipt/control/graph.,"Поиск по коробке, предмету и ключевому слову","слой хранения вещей должен позволять быстро найти, где лежит вещь, не листая вручную весь список контейнеров.",9359,docs/source_of_truth/LifeOS_canon_v33.md
C15-045,Функция,C15,"ДОМ, СЕМЬЯ, БЫТ И ИНВЕНТАРЬ",Life Domains / Wellbeing / Money / Family,Domains,/app/domains,PLAN_TBD_BY_ARTIFACT_AUDIT,"HealthSignal, Routine, Relationship, HomeItem, MoneyEvent, Trip, Meal, DomainPack",implement as product capability,Домены не ломают ядро; каждый доменный объект — LifeObject с source/receipt/control/graph.,"Группы, подгруппы, владелец и стоимость вещи","инвентарь должен знать не только что лежит дома, но и как предметы группируются, кому принадлежат и какой у них ориентир стоимости.",9365,docs/source_of_truth/LifeOS_canon_v33.md
C15-046,Функция,C15,"ДОМ, СЕМЬЯ, БЫТ И ИНВЕНТАРЬ",Life Domains / Wellbeing / Money / Family,Domains,/app/domains,PLAN_TBD_BY_ARTIFACT_AUDIT,"HealthSignal, Routine, Relationship, HomeItem, MoneyEvent, Trip, Meal, DomainPack",implement as product capability,Домены не ломают ядро; каждый доменный объект — LifeObject с source/receipt/control/graph.,Автоматический сброс домашних дел с пересчётом следующей даты,"Повторяющиеся бытовые дела должны после выполнения автоматически пересчитывать следующий показ, чтобы контур дома жил своим ритмом без ручной пересборки.",9372,docs/source_of_truth/LifeOS_canon_v33.md
C15-047,Функция,C15,"ДОМ, СЕМЬЯ, БЫТ И ИНВЕНТАРЬ",Life Domains / Wellbeing / Money / Family,Domains,/app/domains,PLAN_TBD_BY_ARTIFACT_AUDIT,"HealthSignal, Routine, Relationship, HomeItem, MoneyEvent, Trip, Meal, DomainPack",implement as product capability,Домены не ломают ядро; каждый доменный объект — LifeObject с source/receipt/control/graph.,Голосовое добавление в общий семейный список,"общий бытовой список должен принимать новые позиции голосом так же легко, как текстом.",9378,docs/source_of_truth/LifeOS_canon_v33.md
C15-048,Функция,C15,"ДОМ, СЕМЬЯ, БЫТ И ИНВЕНТАРЬ",Life Domains / Wellbeing / Money / Family,Domains,/app/domains,PLAN_TBD_BY_ARTIFACT_AUDIT,"HealthSignal, Routine, Relationship, HomeItem, MoneyEvent, Trip, Meal, DomainPack",implement as product capability,Домены не ломают ядро; каждый доменный объект — LifeObject с source/receipt/control/graph.,Повторяющиеся недельные списки покупок и быта,повторяемые семейные закупки и бытовые наборы должны переиспользоваться по неделям без пересборки с нуля.,9384,docs/source_of_truth/LifeOS_canon_v33.md
C15-049,Функция,C15,"ДОМ, СЕМЬЯ, БЫТ И ИНВЕНТАРЬ",Life Domains / Wellbeing / Money / Family,Domains,/app/domains,PLAN_TBD_BY_ARTIFACT_AUDIT,"HealthSignal, Routine, Relationship, HomeItem, MoneyEvent, Trip, Meal, DomainPack",implement as product capability,Домены не ломают ядро; каждый доменный объект — LifeObject с source/receipt/control/graph.,Приглашение участника семьи по коду или быстрому коду,"подключение ребёнка, пожилого родственника или временного участника должно быть очень простым и контролируемым.",9390,docs/source_of_truth/LifeOS_canon_v33.md
C15-050,Функция,C15,"ДОМ, СЕМЬЯ, БЫТ И ИНВЕНТАРЬ",Life Domains / Wellbeing / Money / Family,Domains,/app/domains,PLAN_TBD_BY_ARTIFACT_AUDIT,"HealthSignal, Routine, Relationship, HomeItem, MoneyEvent, Trip, Meal, DomainPack",implement as product capability,Домены не ломают ядро; каждый доменный объект — LifeObject с source/receipt/control/graph.,Инвентарь вещей и связанных документов,"домашние и личные объекты должны храниться вместе с фото, гарантиями, инструкциями, чеками и историей.",9400,docs/source_of_truth/LifeOS_canon_v33.md
C15-051,Функция,C15,"ДОМ, СЕМЬЯ, БЫТ И ИНВЕНТАРЬ",Life Domains / Wellbeing / Money / Family,Domains,/app/domains,PLAN_TBD_BY_ARTIFACT_AUDIT,"HealthSignal, Routine, Relationship, HomeItem, MoneyEvent, Trip, Meal, DomainPack",implement as product capability,Домены не ломают ядро; каждый доменный объект — LifeObject с source/receipt/control/graph.,"Запасы, pantry и сроки хранения","система должна уметь держать запасы еды и быта, сроки годности, расход и потребность в пополнении.",9406,docs/source_of_truth/LifeOS_canon_v33.md
C15-052,Функция,C15,"ДОМ, СЕМЬЯ, БЫТ И ИНВЕНТАРЬ",Life Domains / Wellbeing / Money / Family,Domains,/app/domains,PLAN_TBD_BY_ARTIFACT_AUDIT,"HealthSignal, Routine, Relationship, HomeItem, MoneyEvent, Trip, Meal, DomainPack",implement as product capability,Домены не ломают ядро; каждый доменный объект — LifeObject с source/receipt/control/graph.,Совместное домашнее пространство,"семья или домохозяйство должны уметь работать с вещами, задачами, покупками и событиями в одном общем пространстве.",9412,docs/source_of_truth/LifeOS_canon_v33.md
C15-053,Качество,C15,"ДОМ, СЕМЬЯ, БЫТ И ИНВЕНТАРЬ",Life Domains / Wellbeing / Money / Family,Domains,/app/domains,PLAN_TBD_BY_ARTIFACT_AUDIT,"HealthSignal, Routine, Relationship, HomeItem, MoneyEvent, Trip, Meal, DomainPack",build as acceptance criterion,Домены не ломают ядро; каждый доменный объект — LifeObject с source/receipt/control/graph.,Домашний слой встроен в общий артефактный позвоночник,"инвентарь, еда, документы и совместные задачи не должны жить отдельным бытовым мини-продуктом.",9418,docs/source_of_truth/LifeOS_canon_v33.md
C16-001,Качество,C16,"ДЕНЬГИ, ЕДА И ПОЕЗДКИ",Life Domains / Wellbeing / Money / Family,Domains,/app/domains,PLAN_TBD_BY_ARTIFACT_AUDIT,"HealthSignal, Routine, Relationship, HomeItem, MoneyEvent, Trip, Meal, DomainPack",build as acceptance criterion,Домены не ломают ядро; каждый доменный объект — LifeObject с source/receipt/control/graph.,Деньги как система поведения,"финансовый слой должен менять решения и привычки, а не быть статичным отчётом.",9428,docs/source_of_truth/LifeOS_canon_v33.md
C16-002,Качество,C16,"ДЕНЬГИ, ЕДА И ПОЕЗДКИ",Life Domains / Wellbeing / Money / Family,Domains,/app/domains,PLAN_TBD_BY_ARTIFACT_AUDIT,"HealthSignal, Routine, Relationship, HomeItem, MoneyEvent, Trip, Meal, DomainPack",build as acceptance criterion,Домены не ломают ядро; каждый доменный объект — LifeObject с source/receipt/control/graph.,Лёгкий финансовый слой,"ранние деньги в LifeOS должны быть полезными, но не превращаться в тяжёлую бухгалтерию.",9434,docs/source_of_truth/LifeOS_canon_v33.md
C16-003,Качество,C16,"ДЕНЬГИ, ЕДА И ПОЕЗДКИ",Life Domains / Wellbeing / Money / Family,Domains,/app/domains,PLAN_TBD_BY_ARTIFACT_AUDIT,"HealthSignal, Routine, Relationship, HomeItem, MoneyEvent, Trip, Meal, DomainPack",build as acceptance criterion,Домены не ломают ядро; каждый доменный объект — LifeObject с source/receipt/control/graph.,Еда как поток «план → купить → приготовить»,"питание должно быть бытовым конвейером, а не хаосом рецептов и списков.",9440,docs/source_of_truth/LifeOS_canon_v33.md
C16-004,Качество,C16,"ДЕНЬГИ, ЕДА И ПОЕЗДКИ",Life Domains / Wellbeing / Money / Family,Domains,/app/domains,PLAN_TBD_BY_ARTIFACT_AUDIT,"HealthSignal, Routine, Relationship, HomeItem, MoneyEvent, Trip, Meal, DomainPack",build as acceptance criterion,Домены не ломают ядро; каждый доменный объект — LifeObject с source/receipt/control/graph.,Поездка как один объект,"поездка должна собираться в единый маршрут, а не рассыпаться по письмам, чатам и заметкам.",9446,docs/source_of_truth/LifeOS_canon_v33.md
C16-005,Функция,C16,"ДЕНЬГИ, ЕДА И ПОЕЗДКИ",Life Domains / Wellbeing / Money / Family,Domains,/app/domains,PLAN_TBD_BY_ARTIFACT_AUDIT,"HealthSignal, Routine, Relationship, HomeItem, MoneyEvent, Trip, Meal, DomainPack",implement as product capability,Домены не ломают ядро; каждый доменный объект — LifeObject с source/receipt/control/graph.,Расходы как отдельные события,"трата должна храниться как отдельная единица, а не как безликая сумма в конце месяца.",9452,docs/source_of_truth/LifeOS_canon_v33.md
C16-006,Функция,C16,"ДЕНЬГИ, ЕДА И ПОЕЗДКИ",Life Domains / Wellbeing / Money / Family,Domains,/app/domains,PLAN_TBD_BY_ARTIFACT_AUDIT,"HealthSignal, Routine, Relationship, HomeItem, MoneyEvent, Trip, Meal, DomainPack",implement as product capability,Домены не ломают ядро; каждый доменный объект — LifeObject с source/receipt/control/graph.,Категории и чёрные дыры расходов,"деньгам нужен слой повторяющихся утечек, а не только список трат.",9458,docs/source_of_truth/LifeOS_canon_v33.md
C16-007,Функция,C16,"ДЕНЬГИ, ЕДА И ПОЕЗДКИ",Life Domains / Wellbeing / Money / Family,Domains,/app/domains,PLAN_TBD_BY_ARTIFACT_AUDIT,"HealthSignal, Routine, Relationship, HomeItem, MoneyEvent, Trip, Meal, DomainPack",implement as product capability,Домены не ломают ядро; каждый доменный объект — LifeObject с source/receipt/control/graph.,Подписки,повторяющиеся списания должны собираться в отдельный управляемый слой.,9464,docs/source_of_truth/LifeOS_canon_v33.md
C16-008,Функция,C16,"ДЕНЬГИ, ЕДА И ПОЕЗДКИ",Life Domains / Wellbeing / Money / Family,Domains,/app/domains,PLAN_TBD_BY_ARTIFACT_AUDIT,"HealthSignal, Routine, Relationship, HomeItem, MoneyEvent, Trip, Meal, DomainPack",implement as product capability,Домены не ломают ядро; каждый доменный объект — LifeObject с source/receipt/control/graph.,Счета и сроки оплаты,обязательные платежи должны быть видимы как конкретные объекты со сроками.,9470,docs/source_of_truth/LifeOS_canon_v33.md
C16-009,Функция,C16,"ДЕНЬГИ, ЕДА И ПОЕЗДКИ",Life Domains / Wellbeing / Money / Family,Domains,/app/domains,PLAN_TBD_BY_ARTIFACT_AUDIT,"HealthSignal, Routine, Relationship, HomeItem, MoneyEvent, Trip, Meal, DomainPack",implement as product capability,Домены не ломают ядро; каждый доменный объект — LifeObject с source/receipt/control/graph.,Календарь обязательств,"денежные обязательства должны жить во времени, а не только в списке.",9476,docs/source_of_truth/LifeOS_canon_v33.md
C16-010,Функция,C16,"ДЕНЬГИ, ЕДА И ПОЕЗДКИ",Today / Journal,Today,/app/today,"PLAN_TBD_BY_ARTIFACT_AUDIT, PLAN_TBD_BY_ARTIFACT_AUDIT","TodayPage, DailyReview, JournalEntry, NextAction, RecoveryPlan",implement as product capability,Today читает реальные notes/tasks/calendar/source links и не генерирует отдельную несвязанную реальность.,Прогноз денег до следующего дохода,"нужен взгляд вперёд, а не только текущий баланс на сегодня.",9482,docs/source_of_truth/LifeOS_canon_v33.md
C16-011,Функция,C16,"ДЕНЬГИ, ЕДА И ПОЕЗДКИ",Today / Journal,Today,/app/today,"PLAN_TBD_BY_ARTIFACT_AUDIT, PLAN_TBD_BY_ARTIFACT_AUDIT","TodayPage, DailyReview, JournalEntry, NextAction, RecoveryPlan",implement as product capability,Today читает реальные notes/tasks/calendar/source links и не генерирует отдельную несвязанную реальность.,Безопасный остаток,"человеку нужна одна цифра, сколько реально можно потратить без срыва обязательств.",9488,docs/source_of_truth/LifeOS_canon_v33.md
C16-012,Функция,C16,"ДЕНЬГИ, ЕДА И ПОЕЗДКИ",Life Domains / Wellbeing / Money / Family,Domains,/app/domains,PLAN_TBD_BY_ARTIFACT_AUDIT,"HealthSignal, Routine, Relationship, HomeItem, MoneyEvent, Trip, Meal, DomainPack",implement as product capability,Домены не ломают ядро; каждый доменный объект — LifeObject с source/receipt/control/graph.,Цели накоплений,"накопления должны быть не абстрактным желанием, а управляемой целью.",9494,docs/source_of_truth/LifeOS_canon_v33.md
C16-013,Функция,C16,"ДЕНЬГИ, ЕДА И ПОЕЗДКИ",Life Domains / Wellbeing / Money / Family,Domains,/app/domains,PLAN_TBD_BY_ARTIFACT_AUDIT,"HealthSignal, Routine, Relationship, HomeItem, MoneyEvent, Trip, Meal, DomainPack",implement as product capability,Домены не ломают ядро; каждый доменный объект — LifeObject с source/receipt/control/graph.,Долги и стратегия погашения,"долгам нужен не только список, но и понятный план закрытия.",9500,docs/source_of_truth/LifeOS_canon_v33.md
C16-014,Функция,C16,"ДЕНЬГИ, ЕДА И ПОЕЗДКИ",Today / Journal,Today,/app/today,"PLAN_TBD_BY_ARTIFACT_AUDIT, PLAN_TBD_BY_ARTIFACT_AUDIT","TodayPage, DailyReview, JournalEntry, NextAction, RecoveryPlan",implement as product capability,Today читает реальные notes/tasks/calendar/source links и не генерирует отдельную несвязанную реальность.,Еженедельный обзор денег,"деньги полезнее смотреть короткими регулярными обзорами, чем жить в постоянной тревоге.",9506,docs/source_of_truth/LifeOS_canon_v33.md
C16-015,Функция,C16,"ДЕНЬГИ, ЕДА И ПОЕЗДКИ",Life Domains / Wellbeing / Money / Family,Domains,/app/domains,PLAN_TBD_BY_ARTIFACT_AUDIT,"HealthSignal, Routine, Relationship, HomeItem, MoneyEvent, Trip, Meal, DomainPack",implement as product capability,Домены не ломают ядро; каждый доменный объект — LifeObject с source/receipt/control/graph.,Деньги → упрощение плана,сильное финансовое давление должно менять нагрузку недели и дня.,9512,docs/source_of_truth/LifeOS_canon_v33.md
C16-016,Функция,C16,"ДЕНЬГИ, ЕДА И ПОЕЗДКИ",Life Domains / Wellbeing / Money / Family,Domains,/app/domains,PLAN_TBD_BY_ARTIFACT_AUDIT,"HealthSignal, Routine, Relationship, HomeItem, MoneyEvent, Trip, Meal, DomainPack",implement as product capability,Домены не ломают ядро; каждый доменный объект — LifeObject с source/receipt/control/graph.,Порог денежной тревоги,"нужен отдельный ранний сигнал, когда денежная ситуация становится опасной.",9518,docs/source_of_truth/LifeOS_canon_v33.md
C16-017,Функция,C16,"ДЕНЬГИ, ЕДА И ПОЕЗДКИ",Life Domains / Wellbeing / Money / Family,Domains,/app/domains,PLAN_TBD_BY_ARTIFACT_AUDIT,"HealthSignal, Routine, Relationship, HomeItem, MoneyEvent, Trip, Meal, DomainPack",implement as product capability,Домены не ломают ядро; каждый доменный объект — LifeObject с source/receipt/control/graph.,Общий реестр расходов,"общие траты пары, друзей или семьи должны сводиться в один понятный контур.",9524,docs/source_of_truth/LifeOS_canon_v33.md
C16-018,Функция,C16,"ДЕНЬГИ, ЕДА И ПОЕЗДКИ",Life Domains / Wellbeing / Money / Family,Domains,/app/domains,PLAN_TBD_BY_ARTIFACT_AUDIT,"HealthSignal, Routine, Relationship, HomeItem, MoneyEvent, Trip, Meal, DomainPack",implement as product capability,Домены не ломают ядро; каждый доменный объект — LifeObject с source/receipt/control/graph.,Совместный обзор денег по ролям,"общие деньги должны быть общими по смыслу, но не через один логин на всех.",9530,docs/source_of_truth/LifeOS_canon_v33.md
C16-019,Функция,C16,"ДЕНЬГИ, ЕДА И ПОЕЗДКИ",Life Domains / Wellbeing / Money / Family,Domains,/app/domains,PLAN_TBD_BY_ARTIFACT_AUDIT,"HealthSignal, Routine, Relationship, HomeItem, MoneyEvent, Trip, Meal, DomainPack",implement as product capability,Домены не ломают ядро; каждый доменный объект — LifeObject с source/receipt/control/graph.,Правила общего бюджета,"совместные деньги должны жить по явным правилам, а не по хаосу чатов и договорённостей в голове.",9536,docs/source_of_truth/LifeOS_canon_v33.md
C16-020,Функция,C16,"ДЕНЬГИ, ЕДА И ПОЕЗДКИ",Life Domains / Wellbeing / Money / Family,Domains,/app/domains,PLAN_TBD_BY_ARTIFACT_AUDIT,"HealthSignal, Routine, Relationship, HomeItem, MoneyEvent, Trip, Meal, DomainPack",implement as product capability,Домены не ломают ядро; каждый доменный объект — LifeObject с source/receipt/control/graph.,Предварительное распределение денег по категориям,"часть денег полезно заранее раскладывать по назначениям, а не только наблюдать задним числом.",9542,docs/source_of_truth/LifeOS_canon_v33.md
C16-021,Функция,C16,"ДЕНЬГИ, ЕДА И ПОЕЗДКИ",Life Domains / Wellbeing / Money / Family,Domains,/app/domains,PLAN_TBD_BY_ARTIFACT_AUDIT,"HealthSignal, Routine, Relationship, HomeItem, MoneyEvent, Trip, Meal, DomainPack",implement as product capability,Домены не ломают ядро; каждый доменный объект — LifeObject с source/receipt/control/graph.,Видимые конверты категорий,"категориям расходов можно дать отдельные видимые «конверты», чтобы деньги ощущались не абстракцией.",9548,docs/source_of_truth/LifeOS_canon_v33.md
C16-022,Функция,C16,"ДЕНЬГИ, ЕДА И ПОЕЗДКИ",Life Domains / Wellbeing / Money / Family,Domains,/app/domains,PLAN_TBD_BY_ARTIFACT_AUDIT,"HealthSignal, Routine, Relationship, HomeItem, MoneyEvent, Trip, Meal, DomainPack",implement as product capability,Домены не ломают ядро; каждый доменный объект — LifeObject с source/receipt/control/graph.,Детский денежный контур,"в семейном режиме ребёнок может учиться деньгам через действия, накопление и выбор.",9554,docs/source_of_truth/LifeOS_canon_v33.md
C16-023,Функция,C16,"ДЕНЬГИ, ЕДА И ПОЕЗДКИ",Life Domains / Wellbeing / Money / Family,Domains,/app/domains,PLAN_TBD_BY_ARTIFACT_AUDIT,"HealthSignal, Routine, Relationship, HomeItem, MoneyEvent, Trip, Meal, DomainPack",implement as product capability,Домены не ломают ядро; каждый доменный объект — LifeObject с source/receipt/control/graph.,"Извлечение денег из чеков, писем и документов",денежные факты не должны теряться в бумагах и почте.,9560,docs/source_of_truth/LifeOS_canon_v33.md
C16-024,Функция,C16,"ДЕНЬГИ, ЕДА И ПОЕЗДКИ",Life Domains / Wellbeing / Money / Family,Domains,/app/domains,PLAN_TBD_BY_ARTIFACT_AUDIT,"HealthSignal, Routine, Relationship, HomeItem, MoneyEvent, Trip, Meal, DomainPack",implement as product capability,Домены не ломают ядро; каждый доменный объект — LifeObject с source/receipt/control/graph.,Хвосты продлений и оплат,"продления, окончания и административные денежные хвосты должны всплывать заранее.",9566,docs/source_of_truth/LifeOS_canon_v33.md
C16-025,Функция,C16,"ДЕНЬГИ, ЕДА И ПОЕЗДКИ",Life Domains / Wellbeing / Money / Family,Domains,/app/domains,PLAN_TBD_BY_ARTIFACT_AUDIT,"HealthSignal, Routine, Relationship, HomeItem, MoneyEvent, Trip, Meal, DomainPack",implement as product capability,Домены не ломают ядро; каждый доменный объект — LifeObject с source/receipt/control/graph.,Действия по утечкам денег,"система должна не только показывать проблему, но и вести к исправлению.",9572,docs/source_of_truth/LifeOS_canon_v33.md
C16-026,Функция,C16,"ДЕНЬГИ, ЕДА И ПОЕЗДКИ",Today / Journal,Today,/app/today,"PLAN_TBD_BY_ARTIFACT_AUDIT, PLAN_TBD_BY_ARTIFACT_AUDIT","TodayPage, DailyReview, JournalEntry, NextAction, RecoveryPlan",implement as product capability,Today читает реальные notes/tasks/calendar/source links и не генерирует отдельную несвязанную реальность.,Цельный обзор денег,"деньги, цели и обязательства должны читаться как одна картина.",9578,docs/source_of_truth/LifeOS_canon_v33.md
C16-027,Функция,C16,"ДЕНЬГИ, ЕДА И ПОЕЗДКИ",Life Domains / Wellbeing / Money / Family,Domains,/app/domains,PLAN_TBD_BY_ARTIFACT_AUDIT,"HealthSignal, Routine, Relationship, HomeItem, MoneyEvent, Trip, Meal, DomainPack",implement as product capability,Домены не ломают ядро; каждый доменный объект — LifeObject с source/receipt/control/graph.,Чистый капитал,"полезно видеть не только расходы, но и общий итог активов и обязательств.",9584,docs/source_of_truth/LifeOS_canon_v33.md
C16-028,Функция,C16,"ДЕНЬГИ, ЕДА И ПОЕЗДКИ",Life Domains / Wellbeing / Money / Family,Domains,/app/domains,PLAN_TBD_BY_ARTIFACT_AUDIT,"HealthSignal, Routine, Relationship, HomeItem, MoneyEvent, Trip, Meal, DomainPack",implement as product capability,Домены не ломают ядро; каждый доменный объект — LifeObject с source/receipt/control/graph.,Импорт выписок и счетов,денежные данные должны входить не только вручную.,9590,docs/source_of_truth/LifeOS_canon_v33.md
C16-029,Функция,C16,"ДЕНЬГИ, ЕДА И ПОЕЗДКИ",Life Domains / Wellbeing / Money / Family,Domains,/app/domains,PLAN_TBD_BY_ARTIFACT_AUDIT,"HealthSignal, Routine, Relationship, HomeItem, MoneyEvent, Trip, Meal, DomainPack",implement as product capability,Домены не ломают ядро; каждый доменный объект — LifeObject с source/receipt/control/graph.,Шаблоны проверки инвестиционных решений,"инвестиционные действия должны проходить через короткую проверочную рамку, а не через импульс.",9596,docs/source_of_truth/LifeOS_canon_v33.md
C16-030,Функция,C16,"ДЕНЬГИ, ЕДА И ПОЕЗДКИ",Life Domains / Wellbeing / Money / Family,Domains,/app/domains,PLAN_TBD_BY_ARTIFACT_AUDIT,"HealthSignal, Routine, Relationship, HomeItem, MoneyEvent, Trip, Meal, DomainPack",implement as product capability,Домены не ломают ядро; каждый доменный объект — LifeObject с source/receipt/control/graph.,Портфель и распределение активов,"инвестиции должны жить отдельным контуром активов, распределения и ликвидности.",9602,docs/source_of_truth/LifeOS_canon_v33.md
C16-031,Функция,C16,"ДЕНЬГИ, ЕДА И ПОЕЗДКИ",Life Domains / Wellbeing / Money / Family,Domains,/app/domains,PLAN_TBD_BY_ARTIFACT_AUDIT,"HealthSignal, Routine, Relationship, HomeItem, MoneyEvent, Trip, Meal, DomainPack",implement as product capability,Домены не ломают ядро; каждый доменный объект — LifeObject с source/receipt/control/graph.,Журнал инвестиционных решений,"у инвестиционного действия должен оставаться след причины, а не только итоговая операция.",9608,docs/source_of_truth/LifeOS_canon_v33.md
C16-032,Функция,C16,"ДЕНЬГИ, ЕДА И ПОЕЗДКИ",Life Domains / Wellbeing / Money / Family,Domains,/app/domains,PLAN_TBD_BY_ARTIFACT_AUDIT,"HealthSignal, Routine, Relationship, HomeItem, MoneyEvent, Trip, Meal, DomainPack",implement as product capability,Домены не ломают ядро; каждый доменный объект — LifeObject с source/receipt/control/graph.,Импорт рецептов,рецепт должен быстро попадать в систему без ручного переписывания.,9614,docs/source_of_truth/LifeOS_canon_v33.md
C16-033,Функция,C16,"ДЕНЬГИ, ЕДА И ПОЕЗДКИ",Life Domains / Wellbeing / Money / Family,Domains,/app/domains,PLAN_TBD_BY_ARTIFACT_AUDIT,"HealthSignal, Routine, Relationship, HomeItem, MoneyEvent, Trip, Meal, DomainPack",implement as product capability,Домены не ломают ядро; каждый доменный объект — LifeObject с source/receipt/control/graph.,Календарь еды,"питание должно жить во времени, а не быть архивом рецептов.",9620,docs/source_of_truth/LifeOS_canon_v33.md
C16-034,Функция,C16,"ДЕНЬГИ, ЕДА И ПОЕЗДКИ",Life Domains / Wellbeing / Money / Family,Domains,/app/domains,PLAN_TBD_BY_ARTIFACT_AUDIT,"HealthSignal, Routine, Relationship, HomeItem, MoneyEvent, Trip, Meal, DomainPack",implement as product capability,Домены не ломают ядро; каждый доменный объект — LifeObject с source/receipt/control/graph.,План еды → список покупок,из плана питания должен рождаться готовый список покупок.,9626,docs/source_of_truth/LifeOS_canon_v33.md
C16-035,Функция,C16,"ДЕНЬГИ, ЕДА И ПОЕЗДКИ",Life Domains / Wellbeing / Money / Family,Domains,/app/domains,PLAN_TBD_BY_ARTIFACT_AUDIT,"HealthSignal, Routine, Relationship, HomeItem, MoneyEvent, Trip, Meal, DomainPack",implement as product capability,Домены не ломают ядро; каждый доменный объект — LifeObject с source/receipt/control/graph.,Закупка по диапазону дат плана,"покупки должны собираться по выбранному периоду еды, а не по одному блюду за раз.",9632,docs/source_of_truth/LifeOS_canon_v33.md
C16-036,Функция,C16,"ДЕНЬГИ, ЕДА И ПОЕЗДКИ",Life Domains / Wellbeing / Money / Family,Domains,/app/domains,PLAN_TBD_BY_ARTIFACT_AUDIT,"HealthSignal, Routine, Relationship, HomeItem, MoneyEvent, Trip, Meal, DomainPack",implement as product capability,Домены не ломают ядро; каждый доменный объект — LifeObject с source/receipt/control/graph.,Список по отделам и магазинам,продукт должен учитывать реальный маршрут человека по магазину.,9638,docs/source_of_truth/LifeOS_canon_v33.md
C16-037,Функция,C16,"ДЕНЬГИ, ЕДА И ПОЕЗДКИ",Life Domains / Wellbeing / Money / Family,Domains,/app/domains,PLAN_TBD_BY_ARTIFACT_AUDIT,"HealthSignal, Routine, Relationship, HomeItem, MoneyEvent, Trip, Meal, DomainPack",implement as product capability,Домены не ломают ядро; каждый доменный объект — LifeObject с source/receipt/control/graph.,Запасы кухни,кухня и кладовая должны иметь собственный контур запасов.,9644,docs/source_of_truth/LifeOS_canon_v33.md
C16-038,Функция,C16,"ДЕНЬГИ, ЕДА И ПОЕЗДКИ",Life Domains / Wellbeing / Money / Family,Domains,/app/domains,PLAN_TBD_BY_ARTIFACT_AUDIT,"HealthSignal, Routine, Relationship, HomeItem, MoneyEvent, Trip, Meal, DomainPack",implement as product capability,Домены не ломают ядро; каждый доменный объект — LifeObject с source/receipt/control/graph.,Очередь «использовать скоро»,продуктам нужен отдельный видимый слой «скоро испортится».,9650,docs/source_of_truth/LifeOS_canon_v33.md
C16-039,Функция,C16,"ДЕНЬГИ, ЕДА И ПОЕЗДКИ",Life Domains / Wellbeing / Money / Family,Domains,/app/domains,PLAN_TBD_BY_ARTIFACT_AUDIT,"HealthSignal, Routine, Relationship, HomeItem, MoneyEvent, Trip, Meal, DomainPack",implement as product capability,Домены не ломают ядро; каждый доменный объект — LifeObject с source/receipt/control/graph.,Сигналы нехватки,"система должна замечать, что важные запасы подходят к концу.",9656,docs/source_of_truth/LifeOS_canon_v33.md
C16-040,Функция,C16,"ДЕНЬГИ, ЕДА И ПОЕЗДКИ",Life Domains / Wellbeing / Money / Family,Domains,/app/domains,PLAN_TBD_BY_ARTIFACT_AUDIT,"HealthSignal, Routine, Relationship, HomeItem, MoneyEvent, Trip, Meal, DomainPack",implement as product capability,Домены не ломают ядро; каждый доменный объект — LifeObject с source/receipt/control/graph.,Приёмы пищи с калориями и составом,приёмы пищи можно учитывать как отдельные события с базовой пищевой нагрузкой.,9662,docs/source_of_truth/LifeOS_canon_v33.md
C16-041,Функция,C16,"ДЕНЬГИ, ЕДА И ПОЕЗДКИ",Today / Journal,Today,/app/today,"PLAN_TBD_BY_ARTIFACT_AUDIT, PLAN_TBD_BY_ARTIFACT_AUDIT","TodayPage, DailyReview, JournalEntry, NextAction, RecoveryPlan",implement as product capability,Today читает реальные notes/tasks/calendar/source links и не генерирует отдельную несвязанную реальность.,Минимум белка,"белок полезно отслеживать отдельно, потому что он влияет на восстановление и нагрузку.",9668,docs/source_of_truth/LifeOS_canon_v33.md
C16-042,Функция,C16,"ДЕНЬГИ, ЕДА И ПОЕЗДКИ",Life Domains / Wellbeing / Money / Family,Domains,/app/domains,PLAN_TBD_BY_ARTIFACT_AUDIT,"HealthSignal, Routine, Relationship, HomeItem, MoneyEvent, Trip, Meal, DomainPack",implement as product capability,Домены не ломают ядро; каждый доменный объект — LifeObject с source/receipt/control/graph.,Мягкий слой микронутриентов по желанию,"по питанию можно видеть ориентировочную картину дефицитов, но только как лёгкий и необязательный слой.",9674,docs/source_of_truth/LifeOS_canon_v33.md
C16-043,Функция,C16,"ДЕНЬГИ, ЕДА И ПОЕЗДКИ",Life Domains / Wellbeing / Money / Family,Domains,/app/domains,PLAN_TBD_BY_ARTIFACT_AUDIT,"HealthSignal, Routine, Relationship, HomeItem, MoneyEvent, Trip, Meal, DomainPack",implement as product capability,Домены не ломают ядро; каждый доменный объект — LifeObject с source/receipt/control/graph.,"Добавки как учёт, а не назначение","добавки должны жить как объект трекинга, а не как автоматическое лечение.",9680,docs/source_of_truth/LifeOS_canon_v33.md
C16-044,Функция,C16,"ДЕНЬГИ, ЕДА И ПОЕЗДКИ",Life Domains / Wellbeing / Money / Family,Domains,/app/domains,PLAN_TBD_BY_ARTIFACT_AUDIT,"HealthSignal, Routine, Relationship, HomeItem, MoneyEvent, Trip, Meal, DomainPack",implement as product capability,Домены не ломают ядро; каждый доменный объект — LifeObject с source/receipt/control/graph.,Питание и настроение,питание может иметь видимую связь с эмоциональным состоянием и ресурсом.,9686,docs/source_of_truth/LifeOS_canon_v33.md
C16-045,Функция,C16,"ДЕНЬГИ, ЕДА И ПОЕЗДКИ",Life Domains / Wellbeing / Money / Family,Domains,/app/domains,PLAN_TBD_BY_ARTIFACT_AUDIT,"HealthSignal, Routine, Relationship, HomeItem, MoneyEvent, Trip, Meal, DomainPack",implement as product capability,Домены не ломают ядро; каждый доменный объект — LifeObject с source/receipt/control/graph.,Недобор еды + тренировка,сочетание высокой нагрузки и слабого питания должно считаться риском.,9692,docs/source_of_truth/LifeOS_canon_v33.md
C16-046,Функция,C16,"ДЕНЬГИ, ЕДА И ПОЕЗДКИ",Agents / Workflows,Agents,/app/agents,PLAN_TBD_BY_ARTIFACT_AUDIT,"AgentManifest, ToolScope, WorkflowManifest, WorkflowRunPreview, ActionProposal",implement as product capability,Агент ничего не отправляет/не удаляет/не публикует без явного approval; dry-run даёт receipt и proposal.,Маршрут из писем и броней,подтверждения поездки должны автоматически сходиться в один маршрут.,9698,docs/source_of_truth/LifeOS_canon_v33.md
C16-047,Функция,C16,"ДЕНЬГИ, ЕДА И ПОЕЗДКИ",Life Domains / Wellbeing / Money / Family,Domains,/app/domains,PLAN_TBD_BY_ARTIFACT_AUDIT,"HealthSignal, Routine, Relationship, HomeItem, MoneyEvent, Trip, Meal, DomainPack",implement as product capability,Домены не ломают ядро; каждый доменный объект — LifeObject с source/receipt/control/graph.,Объект поездки,"поездке нужен собственный объект с маршрутом, точками и логистикой.",9704,docs/source_of_truth/LifeOS_canon_v33.md
C16-048,Функция,C16,"ДЕНЬГИ, ЕДА И ПОЕЗДКИ",Life Domains / Wellbeing / Money / Family,Domains,/app/domains,PLAN_TBD_BY_ARTIFACT_AUDIT,"HealthSignal, Routine, Relationship, HomeItem, MoneyEvent, Trip, Meal, DomainPack",implement as product capability,Домены не ломают ядро; каждый доменный объект — LifeObject с source/receipt/control/graph.,"Карта, остановки и бюджет","план поездки удобнее редактировать как связку карты, точек и денег.",9710,docs/source_of_truth/LifeOS_canon_v33.md
C16-049,Функция,C16,"ДЕНЬГИ, ЕДА И ПОЕЗДКИ",Life Domains / Wellbeing / Money / Family,Domains,/app/domains,PLAN_TBD_BY_ARTIFACT_AUDIT,"HealthSignal, Routine, Relationship, HomeItem, MoneyEvent, Trip, Meal, DomainPack",implement as product capability,Домены не ломают ядро; каждый доменный объект — LifeObject с source/receipt/control/graph.,Совместный маршрут,поездка должна уметь редактироваться несколькими участниками.,9716,docs/source_of_truth/LifeOS_canon_v33.md
C16-050,Функция,C16,"ДЕНЬГИ, ЕДА И ПОЕЗДКИ",Life Domains / Wellbeing / Money / Family,Domains,/app/domains,PLAN_TBD_BY_ARTIFACT_AUDIT,"HealthSignal, Routine, Relationship, HomeItem, MoneyEvent, Trip, Meal, DomainPack",implement as product capability,Домены не ломают ядро; каждый доменный объект — LifeObject с source/receipt/control/graph.,Сборы по правилам,"список вещей в поездку должен собираться из параметров поездки, а не только руками.",9722,docs/source_of_truth/LifeOS_canon_v33.md
C16-051,Функция,C16,"ДЕНЬГИ, ЕДА И ПОЕЗДКИ",Life Domains / Wellbeing / Money / Family,Domains,/app/domains,PLAN_TBD_BY_ARTIFACT_AUDIT,"HealthSignal, Routine, Relationship, HomeItem, MoneyEvent, Trip, Meal, DomainPack",implement as product capability,Домены не ломают ядро; каждый доменный объект — LifeObject с source/receipt/control/graph.,Документы поездки и напоминания,"поездке нужен отдельный контур документов, сроков и критичных сигналов.",9728,docs/source_of_truth/LifeOS_canon_v33.md
C16-052,Функция,C16,"ДЕНЬГИ, ЕДА И ПОЕЗДКИ",Life Domains / Wellbeing / Money / Family,Domains,/app/domains,PLAN_TBD_BY_ARTIFACT_AUDIT,"HealthSignal, Routine, Relationship, HomeItem, MoneyEvent, Trip, Meal, DomainPack",implement as product capability,Домены не ломают ядро; каждый доменный объект — LifeObject с source/receipt/control/graph.,Расходы поездки,траты поездки должны быть выделены в отдельный денежный контур.,9734,docs/source_of_truth/LifeOS_canon_v33.md
C16-053,Функция,C16,"ДЕНЬГИ, ЕДА И ПОЕЗДКИ",Life Domains / Wellbeing / Money / Family,Domains,/app/domains,PLAN_TBD_BY_ARTIFACT_AUDIT,"HealthSignal, Routine, Relationship, HomeItem, MoneyEvent, Trip, Meal, DomainPack",implement as product capability,Домены не ломают ядро; каждый доменный объект — LifeObject с source/receipt/control/graph.,Жизненный след поездки,"поездка может сохранять не только логистику, но и связанный след мест и воспоминаний.",9740,docs/source_of_truth/LifeOS_canon_v33.md
C16-054,Минус,C16,"ДЕНЬГИ, ЕДА И ПОЕЗДКИ",Life Domains / Wellbeing / Money / Family,Domains,/app/domains,PLAN_TBD_BY_ARTIFACT_AUDIT,"HealthSignal, Routine, Relationship, HomeItem, MoneyEvent, Trip, Meal, DomainPack",forbid / add regression guard,Домены не ломают ядро; каждый доменный объект — LifeObject с source/receipt/control/graph.,Полная бухгалтерия или торговый контур как ядро,"LifeOS теряет ширину жизни, если деньги превращаются в тяжёлый кабинет проводок и торговли.",9746,docs/source_of_truth/LifeOS_canon_v33.md
C16-055,Минус,C16,"ДЕНЬГИ, ЕДА И ПОЕЗДКИ",Life Domains / Wellbeing / Money / Family,Domains,/app/domains,PLAN_TBD_BY_ARTIFACT_AUDIT,"HealthSignal, Routine, Relationship, HomeItem, MoneyEvent, Trip, Meal, DomainPack",forbid / add regression guard,Домены не ломают ядро; каждый доменный объект — LifeObject с source/receipt/control/graph.,Делёжка расходов вместо всей финансовой системы,"общий реестр трат — это полезный кусок, но не весь денежный контур.",9752,docs/source_of_truth/LifeOS_canon_v33.md
C16-056,Минус,C16,"ДЕНЬГИ, ЕДА И ПОЕЗДКИ",Life Domains / Wellbeing / Money / Family,Domains,/app/domains,PLAN_TBD_BY_ARTIFACT_AUDIT,"HealthSignal, Routine, Relationship, HomeItem, MoneyEvent, Trip, Meal, DomainPack",forbid / add regression guard,Домены не ломают ядро; каждый доменный объект — LifeObject с source/receipt/control/graph.,Одна методика бюджета для всех,даже сильный денежный метод нельзя навязывать всем как единственно правильный.,9758,docs/source_of_truth/LifeOS_canon_v33.md
C16-057,Минус,C16,"ДЕНЬГИ, ЕДА И ПОЕЗДКИ",Life Domains / Wellbeing / Money / Family,Domains,/app/domains,PLAN_TBD_BY_ARTIFACT_AUDIT,"HealthSignal, Routine, Relationship, HomeItem, MoneyEvent, Trip, Meal, DomainPack",forbid / add regression guard,Домены не ломают ядро; каждый доменный объект — LifeObject с source/receipt/control/graph.,Банковая синхронизация и категоризация как абсолютная истина,автоматический денежный разбор должен оставаться объяснимым и исправляемым.,9764,docs/source_of_truth/LifeOS_canon_v33.md
C16-058,Минус,C16,"ДЕНЬГИ, ЕДА И ПОЕЗДКИ",Life Domains / Wellbeing / Money / Family,Domains,/app/domains,PLAN_TBD_BY_ARTIFACT_AUDIT,"HealthSignal, Routine, Relationship, HomeItem, MoneyEvent, Trip, Meal, DomainPack",forbid / add regression guard,Домены не ломают ядро; каждый доменный объект — LifeObject с source/receipt/control/graph.,Глубокая нутрициология по умолчанию,тяжёлый пищевой и микронутриентный слой нельзя делать базовым режимом для всех.,9770,docs/source_of_truth/LifeOS_canon_v33.md
C16-059,Минус,C16,"ДЕНЬГИ, ЕДА И ПОЕЗДКИ",Life Domains / Wellbeing / Money / Family,Domains,/app/domains,PLAN_TBD_BY_ARTIFACT_AUDIT,"HealthSignal, Routine, Relationship, HomeItem, MoneyEvent, Trip, Meal, DomainPack",forbid / add regression guard,Домены не ломают ядро; каждый доменный объект — LifeObject с source/receipt/control/graph.,Продукт только про еду и кладовую,даже сильные контуры еды и запасов не должны съедать идентичность LifeOS.,9776,docs/source_of_truth/LifeOS_canon_v33.md
C16-060,Минус,C16,"ДЕНЬГИ, ЕДА И ПОЕЗДКИ",Life Domains / Wellbeing / Money / Family,Domains,/app/domains,PLAN_TBD_BY_ARTIFACT_AUDIT,"HealthSignal, Routine, Relationship, HomeItem, MoneyEvent, Trip, Meal, DomainPack",forbid / add regression guard,Домены не ломают ядро; каждый доменный объект — LifeObject с source/receipt/control/graph.,Продукт только про поездки,сильный маршрут и красивые поездочные оболочки не должны становиться позвоночником всей системы.,9782,docs/source_of_truth/LifeOS_canon_v33.md
C16-061,Минус,C16,"ДЕНЬГИ, ЕДА И ПОЕЗДКИ",Life Domains / Wellbeing / Money / Family,Domains,/app/domains,PLAN_TBD_BY_ARTIFACT_AUDIT,"HealthSignal, Routine, Relationship, HomeItem, MoneyEvent, Trip, Meal, DomainPack",forbid / add regression guard,Домены не ломают ядро; каждый доменный объект — LifeObject с source/receipt/control/graph.,Память о поездке вместо логистики поездки,"красивый след воспоминаний не заменяет документы, брони и маршрут.",9788,docs/source_of_truth/LifeOS_canon_v33.md
C16-062,Минус,C16,"ДЕНЬГИ, ЕДА И ПОЕЗДКИ",Life Domains / Wellbeing / Money / Family,Domains,/app/domains,PLAN_TBD_BY_ARTIFACT_AUDIT,"HealthSignal, Routine, Relationship, HomeItem, MoneyEvent, Trip, Meal, DomainPack",forbid / add regression guard,Домены не ломают ядро; каждый доменный объект — LifeObject с source/receipt/control/graph.,Автодействия с деньгами без подтверждения человека,денежные действия не должны выполняться скрытно или без явного контроля пользователя.,9794,docs/source_of_truth/LifeOS_canon_v33.md
C16-063,Функция,C16,"ДЕНЬГИ, ЕДА И ПОЕЗДКИ",Life Domains / Wellbeing / Money / Family,Domains,/app/domains,PLAN_TBD_BY_ARTIFACT_AUDIT,"HealthSignal, Routine, Relationship, HomeItem, MoneyEvent, Trip, Meal, DomainPack",implement as product capability,Домены не ломают ядро; каждый доменный объект — LifeObject с source/receipt/control/graph.,Консьерж отмены подписок и счетов,"продукт должен не только находить денежные утечки, но и вести человека к их закрытию.",9800,docs/source_of_truth/LifeOS_canon_v33.md
C16-064,Функция,C16,"ДЕНЬГИ, ЕДА И ПОЕЗДКИ",Life Domains / Wellbeing / Money / Family,Domains,/app/domains,PLAN_TBD_BY_ARTIFACT_AUDIT,"HealthSignal, Routine, Relationship, HomeItem, MoneyEvent, Trip, Meal, DomainPack",implement as product capability,Домены не ломают ядро; каждый доменный объект — LifeObject с source/receipt/control/graph.,Статус отмены и переговоров по счёту,"у денежного действия нужен понятный жизненный статус, а не одноразовая кнопка.",9807,docs/source_of_truth/LifeOS_canon_v33.md
C16-065,Функция,C16,"ДЕНЬГИ, ЕДА И ПОЕЗДКИ",Life Domains / Wellbeing / Money / Family,Domains,/app/domains,PLAN_TBD_BY_ARTIFACT_AUDIT,"HealthSignal, Routine, Relationship, HomeItem, MoneyEvent, Trip, Meal, DomainPack",implement as product capability,Домены не ломают ядро; каждый доменный объект — LifeObject с source/receipt/control/graph.,Проверка продления до нового списания,"повторяющиеся платежи должны приходить не только постфактум, но и как окно пересмотра заранее.",9813,docs/source_of_truth/LifeOS_canon_v33.md
C16-066,Функция,C16,"ДЕНЬГИ, ЕДА И ПОЕЗДКИ",Life Domains / Wellbeing / Money / Family,Domains,/app/domains,PLAN_TBD_BY_ARTIFACT_AUDIT,"HealthSignal, Routine, Relationship, HomeItem, MoneyEvent, Trip, Meal, DomainPack",implement as product capability,Домены не ломают ядро; каждый доменный объект — LifeObject с source/receipt/control/graph.,Финансовый блок недели,"деньги должны входить в неделю как короткий обзор влияния, а не как отдельный тяжёлый кабинет.",9819,docs/source_of_truth/LifeOS_canon_v33.md
C16-067,Функция,C16,"ДЕНЬГИ, ЕДА И ПОЕЗДКИ",Life Domains / Wellbeing / Money / Family,Domains,/app/domains,PLAN_TBD_BY_ARTIFACT_AUDIT,"HealthSignal, Routine, Relationship, HomeItem, MoneyEvent, Trip, Meal, DomainPack",implement as product capability,Домены не ломают ядро; каждый доменный объект — LifeObject с source/receipt/control/graph.,Старт месяца по обязательствам и бюджету,"у денег нужен отдельный месячный переход, а не старт с пустого листа.",9825,docs/source_of_truth/LifeOS_canon_v33.md
C16-068,Функция,C16,"ДЕНЬГИ, ЕДА И ПОЕЗДКИ",Life Domains / Wellbeing / Money / Family,Domains,/app/domains,PLAN_TBD_BY_ARTIFACT_AUDIT,"HealthSignal, Routine, Relationship, HomeItem, MoneyEvent, Trip, Meal, DomainPack",implement as product capability,Домены не ломают ядро; каждый доменный объект — LifeObject с source/receipt/control/graph.,Оффлайн-пакет поездки,критичные документы и план поездки должны быть доступны без сети.,9831,docs/source_of_truth/LifeOS_canon_v33.md
C16-069,Функция,C16,"ДЕНЬГИ, ЕДА И ПОЕЗДКИ",Life Domains / Wellbeing / Money / Family,Domains,/app/domains,PLAN_TBD_BY_ARTIFACT_AUDIT,"HealthSignal, Routine, Relationship, HomeItem, MoneyEvent, Trip, Meal, DomainPack",implement as product capability,Домены не ломают ядро; каждый доменный объект — LifeObject с source/receipt/control/graph.,Поиск прошлых поездок,"завершённые поездки должны находиться по месту, дате, участнику и типу.",9837,docs/source_of_truth/LifeOS_canon_v33.md
C16-070,Функция,C16,"ДЕНЬГИ, ЕДА И ПОЕЗДКИ",Life Domains / Wellbeing / Money / Family,Domains,/app/domains,PLAN_TBD_BY_ARTIFACT_AUDIT,"HealthSignal, Routine, Relationship, HomeItem, MoneyEvent, Trip, Meal, DomainPack",implement as product capability,Домены не ломают ядро; каждый доменный объект — LifeObject с source/receipt/control/graph.,Ручная дорожная поездка без готовых броней,"поездку нужно уметь собрать даже там, где нет писем-подтверждений и импортировать нечего.",9843,docs/source_of_truth/LifeOS_canon_v33.md
C16-071,Функция,C16,"ДЕНЬГИ, ЕДА И ПОЕЗДКИ",Life Domains / Wellbeing / Money / Family,Domains,/app/domains,PLAN_TBD_BY_ARTIFACT_AUDIT,"HealthSignal, Routine, Relationship, HomeItem, MoneyEvent, Trip, Meal, DomainPack",implement as product capability,Домены не ломают ядро; каждый доменный объект — LifeObject с source/receipt/control/graph.,Документы рядом с частями маршрута,"документы поездки должны лежать не только в общей папке, но и рядом с нужной частью пути.",9849,docs/source_of_truth/LifeOS_canon_v33.md
C16-072,Функция,C16,"ДЕНЬГИ, ЕДА И ПОЕЗДКИ",Life Domains / Wellbeing / Money / Family,Domains,/app/domains,PLAN_TBD_BY_ARTIFACT_AUDIT,"HealthSignal, Routine, Relationship, HomeItem, MoneyEvent, Trip, Meal, DomainPack",implement as product capability,Домены не ломают ядро; каждый доменный объект — LifeObject с source/receipt/control/graph.,Групповой расчёт расходов поездки,совместная поездка должна уметь держать общий денежный след без отдельного приложения.,9855,docs/source_of_truth/LifeOS_canon_v33.md
C16-073,Функция,C16,"ДЕНЬГИ, ЕДА И ПОЕЗДКИ",Today / Journal,Today,/app/today,"PLAN_TBD_BY_ARTIFACT_AUDIT, PLAN_TBD_BY_ARTIFACT_AUDIT","TodayPage, DailyReview, JournalEntry, NextAction, RecoveryPlan",implement as product capability,Today читает реальные notes/tasks/calendar/source links и не генерирует отдельную несвязанную реальность.,Экран дня поездки,в день дороги нужен один спокойный экран с текущим шагом поездки.,9861,docs/source_of_truth/LifeOS_canon_v33.md
C16-074,Функция,C16,"ДЕНЬГИ, ЕДА И ПОЕЗДКИ",Life Domains / Wellbeing / Money / Family,Domains,/app/domains,PLAN_TBD_BY_ARTIFACT_AUDIT,"HealthSignal, Routine, Relationship, HomeItem, MoneyEvent, Trip, Meal, DomainPack",implement as product capability,Домены не ломают ядро; каждый доменный объект — LifeObject с source/receipt/control/graph.,Закрытие хвостов после поездки,после возвращения поездка должна быстро закрываться как завершённый контур.,9867,docs/source_of_truth/LifeOS_canon_v33.md
C16-075,Функция,C16,"ДЕНЬГИ, ЕДА И ПОЕЗДКИ",Life Domains / Wellbeing / Money / Family,Domains,/app/domains,PLAN_TBD_BY_ARTIFACT_AUDIT,"HealthSignal, Routine, Relationship, HomeItem, MoneyEvent, Trip, Meal, DomainPack",implement as product capability,Домены не ломают ядро; каждый доменный объект — LifeObject с source/receipt/control/graph.,Скан чека → разбор → подтверждение,денежные записи должны уметь рождаться прямо из чека как из исходного артефакта.,9873,docs/source_of_truth/LifeOS_canon_v33.md
C16-076,Функция,C16,"ДЕНЬГИ, ЕДА И ПОЕЗДКИ",Capture / Inbox,Inbox,/app/inbox,PLAN_TBD_BY_ARTIFACT_AUDIT,"Source, SourcePacket, Attachment, ImportJob, CaptureDraft",implement as product capability,"Любой ввод сохраняется локально, получает provenance, receipt, Data Control item и graph edge.","Лог еды по фото, штрихкоду и ручному вводу","пищевой ввод должен поддерживать не один, а несколько быстрых способов входа.",9879,docs/source_of_truth/LifeOS_canon_v33.md
C16-077,Функция,C16,"ДЕНЬГИ, ЕДА И ПОЕЗДКИ",Life Domains / Wellbeing / Money / Family,Domains,/app/domains,PLAN_TBD_BY_ARTIFACT_AUDIT,"HealthSignal, Routine, Relationship, HomeItem, MoneyEvent, Trip, Meal, DomainPack",implement as product capability,Домены не ломают ядро; каждый доменный объект — LifeObject с source/receipt/control/graph.,"Фото, бренд и размер у товара в списке","бытовой товар в списке покупок иногда нужен не как слово, а как точный предмет.",9886,docs/source_of_truth/LifeOS_canon_v33.md
C16-078,Функция,C16,"ДЕНЬГИ, ЕДА И ПОЕЗДКИ",Life Domains / Wellbeing / Money / Family,Domains,/app/domains,PLAN_TBD_BY_ARTIFACT_AUDIT,"HealthSignal, Routine, Relationship, HomeItem, MoneyEvent, Trip, Meal, DomainPack",implement as product capability,Домены не ломают ядро; каждый доменный объект — LifeObject с source/receipt/control/graph.,Статус корзины во время покупки,"в покупке полезно видеть не только список, но и текущий статус «что уже взято, что ещё осталось».",9892,docs/source_of_truth/LifeOS_canon_v33.md
C16-079,Функция,C16,"ДЕНЬГИ, ЕДА И ПОЕЗДКИ",Life Domains / Wellbeing / Money / Family,Domains,/app/domains,PLAN_TBD_BY_ARTIFACT_AUDIT,"HealthSignal, Routine, Relationship, HomeItem, MoneyEvent, Trip, Meal, DomainPack",implement as product capability,Домены не ломают ядро; каждый доменный объект — LifeObject с source/receipt/control/graph.,Реестр источников дохода,"финансовый слой должен держать не только расходы и цели, но и отдельные источники входящих денег.",9898,docs/source_of_truth/LifeOS_canon_v33.md
C16-080,Функция,C16,"ДЕНЬГИ, ЕДА И ПОЕЗДКИ",Agents / Workflows,Agents,/app/agents,PLAN_TBD_BY_ARTIFACT_AUDIT,"AgentManifest, ToolScope, WorkflowManifest, WorkflowRunPreview, ActionProposal",implement as product capability,Агент ничего не отправляет/не удаляет/не публикует без явного approval; dry-run даёт receipt и proposal.,Оценка автоматизации доходов,"важно видеть, насколько доход зависит от ручного усилия, а насколько работает более автоматически.",9904,docs/source_of_truth/LifeOS_canon_v33.md
C16-081,Функция,C16,"ДЕНЬГИ, ЕДА И ПОЕЗДКИ",Life Domains / Wellbeing / Money / Family,Domains,/app/domains,PLAN_TBD_BY_ARTIFACT_AUDIT,"HealthSignal, Routine, Relationship, HomeItem, MoneyEvent, Trip, Meal, DomainPack",implement as product capability,Домены не ломают ядро; каждый доменный объект — LifeObject с source/receipt/control/graph.,План ребалансировки портфеля,"инвестиционный контур должен уметь не только показывать распределение активов, но и вести к корректировке структуры.",9910,docs/source_of_truth/LifeOS_canon_v33.md
C16-082,Функция,C16,"ДЕНЬГИ, ЕДА И ПОЕЗДКИ",Life Domains / Wellbeing / Money / Family,Domains,/app/domains,PLAN_TBD_BY_ARTIFACT_AUDIT,"HealthSignal, Routine, Relationship, HomeItem, MoneyEvent, Trip, Meal, DomainPack",implement as product capability,Домены не ломают ядро; каждый доменный объект — LifeObject с source/receipt/control/graph.,План стабилизации при кассовом разрыве,"при неожиданной дыре в деньгах нужен отдельный сценарий выравнивания, а не просто тревожный сигнал.",9916,docs/source_of_truth/LifeOS_canon_v33.md
C16-083,Функция,C16,"ДЕНЬГИ, ЕДА И ПОЕЗДКИ",Life Domains / Wellbeing / Money / Family,Domains,/app/domains,PLAN_TBD_BY_ARTIFACT_AUDIT,"HealthSignal, Routine, Relationship, HomeItem, MoneyEvent, Trip, Meal, DomainPack",implement as product capability,Домены не ломают ядро; каждый доменный объект — LifeObject с source/receipt/control/graph.,Межпоколенческий контур активов и наследования,"длинный финансовый слой должен уметь держать не только личные деньги сейчас, но и передачу структуры дальше.",9922,docs/source_of_truth/LifeOS_canon_v33.md
C16-084,Функция,C16,"ДЕНЬГИ, ЕДА И ПОЕЗДКИ",Life Domains / Wellbeing / Money / Family,Domains,/app/domains,PLAN_TBD_BY_ARTIFACT_AUDIT,"HealthSignal, Routine, Relationship, HomeItem, MoneyEvent, Trip, Meal, DomainPack",implement as product capability,Домены не ломают ядро; каждый доменный объект — LifeObject с source/receipt/control/graph.,Контроль аномальных и дублирующихся списаний,"финансовый слой должен замечать подозрительные или повторённые списания до того, как они затеряются в ленте.",9928,docs/source_of_truth/LifeOS_canon_v33.md
C16-085,Функция,C16,"ДЕНЬГИ, ЕДА И ПОЕЗДКИ",Life Domains / Wellbeing / Money / Family,Domains,/app/domains,PLAN_TBD_BY_ARTIFACT_AUDIT,"HealthSignal, Routine, Relationship, HomeItem, MoneyEvent, Trip, Meal, DomainPack",implement as product capability,Домены не ломают ядро; каждый доменный объект — LifeObject с source/receipt/control/graph.,Контур возвратов и возврата денег,"возвраты должны жить как отдельный управляемый сценарий, а не как случайная заметка на полях.",9934,docs/source_of_truth/LifeOS_canon_v33.md
C16-086,Функция,C16,"ДЕНЬГИ, ЕДА И ПОЕЗДКИ",Life Domains / Wellbeing / Money / Family,Domains,/app/domains,PLAN_TBD_BY_ARTIFACT_AUDIT,"HealthSignal, Routine, Relationship, HomeItem, MoneyEvent, Trip, Meal, DomainPack",implement as product capability,Домены не ломают ядро; каждый доменный объект — LifeObject с source/receipt/control/graph.,"Пакет доказательств для спора, возврата или претензии",для конфликтного денежного случая нужно уметь быстро собрать аккуратный набор доказательств.,9940,docs/source_of_truth/LifeOS_canon_v33.md
C16-087,Функция,C16,"ДЕНЬГИ, ЕДА И ПОЕЗДКИ",Life Domains / Wellbeing / Money / Family,Domains,/app/domains,PLAN_TBD_BY_ARTIFACT_AUDIT,"HealthSignal, Routine, Relationship, HomeItem, MoneyEvent, Trip, Meal, DomainPack",implement as product capability,Домены не ломают ядро; каждый доменный объект — LifeObject с source/receipt/control/graph.,Сборщик корректного письма для жалобы или спора,"в денежном и потребительском контуре нужен быстрый способ собрать внятное письмо продавцу, банку или сервису.",9946,docs/source_of_truth/LifeOS_canon_v33.md
C16-088,Функция,C16,"ДЕНЬГИ, ЕДА И ПОЕЗДКИ",Life Domains / Wellbeing / Money / Family,Domains,/app/domains,PLAN_TBD_BY_ARTIFACT_AUDIT,"HealthSignal, Routine, Relationship, HomeItem, MoneyEvent, Trip, Meal, DomainPack",implement as product capability,Домены не ломают ядро; каждый доменный объект — LifeObject с source/receipt/control/graph.,Навигатор прав потребителя и сроков оспаривания,"система должна показывать не только проблему, но и куда идти дальше и какие сроки ещё живы.",9952,docs/source_of_truth/LifeOS_canon_v33.md
C16-089,Функция,C16,"ДЕНЬГИ, ЕДА И ПОЕЗДКИ",Life Domains / Wellbeing / Money / Family,Domains,/app/domains,PLAN_TBD_BY_ARTIFACT_AUDIT,"HealthSignal, Routine, Relationship, HomeItem, MoneyEvent, Trip, Meal, DomainPack",implement as product capability,Домены не ломают ядро; каждый доменный объект — LifeObject с source/receipt/control/graph.,Кейсбук обращений в поддержку и инстанции,"обращения в поддержку должны жить как отдельные кейсы, а не как россыпь чатов и номеров в разных местах.",9958,docs/source_of_truth/LifeOS_canon_v33.md
C16-090,Функция,C16,"ДЕНЬГИ, ЕДА И ПОЕЗДКИ",Life Domains / Wellbeing / Money / Family,Domains,/app/domains,PLAN_TBD_BY_ARTIFACT_AUDIT,"HealthSignal, Routine, Relationship, HomeItem, MoneyEvent, Trip, Meal, DomainPack",implement as product capability,Домены не ломают ядро; каждый доменный объект — LifeObject с source/receipt/control/graph.,Умная докупка по реальному расходу,"продукты и расходники стоит предлагать к докупке по реальному потреблению, а не только по памяти пользователя.",9964,docs/source_of_truth/LifeOS_canon_v33.md
C16-091,Функция,C16,"ДЕНЬГИ, ЕДА И ПОЕЗДКИ",Life Domains / Wellbeing / Money / Family,Domains,/app/domains,PLAN_TBD_BY_ARTIFACT_AUDIT,"HealthSignal, Routine, Relationship, HomeItem, MoneyEvent, Trip, Meal, DomainPack",implement as product capability,Домены не ломают ядро; каждый доменный объект — LifeObject с source/receipt/control/graph.,Мост «план еды / список покупок → доставка»,"пищевой поток должен уметь переходить не только в поход в магазин, но и в подключение доставки по собранному списку.",9971,docs/source_of_truth/LifeOS_canon_v33.md
C16-092,Функция,C16,"ДЕНЬГИ, ЕДА И ПОЕЗДКИ",Life Domains / Wellbeing / Money / Family,Domains,/app/domains,PLAN_TBD_BY_ARTIFACT_AUDIT,"HealthSignal, Routine, Relationship, HomeItem, MoneyEvent, Trip, Meal, DomainPack",implement as product capability,Домены не ломают ядро; каждый доменный объект — LifeObject с source/receipt/control/graph.,Прогноз денежного потока и сценарии «что если»,"Финансовый слой должен уметь смотреть вперёд по нескольким вариантам будущего, а не только показывать текущий остаток.",9978,docs/source_of_truth/LifeOS_canon_v33.md
C16-093,Функция,C16,"ДЕНЬГИ, ЕДА И ПОЕЗДКИ",Life Domains / Wellbeing / Money / Family,Domains,/app/domains,PLAN_TBD_BY_ARTIFACT_AUDIT,"HealthSignal, Routine, Relationship, HomeItem, MoneyEvent, Trip, Meal, DomainPack",implement as product capability,Домены не ломают ядро; каждый доменный объект — LifeObject с source/receipt/control/graph.,Встроенный браузер и клиппер рецептов внутри пищевого контура,"Пищевой слой должен уметь искать, открывать и сохранять рецепты прямо внутри своего рабочего контура без прыжка в чужой сервис.",9984,docs/source_of_truth/LifeOS_canon_v33.md
C16-094,Функция,C16,"ДЕНЬГИ, ЕДА И ПОЕЗДКИ",Life Domains / Wellbeing / Money / Family,Domains,/app/domains,PLAN_TBD_BY_ARTIFACT_AUDIT,"HealthSignal, Routine, Relationship, HomeItem, MoneyEvent, Trip, Meal, DomainPack",implement as product capability,Домены не ломают ядро; каждый доменный объект — LifeObject с source/receipt/control/graph.,Детектор повторяющихся получателей списаний,"подписочный и счётный слой должен сам поднимать кандидатов на регулярные списания, а не ждать только ручного ввода.",9990,docs/source_of_truth/LifeOS_canon_v33.md
C16-095,Функция,C16,"ДЕНЬГИ, ЕДА И ПОЕЗДКИ",Life Domains / Wellbeing / Money / Family,Domains,/app/domains,PLAN_TBD_BY_ARTIFACT_AUDIT,"HealthSignal, Routine, Relationship, HomeItem, MoneyEvent, Trip, Meal, DomainPack",implement as product capability,Домены не ломают ядро; каждый доменный объект — LifeObject с source/receipt/control/graph.,Статус оплаты счёта,"счёту нужен не только срок, но и видимый статус прохождения оплаты.",9997,docs/source_of_truth/LifeOS_canon_v33.md
C16-096,Функция,C16,"ДЕНЬГИ, ЕДА И ПОЕЗДКИ",Life Domains / Wellbeing / Money / Family,Domains,/app/domains,PLAN_TBD_BY_ARTIFACT_AUDIT,"HealthSignal, Routine, Relationship, HomeItem, MoneyEvent, Trip, Meal, DomainPack",implement as product capability,Домены не ломают ядро; каждый доменный объект — LifeObject с source/receipt/control/graph.,Защищённый резерв до следующего дохода,"безопасный остаток должен рассчитываться с учётом защищённой суммы, которую нельзя считать свободной к трате.",10003,docs/source_of_truth/LifeOS_canon_v33.md
C16-097,Функция,C16,"ДЕНЬГИ, ЕДА И ПОЕЗДКИ",Life Domains / Wellbeing / Money / Family,Domains,/app/domains,PLAN_TBD_BY_ARTIFACT_AUDIT,"HealthSignal, Routine, Relationship, HomeItem, MoneyEvent, Trip, Meal, DomainPack",implement as product capability,Домены не ломают ядро; каждый доменный объект — LifeObject с source/receipt/control/graph.,Стоимость участия и смета события,"событие должно уметь показывать не только билет, но и ориентир по расходам, дороге, еде и сопутствующим тратам.",10013,docs/source_of_truth/LifeOS_canon_v33.md
C16-098,Функция,C16,"ДЕНЬГИ, ЕДА И ПОЕЗДКИ",Life Domains / Wellbeing / Money / Family,Domains,/app/domains,PLAN_TBD_BY_ARTIFACT_AUDIT,"HealthSignal, Routine, Relationship, HomeItem, MoneyEvent, Trip, Meal, DomainPack",implement as product capability,Домены не ломают ядро; каждый доменный объект — LifeObject с source/receipt/control/graph.,Еда и сканы продуктов в денежном и энергетическом слое,"сканы продуктов должны одновременно работать на питание, бюджет, список покупок и понимание реальной стоимости еды.",10019,docs/source_of_truth/LifeOS_canon_v33.md
C16-099,Функция,C16,"ДЕНЬГИ, ЕДА И ПОЕЗДКИ",Life Domains / Wellbeing / Money / Family,Domains,/app/domains,PLAN_TBD_BY_ARTIFACT_AUDIT,"HealthSignal, Routine, Relationship, HomeItem, MoneyEvent, Trip, Meal, DomainPack",implement as product capability,Домены не ломают ядро; каждый доменный объект — LifeObject с source/receipt/control/graph.,"Нутриенты, ингредиенты и фактическое потребление","еда должна уметь жить как набор ингредиентов, нутриентов, приёмов пищи и фактического съеденного объёма.",10025,docs/source_of_truth/LifeOS_canon_v33.md
C16-100,Функция,C16,"ДЕНЬГИ, ЕДА И ПОЕЗДКИ",Life Domains / Wellbeing / Money / Family,Domains,/app/domains,PLAN_TBD_BY_ARTIFACT_AUDIT,"HealthSignal, Routine, Relationship, HomeItem, MoneyEvent, Trip, Meal, DomainPack",implement as product capability,Домены не ломают ядро; каждый доменный объект — LifeObject с source/receipt/control/graph.,"Бюджет на питание, события и поездки","у человека должен быть связанный бюджет на еду, активности, встречи и перемещения.",10031,docs/source_of_truth/LifeOS_canon_v33.md
C16-101,Функция,C16,"ДЕНЬГИ, ЕДА И ПОЕЗДКИ",Life Domains / Wellbeing / Money / Family,Domains,/app/domains,PLAN_TBD_BY_ARTIFACT_AUDIT,"HealthSignal, Routine, Relationship, HomeItem, MoneyEvent, Trip, Meal, DomainPack",implement as product capability,Домены не ломают ядро; каждый доменный объект — LifeObject с source/receipt/control/graph.,Маршрут поездки и посещения событий,"поездка и выход в жизнь должны связывать события, места, расходы, брони, список вещей и возврат к обычному дню.",10037,docs/source_of_truth/LifeOS_canon_v33.md
C16-102,Качество,C16,"ДЕНЬГИ, ЕДА И ПОЕЗДКИ",Life Domains / Wellbeing / Money / Family,Domains,/app/domains,PLAN_TBD_BY_ARTIFACT_AUDIT,"HealthSignal, Routine, Relationship, HomeItem, MoneyEvent, Trip, Meal, DomainPack",build as acceptance criterion,Домены не ломают ядро; каждый доменный объект — LifeObject с source/receipt/control/graph.,"Реальная жизнь считается через время, деньги и проживание, а не только через карточки","любая встреча, еда или поездка должна иметь физику времени, денег, дороги, участия и последствий.",10043,docs/source_of_truth/LifeOS_canon_v33.md
C17-001,Качество,C17,АРХИТЕКТУРА ИСКУССТВЕННОГО ИНТЕЛЛЕКТА И ОБРАБОТКА,Data Control / Trust / Privacy,Control,/app/control,"PLAN_TBD_BY_ARTIFACT_AUDIT, PLAN_TBD_BY_ARTIFACT_AUDIT","Receipt, DataControlItem, AuditEvent, ExportJob, DeletePreview, PrivacyZone, PermissionGrant",build as acceptance criterion,Любое изменение имеет receipt; destructive действия только preview + confirmation boundary.,"Сначала правила, потом искусственный интеллект (ИИ)","базовая логика продукта строится на правилах, парсерах, фильтрах, ограничениях и явных состояниях, а искусственный интеллект усиливает этот слой, а не заменяет его.",10053,docs/source_of_truth/LifeOS_canon_v33.md
C17-002,Качество,C17,АРХИТЕКТУРА ИСКУССТВЕННОГО ИНТЕЛЛЕКТА И ОБРАБОТКА,Providers / Local AI / Media / Screen,Providers,/app/providers,PLAN_TBD_BY_ARTIFACT_AUDIT,"ProviderBoundary, ModelProfile, MediaTranscriptJob, ScreenSession, DeviceSyncState",build as acceptance criterion,"Никаких fake cloud/model/screen/VPN success; только readiness, preview, explicit setup/approval.",Детерминированный разбор по умолчанию,"всё, что можно устойчиво и объяснимо разобрать без генерации, должно идти через детерминированный контур.",10059,docs/source_of_truth/LifeOS_canon_v33.md
C17-003,Функция,C17,АРХИТЕКТУРА ИСКУССТВЕННОГО ИНТЕЛЛЕКТА И ОБРАБОТКА,Agents / Workflows,Agents,/app/agents,PLAN_TBD_BY_ARTIFACT_AUDIT,"AgentManifest, ToolScope, WorkflowManifest, WorkflowRunPreview, ActionProposal",implement as product capability,Агент ничего не отправляет/не удаляет/не публикует без явного approval; dry-run даёт receipt и proposal.,Многостадийный путь обработки,"сырой материал проходит путь «сырьё → разбор → кандидат → подтверждённый объект», а не прыгает сразу в действие.",10065,docs/source_of_truth/LifeOS_canon_v33.md
C17-004,Функция,C17,АРХИТЕКТУРА ИСКУССТВЕННОГО ИНТЕЛЛЕКТА И ОБРАБОТКА,Capture / Inbox,Inbox,/app/inbox,PLAN_TBD_BY_ARTIFACT_AUDIT,"Source, SourcePacket, Attachment, ImportJob, CaptureDraft",implement as product capability,"Любой ввод сохраняется локально, получает provenance, receipt, Data Control item и graph edge.","Разделение сырья, расшифровки, вложений и извлечённого результата","система должна хранить исходный материал, расшифровку, вложения и результат извлечения как разные слои.",10072,docs/source_of_truth/LifeOS_canon_v33.md
C17-005,Функция,C17,АРХИТЕКТУРА ИСКУССТВЕННОГО ИНТЕЛЛЕКТА И ОБРАБОТКА,Agents / Workflows,Agents,/app/agents,PLAN_TBD_BY_ARTIFACT_AUDIT,"AgentManifest, ToolScope, WorkflowManifest, WorkflowRunPreview, ActionProposal",implement as product capability,Агент ничего не отправляет/не удаляет/не публикует без явного approval; dry-run даёт receipt и proposal.,Вид типа источника в контуре обработки,"при разборе всегда видно, из какого типа источника пришёл материал.",10078,docs/source_of_truth/LifeOS_canon_v33.md
C17-006,Функция,C17,АРХИТЕКТУРА ИСКУССТВЕННОГО ИНТЕЛЛЕКТА И ОБРАБОТКА,Agents / Workflows,Agents,/app/agents,PLAN_TBD_BY_ARTIFACT_AUDIT,"AgentManifest, ToolScope, WorkflowManifest, WorkflowRunPreview, ActionProposal",implement as product capability,Агент ничего не отправляет/не удаляет/не публикует без явного approval; dry-run даёт receipt и proposal.,Отдельный слой извлечённых фактов,извлечённые факты должны жить отдельно от сырого текста и отдельно от гипотез.,10084,docs/source_of_truth/LifeOS_canon_v33.md
C17-007,Функция,C17,АРХИТЕКТУРА ИСКУССТВЕННОГО ИНТЕЛЛЕКТА И ОБРАБОТКА,Agents / Workflows,Agents,/app/agents,PLAN_TBD_BY_ARTIFACT_AUDIT,"AgentManifest, ToolScope, WorkflowManifest, WorkflowRunPreview, ActionProposal",implement as product capability,Агент ничего не отправляет/не удаляет/не публикует без явного approval; dry-run даёт receipt и proposal.,Детерминированный разбор даты и времени,даты и время должны извлекаться как отдельная управляемая операция обработки.,10090,docs/source_of_truth/LifeOS_canon_v33.md
C17-008,Функция,C17,АРХИТЕКТУРА ИСКУССТВЕННОГО ИНТЕЛЛЕКТА И ОБРАБОТКА,Agents / Workflows,Agents,/app/agents,PLAN_TBD_BY_ARTIFACT_AUDIT,"AgentManifest, ToolScope, WorkflowManifest, WorkflowRunPreview, ActionProposal",implement as product capability,Агент ничего не отправляет/не удаляет/не публикует без явного approval; dry-run даёт receipt и proposal.,Право снять автоматически разобранный токен,"человек должен уметь отменить автоматический разбор даты, времени или другого токена и вернуть его в обычный текст.",10096,docs/source_of_truth/LifeOS_canon_v33.md
C17-009,Функция,C17,АРХИТЕКТУРА ИСКУССТВЕННОГО ИНТЕЛЛЕКТА И ОБРАБОТКА,Chat / Communication,Chat,/app/chat,PLAN_TBD_BY_ARTIFACT_AUDIT,"ChatThread, ChatMessage, MeetingNote, Contact, ConversationContext",implement as product capability,Сообщение можно превратить в note/task/proposal; внешняя отправка заблокирована без provider/approval.,Извлечение участников и контактов,"люди, участники разговора и контактные данные должны выделяться как отдельный контролируемый результат обработки.",10102,docs/source_of_truth/LifeOS_canon_v33.md
C17-010,Функция,C17,АРХИТЕКТУРА ИСКУССТВЕННОГО ИНТЕЛЛЕКТА И ОБРАБОТКА,Agents / Workflows,Agents,/app/agents,PLAN_TBD_BY_ARTIFACT_AUDIT,"AgentManifest, ToolScope, WorkflowManifest, WorkflowRunPreview, ActionProposal",implement as product capability,Агент ничего не отправляет/не удаляет/не публикует без явного approval; dry-run даёт receipt и proposal.,Извлечение мест и адресов,"адреса и места должны выделяться как отдельный результат обработки, если это влияет на действие, встречу или план.",10108,docs/source_of_truth/LifeOS_canon_v33.md
C17-011,Функция,C17,АРХИТЕКТУРА ИСКУССТВЕННОГО ИНТЕЛЛЕКТА И ОБРАБОТКА,Agents / Workflows,Agents,/app/agents,PLAN_TBD_BY_ARTIFACT_AUDIT,"AgentManifest, ToolScope, WorkflowManifest, WorkflowRunPreview, ActionProposal",implement as product capability,Агент ничего не отправляет/не удаляет/не публикует без явного approval; dry-run даёт receipt и proposal.,Извлечение фактов,"после разбора система отдельно поднимает проверяемые факты, а не смешивает их с советами.",10114,docs/source_of_truth/LifeOS_canon_v33.md
C17-012,Функция,C17,АРХИТЕКТУРА ИСКУССТВЕННОГО ИНТЕЛЛЕКТА И ОБРАБОТКА,Agents / Workflows,Agents,/app/agents,PLAN_TBD_BY_ARTIFACT_AUDIT,"AgentManifest, ToolScope, WorkflowManifest, WorkflowRunPreview, ActionProposal",implement as product capability,Агент ничего не отправляет/не удаляет/не публикует без явного approval; dry-run даёт receipt и proposal.,Извлечение рисков,"риски должны рождаться как отдельный результат обработки, а не прятаться в длинной сводке.",10120,docs/source_of_truth/LifeOS_canon_v33.md
C17-013,Функция,C17,АРХИТЕКТУРА ИСКУССТВЕННОГО ИНТЕЛЛЕКТА И ОБРАБОТКА,Agents / Workflows,Agents,/app/agents,PLAN_TBD_BY_ARTIFACT_AUDIT,"AgentManifest, ToolScope, WorkflowManifest, WorkflowRunPreview, ActionProposal",implement as product capability,Агент ничего не отправляет/не удаляет/не публикует без явного approval; dry-run даёт receipt и proposal.,Извлечение гипотез,гипотеза должна выделяться отдельно от факта и отдельно от следующего шага.,10126,docs/source_of_truth/LifeOS_canon_v33.md
C17-014,Функция,C17,АРХИТЕКТУРА ИСКУССТВЕННОГО ИНТЕЛЛЕКТА И ОБРАБОТКА,Kernel / OS Spine,Core / invisible OS spine,/app/system,PLAN_TBD_BY_ARTIFACT_AUDIT,"LifeObject, SourceRef, Receipt, AuditEvent, PolicyBoundary, GraphEdge",implement as product capability,Все сущности имеют общий id/state/source/receipt/graph refs; ни одна секция не хранит отдельные fake arrays.,Извлечение ограничений,"ограничения должны становиться отдельным слоем результата, потому что именно они меняют допустимый следующий шаг.",10133,docs/source_of_truth/LifeOS_canon_v33.md
C17-015,Функция,C17,АРХИТЕКТУРА ИСКУССТВЕННОГО ИНТЕЛЛЕКТА И ОБРАБОТКА,Data Control / Trust / Privacy,Control,/app/control,"PLAN_TBD_BY_ARTIFACT_AUDIT, PLAN_TBD_BY_ARTIFACT_AUDIT","Receipt, DataControlItem, AuditEvent, ExportJob, DeletePreview, PrivacyZone, PermissionGrant",implement as product capability,Любое изменение имеет receipt; destructive действия только preview + confirmation boundary.,Извлечение ресурсов,"система должна выделять не только проблему, но и доступные ресурсы, на которые можно опереться.",10139,docs/source_of_truth/LifeOS_canon_v33.md
C17-016,Функция,C17,АРХИТЕКТУРА ИСКУССТВЕННОГО ИНТЕЛЛЕКТА И ОБРАБОТКА,Agents / Workflows,Agents,/app/agents,PLAN_TBD_BY_ARTIFACT_AUDIT,"AgentManifest, ToolScope, WorkflowManifest, WorkflowRunPreview, ActionProposal",implement as product capability,Агент ничего не отправляет/не удаляет/не публикует без явного approval; dry-run даёт receipt и proposal.,Извлечение обязательств,"обещания, договорённости и обязательства должны выделяться как отдельный класс результата.",10145,docs/source_of_truth/LifeOS_canon_v33.md
C17-017,Функция,C17,АРХИТЕКТУРА ИСКУССТВЕННОГО ИНТЕЛЛЕКТА И ОБРАБОТКА,Agents / Workflows,Agents,/app/agents,PLAN_TBD_BY_ARTIFACT_AUDIT,"AgentManifest, ToolScope, WorkflowManifest, WorkflowRunPreview, ActionProposal",implement as product capability,Агент ничего не отправляет/не удаляет/не публикует без явного approval; dry-run даёт receipt и proposal.,Полуавтоматический средний слой,"между правилами и искусственным интеллектом нужен слой полуавтомата, который предлагает структуру, но не мутирует жизнь скрыто.",10151,docs/source_of_truth/LifeOS_canon_v33.md
C17-018,Функция,C17,АРХИТЕКТУРА ИСКУССТВЕННОГО ИНТЕЛЛЕКТА И ОБРАБОТКА,Agents / Workflows,Agents,/app/agents,PLAN_TBD_BY_ARTIFACT_AUDIT,"AgentManifest, ToolScope, WorkflowManifest, WorkflowRunPreview, ActionProposal",implement as product capability,Агент ничего не отправляет/не удаляет/не публикует без явного approval; dry-run даёт receipt и proposal.,Генерация кандидатов на действия,"разбор должен уметь рождать кандидатов на задачи, события и артефакты как отдельные сущности очереди проверки.",10157,docs/source_of_truth/LifeOS_canon_v33.md
C17-019,Функция,C17,АРХИТЕКТУРА ИСКУССТВЕННОГО ИНТЕЛЛЕКТА И ОБРАБОТКА,Providers / Local AI / Media / Screen,Providers,/app/providers,PLAN_TBD_BY_ARTIFACT_AUDIT,"ProviderBoundary, ModelProfile, MediaTranscriptJob, ScreenSession, DeviceSyncState",implement as product capability,"Никаких fake cloud/model/screen/VPN success; только readiness, preview, explicit setup/approval.",Три контура искусственного интеллекта (ИИ),"система различает локальный контур на устройстве, локальный серверный контур и внешний контур по согласию человека.",10163,docs/source_of_truth/LifeOS_canon_v33.md
C17-020,Функция,C17,АРХИТЕКТУРА ИСКУССТВЕННОГО ИНТЕЛЛЕКТА И ОБРАБОТКА,Providers / Local AI / Media / Screen,Providers,/app/providers,PLAN_TBD_BY_ARTIFACT_AUDIT,"ProviderBoundary, ModelProfile, MediaTranscriptJob, ScreenSession, DeviceSyncState",implement as product capability,"Никаких fake cloud/model/screen/VPN success; только readiness, preview, explicit setup/approval.",Видимый режим выполнения,"у результата должно быть видно, где именно он был обработан: на устройстве, на локальном сервере или во внешнем облачном контуре.",10169,docs/source_of_truth/LifeOS_canon_v33.md
C17-021,Функция,C17,АРХИТЕКТУРА ИСКУССТВЕННОГО ИНТЕЛЛЕКТА И ОБРАБОТКА,Planner / Tasks / Calendar / Focus,Plan,/app/plan,PLAN_TBD_BY_ARTIFACT_AUDIT,"Task, Project, CalendarBlock, PlannerBlock, FocusSession, WeekPlan",implement as product capability,"Task можно создать из source/note/chat, поставить в календарный блок, увидеть связь и receipt.",Маршрутизация «модель под задачу»,"разные задачи должны идти в разные контуры, а не в один общий интеллект на всё.",10175,docs/source_of_truth/LifeOS_canon_v33.md
C17-022,Качество,C17,АРХИТЕКТУРА ИСКУССТВЕННОГО ИНТЕЛЛЕКТА И ОБРАБОТКА,Agents / Workflows,Agents,/app/agents,PLAN_TBD_BY_ARTIFACT_AUDIT,"AgentManifest, ToolScope, WorkflowManifest, WorkflowRunPreview, ActionProposal",build as acceptance criterion,Агент ничего не отправляет/не удаляет/не публикует без явного approval; dry-run даёт receipt и proposal.,Нейтральность к поставщику,архитектура не должна зависеть от одного внешнего поставщика моделей или сервисов.,10181,docs/source_of_truth/LifeOS_canon_v33.md
C17-023,Функция,C17,АРХИТЕКТУРА ИСКУССТВЕННОГО ИНТЕЛЛЕКТА И ОБРАБОТКА,Providers / Local AI / Media / Screen,Providers,/app/providers,PLAN_TBD_BY_ARTIFACT_AUDIT,"ProviderBoundary, ModelProfile, MediaTranscriptJob, ScreenSession, DeviceSyncState",implement as product capability,"Никаких fake cloud/model/screen/VPN success; только readiness, preview, explicit setup/approval.",Гибридная маршрутизация по типу задачи,"решение о локальном или внешнем ходе должно приниматься по задаче, а не по одной общей идеологии.",10187,docs/source_of_truth/LifeOS_canon_v33.md
C17-024,Функция,C17,АРХИТЕКТУРА ИСКУССТВЕННОГО ИНТЕЛЛЕКТА И ОБРАБОТКА,Packs / Builder / Marketplace,Packs,/app/packs,PLAN_TBD_BY_ARTIFACT_AUDIT,"PackManifest, CustomObjectType, Template, BuilderBlock, InstallImpact",implement as product capability,"Install/uninstall только local-first с impact screen, permission list, rollback receipt; payments/publish gated.",Ограничители затрат,"дорогие ходы искусственного интеллекта должны быть ограничены окнами, квотами и пакетным режимом.",10193,docs/source_of_truth/LifeOS_canon_v33.md
C17-025,Качество,C17,АРХИТЕКТУРА ИСКУССТВЕННОГО ИНТЕЛЛЕКТА И ОБРАБОТКА,Packs / Builder / Marketplace,Packs,/app/packs,PLAN_TBD_BY_ARTIFACT_AUDIT,"PackManifest, CustomObjectType, Template, BuilderBlock, InstallImpact",build as acceptance criterion,"Install/uninstall только local-first с impact screen, permission list, rollback receipt; payments/publish gated.",Пакетный режим по умолчанию,"базовая экономика продукта должна строиться вокруг короткого захвата и пакетного разбора, а не бесконечного диалога.",10199,docs/source_of_truth/LifeOS_canon_v33.md
C17-026,Функция,C17,АРХИТЕКТУРА ИСКУССТВЕННОГО ИНТЕЛЛЕКТА И ОБРАБОТКА,Providers / Local AI / Media / Screen,Providers,/app/providers,PLAN_TBD_BY_ARTIFACT_AUDIT,"ProviderBoundary, ModelProfile, MediaTranscriptJob, ScreenSession, DeviceSyncState",implement as product capability,"Никаких fake cloud/model/screen/VPN success; только readiness, preview, explicit setup/approval.",Классы устройств для локального интеллекта,локальный контур должен учитывать класс устройства и давать разную глубину локальной работы на слабом и сильном телефоне.,10205,docs/source_of_truth/LifeOS_canon_v33.md
C17-027,Функция,C17,АРХИТЕКТУРА ИСКУССТВЕННОГО ИНТЕЛЛЕКТА И ОБРАБОТКА,Providers / Local AI / Media / Screen,Providers,/app/providers,PLAN_TBD_BY_ARTIFACT_AUDIT,"ProviderBoundary, ModelProfile, MediaTranscriptJob, ScreenSession, DeviceSyncState",implement as product capability,"Никаких fake cloud/model/screen/VPN success; только readiness, preview, explicit setup/approval.",Скачиваемые пакеты локальных возможностей,"локальные возможности должны подключаться через отдельные пакеты, а не идти всем одним монолитом.",10211,docs/source_of_truth/LifeOS_canon_v33.md
C17-028,Функция,C17,АРХИТЕКТУРА ИСКУССТВЕННОГО ИНТЕЛЛЕКТА И ОБРАБОТКА,Packs / Builder / Marketplace,Packs,/app/packs,PLAN_TBD_BY_ARTIFACT_AUDIT,"PackManifest, CustomObjectType, Template, BuilderBlock, InstallImpact",implement as product capability,"Install/uninstall только local-first с impact screen, permission list, rollback receipt; payments/publish gated.",Видимый статус загрузки пакетов,скачивание локальных пакетов и моделей должно быть прозрачным для человека.,10217,docs/source_of_truth/LifeOS_canon_v33.md
C17-029,Функция,C17,АРХИТЕКТУРА ИСКУССТВЕННОГО ИНТЕЛЛЕКТА И ОБРАБОТКА,Providers / Local AI / Media / Screen,Providers,/app/providers,PLAN_TBD_BY_ARTIFACT_AUDIT,"ProviderBoundary, ModelProfile, MediaTranscriptJob, ScreenSession, DeviceSyncState",implement as product capability,"Никаких fake cloud/model/screen/VPN success; только readiness, preview, explicit setup/approval.",Видимая квота локального контура,"если локальный или платформенный контур ограничен квотами, человек должен это видеть заранее.",10223,docs/source_of_truth/LifeOS_canon_v33.md
C17-030,Функция,C17,АРХИТЕКТУРА ИСКУССТВЕННОГО ИНТЕЛЛЕКТА И ОБРАБОТКА,Providers / Local AI / Media / Screen,Providers,/app/providers,PLAN_TBD_BY_ARTIFACT_AUDIT,"ProviderBoundary, ModelProfile, MediaTranscriptJob, ScreenSession, DeviceSyncState",implement as product capability,"Никаких fake cloud/model/screen/VPN success; только readiness, preview, explicit setup/approval.",Мягкое понижение функций на слабом устройстве,"на слабых устройствах система должна честно упрощать поведение, а не обещать одинаковую глубину работы всем.",10229,docs/source_of_truth/LifeOS_canon_v33.md
C17-031,Функция,C17,АРХИТЕКТУРА ИСКУССТВЕННОГО ИНТЕЛЛЕКТА И ОБРАБОТКА,Providers / Local AI / Media / Screen,Providers,/app/providers,PLAN_TBD_BY_ARTIFACT_AUDIT,"ProviderBoundary, ModelProfile, MediaTranscriptJob, ScreenSession, DeviceSyncState",implement as product capability,"Никаких fake cloud/model/screen/VPN success; только readiness, preview, explicit setup/approval.",Продвинутый локальный мультимодальный контур,"на сильных устройствах локальная обработка должна уметь работать сразу с текстом, голосом, изображением и коротким экранным контекстом.",10235,docs/source_of_truth/LifeOS_canon_v33.md
C17-032,Функция,C17,АРХИТЕКТУРА ИСКУССТВЕННОГО ИНТЕЛЛЕКТА И ОБРАБОТКА,Providers / Local AI / Media / Screen,Providers,/app/providers,PLAN_TBD_BY_ARTIFACT_AUDIT,"ProviderBoundary, ModelProfile, MediaTranscriptJob, ScreenSession, DeviceSyncState",implement as product capability,"Никаких fake cloud/model/screen/VPN success; только readiness, preview, explicit setup/approval.",Опциональные личные адаптеры,"персонализация локального контура может идти через отдельные опциональные адаптеры, а не через раннюю перенастройку всего интеллекта.",10241,docs/source_of_truth/LifeOS_canon_v33.md
C17-033,Функция,C17,АРХИТЕКТУРА ИСКУССТВЕННОГО ИНТЕЛЛЕКТА И ОБРАБОТКА,Capture / Inbox,Inbox,/app/inbox,PLAN_TBD_BY_ARTIFACT_AUDIT,"Source, SourcePacket, Attachment, ImportJob, CaptureDraft",implement as product capability,"Любой ввод сохраняется локально, получает provenance, receipt, Data Control item и graph edge.",Мышление сначала по личному корпусу,в исследовательском и рабочем режиме система должна уметь сначала думать на материалах самого пользователя.,10247,docs/source_of_truth/LifeOS_canon_v33.md
C17-034,Минус,C17,АРХИТЕКТУРА ИСКУССТВЕННОГО ИНТЕЛЛЕКТА И ОБРАБОТКА,Kernel / OS Spine,Core / invisible OS spine,/app/system,PLAN_TBD_BY_ARTIFACT_AUDIT,"LifeObject, SourceRef, Receipt, AuditEvent, PolicyBoundary, GraphEdge",forbid / add regression guard,Все сущности имеют общий id/state/source/receipt/graph refs; ни одна секция не хранит отдельные fake arrays.,Чёрный ящик вместо дисциплины,"продукт ломается, если искусственный интеллект становится непроверяемой магией без правил, состояний и происхождения вывода.",10253,docs/source_of_truth/LifeOS_canon_v33.md
C17-035,Минус,C17,АРХИТЕКТУРА ИСКУССТВЕННОГО ИНТЕЛЛЕКТА И ОБРАБОТКА,Agents / Workflows,Agents,/app/agents,PLAN_TBD_BY_ARTIFACT_AUDIT,"AgentManifest, ToolScope, WorkflowManifest, WorkflowRunPreview, ActionProposal",forbid / add regression guard,Агент ничего не отправляет/не удаляет/не публикует без явного approval; dry-run даёт receipt и proposal.,Скрытая автономия и тихие действия,никакой контур не должен менять реальность пользователя без явного подтверждения человека.,10259,docs/source_of_truth/LifeOS_canon_v33.md
C17-036,Минус,C17,АРХИТЕКТУРА ИСКУССТВЕННОГО ИНТЕЛЛЕКТА И ОБРАБОТКА,Agents / Workflows,Agents,/app/agents,PLAN_TBD_BY_ARTIFACT_AUDIT,"AgentManifest, ToolScope, WorkflowManifest, WorkflowRunPreview, ActionProposal",forbid / add regression guard,Агент ничего не отправляет/не удаляет/не публикует без явного approval; dry-run даёт receipt и proposal.,Ранний запуск автономных агентов с силой мутаций,"опасно рано выпускать автономные контуры, которые могут сами менять данные, память и действия.",10265,docs/source_of_truth/LifeOS_canon_v33.md
C17-037,Минус,C17,АРХИТЕКТУРА ИСКУССТВЕННОГО ИНТЕЛЛЕКТА И ОБРАБОТКА,Life Domains / Wellbeing / Money / Family,Domains,/app/domains,PLAN_TBD_BY_ARTIFACT_AUDIT,"HealthSignal, Routine, Relationship, HomeItem, MoneyEvent, Trip, Meal, DomainPack",forbid / add regression guard,Домены не ломают ядро; каждый доменный объект — LifeObject с source/receipt/control/graph.,Слишком ранняя персонализация по плохим данным,"нельзя рано «учить систему на жизни человека», если она ещё плохо различает шум, слабый сигнал и проверенный паттерн.",10271,docs/source_of_truth/LifeOS_canon_v33.md
C17-038,Минус,C17,АРХИТЕКТУРА ИСКУССТВЕННОГО ИНТЕЛЛЕКТА И ОБРАБОТКА,Providers / Local AI / Media / Screen,Providers,/app/providers,PLAN_TBD_BY_ARTIFACT_AUDIT,"ProviderBoundary, ModelProfile, MediaTranscriptJob, ScreenSession, DeviceSyncState",forbid / add regression guard,"Никаких fake cloud/model/screen/VPN success; только readiness, preview, explicit setup/approval.",Один монструозный пакет локальной модели для всех,"нельзя делать локальный интеллект так, будто всем устройствам подходит один и тот же тяжёлый набор.",10277,docs/source_of_truth/LifeOS_canon_v33.md
C17-039,Функция,C17,АРХИТЕКТУРА ИСКУССТВЕННОГО ИНТЕЛЛЕКТА И ОБРАБОТКА,Agents / Workflows,Agents,/app/agents,PLAN_TBD_BY_ARTIFACT_AUDIT,"AgentManifest, ToolScope, WorkflowManifest, WorkflowRunPreview, ActionProposal",implement as product capability,Агент ничего не отправляет/не удаляет/не публикует без явного approval; dry-run даёт receipt и proposal.,Пользовательские агенты под разные задачи,"человек должен иметь возможность включать разных помощников под разные типы работы, не превращая продукт в хаотичный конструктор.",10283,docs/source_of_truth/LifeOS_canon_v33.md
C17-040,Функция,C17,АРХИТЕКТУРА ИСКУССТВЕННОГО ИНТЕЛЛЕКТА И ОБРАБОТКА,Kernel / OS Spine,Core / invisible OS spine,/app/system,PLAN_TBD_BY_ARTIFACT_AUDIT,"LifeObject, SourceRef, Receipt, AuditEvent, PolicyBoundary, GraphEdge",implement as product capability,Все сущности имеют общий id/state/source/receipt/graph refs; ни одна секция не хранит отдельные fake arrays.,Искусственный интеллект собирает рабочие поверхности из типизированных данных,"умный слой может усиливать систему не только генерацией текста, но и сборкой рабочих объектов и поверхностей поверх уже структурированных данных.",10290,docs/source_of_truth/LifeOS_canon_v33.md
C17-041,Качество,C17,АРХИТЕКТУРА ИСКУССТВЕННОГО ИНТЕЛЛЕКТА И ОБРАБОТКА,Library / Obsidian Core,Library,/app/library,"PLAN_TBD_BY_ARTIFACT_AUDIT, PLAN_TBD_BY_ARTIFACT_AUDIT","Note, DailyNote, JournalEntry, KnowledgeItem, Tag, Space, Backlink, WikiLink",build as acceptance criterion,"Можно писать заметку, связать [[wikilink]], увидеть backlinks/graph, сохранить/перезагрузить без потери.","Сначала извлечь, потом сформулировать, в память писать только устойчивую правду","сначала система должна извлекать факты и структуру, затем формулировать вывод, а в память поднимать только достаточно устойчивые вещи.",10297,docs/source_of_truth/LifeOS_canon_v33.md
C17-042,Функция,C17,АРХИТЕКТУРА ИСКУССТВЕННОГО ИНТЕЛЛЕКТА И ОБРАБОТКА,Life Domains / Wellbeing / Money / Family,Domains,/app/domains,PLAN_TBD_BY_ARTIFACT_AUDIT,"HealthSignal, Routine, Relationship, HomeItem, MoneyEvent, Trip, Meal, DomainPack",implement as product capability,Домены не ломают ядро; каждый доменный объект — LifeObject с source/receipt/control/graph.,Типизированный событийный контур интеграций,"внешние подключения должны общаться с системой не через бесформенный поток, а через типизированные события.",10303,docs/source_of_truth/LifeOS_canon_v33.md
C17-043,Качество,C17,АРХИТЕКТУРА ИСКУССТВЕННОГО ИНТЕЛЛЕКТА И ОБРАБОТКА,Agents / Workflows,Agents,/app/agents,PLAN_TBD_BY_ARTIFACT_AUDIT,"AgentManifest, ToolScope, WorkflowManifest, WorkflowRunPreview, ActionProposal",build as acceptance criterion,Агент ничего не отправляет/не удаляет/не публикует без явного approval; dry-run даёт receipt и proposal.,Повторобезопасность интеграций,"повторный приход одного и того же внешнего события не должен плодить дубли задач, решений или действий.",10309,docs/source_of_truth/LifeOS_canon_v33.md
C17-044,Функция,C17,АРХИТЕКТУРА ИСКУССТВЕННОГО ИНТЕЛЛЕКТА И ОБРАБОТКА,Providers / Local AI / Media / Screen,Providers,/app/providers,PLAN_TBD_BY_ARTIFACT_AUDIT,"ProviderBoundary, ModelProfile, MediaTranscriptJob, ScreenSession, DeviceSyncState",implement as product capability,"Никаких fake cloud/model/screen/VPN success; только readiness, preview, explicit setup/approval.",Разовый разбор текущего экрана,пользователь должен уметь попросить систему разобрать именно текущий экран без включения долгой экранной памяти.,10315,docs/source_of_truth/LifeOS_canon_v33.md
C17-045,Функция,C17,АРХИТЕКТУРА ИСКУССТВЕННОГО ИНТЕЛЛЕКТА И ОБРАБОТКА,Providers / Local AI / Media / Screen,Providers,/app/providers,PLAN_TBD_BY_ARTIFACT_AUDIT,"ProviderBoundary, ModelProfile, MediaTranscriptJob, ScreenSession, DeviceSyncState",implement as product capability,"Никаких fake cloud/model/screen/VPN success; только readiness, preview, explicit setup/approval.",Снимки экрана как отдельный режим памяти по согласию,режим редких снимков экрана должен быть отделён от непрерывного экранного контура и включаться только по явному согласию.,10321,docs/source_of_truth/LifeOS_canon_v33.md
C17-046,Функция,C17,АРХИТЕКТУРА ИСКУССТВЕННОГО ИНТЕЛЛЕКТА И ОБРАБОТКА,Data Control / Trust / Privacy,Control,/app/control,"PLAN_TBD_BY_ARTIFACT_AUDIT, PLAN_TBD_BY_ARTIFACT_AUDIT","Receipt, DataControlItem, AuditEvent, ExportJob, DeletePreview, PrivacyZone, PermissionGrant",implement as product capability,Любое изменение имеет receipt; destructive действия только preview + confirmation boundary.,Безопасный запасной режим при недоступности внешнего контура,"если внешний интеллектуальный контур недоступен, система должна уметь честно деградировать до локальных правил, очереди и черновиков без потери ядра.",10328,docs/source_of_truth/LifeOS_canon_v33.md
C17-047,Функция,C17,АРХИТЕКТУРА ИСКУССТВЕННОГО ИНТЕЛЛЕКТА И ОБРАБОТКА,Agents / Workflows,Agents,/app/agents,PLAN_TBD_BY_ARTIFACT_AUDIT,"AgentManifest, ToolScope, WorkflowManifest, WorkflowRunPreview, ActionProposal",implement as product capability,Агент ничего не отправляет/не удаляет/не публикует без явного approval; dry-run даёт receipt и proposal.,Повторобезопасность обработки и защита от вторичных мутаций,"один и тот же исходный сигнал не должен повторно запускать сильные мутации только потому, что обработка или интеграция сработала ещё раз.",10334,docs/source_of_truth/LifeOS_canon_v33.md
C17-048,Функция,C17,АРХИТЕКТУРА ИСКУССТВЕННОГО ИНТЕЛЛЕКТА И ОБРАБОТКА,Data Control / Trust / Privacy,Control,/app/control,"PLAN_TBD_BY_ARTIFACT_AUDIT, PLAN_TBD_BY_ARTIFACT_AUDIT","Receipt, DataControlItem, AuditEvent, ExportJob, DeletePreview, PrivacyZone, PermissionGrant",implement as product capability,Любое изменение имеет receipt; destructive действия только preview + confirmation boundary.,Контур сбора коррекций для улучшения правил и моделей,"правки человека должны улучшать не только текущий объект, но и последующую работу правил, извлечения и интеллектуальных подсказок.",10340,docs/source_of_truth/LifeOS_canon_v33.md
C17-049,Функция,C17,АРХИТЕКТУРА ИСКУССТВЕННОГО ИНТЕЛЛЕКТА И ОБРАБОТКА,Agents / Workflows,Agents,/app/agents,PLAN_TBD_BY_ARTIFACT_AUDIT,"AgentManifest, ToolScope, WorkflowManifest, WorkflowRunPreview, ActionProposal",implement as product capability,Агент ничего не отправляет/не удаляет/не публикует без явного approval; dry-run даёт receipt и proposal.,"Бюджеты вычислений, батареи, места и цены как часть маршрутизации","выбор контура обработки должен учитывать не только смысл задачи, но и бюджет вычислений, батареи, памяти устройства, места и денежной цены.",10346,docs/source_of_truth/LifeOS_canon_v33.md
C17-050,Функция,C17,АРХИТЕКТУРА ИСКУССТВЕННОГО ИНТЕЛЛЕКТА И ОБРАБОТКА,Kernel / OS Spine,Core / invisible OS spine,/app/system,PLAN_TBD_BY_ARTIFACT_AUDIT,"LifeObject, SourceRef, Receipt, AuditEvent, PolicyBoundary, GraphEdge",implement as product capability,Все сущности имеют общий id/state/source/receipt/graph refs; ни одна секция не хранит отдельные fake arrays.,Подключаемый пользовательский контур искусственного интеллекта,пользователь должен уметь подключать свой внешний или локальный контур искусственного интеллекта для тяжёлой обработки внутри LifeOS.,10353,docs/source_of_truth/LifeOS_canon_v33.md
C17-051,Функция,C17,АРХИТЕКТУРА ИСКУССТВЕННОГО ИНТЕЛЛЕКТА И ОБРАБОТКА,Agents / Workflows,Agents,/app/agents,PLAN_TBD_BY_ARTIFACT_AUDIT,"AgentManifest, ToolScope, WorkflowManifest, WorkflowRunPreview, ActionProposal",implement as product capability,Агент ничего не отправляет/не удаляет/не публикует без явного approval; dry-run даёт receipt и proposal.,Компоновщик пакетных запросов,"дорогая интеллектуальная обработка должна запускаться не на каждом клике, а через компактные пакеты из нужного контекста, собранные под конкретный сценарий.",10359,docs/source_of_truth/LifeOS_canon_v33.md
C17-052,Функция,C17,АРХИТЕКТУРА ИСКУССТВЕННОГО ИНТЕЛЛЕКТА И ОБРАБОТКА,Providers / Local AI / Media / Screen,Providers,/app/providers,PLAN_TBD_BY_ARTIFACT_AUDIT,"ProviderBoundary, ModelProfile, MediaTranscriptJob, ScreenSession, DeviceSyncState",implement as product capability,"Никаких fake cloud/model/screen/VPN success; только readiness, preview, explicit setup/approval.",Адаптеры вывода для разных моделей,"ответы от разных внешних и локальных моделей должны возвращаться в систему через единый нормализующий слой, а не ломать ядро разными форматами.",10365,docs/source_of_truth/LifeOS_canon_v33.md
C17-053,Функция,C17,АРХИТЕКТУРА ИСКУССТВЕННОГО ИНТЕЛЛЕКТА И ОБРАБОТКА,Agents / Workflows,Agents,/app/agents,PLAN_TBD_BY_ARTIFACT_AUDIT,"AgentManifest, ToolScope, WorkflowManifest, WorkflowRunPreview, ActionProposal",implement as product capability,Агент ничего не отправляет/не удаляет/не публикует без явного approval; dry-run даёт receipt и proposal.,"Иерархия маршрутизации по цене, приватности и качеству","система должна уметь выбирать самый дешёвый и безопасный пригодный маршрут обработки, а не сразу прыгать в дорогой внешний контур.",10371,docs/source_of_truth/LifeOS_canon_v33.md
C17-054,Функция,C17,АРХИТЕКТУРА ИСКУССТВЕННОГО ИНТЕЛЛЕКТА И ОБРАБОТКА,Providers / Local AI / Media / Screen,Providers,/app/providers,PLAN_TBD_BY_ARTIFACT_AUDIT,"ProviderBoundary, ModelProfile, MediaTranscriptJob, ScreenSession, DeviceSyncState",implement as product capability,"Никаких fake cloud/model/screen/VPN success; только readiness, preview, explicit setup/approval.",Тяжёлые операции с изображениями и видео идут только через оплаченный или локальный контур,"дорогие мультимодальные сценарии нельзя субсидировать в пробном режиме так, будто их цена равна нулю.",10377,docs/source_of_truth/LifeOS_canon_v33.md
C17-055,Функция,C17,АРХИТЕКТУРА ИСКУССТВЕННОГО ИНТЕЛЛЕКТА И ОБРАБОТКА,Agents / Workflows,Agents,/app/agents,PLAN_TBD_BY_ARTIFACT_AUDIT,"AgentManifest, ToolScope, WorkflowManifest, WorkflowRunPreview, ActionProposal",implement as product capability,Агент ничего не отправляет/не удаляет/не публикует без явного approval; dry-run даёт receipt и proposal.,Пакетные окна обработки вместо постоянной дорогой магии,"при ограниченном бюджете продукт должен уметь собирать тяжёлые операции в обозримые окна пакетной обработки, а не пытаться быть магическим в каждый момент времени.",10383,docs/source_of_truth/LifeOS_canon_v33.md
C17-056,Качество,C17,АРХИТЕКТУРА ИСКУССТВЕННОГО ИНТЕЛЛЕКТА И ОБРАБОТКА,Providers / Local AI / Media / Screen,Providers,/app/providers,PLAN_TBD_BY_ARTIFACT_AUDIT,"ProviderBoundary, ModelProfile, MediaTranscriptJob, ScreenSession, DeviceSyncState",build as acceptance criterion,"Никаких fake cloud/model/screen/VPN success; только readiness, preview, explicit setup/approval.","Сначала нейтральный пакетный контракт, потом список конкретных провайдеров","архитектура внешнего и локального вычислительного контура должна сначала закреплять общий контракт пакета, ответа и маршрута, а уже потом — конкретные совместимые сервисы и модели.",10389,docs/source_of_truth/LifeOS_canon_v33.md
C17-057,Функция,C17,АРХИТЕКТУРА ИСКУССТВЕННОГО ИНТЕЛЛЕКТА И ОБРАБОТКА,Packs / Builder / Marketplace,Packs,/app/packs,PLAN_TBD_BY_ARTIFACT_AUDIT,"PackManifest, CustomObjectType, Template, BuilderBlock, InstallImpact",implement as product capability,"Install/uninstall только local-first с impact screen, permission list, rollback receipt; payments/publish gated.",Версионируемый пакетный контракт с защитой от повторного проигрывания,"пакет внешней или локальной обработки должен иметь версию схемы, отпечаток входа и защиту от повторной вставки одного и того же результата.",10395,docs/source_of_truth/LifeOS_canon_v33.md
C17-058,Функция,C17,АРХИТЕКТУРА ИСКУССТВЕННОГО ИНТЕЛЛЕКТА И ОБРАБОТКА,Data Control / Trust / Privacy,Control,/app/control,"PLAN_TBD_BY_ARTIFACT_AUDIT, PLAN_TBD_BY_ARTIFACT_AUDIT","Receipt, DataControlItem, AuditEvent, ExportJob, DeletePreview, PrivacyZone, PermissionGrant",implement as product capability,Любое изменение имеет receipt; destructive действия только preview + confirmation boundary.,Возврат внешнего ответа только как кандидатов с полной квитанцией,результат от личного внешнего искусственного интеллекта или локальной модели не должен входить в систему как готовая истина; он всегда возвращается как кандидаты с происхождением и правом исправления.,10401,docs/source_of_truth/LifeOS_canon_v33.md
C17-059,Функция,C17,АРХИТЕКТУРА ИСКУССТВЕННОГО ИНТЕЛЛЕКТА И ОБРАБОТКА,Capture / Inbox,Inbox,/app/inbox,PLAN_TBD_BY_ARTIFACT_AUDIT,"Source, SourcePacket, Attachment, ImportJob, CaptureDraft",implement as product capability,"Любой ввод сохраняется локально, получает provenance, receipt, Data Control item и graph edge.",Голос -> транскрипт -> кандидаты -> артефакт,"ИИ-слой должен поддерживать полный путь от голоса к кандидату, подтверждению и рабочему объекту.",10410,docs/source_of_truth/LifeOS_canon_v33.md
C17-060,Функция,C17,АРХИТЕКТУРА ИСКУССТВЕННОГО ИНТЕЛЛЕКТА И ОБРАБОТКА,Chat / Communication,Chat,/app/chat,PLAN_TBD_BY_ARTIFACT_AUDIT,"ChatThread, ChatMessage, MeetingNote, Contact, ConversationContext",implement as product capability,Сообщение можно превратить в note/task/proposal; внешняя отправка заблокирована без provider/approval.,"Сводки, вопросы и диалог по книгам, курсам и событиям","модель должна уметь строить сводки, вопросы и диалог по длинным материалам и прожитым объектам, не теряя происхождение.",10416,docs/source_of_truth/LifeOS_canon_v33.md
C17-061,Функция,C17,АРХИТЕКТУРА ИСКУССТВЕННОГО ИНТЕЛЛЕКТА И ОБРАБОТКА,Providers / Local AI / Media / Screen,Providers,/app/providers,PLAN_TBD_BY_ARTIFACT_AUDIT,"ProviderBoundary, ModelProfile, MediaTranscriptJob, ScreenSession, DeviceSyncState",implement as product capability,"Никаких fake cloud/model/screen/VPN success; только readiness, preview, explicit setup/approval.","Модерационная помощь для форумов, чатов и событий","ИИ должен помогать в выявлении спама, злоупотреблений, опасных сообщений и токсичных сценариев без скрытых санкций.",10422,docs/source_of_truth/LifeOS_canon_v33.md
C17-062,Функция,C17,АРХИТЕКТУРА ИСКУССТВЕННОГО ИНТЕЛЛЕКТА И ОБРАБОТКА,Providers / Local AI / Media / Screen,Providers,/app/providers,PLAN_TBD_BY_ARTIFACT_AUDIT,"ProviderBoundary, ModelProfile, MediaTranscriptJob, ScreenSession, DeviceSyncState",implement as product capability,"Никаких fake cloud/model/screen/VPN success; только readiness, preview, explicit setup/approval.",Подсказка критериев для знакомств и совместимости без скрытого раскрытия данных,"ИИ может предлагать человеку, какие критерии ему стоит выбрать для знакомств и сообществ, но не раскрывать частную жизнь другому человеку.",10428,docs/source_of_truth/LifeOS_canon_v33.md
C17-063,Функция,C17,АРХИТЕКТУРА ИСКУССТВЕННОГО ИНТЕЛЛЕКТА И ОБРАБОТКА,Capture / Inbox,Inbox,/app/inbox,PLAN_TBD_BY_ARTIFACT_AUDIT,"Source, SourcePacket, Attachment, ImportJob, CaptureDraft",implement as product capability,"Любой ввод сохраняется локально, получает provenance, receipt, Data Control item и graph edge.","Интерпретация сканов еды, состава и нутриентов","ИИ-слой должен уметь превращать этикетки, состав и фото продуктов в структурированные пищевые данные.",10434,docs/source_of_truth/LifeOS_canon_v33.md
C17-064,Качество,C17,АРХИТЕКТУРА ИСКУССТВЕННОГО ИНТЕЛЛЕКТА И ОБРАБОТКА,Providers / Local AI / Media / Screen,Providers,/app/providers,PLAN_TBD_BY_ARTIFACT_AUDIT,"ProviderBoundary, ModelProfile, MediaTranscriptJob, ScreenSession, DeviceSyncState",build as acceptance criterion,"Никаких fake cloud/model/screen/VPN success; только readiness, preview, explicit setup/approval.","Модель усиливает объектный слой, а не заменяет его","ИИ не должен жить как отдельный волшебный мир без привязки к артефактам, происхождению и праву человека исправить вывод.",10440,docs/source_of_truth/LifeOS_canon_v33.md
C18-001,Функция,C18,"ПАМЯТЬ, ГРАФ И СИГНАЛЫ",Library / Obsidian Core,Library,/app/library,"PLAN_TBD_BY_ARTIFACT_AUDIT, PLAN_TBD_BY_ARTIFACT_AUDIT","Note, DailyNote, JournalEntry, KnowledgeItem, Tag, Space, Backlink, WikiLink",implement as product capability,"Можно писать заметку, связать [[wikilink]], увидеть backlinks/graph, сохранить/перезагрузить без потери.",Позвоночник памяти как отдельный слой,"память — это отдельный позвоночник продукта поверх исторического следа, а не история чатов и не случайный архив текста.",10450,docs/source_of_truth/LifeOS_canon_v33.md
C18-002,Функция,C18,"ПАМЯТЬ, ГРАФ И СИГНАЛЫ",Library / Obsidian Core,Library,/app/library,"PLAN_TBD_BY_ARTIFACT_AUDIT, PLAN_TBD_BY_ARTIFACT_AUDIT","Note, DailyNote, JournalEntry, KnowledgeItem, Tag, Space, Backlink, WikiLink",implement as product capability,"Можно писать заметку, связать [[wikilink]], увидеть backlinks/graph, сохранить/перезагрузить без потери.",Рабочая память текущей работы,краткий контекст активной работы живёт отдельно и быстро стареет.,10456,docs/source_of_truth/LifeOS_canon_v33.md
C18-003,Функция,C18,"ПАМЯТЬ, ГРАФ И СИГНАЛЫ",Library / Obsidian Core,Library,/app/library,"PLAN_TBD_BY_ARTIFACT_AUDIT, PLAN_TBD_BY_ARTIFACT_AUDIT","Note, DailyNote, JournalEntry, KnowledgeItem, Tag, Space, Backlink, WikiLink",implement as product capability,"Можно писать заметку, связать [[wikilink]], увидеть backlinks/graph, сохранить/перезагрузить без потери.",Сессионная память,"память одной встречи, дня или короткого цикла должна храниться отдельно от долгих жизненных сведений.",10462,docs/source_of_truth/LifeOS_canon_v33.md
C18-004,Функция,C18,"ПАМЯТЬ, ГРАФ И СИГНАЛЫ",Library / Obsidian Core,Library,/app/library,"PLAN_TBD_BY_ARTIFACT_AUDIT, PLAN_TBD_BY_ARTIFACT_AUDIT","Note, DailyNote, JournalEntry, KnowledgeItem, Tag, Space, Backlink, WikiLink",implement as product capability,"Можно писать заметку, связать [[wikilink]], увидеть backlinks/graph, сохранить/перезагрузить без потери.",Память проекта,"у проекта должен быть свой собственный контур памяти: цель, решения, словарь, файлы, открытые вопросы и принятые допущения.",10468,docs/source_of_truth/LifeOS_canon_v33.md
C18-005,Функция,C18,"ПАМЯТЬ, ГРАФ И СИГНАЛЫ",Library / Obsidian Core,Library,/app/library,"PLAN_TBD_BY_ARTIFACT_AUDIT, PLAN_TBD_BY_ARTIFACT_AUDIT","Note, DailyNote, JournalEntry, KnowledgeItem, Tag, Space, Backlink, WikiLink",implement as product capability,"Можно писать заметку, связать [[wikilink]], увидеть backlinks/graph, сохранить/перезагрузить без потери.",Личная память,устойчивые личные предпочтения и ограничения должны жить отдельно от проектной и доменной памяти.,10474,docs/source_of_truth/LifeOS_canon_v33.md
C18-006,Функция,C18,"ПАМЯТЬ, ГРАФ И СИГНАЛЫ",Life Domains / Wellbeing / Money / Family,Domains,/app/domains,PLAN_TBD_BY_ARTIFACT_AUDIT,"HealthSignal, Routine, Relationship, HomeItem, MoneyEvent, Trip, Meal, DomainPack",implement as product capability,Домены не ломают ядро; каждый доменный объект — LifeObject с source/receipt/control/graph.,Доменная память,у каждой жизненной области может быть свой контур памяти с собственными сигналами и правилами.,10480,docs/source_of_truth/LifeOS_canon_v33.md
C18-007,Функция,C18,"ПАМЯТЬ, ГРАФ И СИГНАЛЫ",Library / Obsidian Core,Library,/app/library,"PLAN_TBD_BY_ARTIFACT_AUDIT, PLAN_TBD_BY_ARTIFACT_AUDIT","Note, DailyNote, JournalEntry, KnowledgeItem, Tag, Space, Backlink, WikiLink",implement as product capability,"Можно писать заметку, связать [[wikilink]], увидеть backlinks/graph, сохранить/перезагрузить без потери.",Долгосрочная память,в долгую память переходят только достаточно устойчивые и полезные вещи.,10486,docs/source_of_truth/LifeOS_canon_v33.md
C18-008,Функция,C18,"ПАМЯТЬ, ГРАФ И СИГНАЛЫ",Library / Obsidian Core,Library,/app/library,"PLAN_TBD_BY_ARTIFACT_AUDIT, PLAN_TBD_BY_ARTIFACT_AUDIT","Note, DailyNote, JournalEntry, KnowledgeItem, Tag, Space, Backlink, WikiLink",implement as product capability,"Можно писать заметку, связать [[wikilink]], увидеть backlinks/graph, сохранить/перезагрузить без потери.",Разделение подтверждённого и интересного сигнала в памяти,"память обязана различать то, на что уже можно опираться, и то, что пока выглядит лишь интересной догадкой.",10492,docs/source_of_truth/LifeOS_canon_v33.md
C18-009,Функция,C18,"ПАМЯТЬ, ГРАФ И СИГНАЛЫ",LifeGraph / Entities,Graph,/app/graph,"PLAN_TBD_BY_ARTIFACT_AUDIT, PLAN_TBD_BY_ARTIFACT_AUDIT","GraphNode, GraphEdge, Entity, EntityCandidate, RelationshipReason",implement as product capability,Graph edge имеет source/provenance/confidence; можно скрыть/исправить связь через безопасный preview.,Разделение слабого и доверенного сигнала,сила сигнала хранится отдельно от его содержания.,10498,docs/source_of_truth/LifeOS_canon_v33.md
C18-010,Функция,C18,"ПАМЯТЬ, ГРАФ И СИГНАЛЫ",LifeGraph / Entities,Graph,/app/graph,"PLAN_TBD_BY_ARTIFACT_AUDIT, PLAN_TBD_BY_ARTIFACT_AUDIT","GraphNode, GraphEdge, Entity, EntityCandidate, RelationshipReason",implement as product capability,Graph edge имеет source/provenance/confidence; можно скрыть/исправить связь через безопасный preview.,Лестница повышения сигнала,сигнал должен уметь подниматься по ступеням по понятным условиям.,10504,docs/source_of_truth/LifeOS_canon_v33.md
C18-011,Функция,C18,"ПАМЯТЬ, ГРАФ И СИГНАЛЫ",LifeGraph / Entities,Graph,/app/graph,"PLAN_TBD_BY_ARTIFACT_AUDIT, PLAN_TBD_BY_ARTIFACT_AUDIT","GraphNode, GraphEdge, Entity, EntityCandidate, RelationshipReason",implement as product capability,Graph edge имеет source/provenance/confidence; можно скрыть/исправить связь через безопасный preview.,Понижение и забывание сигнала,"сигнал может ослабляться или уходить из памяти, если перестал подтверждаться или мешает качеству.",10510,docs/source_of_truth/LifeOS_canon_v33.md
C18-012,Функция,C18,"ПАМЯТЬ, ГРАФ И СИГНАЛЫ",LifeGraph / Entities,Graph,/app/graph,"PLAN_TBD_BY_ARTIFACT_AUDIT, PLAN_TBD_BY_ARTIFACT_AUDIT","GraphNode, GraphEdge, Entity, EntityCandidate, RelationshipReason",implement as product capability,Graph edge имеет source/provenance/confidence; можно скрыть/исправить связь через безопасный preview.,Контур обратной связи по инсайтам,"инсайт должен не только находиться, но и проходить цикл проверки полезности.",10516,docs/source_of_truth/LifeOS_canon_v33.md
C18-013,Функция,C18,"ПАМЯТЬ, ГРАФ И СИГНАЛЫ",LifeGraph / Entities,Graph,/app/graph,"PLAN_TBD_BY_ARTIFACT_AUDIT, PLAN_TBD_BY_ARTIFACT_AUDIT","GraphNode, GraphEdge, Entity, EntityCandidate, RelationshipReason",implement as product capability,Graph edge имеет source/provenance/confidence; можно скрыть/исправить связь через безопасный preview.,Явное хранилище предпочтений,явные предпочтения пользователя должны жить отдельно от неявных догадок системы.,10522,docs/source_of_truth/LifeOS_canon_v33.md
C18-014,Функция,C18,"ПАМЯТЬ, ГРАФ И СИГНАЛЫ",LifeGraph / Entities,Graph,/app/graph,"PLAN_TBD_BY_ARTIFACT_AUDIT, PLAN_TBD_BY_ARTIFACT_AUDIT","GraphNode, GraphEdge, Entity, EntityCandidate, RelationshipReason",implement as product capability,Graph edge имеет source/provenance/confidence; можно скрыть/исправить связь через безопасный preview.,Отрицательные предпочтения памяти,"система должна помнить не только желаемое, но и то, что не нужно поднимать, предлагать или закреплять.",10528,docs/source_of_truth/LifeOS_canon_v33.md
C18-015,Функция,C18,"ПАМЯТЬ, ГРАФ И СИГНАЛЫ",LifeGraph / Entities,Graph,/app/graph,"PLAN_TBD_BY_ARTIFACT_AUDIT, PLAN_TBD_BY_ARTIFACT_AUDIT","GraphNode, GraphEdge, Entity, EntityCandidate, RelationshipReason",implement as product capability,Graph edge имеет source/provenance/confidence; можно скрыть/исправить связь через безопасный preview.,«Отклонить и научить» как механизм памяти,отклонение предложения может одновременно учить систему отрицательному предпочтению.,10534,docs/source_of_truth/LifeOS_canon_v33.md
C18-016,Функция,C18,"ПАМЯТЬ, ГРАФ И СИГНАЛЫ",Library / Obsidian Core,Library,/app/library,"PLAN_TBD_BY_ARTIFACT_AUDIT, PLAN_TBD_BY_ARTIFACT_AUDIT","Note, DailyNote, JournalEntry, KnowledgeItem, Tag, Space, Backlink, WikiLink",implement as product capability,"Можно писать заметку, связать [[wikilink]], увидеть backlinks/graph, сохранить/перезагрузить без потери.",Подтверждение перед коммитом в память,"объект не должен попадать в память автоматически только потому, что система его вывела.",10540,docs/source_of_truth/LifeOS_canon_v33.md
C18-017,Функция,C18,"ПАМЯТЬ, ГРАФ И СИГНАЛЫ",Providers / Local AI / Media / Screen,Providers,/app/providers,PLAN_TBD_BY_ARTIFACT_AUDIT,"ProviderBoundary, ModelProfile, MediaTranscriptJob, ScreenSession, DeviceSyncState",implement as product capability,"Никаких fake cloud/model/screen/VPN success; только readiness, preview, explicit setup/approval.",Выбор контура памяти при сохранении,"при сохранении важного материала человек должен видеть, куда именно это попадёт: только сейчас, в проект, в домен, надолго или вообще никуда.",10546,docs/source_of_truth/LifeOS_canon_v33.md
C18-018,Функция,C18,"ПАМЯТЬ, ГРАФ И СИГНАЛЫ",LifeGraph / Entities,Graph,/app/graph,"PLAN_TBD_BY_ARTIFACT_AUDIT, PLAN_TBD_BY_ARTIFACT_AUDIT","GraphNode, GraphEdge, Entity, EntityCandidate, RelationshipReason",implement as product capability,Graph edge имеет source/provenance/confidence; можно скрыть/исправить связь через безопасный preview.,Видимые метки области памяти,"у элементов памяти должны быть видимые метки области, чтобы человек понимал, где именно живёт этот слой.",10552,docs/source_of_truth/LifeOS_canon_v33.md
C18-019,Функция,C18,"ПАМЯТЬ, ГРАФ И СИГНАЛЫ",LifeGraph / Entities,Graph,/app/graph,"PLAN_TBD_BY_ARTIFACT_AUDIT, PLAN_TBD_BY_ARTIFACT_AUDIT","GraphNode, GraphEdge, Entity, EntityCandidate, RelationshipReason",implement as product capability,Graph edge имеет source/provenance/confidence; можно скрыть/исправить связь через безопасный preview.,Видимая граница памяти проекта,у проектной памяти должен быть понятный визуальный край.,10558,docs/source_of_truth/LifeOS_canon_v33.md
C18-020,Функция,C18,"ПАМЯТЬ, ГРАФ И СИГНАЛЫ",Library / Obsidian Core,Library,/app/library,"PLAN_TBD_BY_ARTIFACT_AUDIT, PLAN_TBD_BY_ARTIFACT_AUDIT","Note, DailyNote, JournalEntry, KnowledgeItem, Tag, Space, Backlink, WikiLink",implement as product capability,"Можно писать заметку, связать [[wikilink]], увидеть backlinks/graph, сохранить/перезагрузить без потери.",Выборочная индексация,"не всё обязано попадать в индекс поиска, память и дальнейшие выводы.",10564,docs/source_of_truth/LifeOS_canon_v33.md
C18-021,Функция,C18,"ПАМЯТЬ, ГРАФ И СИГНАЛЫ",LifeGraph / Entities,Graph,/app/graph,"PLAN_TBD_BY_ARTIFACT_AUDIT, PLAN_TBD_BY_ARTIFACT_AUDIT","GraphNode, GraphEdge, Entity, EntityCandidate, RelationshipReason",implement as product capability,Graph edge имеет source/provenance/confidence; можно скрыть/исправить связь через безопасный preview.,Переиндексация и обратная закачка,после изменения логики памяти и связей архив может переосмысливаться заново.,10570,docs/source_of_truth/LifeOS_canon_v33.md
C18-022,Функция,C18,"ПАМЯТЬ, ГРАФ И СИГНАЛЫ",Library / Obsidian Core,Library,/app/library,"PLAN_TBD_BY_ARTIFACT_AUDIT, PLAN_TBD_BY_ARTIFACT_AUDIT","Note, DailyNote, JournalEntry, KnowledgeItem, Tag, Space, Backlink, WikiLink",implement as product capability,"Можно писать заметку, связать [[wikilink]], увидеть backlinks/graph, сохранить/перезагрузить без потери.",Каскадное удаление памяти,удаление корневого элемента должно тянуть за собой зависимые и выросшие из него память-следы.,10576,docs/source_of_truth/LifeOS_canon_v33.md
C18-023,Функция,C18,"ПАМЯТЬ, ГРАФ И СИГНАЛЫ",Library / Obsidian Core,Library,/app/library,"PLAN_TBD_BY_ARTIFACT_AUDIT, PLAN_TBD_BY_ARTIFACT_AUDIT","Note, DailyNote, JournalEntry, KnowledgeItem, Tag, Space, Backlink, WikiLink",implement as product capability,"Можно писать заметку, связать [[wikilink]], увидеть backlinks/graph, сохранить/перезагрузить без потери.",Многовременные поля памяти,"память должна хранить не одно время, а несколько временных осей.",10582,docs/source_of_truth/LifeOS_canon_v33.md
C18-024,Функция,C18,"ПАМЯТЬ, ГРАФ И СИГНАЛЫ",Library / Obsidian Core,Library,/app/library,"PLAN_TBD_BY_ARTIFACT_AUDIT, PLAN_TBD_BY_ARTIFACT_AUDIT","Note, DailyNote, JournalEntry, KnowledgeItem, Tag, Space, Backlink, WikiLink",implement as product capability,"Можно писать заметку, связать [[wikilink]], увидеть backlinks/graph, сохранить/перезагрузить без потери.",Индикатор свежести памяти,"память должна показывать, насколько она свежая и давно ли подтверждалась.",10588,docs/source_of_truth/LifeOS_canon_v33.md
C18-025,Функция,C18,"ПАМЯТЬ, ГРАФ И СИГНАЛЫ",LifeGraph / Entities,Graph,/app/graph,"PLAN_TBD_BY_ARTIFACT_AUDIT, PLAN_TBD_BY_ARTIFACT_AUDIT","GraphNode, GraphEdge, Entity, EntityCandidate, RelationshipReason",implement as product capability,Graph edge имеет source/provenance/confidence; можно скрыть/исправить связь через безопасный preview.,Контекстный конверт записи,"важной записи нужен не только текст, но и конверт контекста: кто, когда, где, из какого источника и с какой уверенностью.",10594,docs/source_of_truth/LifeOS_canon_v33.md
C18-026,Функция,C18,"ПАМЯТЬ, ГРАФ И СИГНАЛЫ",Library / Obsidian Core,Library,/app/library,"PLAN_TBD_BY_ARTIFACT_AUDIT, PLAN_TBD_BY_ARTIFACT_AUDIT","Note, DailyNote, JournalEntry, KnowledgeItem, Tag, Space, Backlink, WikiLink",implement as product capability,"Можно писать заметку, связать [[wikilink]], увидеть backlinks/graph, сохранить/перезагрузить без потери.",Контекстное возвращение памяти,"полезная память должна уметь всплывать не только по прямому поиску, но и по релевантному моменту.",10600,docs/source_of_truth/LifeOS_canon_v33.md
C18-027,Функция,C18,"ПАМЯТЬ, ГРАФ И СИГНАЛЫ",Library / Obsidian Core,Library,/app/library,"PLAN_TBD_BY_ARTIFACT_AUDIT, PLAN_TBD_BY_ARTIFACT_AUDIT","Note, DailyNote, JournalEntry, KnowledgeItem, Tag, Space, Backlink, WikiLink",implement as product capability,"Можно писать заметку, связать [[wikilink]], увидеть backlinks/graph, сохранить/перезагрузить без потери.",Возврат памяти вместе с опорой,"память должна возвращать не только результат, но и источник, из которого он когда-то вырос.",10606,docs/source_of_truth/LifeOS_canon_v33.md
C18-028,Функция,C18,"ПАМЯТЬ, ГРАФ И СИГНАЛЫ",Library / Obsidian Core,Library,/app/library,"PLAN_TBD_BY_ARTIFACT_AUDIT, PLAN_TBD_BY_ARTIFACT_AUDIT","Note, DailyNote, JournalEntry, KnowledgeItem, Tag, Space, Backlink, WikiLink",implement as product capability,"Можно писать заметку, связать [[wikilink]], увидеть backlinks/graph, сохранить/перезагрузить без потери.",Поиск сначала по своим материалам,"контур поиска должен уметь сначала искать в личном корпусе, а не начинать с внешнего мира.",10612,docs/source_of_truth/LifeOS_canon_v33.md
C18-029,Функция,C18,"ПАМЯТЬ, ГРАФ И СИГНАЛЫ",Library / Obsidian Core,Library,/app/library,"PLAN_TBD_BY_ARTIFACT_AUDIT, PLAN_TBD_BY_ARTIFACT_AUDIT","Note, DailyNote, JournalEntry, KnowledgeItem, Tag, Space, Backlink, WikiLink",implement as product capability,"Можно писать заметку, связать [[wikilink]], увидеть backlinks/graph, сохранить/перезагрузить без потери.","Поиск, объяснение и источники как поверхность по умолчанию","возврат из памяти должен сразу идти вместе с объяснением и источниками, а не отдельными экранами.",10618,docs/source_of_truth/LifeOS_canon_v33.md
C18-030,Минус,C18,"ПАМЯТЬ, ГРАФ И СИГНАЛЫ",Library / Obsidian Core,Library,/app/library,"PLAN_TBD_BY_ARTIFACT_AUDIT, PLAN_TBD_BY_ARTIFACT_AUDIT","Note, DailyNote, JournalEntry, KnowledgeItem, Tag, Space, Backlink, WikiLink",forbid / add regression guard,"Можно писать заметку, связать [[wikilink]], увидеть backlinks/graph, сохранить/перезагрузить без потери.",Память как один поиск,"нельзя подменять память только строкой поиска без силы сигнала, стадий и контуров.",10624,docs/source_of_truth/LifeOS_canon_v33.md
C18-031,Минус,C18,"ПАМЯТЬ, ГРАФ И СИГНАЛЫ",LifeGraph / Entities,Graph,/app/graph,"PLAN_TBD_BY_ARTIFACT_AUDIT, PLAN_TBD_BY_ARTIFACT_AUDIT","GraphNode, GraphEdge, Entity, EntityCandidate, RelationshipReason",forbid / add regression guard,Graph edge имеет source/provenance/confidence; можно скрыть/исправить связь через безопасный preview.,Неразделённый ком памяти,опасно хранить всё подряд в одном общем слое без разделения по типу и области.,10630,docs/source_of_truth/LifeOS_canon_v33.md
C18-032,Минус,C18,"ПАМЯТЬ, ГРАФ И СИГНАЛЫ",Library / Obsidian Core,Library,/app/library,"PLAN_TBD_BY_ARTIFACT_AUDIT, PLAN_TBD_BY_ARTIFACT_AUDIT","Note, DailyNote, JournalEntry, KnowledgeItem, Tag, Space, Backlink, WikiLink",forbid / add regression guard,"Можно писать заметку, связать [[wikilink]], увидеть backlinks/graph, сохранить/перезагрузить без потери.",Подход «сохраним всё навсегда»,"память не должна становиться вечным складом всего, что когда-либо прошло через продукт.",10636,docs/source_of_truth/LifeOS_canon_v33.md
C18-033,Минус,C18,"ПАМЯТЬ, ГРАФ И СИГНАЛЫ",LifeGraph / Entities,Graph,/app/graph,"PLAN_TBD_BY_ARTIFACT_AUDIT, PLAN_TBD_BY_ARTIFACT_AUDIT","GraphNode, GraphEdge, Entity, EntityCandidate, RelationshipReason",forbid / add regression guard,Graph edge имеет source/provenance/confidence; можно скрыть/исправить связь через безопасный preview.,Ложная причинность памяти из слабых паттернов,система не должна выдавать хрупкие совпадения за причинные законы жизни пользователя.,10642,docs/source_of_truth/LifeOS_canon_v33.md
C18-034,Минус,C18,"ПАМЯТЬ, ГРАФ И СИГНАЛЫ",Planner / Tasks / Calendar / Focus,Plan,/app/plan,PLAN_TBD_BY_ARTIFACT_AUDIT,"Task, Project, CalendarBlock, PlannerBlock, FocusSession, WeekPlan",forbid / add regression guard,"Task можно создать из source/note/chat, поставить в календарный блок, увидеть связь и receipt.",Скрытое повышение слабого сигнала в действие,"слабый сигнал не должен тихо превращаться в задачу, тревогу или постоянный вывод.",10648,docs/source_of_truth/LifeOS_canon_v33.md
C18-035,Минус,C18,"ПАМЯТЬ, ГРАФ И СИГНАЛЫ",Planner / Tasks / Calendar / Focus,Plan,/app/plan,PLAN_TBD_BY_ARTIFACT_AUDIT,"Task, Project, CalendarBlock, PlannerBlock, FocusSession, WeekPlan",forbid / add regression guard,"Task можно создать из source/note/chat, поставить в календарный блок, увидеть связь и receipt.",Автоматическое превращение слабого контента в «правду о человеке»,"нельзя делать ярлык личности, тревогу, задачу или «истину» из сырого и слабого материала.",10654,docs/source_of_truth/LifeOS_canon_v33.md
C18-036,Функция,C18,"ПАМЯТЬ, ГРАФ И СИГНАЛЫ",LifeGraph / Entities,Graph,/app/graph,"PLAN_TBD_BY_ARTIFACT_AUDIT, PLAN_TBD_BY_ARTIFACT_AUDIT","GraphNode, GraphEdge, Entity, EntityCandidate, RelationshipReason",implement as product capability,Graph edge имеет source/provenance/confidence; можно скрыть/исправить связь через безопасный preview.,Канонизация сущностей в памяти и графе,"память и граф связей должны уметь сводить разные записи к одной сущности, если они описывают один и тот же объект.",10660,docs/source_of_truth/LifeOS_canon_v33.md
C18-037,Функция,C18,"ПАМЯТЬ, ГРАФ И СИГНАЛЫ",LifeGraph / Entities,Graph,/app/graph,"PLAN_TBD_BY_ARTIFACT_AUDIT, PLAN_TBD_BY_ARTIFACT_AUDIT","GraphNode, GraphEdge, Entity, EntityCandidate, RelationshipReason",implement as product capability,Graph edge имеет source/provenance/confidence; можно скрыть/исправить связь через безопасный preview.,Интерфейс слияния дублей,объединение дублей должно проходить через отдельный интерфейс с подтверждением и возможностью отката.,10666,docs/source_of_truth/LifeOS_canon_v33.md
C18-038,Функция,C18,"ПАМЯТЬ, ГРАФ И СИГНАЛЫ",LifeGraph / Entities,Graph,/app/graph,"PLAN_TBD_BY_ARTIFACT_AUDIT, PLAN_TBD_BY_ARTIFACT_AUDIT","GraphNode, GraphEdge, Entity, EntityCandidate, RelationshipReason",implement as product capability,Graph edge имеет source/provenance/confidence; можно скрыть/исправить связь через безопасный preview.,Типизированный рабочий граф,"граф должен быть инженерным слоем типизированных узлов и связей, а не декоративной паутиной.",10672,docs/source_of_truth/LifeOS_canon_v33.md
C18-039,Функция,C18,"ПАМЯТЬ, ГРАФ И СИГНАЛЫ",LifeGraph / Entities,Graph,/app/graph,"PLAN_TBD_BY_ARTIFACT_AUDIT, PLAN_TBD_BY_ARTIFACT_AUDIT","GraphNode, GraphEdge, Entity, EntityCandidate, RelationshipReason",implement as product capability,Graph edge имеет source/provenance/confidence; можно скрыть/исправить связь через безопасный preview.,Повышение в граф только через подтверждённый смысл,в сильный граф не должно попадать всё подряд из сырья и слабых догадок.,10678,docs/source_of_truth/LifeOS_canon_v33.md
C18-040,Функция,C18,"ПАМЯТЬ, ГРАФ И СИГНАЛЫ",LifeGraph / Entities,Graph,/app/graph,"PLAN_TBD_BY_ARTIFACT_AUDIT, PLAN_TBD_BY_ARTIFACT_AUDIT","GraphNode, GraphEdge, Entity, EntityCandidate, RelationshipReason",implement as product capability,Graph edge имеет source/provenance/confidence; можно скрыть/исправить связь через безопасный preview.,Локальный граф вокруг текущего объекта,вместо большого глобального графа человеку нужен близкий граф связей вокруг текущего смысла.,10684,docs/source_of_truth/LifeOS_canon_v33.md
C18-041,Функция,C18,"ПАМЯТЬ, ГРАФ И СИГНАЛЫ",LifeGraph / Entities,Graph,/app/graph,"PLAN_TBD_BY_ARTIFACT_AUDIT, PLAN_TBD_BY_ARTIFACT_AUDIT","GraphNode, GraphEdge, Entity, EntityCandidate, RelationshipReason",implement as product capability,Graph edge имеет source/provenance/confidence; можно скрыть/исправить связь через безопасный preview.,Ответ на вопрос «почему это связано»,каждая важная связь должна объясняться понятным языком.,10690,docs/source_of_truth/LifeOS_canon_v33.md
C18-042,Минус,C18,"ПАМЯТЬ, ГРАФ И СИГНАЛЫ",LifeGraph / Entities,Graph,/app/graph,"PLAN_TBD_BY_ARTIFACT_AUDIT, PLAN_TBD_BY_ARTIFACT_AUDIT","GraphNode, GraphEdge, Entity, EntityCandidate, RelationshipReason",forbid / add regression guard,Graph edge имеет source/provenance/confidence; можно скрыть/исправить связь через безопасный preview.,Граф как главный экран,опасно делать главной ценностью продукта большую схему связей вместо локальной полезности и действия.,10696,docs/source_of_truth/LifeOS_canon_v33.md
C18-043,Функция,C18,"ПАМЯТЬ, ГРАФ И СИГНАЛЫ",Providers / Local AI / Media / Screen,Providers,/app/providers,PLAN_TBD_BY_ARTIFACT_AUDIT,"ProviderBoundary, ModelProfile, MediaTranscriptJob, ScreenSession, DeviceSyncState",implement as product capability,"Никаких fake cloud/model/screen/VPN success; только readiness, preview, explicit setup/approval.",Очередь ревизии памяти,"у памяти должен быть отдельный экран ревизии для повышения, понижения, забывания и подтверждения.",10702,docs/source_of_truth/LifeOS_canon_v33.md
C18-044,Функция,C18,"ПАМЯТЬ, ГРАФ И СИГНАЛЫ",Planner / Tasks / Calendar / Focus,Plan,/app/plan,PLAN_TBD_BY_ARTIFACT_AUDIT,"Task, Project, CalendarBlock, PlannerBlock, FocusSession, WeekPlan",implement as product capability,"Task можно создать из source/note/chat, поставить в календарный блок, увидеть связь и receipt.",Пометка важного во время записи,человек должен иметь право прямо в момент записи отметить важный кусок длинного материала.,10708,docs/source_of_truth/LifeOS_canon_v33.md
C18-045,Функция,C18,"ПАМЯТЬ, ГРАФ И СИГНАЛЫ",Library / Obsidian Core,Library,/app/library,"PLAN_TBD_BY_ARTIFACT_AUDIT, PLAN_TBD_BY_ARTIFACT_AUDIT","Note, DailyNote, JournalEntry, KnowledgeItem, Tag, Space, Backlink, WikiLink",implement as product capability,"Можно писать заметку, связать [[wikilink]], увидеть backlinks/graph, сохранить/перезагрузить без потери.",Бюджет памяти и маршрутизация,"система должна решать, что стоит держать только в истории, что поднимать в кандидаты на сильную память, что помнить глубоко, а что не поднимать вовсе.",10714,docs/source_of_truth/LifeOS_canon_v33.md
C18-046,Функция,C18,"ПАМЯТЬ, ГРАФ И СИГНАЛЫ",LifeGraph / Entities,Graph,/app/graph,"PLAN_TBD_BY_ARTIFACT_AUDIT, PLAN_TBD_BY_ARTIFACT_AUDIT","GraphNode, GraphEdge, Entity, EntityCandidate, RelationshipReason",implement as product capability,Graph edge имеет source/provenance/confidence; можно скрыть/исправить связь через безопасный preview.,"Раздельная синхронизация памяти, графа и вложений","память, граф связей, лёгкие правки и тяжёлые вложения не должны синхронизироваться одним способом.",10720,docs/source_of_truth/LifeOS_canon_v33.md
C18-047,Качество,C18,"ПАМЯТЬ, ГРАФ И СИГНАЛЫ",Providers / Local AI / Media / Screen,Providers,/app/providers,PLAN_TBD_BY_ARTIFACT_AUDIT,"ProviderBoundary, ModelProfile, MediaTranscriptJob, ScreenSession, DeviceSyncState",build as acceptance criterion,"Никаких fake cloud/model/screen/VPN success; только readiness, preview, explicit setup/approval.",Локальный приоритет хранения памяти,критический путь памяти должен по возможности жить локально и переживать плохую сеть.,10726,docs/source_of_truth/LifeOS_canon_v33.md
C18-048,Функция,C18,"ПАМЯТЬ, ГРАФ И СИГНАЛЫ",Library / Obsidian Core,Library,/app/library,"PLAN_TBD_BY_ARTIFACT_AUDIT, PLAN_TBD_BY_ARTIFACT_AUDIT","Note, DailyNote, JournalEntry, KnowledgeItem, Tag, Space, Backlink, WikiLink",implement as product capability,"Можно писать заметку, связать [[wikilink]], увидеть backlinks/graph, сохранить/перезагрузить без потери.",Мост от памяти к действию,"память должна помогать не только вспоминать, но и поднимать следующий шаг.",10732,docs/source_of_truth/LifeOS_canon_v33.md
C18-049,Функция,C18,"ПАМЯТЬ, ГРАФ И СИГНАЛЫ",Planner / Tasks / Calendar / Focus,Plan,/app/plan,PLAN_TBD_BY_ARTIFACT_AUDIT,"Task, Project, CalendarBlock, PlannerBlock, FocusSession, WeekPlan",implement as product capability,"Task можно создать из source/note/chat, поставить в календарный блок, увидеть связь и receipt.",Мост от памяти к времени и плану,"память должна уметь влиять на день, расписание и перепланирование, если её сигнал достаточно силён.",10738,docs/source_of_truth/LifeOS_canon_v33.md
C18-050,Функция,C18,"ПАМЯТЬ, ГРАФ И СИГНАЛЫ",Library / Obsidian Core,Library,/app/library,"PLAN_TBD_BY_ARTIFACT_AUDIT, PLAN_TBD_BY_ARTIFACT_AUDIT","Note, DailyNote, JournalEntry, KnowledgeItem, Tag, Space, Backlink, WikiLink",implement as product capability,"Можно писать заметку, связать [[wikilink]], увидеть backlinks/graph, сохранить/перезагрузить без потери.",Поисковая временная линия жизни,"человеку нужно находить не только заметку, но и то, что он видел, слышал и делал в определённый момент.",10744,docs/source_of_truth/LifeOS_canon_v33.md
C18-051,Функция,C18,"ПАМЯТЬ, ГРАФ И СИГНАЛЫ",Providers / Local AI / Media / Screen,Providers,/app/providers,PLAN_TBD_BY_ARTIFACT_AUDIT,"ProviderBoundary, ModelProfile, MediaTranscriptJob, ScreenSession, DeviceSyncState",implement as product capability,"Никаких fake cloud/model/screen/VPN success; только readiness, preview, explicit setup/approval.",Память экрана как отдельный контур,"то, что человек видел и делал на экране, может храниться как отдельный контур памяти.",10750,docs/source_of_truth/LifeOS_canon_v33.md
C18-052,Функция,C18,"ПАМЯТЬ, ГРАФ И СИГНАЛЫ",Library / Obsidian Core,Library,/app/library,"PLAN_TBD_BY_ARTIFACT_AUDIT, PLAN_TBD_BY_ARTIFACT_AUDIT","Note, DailyNote, JournalEntry, KnowledgeItem, Tag, Space, Backlink, WikiLink",implement as product capability,"Можно писать заметку, связать [[wikilink]], увидеть backlinks/graph, сохранить/перезагрузить без потери.",Фоновая аудиопамять как отдельный контур,разговоры и устные мысли могут становиться памятью не только через ручную заметку.,10757,docs/source_of_truth/LifeOS_canon_v33.md
C18-053,Функция,C18,"ПАМЯТЬ, ГРАФ И СИГНАЛЫ",Library / Obsidian Core,Library,/app/library,"PLAN_TBD_BY_ARTIFACT_AUDIT, PLAN_TBD_BY_ARTIFACT_AUDIT","Note, DailyNote, JournalEntry, KnowledgeItem, Tag, Space, Backlink, WikiLink",implement as product capability,"Можно писать заметку, связать [[wikilink]], увидеть backlinks/graph, сохранить/перезагрузить без потери.","Горячая, тёплая и холодная память",у памяти должны быть разные температурные зоны по частоте подъёма и влиянию на день.,10764,docs/source_of_truth/LifeOS_canon_v33.md
C18-054,Функция,C18,"ПАМЯТЬ, ГРАФ И СИГНАЛЫ",Providers / Local AI / Media / Screen,Providers,/app/providers,PLAN_TBD_BY_ARTIFACT_AUDIT,"ProviderBoundary, ModelProfile, MediaTranscriptJob, ScreenSession, DeviceSyncState",implement as product capability,"Никаких fake cloud/model/screen/VPN success; только readiness, preview, explicit setup/approval.",Непрерывный локальный экранно-аудиоконтур,кроме режима снимков нужен отдельный локальный режим непрерывной экранной и аудиопамяти.,10770,docs/source_of_truth/LifeOS_canon_v33.md
C18-055,Функция,C18,"ПАМЯТЬ, ГРАФ И СИГНАЛЫ",Library / Obsidian Core,Library,/app/library,"PLAN_TBD_BY_ARTIFACT_AUDIT, PLAN_TBD_BY_ARTIFACT_AUDIT","Note, DailyNote, JournalEntry, KnowledgeItem, Tag, Space, Backlink, WikiLink",implement as product capability,"Можно писать заметку, связать [[wikilink]], увидеть backlinks/graph, сохранить/перезагрузить без потери.",Бюджет хранения экранной и фоновой памяти,"фоновая память должна жить в рамках явного бюджета места, а не расти бесконтрольно.",10777,docs/source_of_truth/LifeOS_canon_v33.md
C18-056,Функция,C18,"ПАМЯТЬ, ГРАФ И СИГНАЛЫ",Data Control / Trust / Privacy,Control,/app/control,"PLAN_TBD_BY_ARTIFACT_AUDIT, PLAN_TBD_BY_ARTIFACT_AUDIT","Receipt, DataControlItem, AuditEvent, ExportJob, DeletePreview, PrivacyZone, PermissionGrant",implement as product capability,Любое изменение имеет receipt; destructive действия только preview + confirmation boundary.,Срок жизни и автоудаление старой фоновой памяти,для экранной и фоновой памяти нужен управляемый срок жизни с автоматическим удалением старого.,10783,docs/source_of_truth/LifeOS_canon_v33.md
C18-057,Функция,C18,"ПАМЯТЬ, ГРАФ И СИГНАЛЫ",Library / Obsidian Core,Library,/app/library,"PLAN_TBD_BY_ARTIFACT_AUDIT, PLAN_TBD_BY_ARTIFACT_AUDIT","Note, DailyNote, JournalEntry, KnowledgeItem, Tag, Space, Backlink, WikiLink",implement as product capability,"Можно писать заметку, связать [[wikilink]], увидеть backlinks/graph, сохранить/перезагрузить без потери.",Автопауза фоновой памяти при нехватке места,"при опасном дефиците места продукт должен останавливать фоновую память раньше, чем навредит устройству.",10789,docs/source_of_truth/LifeOS_canon_v33.md
C18-058,Функция,C18,"ПАМЯТЬ, ГРАФ И СИГНАЛЫ",Kernel / OS Spine,Core / invisible OS spine,/app/system,PLAN_TBD_BY_ARTIFACT_AUDIT,"LifeObject, SourceRef, Receipt, AuditEvent, PolicyBoundary, GraphEdge",implement as product capability,Все сущности имеют общий id/state/source/receipt/graph refs; ни одна секция не хранит отдельные fake arrays.,Маркер важного момента как отдельный объект памяти,"отметка важного фрагмента должна жить не только как метка внутри записи, но и как самостоятельный объект памяти.",10795,docs/source_of_truth/LifeOS_canon_v33.md
C18-059,Функция,C18,"ПАМЯТЬ, ГРАФ И СИГНАЛЫ",Providers / Local AI / Media / Screen,Providers,/app/providers,PLAN_TBD_BY_ARTIFACT_AUDIT,"ProviderBoundary, ModelProfile, MediaTranscriptJob, ScreenSession, DeviceSyncState",implement as product capability,"Никаких fake cloud/model/screen/VPN success; только readiness, preview, explicit setup/approval.",Возврат к важному маркеру через последующие переразборы,"важный маркер не должен теряться после нового транскрипта, новой сводки или повторного анализа.",10801,docs/source_of_truth/LifeOS_canon_v33.md
C18-060,Функция,C18,"ПАМЯТЬ, ГРАФ И СИГНАЛЫ",Library / Obsidian Core,Library,/app/library,"PLAN_TBD_BY_ARTIFACT_AUDIT, PLAN_TBD_BY_ARTIFACT_AUDIT","Note, DailyNote, JournalEntry, KnowledgeItem, Tag, Space, Backlink, WikiLink",implement as product capability,"Можно писать заметку, связать [[wikilink]], увидеть backlinks/graph, сохранить/перезагрузить без потери.",Исторический след как отдельный слой,"почти всё, что прошло через продукт, должно оставлять исторический след, даже если не стало сильной памятью.",10807,docs/source_of_truth/LifeOS_canon_v33.md
C18-061,Функция,C18,"ПАМЯТЬ, ГРАФ И СИГНАЛЫ",Library / Obsidian Core,Library,/app/library,"PLAN_TBD_BY_ARTIFACT_AUDIT, PLAN_TBD_BY_ARTIFACT_AUDIT","Note, DailyNote, JournalEntry, KnowledgeItem, Tag, Space, Backlink, WikiLink",implement as product capability,"Можно писать заметку, связать [[wikilink]], увидеть backlinks/graph, сохранить/перезагрузить без потери.",Кандидаты в сильную память,между историческим следом и сильной памятью нужен отдельный промежуточный слой кандидатов.,10813,docs/source_of_truth/LifeOS_canon_v33.md
C18-062,Функция,C18,"ПАМЯТЬ, ГРАФ И СИГНАЛЫ",Library / Obsidian Core,Library,/app/library,"PLAN_TBD_BY_ARTIFACT_AUDIT, PLAN_TBD_BY_ARTIFACT_AUDIT","Note, DailyNote, JournalEntry, KnowledgeItem, Tag, Space, Backlink, WikiLink",implement as product capability,"Можно писать заметку, связать [[wikilink]], увидеть backlinks/graph, сохранить/перезагрузить без потери.",Оси повышения сигнала в сильную память,"повышение сигнала в сильную память должно идти не по одному признаку, а по набору понятных осей.",10819,docs/source_of_truth/LifeOS_canon_v33.md
C18-063,Функция,C18,"ПАМЯТЬ, ГРАФ И СИГНАЛЫ",Library / Obsidian Core,Library,/app/library,"PLAN_TBD_BY_ARTIFACT_AUDIT, PLAN_TBD_BY_ARTIFACT_AUDIT","Note, DailyNote, JournalEntry, KnowledgeItem, Tag, Space, Backlink, WikiLink",implement as product capability,"Можно писать заметку, связать [[wikilink]], увидеть backlinks/graph, сохранить/перезагрузить без потери.",Исторический след участвует в паттернах без автокоммита в сильную память,"система должна уметь видеть повторы и сдвиги по историческому следу, не превращая каждый такой паттерн в сильную память.",10825,docs/source_of_truth/LifeOS_canon_v33.md
C18-064,Функция,C18,"ПАМЯТЬ, ГРАФ И СИГНАЛЫ",Library / Obsidian Core,Library,/app/library,"PLAN_TBD_BY_ARTIFACT_AUDIT, PLAN_TBD_BY_ARTIFACT_AUDIT","Note, DailyNote, JournalEntry, KnowledgeItem, Tag, Space, Backlink, WikiLink",implement as product capability,"Можно писать заметку, связать [[wikilink]], увидеть backlinks/graph, сохранить/перезагрузить без потери.","Старение, ослабление и понижение силы памяти","память должна не только подниматься, но и стареть, слабеть, пересматриваться и понижаться.",10831,docs/source_of_truth/LifeOS_canon_v33.md
C19-001,Функция,C19,"ОБЪЯСНИМОСТЬ, ЖУРНАЛ И ПРАВА ИСПРАВЛЕНИЯ",Kernel / OS Spine,Core / invisible OS spine,/app/system,PLAN_TBD_BY_ARTIFACT_AUDIT,"LifeObject, SourceRef, Receipt, AuditEvent, PolicyBoundary, GraphEdge",implement as product capability,Все сущности имеют общий id/state/source/receipt/graph refs; ни одна секция не хранит отдельные fake arrays.,Жизненные стадии объекта,у каждого объекта должен быть видимый жизненный путь от сырья до подтверждённого состояния и дальнейшей судьбы.,10842,docs/source_of_truth/LifeOS_canon_v33.md
C19-002,Функция,C19,"ОБЪЯСНИМОСТЬ, ЖУРНАЛ И ПРАВА ИСПРАВЛЕНИЯ",Data Control / Trust / Privacy,Control,/app/control,"PLAN_TBD_BY_ARTIFACT_AUDIT, PLAN_TBD_BY_ARTIFACT_AUDIT","Receipt, DataControlItem, AuditEvent, ExportJob, DeletePreview, PrivacyZone, PermissionGrant",implement as product capability,Любое изменение имеет receipt; destructive действия только preview + confirmation boundary.,Событийная модель истории,"история изменений должна храниться как последовательность событий, а не только как последнее состояние.",10848,docs/source_of_truth/LifeOS_canon_v33.md
C19-003,Функция,C19,"ОБЪЯСНИМОСТЬ, ЖУРНАЛ И ПРАВА ИСПРАВЛЕНИЯ",Data Control / Trust / Privacy,Control,/app/control,"PLAN_TBD_BY_ARTIFACT_AUDIT, PLAN_TBD_BY_ARTIFACT_AUDIT","Receipt, DataControlItem, AuditEvent, ExportJob, DeletePreview, PrivacyZone, PermissionGrant",implement as product capability,Любое изменение имеет receipt; destructive действия только preview + confirmation boundary.,Человеко-читаемый журнал,"журнал должен быть понятен человеку, а не только разработчику.",10854,docs/source_of_truth/LifeOS_canon_v33.md
C19-004,Функция,C19,"ОБЪЯСНИМОСТЬ, ЖУРНАЛ И ПРАВА ИСПРАВЛЕНИЯ",Data Control / Trust / Privacy,Control,/app/control,"PLAN_TBD_BY_ARTIFACT_AUDIT, PLAN_TBD_BY_ARTIFACT_AUDIT","Receipt, DataControlItem, AuditEvent, ExportJob, DeletePreview, PrivacyZone, PermissionGrant",implement as product capability,Любое изменение имеет receipt; destructive действия только preview + confirmation boundary.,Квитанции решений,"после каждого важного перехода должна оставаться короткая квитанция о том, что, почему и когда произошло.",10860,docs/source_of_truth/LifeOS_canon_v33.md
C19-005,Функция,C19,"ОБЪЯСНИМОСТЬ, ЖУРНАЛ И ПРАВА ИСПРАВЛЕНИЯ",Data Control / Trust / Privacy,Control,/app/control,"PLAN_TBD_BY_ARTIFACT_AUDIT, PLAN_TBD_BY_ARTIFACT_AUDIT","Receipt, DataControlItem, AuditEvent, ExportJob, DeletePreview, PrivacyZone, PermissionGrant",implement as product capability,Любое изменение имеет receipt; destructive действия только preview + confirmation boundary.,Полное происхождение вывода,"система обязана хранить и показывать, откуда взялся объект, из какого куска источника он извлечён, какой шаг обработки прошёл, какая модель участвовала и почему система пришла к этому выводу.",10866,docs/source_of_truth/LifeOS_canon_v33.md
C19-006,Функция,C19,"ОБЪЯСНИМОСТЬ, ЖУРНАЛ И ПРАВА ИСПРАВЛЕНИЯ",Data Control / Trust / Privacy,Control,/app/control,"PLAN_TBD_BY_ARTIFACT_AUDIT, PLAN_TBD_BY_ARTIFACT_AUDIT","Receipt, DataControlItem, AuditEvent, ExportJob, DeletePreview, PrivacyZone, PermissionGrant",implement as product capability,Любое изменение имеет receipt; destructive действия только preview + confirmation boundary.,Точные фрагменты источника,"объяснимость должна уметь показывать не только источник целиком, но и точные куски, на которые опирается вывод.",10872,docs/source_of_truth/LifeOS_canon_v33.md
C19-007,Функция,C19,"ОБЪЯСНИМОСТЬ, ЖУРНАЛ И ПРАВА ИСПРАВЛЕНИЯ",Data Control / Trust / Privacy,Control,/app/control,"PLAN_TBD_BY_ARTIFACT_AUDIT, PLAN_TBD_BY_ARTIFACT_AUDIT","Receipt, DataControlItem, AuditEvent, ExportJob, DeletePreview, PrivacyZone, PermissionGrant",implement as product capability,Любое изменение имеет receipt; destructive действия только preview + confirmation boundary.,Метка источника у объекта,"рядом с объектом должна быть простая видимая метка, откуда материал пришёл.",10878,docs/source_of_truth/LifeOS_canon_v33.md
C19-008,Функция,C19,"ОБЪЯСНИМОСТЬ, ЖУРНАЛ И ПРАВА ИСПРАВЛЕНИЯ",Data Control / Trust / Privacy,Control,/app/control,"PLAN_TBD_BY_ARTIFACT_AUDIT, PLAN_TBD_BY_ARTIFACT_AUDIT","Receipt, DataControlItem, AuditEvent, ExportJob, DeletePreview, PrivacyZone, PermissionGrant",implement as product capability,Любое изменение имеет receipt; destructive действия только preview + confirmation boundary.,Квитанция объяснимости для каждого хода искусственного интеллекта,любой искусственно полученный переход должен иметь краткую и понятную квитанцию объяснения.,10884,docs/source_of_truth/LifeOS_canon_v33.md
C19-009,Функция,C19,"ОБЪЯСНИМОСТЬ, ЖУРНАЛ И ПРАВА ИСПРАВЛЕНИЯ",Data Control / Trust / Privacy,Control,/app/control,"PLAN_TBD_BY_ARTIFACT_AUDIT, PLAN_TBD_BY_ARTIFACT_AUDIT","Receipt, DataControlItem, AuditEvent, ExportJob, DeletePreview, PrivacyZone, PermissionGrant",implement as product capability,Любое изменение имеет receipt; destructive действия только preview + confirmation boundary.,Панель «почему это»,человек должен уметь открыть человеческое объяснение причины предложения.,10890,docs/source_of_truth/LifeOS_canon_v33.md
C19-010,Функция,C19,"ОБЪЯСНИМОСТЬ, ЖУРНАЛ И ПРАВА ИСПРАВЛЕНИЯ",LifeGraph / Entities,Graph,/app/graph,"PLAN_TBD_BY_ARTIFACT_AUDIT, PLAN_TBD_BY_ARTIFACT_AUDIT","GraphNode, GraphEdge, Entity, EntityCandidate, RelationshipReason",implement as product capability,Graph edge имеет source/provenance/confidence; можно скрыть/исправить связь через безопасный preview.,Объяснение «почему сейчас»,"системе важно объяснять не только «почему это», но и «почему именно сейчас это всплыло».",10896,docs/source_of_truth/LifeOS_canon_v33.md
C19-011,Функция,C19,"ОБЪЯСНИМОСТЬ, ЖУРНАЛ И ПРАВА ИСПРАВЛЕНИЯ",Data Control / Trust / Privacy,Control,/app/control,"PLAN_TBD_BY_ARTIFACT_AUDIT, PLAN_TBD_BY_ARTIFACT_AUDIT","Receipt, DataControlItem, AuditEvent, ExportJob, DeletePreview, PrivacyZone, PermissionGrant",implement as product capability,Любое изменение имеет receipt; destructive действия только preview + confirmation boundary.,Видимая метка уверенности,уверенность должна быть отдельным видимым слоем на поверхности вывода.,10902,docs/source_of_truth/LifeOS_canon_v33.md
C19-012,Функция,C19,"ОБЪЯСНИМОСТЬ, ЖУРНАЛ И ПРАВА ИСПРАВЛЕНИЯ",Data Control / Trust / Privacy,Control,/app/control,"PLAN_TBD_BY_ARTIFACT_AUDIT, PLAN_TBD_BY_ARTIFACT_AUDIT","Receipt, DataControlItem, AuditEvent, ExportJob, DeletePreview, PrivacyZone, PermissionGrant",implement as product capability,Любое изменение имеет receipt; destructive действия только preview + confirmation boundary.,Причина уровня уверенности,"метки уверенности недостаточно без объяснения, почему она именно такая.",10908,docs/source_of_truth/LifeOS_canon_v33.md
C19-013,Функция,C19,"ОБЪЯСНИМОСТЬ, ЖУРНАЛ И ПРАВА ИСПРАВЛЕНИЯ",Data Control / Trust / Privacy,Control,/app/control,"PLAN_TBD_BY_ARTIFACT_AUDIT, PLAN_TBD_BY_ARTIFACT_AUDIT","Receipt, DataControlItem, AuditEvent, ExportJob, DeletePreview, PrivacyZone, PermissionGrant",implement as product capability,Любое изменение имеет receipt; destructive действия только preview + confirmation boundary.,Уверенность как регулятор поведения,уверенность должна менять тон и силу действия системы.,10914,docs/source_of_truth/LifeOS_canon_v33.md
C19-014,Функция,C19,"ОБЪЯСНИМОСТЬ, ЖУРНАЛ И ПРАВА ИСПРАВЛЕНИЯ",Data Control / Trust / Privacy,Control,/app/control,"PLAN_TBD_BY_ARTIFACT_AUDIT, PLAN_TBD_BY_ARTIFACT_AUDIT","Receipt, DataControlItem, AuditEvent, ExportJob, DeletePreview, PrivacyZone, PermissionGrant",implement as product capability,Любое изменение имеет receipt; destructive действия только preview + confirmation boundary.,Прозрачность использованных инструментов вывода,"у человека должна быть возможность увидеть, какие инструменты и контуры участвовали в результате.",10920,docs/source_of_truth/LifeOS_canon_v33.md
C19-015,Функция,C19,"ОБЪЯСНИМОСТЬ, ЖУРНАЛ И ПРАВА ИСПРАВЛЕНИЯ",Data Control / Trust / Privacy,Control,/app/control,"PLAN_TBD_BY_ARTIFACT_AUDIT, PLAN_TBD_BY_ARTIFACT_AUDIT","Receipt, DataControlItem, AuditEvent, ExportJob, DeletePreview, PrivacyZone, PermissionGrant",implement as product capability,Любое изменение имеет receipt; destructive действия только preview + confirmation boundary.,Ярлык «черновик» у вывода искусственного интеллекта,"искусственно созданный результат должен явно показываться как черновой, пока человек его не подтвердил или не исправил.",10926,docs/source_of_truth/LifeOS_canon_v33.md
C19-016,Функция,C19,"ОБЪЯСНИМОСТЬ, ЖУРНАЛ И ПРАВА ИСПРАВЛЕНИЯ",Data Control / Trust / Privacy,Control,/app/control,"PLAN_TBD_BY_ARTIFACT_AUDIT, PLAN_TBD_BY_ARTIFACT_AUDIT","Receipt, DataControlItem, AuditEvent, ExportJob, DeletePreview, PrivacyZone, PermissionGrant",implement as product capability,Любое изменение имеет receipt; destructive действия только preview + confirmation boundary.,Редактируемость по умолчанию,"любой искусственно созданный результат должен сначала быть редактируемым, а не закрытым для правки.",10932,docs/source_of_truth/LifeOS_canon_v33.md
C19-017,Функция,C19,"ОБЪЯСНИМОСТЬ, ЖУРНАЛ И ПРАВА ИСПРАВЛЕНИЯ",Data Control / Trust / Privacy,Control,/app/control,"PLAN_TBD_BY_ARTIFACT_AUDIT, PLAN_TBD_BY_ARTIFACT_AUDIT","Receipt, DataControlItem, AuditEvent, ExportJob, DeletePreview, PrivacyZone, PermissionGrant",implement as product capability,Любое изменение имеет receipt; destructive действия только preview + confirmation boundary.,След пути интерпретации,"у вывода должен храниться путь, по которому система к нему пришла.",10938,docs/source_of_truth/LifeOS_canon_v33.md
C19-018,Функция,C19,"ОБЪЯСНИМОСТЬ, ЖУРНАЛ И ПРАВА ИСПРАВЛЕНИЯ",Data Control / Trust / Privacy,Control,/app/control,"PLAN_TBD_BY_ARTIFACT_AUDIT, PLAN_TBD_BY_ARTIFACT_AUDIT","Receipt, DataControlItem, AuditEvent, ExportJob, DeletePreview, PrivacyZone, PermissionGrant",implement as product capability,Любое изменение имеет receipt; destructive действия только preview + confirmation boundary.,Временная линия артефакта,объект должен показывать путь своего превращения во времени.,10944,docs/source_of_truth/LifeOS_canon_v33.md
C19-019,Функция,C19,"ОБЪЯСНИМОСТЬ, ЖУРНАЛ И ПРАВА ИСПРАВЛЕНИЯ",Data Control / Trust / Privacy,Control,/app/control,"PLAN_TBD_BY_ARTIFACT_AUDIT, PLAN_TBD_BY_ARTIFACT_AUDIT","Receipt, DataControlItem, AuditEvent, ExportJob, DeletePreview, PrivacyZone, PermissionGrant",implement as product capability,Любое изменение имеет receipt; destructive действия только preview + confirmation boundary.,Очередь проверки кандидатов,"предложения системы должны собираться в отдельную очередь, а не растворяться по разным экранам.",10950,docs/source_of_truth/LifeOS_canon_v33.md
C19-020,Функция,C19,"ОБЪЯСНИМОСТЬ, ЖУРНАЛ И ПРАВА ИСПРАВЛЕНИЯ",Data Control / Trust / Privacy,Control,/app/control,"PLAN_TBD_BY_ARTIFACT_AUDIT, PLAN_TBD_BY_ARTIFACT_AUDIT","Receipt, DataControlItem, AuditEvent, ExportJob, DeletePreview, PrivacyZone, PermissionGrant",implement as product capability,Любое изменение имеет receipt; destructive действия только preview + confirmation boundary.,Пакетная проверка кандидатов,"после большой сессии человек должен уметь проверять предложения сериями, а не по одному.",10956,docs/source_of_truth/LifeOS_canon_v33.md
C19-021,Функция,C19,"ОБЪЯСНИМОСТЬ, ЖУРНАЛ И ПРАВА ИСПРАВЛЕНИЯ",Data Control / Trust / Privacy,Control,/app/control,"PLAN_TBD_BY_ARTIFACT_AUDIT, PLAN_TBD_BY_ARTIFACT_AUDIT","Receipt, DataControlItem, AuditEvent, ExportJob, DeletePreview, PrivacyZone, PermissionGrant",implement as product capability,Любое изменение имеет receipt; destructive действия только preview + confirmation boundary.,Единая панель действий проверки,"принять, исправить, отклонить, ограничить память и обучить систему должно быть можно из одного места.",10962,docs/source_of_truth/LifeOS_canon_v33.md
C19-022,Функция,C19,"ОБЪЯСНИМОСТЬ, ЖУРНАЛ И ПРАВА ИСПРАВЛЕНИЯ",Data Control / Trust / Privacy,Control,/app/control,"PLAN_TBD_BY_ARTIFACT_AUDIT, PLAN_TBD_BY_ARTIFACT_AUDIT","Receipt, DataControlItem, AuditEvent, ExportJob, DeletePreview, PrivacyZone, PermissionGrant",implement as product capability,Любое изменение имеет receipt; destructive действия только preview + confirmation boundary.,Статус-протокол записи,у записи должен быть короткий и понятный протокол состояния.,10968,docs/source_of_truth/LifeOS_canon_v33.md
C19-023,Функция,C19,"ОБЪЯСНИМОСТЬ, ЖУРНАЛ И ПРАВА ИСПРАВЛЕНИЯ",Data Control / Trust / Privacy,Control,/app/control,"PLAN_TBD_BY_ARTIFACT_AUDIT, PLAN_TBD_BY_ARTIFACT_AUDIT","Receipt, DataControlItem, AuditEvent, ExportJob, DeletePreview, PrivacyZone, PermissionGrant",implement as product capability,Любое изменение имеет receipt; destructive действия только preview + confirmation boundary.,Полоса статуса обработки,"человеку нужен видимый след того, что система сейчас делает с материалом.",10974,docs/source_of_truth/LifeOS_canon_v33.md
C19-024,Функция,C19,"ОБЪЯСНИМОСТЬ, ЖУРНАЛ И ПРАВА ИСПРАВЛЕНИЯ",Data Control / Trust / Privacy,Control,/app/control,"PLAN_TBD_BY_ARTIFACT_AUDIT, PLAN_TBD_BY_ARTIFACT_AUDIT","Receipt, DataControlItem, AuditEvent, ExportJob, DeletePreview, PrivacyZone, PermissionGrant",implement as product capability,Любое изменение имеет receipt; destructive действия только preview + confirmation boundary.,Журнал побочных действий,все действия с последствиями должны оставлять отдельный след в журнале.,10980,docs/source_of_truth/LifeOS_canon_v33.md
C19-025,Функция,C19,"ОБЪЯСНИМОСТЬ, ЖУРНАЛ И ПРАВА ИСПРАВЛЕНИЯ",Data Control / Trust / Privacy,Control,/app/control,"PLAN_TBD_BY_ARTIFACT_AUDIT, PLAN_TBD_BY_ARTIFACT_AUDIT","Receipt, DataControlItem, AuditEvent, ExportJob, DeletePreview, PrivacyZone, PermissionGrant",implement as product capability,Любое изменение имеет receipt; destructive действия только preview + confirmation boundary.,Право принять,"человек должен иметь явное право принять предложенный объект, связь или действие.",10986,docs/source_of_truth/LifeOS_canon_v33.md
C19-026,Функция,C19,"ОБЪЯСНИМОСТЬ, ЖУРНАЛ И ПРАВА ИСПРАВЛЕНИЯ",Data Control / Trust / Privacy,Control,/app/control,"PLAN_TBD_BY_ARTIFACT_AUDIT, PLAN_TBD_BY_ARTIFACT_AUDIT","Receipt, DataControlItem, AuditEvent, ExportJob, DeletePreview, PrivacyZone, PermissionGrant",implement as product capability,Любое изменение имеет receipt; destructive действия только preview + confirmation boundary.,Право отклонить,человек должен иметь явное право отвергнуть предложение без скрытого остатка в активном контуре.,10992,docs/source_of_truth/LifeOS_canon_v33.md
C19-027,Функция,C19,"ОБЪЯСНИМОСТЬ, ЖУРНАЛ И ПРАВА ИСПРАВЛЕНИЯ",Data Control / Trust / Privacy,Control,/app/control,"PLAN_TBD_BY_ARTIFACT_AUDIT, PLAN_TBD_BY_ARTIFACT_AUDIT","Receipt, DataControlItem, AuditEvent, ExportJob, DeletePreview, PrivacyZone, PermissionGrant",implement as product capability,Любое изменение имеет receipt; destructive действия только preview + confirmation boundary.,Право исправить содержание,"человек должен иметь возможность не только согласиться или отказаться, но и поправить смысл.",10998,docs/source_of_truth/LifeOS_canon_v33.md
C19-028,Функция,C19,"ОБЪЯСНИМОСТЬ, ЖУРНАЛ И ПРАВА ИСПРАВЛЕНИЯ",Data Control / Trust / Privacy,Control,/app/control,"PLAN_TBD_BY_ARTIFACT_AUDIT, PLAN_TBD_BY_ARTIFACT_AUDIT","Receipt, DataControlItem, AuditEvent, ExportJob, DeletePreview, PrivacyZone, PermissionGrant",implement as product capability,Любое изменение имеет receipt; destructive действия только preview + confirmation boundary.,Право переименовать,название объекта можно исправлять без потери истории и происхождения.,11004,docs/source_of_truth/LifeOS_canon_v33.md
C19-029,Функция,C19,"ОБЪЯСНИМОСТЬ, ЖУРНАЛ И ПРАВА ИСПРАВЛЕНИЯ",Data Control / Trust / Privacy,Control,/app/control,"PLAN_TBD_BY_ARTIFACT_AUDIT, PLAN_TBD_BY_ARTIFACT_AUDIT","Receipt, DataControlItem, AuditEvent, ExportJob, DeletePreview, PrivacyZone, PermissionGrant",implement as product capability,Любое изменение имеет receipt; destructive действия только preview + confirmation boundary.,Право переклассифицировать,"объект можно перевести в другой тип, если система ошиблась с его природой.",11010,docs/source_of_truth/LifeOS_canon_v33.md
C19-030,Функция,C19,"ОБЪЯСНИМОСТЬ, ЖУРНАЛ И ПРАВА ИСПРАВЛЕНИЯ",Data Control / Trust / Privacy,Control,/app/control,"PLAN_TBD_BY_ARTIFACT_AUDIT, PLAN_TBD_BY_ARTIFACT_AUDIT","Receipt, DataControlItem, AuditEvent, ExportJob, DeletePreview, PrivacyZone, PermissionGrant",implement as product capability,Любое изменение имеет receipt; destructive действия только preview + confirmation boundary.,Право ослабить уверенность,"человек может понизить силу вывода, не удаляя его полностью.",11016,docs/source_of_truth/LifeOS_canon_v33.md
C19-031,Функция,C19,"ОБЪЯСНИМОСТЬ, ЖУРНАЛ И ПРАВА ИСПРАВЛЕНИЯ",Data Control / Trust / Privacy,Control,/app/control,"PLAN_TBD_BY_ARTIFACT_AUDIT, PLAN_TBD_BY_ARTIFACT_AUDIT","Receipt, DataControlItem, AuditEvent, ExportJob, DeletePreview, PrivacyZone, PermissionGrant",implement as product capability,Любое изменение имеет receipt; destructive действия только preview + confirmation boundary.,Право снять автоматическое предположение,"человек может убрать автоматическое предположение системы, даже если сам объект полезен.",11022,docs/source_of_truth/LifeOS_canon_v33.md
C19-032,Функция,C19,"ОБЪЯСНИМОСТЬ, ЖУРНАЛ И ПРАВА ИСПРАВЛЕНИЯ",Data Control / Trust / Privacy,Control,/app/control,"PLAN_TBD_BY_ARTIFACT_AUDIT, PLAN_TBD_BY_ARTIFACT_AUDIT","Receipt, DataControlItem, AuditEvent, ExportJob, DeletePreview, PrivacyZone, PermissionGrant",implement as product capability,Любое изменение имеет receipt; destructive действия только preview + confirmation boundary.,Право размонтировать неправильную связь,человек должен иметь возможность убрать ошибочную связь между объектами.,11028,docs/source_of_truth/LifeOS_canon_v33.md
C19-033,Функция,C19,"ОБЪЯСНИМОСТЬ, ЖУРНАЛ И ПРАВА ИСПРАВЛЕНИЯ",Data Control / Trust / Privacy,Control,/app/control,"PLAN_TBD_BY_ARTIFACT_AUDIT, PLAN_TBD_BY_ARTIFACT_AUDIT","Receipt, DataControlItem, AuditEvent, ExportJob, DeletePreview, PrivacyZone, PermissionGrant",implement as product capability,Любое изменение имеет receipt; destructive действия только preview + confirmation boundary.,Право ограничить память,человек может запретить выводу закрепляться в памяти и влиять на будущие подсказки.,11034,docs/source_of_truth/LifeOS_canon_v33.md
C19-034,Функция,C19,"ОБЪЯСНИМОСТЬ, ЖУРНАЛ И ПРАВА ИСПРАВЛЕНИЯ",Data Control / Trust / Privacy,Control,/app/control,"PLAN_TBD_BY_ARTIFACT_AUDIT, PLAN_TBD_BY_ARTIFACT_AUDIT","Receipt, DataControlItem, AuditEvent, ExportJob, DeletePreview, PrivacyZone, PermissionGrant",implement as product capability,Любое изменение имеет receipt; destructive действия только preview + confirmation boundary.,Право остановить повышение сигнала,"даже полезный сигнал можно оставить слабым, если человек не хочет его автоматического усиления.",11040,docs/source_of_truth/LifeOS_canon_v33.md
C19-035,Функция,C19,"ОБЪЯСНИМОСТЬ, ЖУРНАЛ И ПРАВА ИСПРАВЛЕНИЯ",Data Control / Trust / Privacy,Control,/app/control,"PLAN_TBD_BY_ARTIFACT_AUDIT, PLAN_TBD_BY_ARTIFACT_AUDIT","Receipt, DataControlItem, AuditEvent, ExportJob, DeletePreview, PrivacyZone, PermissionGrant",implement as product capability,Любое изменение имеет receipt; destructive действия только preview + confirmation boundary.,Право отменить общую видимость,"человек должен иметь возможность снять общую видимость с объекта, если он больше не должен быть общим.",11046,docs/source_of_truth/LifeOS_canon_v33.md
C19-036,Функция,C19,"ОБЪЯСНИМОСТЬ, ЖУРНАЛ И ПРАВА ИСПРАВЛЕНИЯ",Data Control / Trust / Privacy,Control,/app/control,"PLAN_TBD_BY_ARTIFACT_AUDIT, PLAN_TBD_BY_ARTIFACT_AUDIT","Receipt, DataControlItem, AuditEvent, ExportJob, DeletePreview, PrivacyZone, PermissionGrant",implement as product capability,Любое изменение имеет receipt; destructive действия только preview + confirmation boundary.,Право пересобрать контекст,"человек может указать, что система шла по неверной рамке контекста, и пересобрать интерпретацию.",11052,docs/source_of_truth/LifeOS_canon_v33.md
C19-037,Функция,C19,"ОБЪЯСНИМОСТЬ, ЖУРНАЛ И ПРАВА ИСПРАВЛЕНИЯ",Data Control / Trust / Privacy,Control,/app/control,"PLAN_TBD_BY_ARTIFACT_AUDIT, PLAN_TBD_BY_ARTIFACT_AUDIT","Receipt, DataControlItem, AuditEvent, ExportJob, DeletePreview, PrivacyZone, PermissionGrant",implement as product capability,Любое изменение имеет receipt; destructive действия только preview + confirmation boundary.,Право исправить путь интерпретации,"человек должен иметь возможность чинить не только итог, но и сам путь, по которому система к нему пришла.",11058,docs/source_of_truth/LifeOS_canon_v33.md
C19-038,Функция,C19,"ОБЪЯСНИМОСТЬ, ЖУРНАЛ И ПРАВА ИСПРАВЛЕНИЯ",Data Control / Trust / Privacy,Control,/app/control,"PLAN_TBD_BY_ARTIFACT_AUDIT, PLAN_TBD_BY_ARTIFACT_AUDIT","Receipt, DataControlItem, AuditEvent, ExportJob, DeletePreview, PrivacyZone, PermissionGrant",implement as product capability,Любое изменение имеет receipt; destructive действия только preview + confirmation boundary.,Обучение на правке,правка человека должна уметь улучшать будущие предложения в похожих случаях.,11064,docs/source_of_truth/LifeOS_canon_v33.md
C19-039,Функция,C19,"ОБЪЯСНИМОСТЬ, ЖУРНАЛ И ПРАВА ИСПРАВЛЕНИЯ",Data Control / Trust / Privacy,Control,/app/control,"PLAN_TBD_BY_ARTIFACT_AUDIT, PLAN_TBD_BY_ARTIFACT_AUDIT","Receipt, DataControlItem, AuditEvent, ExportJob, DeletePreview, PrivacyZone, PermissionGrant",implement as product capability,Любое изменение имеет receipt; destructive действия только preview + confirmation boundary.,Мгновенная отмена операции,после ключевого действия нужен быстрый способ сразу вернуть прошлое состояние.,11070,docs/source_of_truth/LifeOS_canon_v33.md
C19-040,Функция,C19,"ОБЪЯСНИМОСТЬ, ЖУРНАЛ И ПРАВА ИСПРАВЛЕНИЯ",Data Control / Trust / Privacy,Control,/app/control,"PLAN_TBD_BY_ARTIFACT_AUDIT, PLAN_TBD_BY_ARTIFACT_AUDIT","Receipt, DataControlItem, AuditEvent, ExportJob, DeletePreview, PrivacyZone, PermissionGrant",implement as product capability,Любое изменение имеет receipt; destructive действия только preview + confirmation boundary.,История версий и восстановление,у важных объектов должна быть история версий с возможностью восстановить прежний вариант.,11076,docs/source_of_truth/LifeOS_canon_v33.md
C19-041,Качество,C19,"ОБЪЯСНИМОСТЬ, ЖУРНАЛ И ПРАВА ИСПРАВЛЕНИЯ",Data Control / Trust / Privacy,Control,/app/control,"PLAN_TBD_BY_ARTIFACT_AUDIT, PLAN_TBD_BY_ARTIFACT_AUDIT","Receipt, DataControlItem, AuditEvent, ExportJob, DeletePreview, PrivacyZone, PermissionGrant",build as acceptance criterion,Любое изменение имеет receipt; destructive действия только preview + confirmation boundary.,"Подтверждение, отклонение и правка должны быть журналируемыми","действия цикла проверки должны не только выполняться, но и оставлять понятный след.",11082,docs/source_of_truth/LifeOS_canon_v33.md
C19-042,Минус,C19,"ОБЪЯСНИМОСТЬ, ЖУРНАЛ И ПРАВА ИСПРАВЛЕНИЯ",Data Control / Trust / Privacy,Control,/app/control,"PLAN_TBD_BY_ARTIFACT_AUDIT, PLAN_TBD_BY_ARTIFACT_AUDIT","Receipt, DataControlItem, AuditEvent, ExportJob, DeletePreview, PrivacyZone, PermissionGrant",forbid / add regression guard,Любое изменение имеет receipt; destructive действия только preview + confirmation boundary.,Декоративная объяснимость,"плохо, когда объяснение выглядит красивой подписью, но не держится на реальном источнике, шаге обработки и праве исправления.",11088,docs/source_of_truth/LifeOS_canon_v33.md
C19-043,Минус,C19,"ОБЪЯСНИМОСТЬ, ЖУРНАЛ И ПРАВА ИСПРАВЛЕНИЯ",Data Control / Trust / Privacy,Control,/app/control,"PLAN_TBD_BY_ARTIFACT_AUDIT, PLAN_TBD_BY_ARTIFACT_AUDIT","Receipt, DataControlItem, AuditEvent, ExportJob, DeletePreview, PrivacyZone, PermissionGrant",forbid / add regression guard,Любое изменение имеет receipt; destructive действия только preview + confirmation boundary.,Журнал без причин и последствий,"журнал не должен быть списком сухих изменений без понимания, почему они произошли и что поменяли.",11094,docs/source_of_truth/LifeOS_canon_v33.md
C19-044,Минус,C19,"ОБЪЯСНИМОСТЬ, ЖУРНАЛ И ПРАВА ИСПРАВЛЕНИЯ",Data Control / Trust / Privacy,Control,/app/control,"PLAN_TBD_BY_ARTIFACT_AUDIT, PLAN_TBD_BY_ARTIFACT_AUDIT","Receipt, DataControlItem, AuditEvent, ExportJob, DeletePreview, PrivacyZone, PermissionGrant",forbid / add regression guard,Любое изменение имеет receipt; destructive действия только preview + confirmation boundary.,Тихий переход из искусственного вывода в реальное действие,нельзя позволять искусственному выводу незаметно становиться действием или решением без человеческой границы.,11100,docs/source_of_truth/LifeOS_canon_v33.md
C19-045,Минус,C19,"ОБЪЯСНИМОСТЬ, ЖУРНАЛ И ПРАВА ИСПРАВЛЕНИЯ",Data Control / Trust / Privacy,Control,/app/control,"PLAN_TBD_BY_ARTIFACT_AUDIT, PLAN_TBD_BY_ARTIFACT_AUDIT","Receipt, DataControlItem, AuditEvent, ExportJob, DeletePreview, PrivacyZone, PermissionGrant",forbid / add regression guard,Любое изменение имеет receipt; destructive действия только preview + confirmation boundary.,Скрытое повышение слабого сигнала в сильный слой,"нельзя тихо поднимать слабый сигнал в сильный слой, если человек этого не видел и не подтвердил.",11106,docs/source_of_truth/LifeOS_canon_v33.md
C19-046,Функция,C19,"ОБЪЯСНИМОСТЬ, ЖУРНАЛ И ПРАВА ИСПРАВЛЕНИЯ",Data Control / Trust / Privacy,Control,/app/control,"PLAN_TBD_BY_ARTIFACT_AUDIT, PLAN_TBD_BY_ARTIFACT_AUDIT","Receipt, DataControlItem, AuditEvent, ExportJob, DeletePreview, PrivacyZone, PermissionGrant",implement as product capability,Любое изменение имеет receipt; destructive действия только preview + confirmation boundary.,Ограничение объёма очереди проверки на день,"очередь проверки не должна разрастаться так, чтобы сама становиться перегрузом.",11112,docs/source_of_truth/LifeOS_canon_v33.md
C20-001,Функция,C20,"ДАННЫЕ, ЭКСПОРТ, УДАЛЕНИЕ И ПРИВАТНЫЕ ЗОНЫ",Data Control / Trust / Privacy,Control,/app/control,"PLAN_TBD_BY_ARTIFACT_AUDIT, PLAN_TBD_BY_ARTIFACT_AUDIT","Receipt, DataControlItem, AuditEvent, ExportJob, DeletePreview, PrivacyZone, PermissionGrant",implement as product capability,Любое изменение имеет receipt; destructive действия только preview + confirmation boundary.,Центр управления данными,"Экспорт, удаление, резервная копия, восстановление и приватные зоны должны быть собраны в один понятный центр.",11123,docs/source_of_truth/LifeOS_canon_v33.md
C20-002,Функция,C20,"ДАННЫЕ, ЭКСПОРТ, УДАЛЕНИЕ И ПРИВАТНЫЕ ЗОНЫ",Life Domains / Wellbeing / Money / Family,Domains,/app/domains,PLAN_TBD_BY_ARTIFACT_AUDIT,"HealthSignal, Routine, Relationship, HomeItem, MoneyEvent, Trip, Meal, DomainPack",implement as product capability,Домены не ломают ядро; каждый доменный объект — LifeObject с source/receipt/control/graph.,Честный полный экспорт,"Экспорт должен уносить не только тексты и файлы, но и связи, происхождение, структуру и историю.",11129,docs/source_of_truth/LifeOS_canon_v33.md
C20-003,Функция,C20,"ДАННЫЕ, ЭКСПОРТ, УДАЛЕНИЕ И ПРИВАТНЫЕ ЗОНЫ",Life Domains / Wellbeing / Money / Family,Domains,/app/domains,PLAN_TBD_BY_ARTIFACT_AUDIT,"HealthSignal, Routine, Relationship, HomeItem, MoneyEvent, Trip, Meal, DomainPack",implement as product capability,Домены не ломают ядро; каждый доменный объект — LifeObject с source/receipt/control/graph.,Выборочный экспорт,Пользователь должен выносить наружу только нужную часть системы.,11136,docs/source_of_truth/LifeOS_canon_v33.md
C20-004,Функция,C20,"ДАННЫЕ, ЭКСПОРТ, УДАЛЕНИЕ И ПРИВАТНЫЕ ЗОНЫ",Life Domains / Wellbeing / Money / Family,Domains,/app/domains,PLAN_TBD_BY_ARTIFACT_AUDIT,"HealthSignal, Routine, Relationship, HomeItem, MoneyEvent, Trip, Meal, DomainPack",implement as product capability,Домены не ломают ядро; каждый доменный объект — LifeObject с source/receipt/control/graph.,Экспорт в человекочитаемые и печатные форматы,"Данные должны выгружаться не только в машинно-структурированном виде, но и в читаемом для человека виде.",11142,docs/source_of_truth/LifeOS_canon_v33.md
C20-005,Функция,C20,"ДАННЫЕ, ЭКСПОРТ, УДАЛЕНИЕ И ПРИВАТНЫЕ ЗОНЫ",Data Control / Trust / Privacy,Control,/app/control,"PLAN_TBD_BY_ARTIFACT_AUDIT, PLAN_TBD_BY_ARTIFACT_AUDIT","Receipt, DataControlItem, AuditEvent, ExportJob, DeletePreview, PrivacyZone, PermissionGrant",implement as product capability,Любое изменение имеет receipt; destructive действия только preview + confirmation boundary.,Удаление с видимыми последствиями,"Перед удалением система должна показывать, что ещё будет затронуто.",11148,docs/source_of_truth/LifeOS_canon_v33.md
C20-006,Функция,C20,"ДАННЫЕ, ЭКСПОРТ, УДАЛЕНИЕ И ПРИВАТНЫЕ ЗОНЫ",Data Control / Trust / Privacy,Control,/app/control,"PLAN_TBD_BY_ARTIFACT_AUDIT, PLAN_TBD_BY_ARTIFACT_AUDIT","Receipt, DataControlItem, AuditEvent, ExportJob, DeletePreview, PrivacyZone, PermissionGrant",implement as product capability,Любое изменение имеет receipt; destructive действия только preview + confirmation boundary.,Корзина с окном восстановления,Между обычным удалением и окончательным стиранием нужен безопасный промежуточный слой.,11154,docs/source_of_truth/LifeOS_canon_v33.md
C20-007,Функция,C20,"ДАННЫЕ, ЭКСПОРТ, УДАЛЕНИЕ И ПРИВАТНЫЕ ЗОНЫ",Data Control / Trust / Privacy,Control,/app/control,"PLAN_TBD_BY_ARTIFACT_AUDIT, PLAN_TBD_BY_ARTIFACT_AUDIT","Receipt, DataControlItem, AuditEvent, ExportJob, DeletePreview, PrivacyZone, PermissionGrant",implement as product capability,Любое изменение имеет receipt; destructive действия только preview + confirmation boundary.,Окончательное удаление с отдельным подтверждением,Необратимое удаление должно быть отдельным и особо ясным действием.,11160,docs/source_of_truth/LifeOS_canon_v33.md
C20-008,Функция,C20,"ДАННЫЕ, ЭКСПОРТ, УДАЛЕНИЕ И ПРИВАТНЫЕ ЗОНЫ",Data Control / Trust / Privacy,Control,/app/control,"PLAN_TBD_BY_ARTIFACT_AUDIT, PLAN_TBD_BY_ARTIFACT_AUDIT","Receipt, DataControlItem, AuditEvent, ExportJob, DeletePreview, PrivacyZone, PermissionGrant",implement as product capability,Любое изменение имеет receipt; destructive действия только preview + confirmation boundary.,Резервная копия,Данные должны регулярно уходить в управляемую резервную копию без потери структуры.,11166,docs/source_of_truth/LifeOS_canon_v33.md
C20-009,Функция,C20,"ДАННЫЕ, ЭКСПОРТ, УДАЛЕНИЕ И ПРИВАТНЫЕ ЗОНЫ",Data Control / Trust / Privacy,Control,/app/control,"PLAN_TBD_BY_ARTIFACT_AUDIT, PLAN_TBD_BY_ARTIFACT_AUDIT","Receipt, DataControlItem, AuditEvent, ExportJob, DeletePreview, PrivacyZone, PermissionGrant",implement as product capability,Любое изменение имеет receipt; destructive действия только preview + confirmation boundary.,Восстановление,Система должна уметь вернуть данные и связи в рабочее состояние.,11172,docs/source_of_truth/LifeOS_canon_v33.md
C20-010,Функция,C20,"ДАННЫЕ, ЭКСПОРТ, УДАЛЕНИЕ И ПРИВАТНЫЕ ЗОНЫ",Data Control / Trust / Privacy,Control,/app/control,"PLAN_TBD_BY_ARTIFACT_AUDIT, PLAN_TBD_BY_ARTIFACT_AUDIT","Receipt, DataControlItem, AuditEvent, ExportJob, DeletePreview, PrivacyZone, PermissionGrant",implement as product capability,Любое изменение имеет receipt; destructive действия только preview + confirmation boundary.,Обратимость критичных действий,Ключевые действия над данными должны иметь откат или безопасное промежуточное состояние.,11178,docs/source_of_truth/LifeOS_canon_v33.md
C20-011,Функция,C20,"ДАННЫЕ, ЭКСПОРТ, УДАЛЕНИЕ И ПРИВАТНЫЕ ЗОНЫ",Data Control / Trust / Privacy,Control,/app/control,"PLAN_TBD_BY_ARTIFACT_AUDIT, PLAN_TBD_BY_ARTIFACT_AUDIT","Receipt, DataControlItem, AuditEvent, ExportJob, DeletePreview, PrivacyZone, PermissionGrant",implement as product capability,Любое изменение имеет receipt; destructive действия только preview + confirmation boundary.,Журнал операций с данными,"Действия экспорта, удаления, восстановления и резервирования должны оставлять отдельный проверяемый след.",11184,docs/source_of_truth/LifeOS_canon_v33.md
C20-012,Функция,C20,"ДАННЫЕ, ЭКСПОРТ, УДАЛЕНИЕ И ПРИВАТНЫЕ ЗОНЫ",Life Domains / Wellbeing / Money / Family,Domains,/app/domains,PLAN_TBD_BY_ARTIFACT_AUDIT,"HealthSignal, Routine, Relationship, HomeItem, MoneyEvent, Trip, Meal, DomainPack",implement as product capability,Домены не ломают ядро; каждый доменный объект — LifeObject с source/receipt/control/graph.,Квитанции экспорта и восстановления,"Экспорт и восстановление должны быть не только действиями, но и доказуемыми событиями.",11190,docs/source_of_truth/LifeOS_canon_v33.md
C20-013,Функция,C20,"ДАННЫЕ, ЭКСПОРТ, УДАЛЕНИЕ И ПРИВАТНЫЕ ЗОНЫ",Data Control / Trust / Privacy,Control,/app/control,"PLAN_TBD_BY_ARTIFACT_AUDIT, PLAN_TBD_BY_ARTIFACT_AUDIT","Receipt, DataControlItem, AuditEvent, ExportJob, DeletePreview, PrivacyZone, PermissionGrant",implement as product capability,Любое изменение имеет receipt; destructive действия только preview + confirmation boundary.,История версий с откатом,Пользователь должен уметь вернуться к прошлой версии данных или объекта.,11196,docs/source_of_truth/LifeOS_canon_v33.md
C20-014,Функция,C20,"ДАННЫЕ, ЭКСПОРТ, УДАЛЕНИЕ И ПРИВАТНЫЕ ЗОНЫ",Data Control / Trust / Privacy,Control,/app/control,"PLAN_TBD_BY_ARTIFACT_AUDIT, PLAN_TBD_BY_ARTIFACT_AUDIT","Receipt, DataControlItem, AuditEvent, ExportJob, DeletePreview, PrivacyZone, PermissionGrant",implement as product capability,Любое изменение имеет receipt; destructive действия только preview + confirmation boundary.,Приватные зоны,"Часть пространства можно выделить как приватную зону с особыми границами поиска, памяти и вывода.",11202,docs/source_of_truth/LifeOS_canon_v33.md
C20-015,Функция,C20,"ДАННЫЕ, ЭКСПОРТ, УДАЛЕНИЕ И ПРИВАТНЫЕ ЗОНЫ",Data Control / Trust / Privacy,Control,/app/control,"PLAN_TBD_BY_ARTIFACT_AUDIT, PLAN_TBD_BY_ARTIFACT_AUDIT","Receipt, DataControlItem, AuditEvent, ExportJob, DeletePreview, PrivacyZone, PermissionGrant",implement as product capability,Любое изменение имеет receipt; destructive действия только preview + confirmation boundary.,Исключённые зоны,"Некоторые области можно вообще исключить из индексации, рекомендаций и общего контура.",11208,docs/source_of_truth/LifeOS_canon_v33.md
C20-016,Функция,C20,"ДАННЫЕ, ЭКСПОРТ, УДАЛЕНИЕ И ПРИВАТНЫЕ ЗОНЫ",Data Control / Trust / Privacy,Control,/app/control,"PLAN_TBD_BY_ARTIFACT_AUDIT, PLAN_TBD_BY_ARTIFACT_AUDIT","Receipt, DataControlItem, AuditEvent, ExportJob, DeletePreview, PrivacyZone, PermissionGrant",implement as product capability,Любое изменение имеет receipt; destructive действия только preview + confirmation boundary.,Приватность дневника и денег по умолчанию,"Самые чувствительные зоны должны стартовать как закрытые, а не открытые.",11214,docs/source_of_truth/LifeOS_canon_v33.md
C20-017,Функция,C20,"ДАННЫЕ, ЭКСПОРТ, УДАЛЕНИЕ И ПРИВАТНЫЕ ЗОНЫ",Data Control / Trust / Privacy,Control,/app/control,"PLAN_TBD_BY_ARTIFACT_AUDIT, PLAN_TBD_BY_ARTIFACT_AUDIT","Receipt, DataControlItem, AuditEvent, ExportJob, DeletePreview, PrivacyZone, PermissionGrant",implement as product capability,Любое изменение имеет receipt; destructive действия только preview + confirmation boundary.,Локальный приватный блокнот,Для самых чувствительных материалов нужен отдельный локальный приватный контур.,11220,docs/source_of_truth/LifeOS_canon_v33.md
C20-018,Функция,C20,"ДАННЫЕ, ЭКСПОРТ, УДАЛЕНИЕ И ПРИВАТНЫЕ ЗОНЫ",Data Control / Trust / Privacy,Control,/app/control,"PLAN_TBD_BY_ARTIFACT_AUDIT, PLAN_TBD_BY_ARTIFACT_AUDIT","Receipt, DataControlItem, AuditEvent, ExportJob, DeletePreview, PrivacyZone, PermissionGrant",implement as product capability,Любое изменение имеет receipt; destructive действия только preview + confirmation boundary.,Приватное хранилище для особо чувствительных записей,Нужен отдельный защищённый слой для секретных записей внутри общей системы.,11226,docs/source_of_truth/LifeOS_canon_v33.md
C20-019,Функция,C20,"ДАННЫЕ, ЭКСПОРТ, УДАЛЕНИЕ И ПРИВАТНЫЕ ЗОНЫ",Data Control / Trust / Privacy,Control,/app/control,"PLAN_TBD_BY_ARTIFACT_AUDIT, PLAN_TBD_BY_ARTIFACT_AUDIT","Receipt, DataControlItem, AuditEvent, ExportJob, DeletePreview, PrivacyZone, PermissionGrant",implement as product capability,Любое изменение имеет receipt; destructive действия только preview + confirmation boundary.,Правдивые границы хранения,"Система обязана честно показывать, что хранится на устройстве, что в синхронизации, а что у внешнего поставщика.",11232,docs/source_of_truth/LifeOS_canon_v33.md
C20-020,Функция,C20,"ДАННЫЕ, ЭКСПОРТ, УДАЛЕНИЕ И ПРИВАТНЫЕ ЗОНЫ",Life Domains / Wellbeing / Money / Family,Domains,/app/domains,PLAN_TBD_BY_ARTIFACT_AUDIT,"HealthSignal, Routine, Relationship, HomeItem, MoneyEvent, Trip, Meal, DomainPack",implement as product capability,Домены не ломают ядро; каждый доменный объект — LifeObject с source/receipt/control/graph.,Карта данных «что хранится где»,У пользователя должна быть отдельная понятная карта размещения данных.,11238,docs/source_of_truth/LifeOS_canon_v33.md
C20-021,Функция,C20,"ДАННЫЕ, ЭКСПОРТ, УДАЛЕНИЕ И ПРИВАТНЫЕ ЗОНЫ",Data Control / Trust / Privacy,Control,/app/control,"PLAN_TBD_BY_ARTIFACT_AUDIT, PLAN_TBD_BY_ARTIFACT_AUDIT","Receipt, DataControlItem, AuditEvent, ExportJob, DeletePreview, PrivacyZone, PermissionGrant",implement as product capability,Любое изменение имеет receipt; destructive действия только preview + confirmation boundary.,Полностью локальный режим,"Нужен жёсткий режим, в котором чувствительные данные не уходят в облачный контур.",11244,docs/source_of_truth/LifeOS_canon_v33.md
C20-022,Функция,C20,"ДАННЫЕ, ЭКСПОРТ, УДАЛЕНИЕ И ПРИВАТНЫЕ ЗОНЫ",Data Control / Trust / Privacy,Control,/app/control,"PLAN_TBD_BY_ARTIFACT_AUDIT, PLAN_TBD_BY_ARTIFACT_AUDIT","Receipt, DataControlItem, AuditEvent, ExportJob, DeletePreview, PrivacyZone, PermissionGrant",implement as product capability,Любое изменение имеет receipt; destructive действия только preview + confirmation boundary.,Облачный режим только по явному действию,Выход в облачный контур не должен происходить молча.,11250,docs/source_of_truth/LifeOS_canon_v33.md
C20-023,Функция,C20,"ДАННЫЕ, ЭКСПОРТ, УДАЛЕНИЕ И ПРИВАТНЫЕ ЗОНЫ",Data Control / Trust / Privacy,Control,/app/control,"PLAN_TBD_BY_ARTIFACT_AUDIT, PLAN_TBD_BY_ARTIFACT_AUDIT","Receipt, DataControlItem, AuditEvent, ExportJob, DeletePreview, PrivacyZone, PermissionGrant",implement as product capability,Любое изменение имеет receipt; destructive действия только preview + confirmation boundary.,Предпросмотр отправки перед облачной обработкой,"Перед отправкой вовне человек должен видеть состав того, что реально уходит.",11256,docs/source_of_truth/LifeOS_canon_v33.md
C20-024,Функция,C20,"ДАННЫЕ, ЭКСПОРТ, УДАЛЕНИЕ И ПРИВАТНЫЕ ЗОНЫ",Data Control / Trust / Privacy,Control,/app/control,"PLAN_TBD_BY_ARTIFACT_AUDIT, PLAN_TBD_BY_ARTIFACT_AUDIT","Receipt, DataControlItem, AuditEvent, ExportJob, DeletePreview, PrivacyZone, PermissionGrant",implement as product capability,Любое изменение имеет receipt; destructive действия только preview + confirmation boundary.,Доменные правила локальности,Для разных сфер жизни должны работать разные правила выхода данных наружу.,11262,docs/source_of_truth/LifeOS_canon_v33.md
C20-025,Функция,C20,"ДАННЫЕ, ЭКСПОРТ, УДАЛЕНИЕ И ПРИВАТНЫЕ ЗОНЫ",Providers / Local AI / Media / Screen,Providers,/app/providers,PLAN_TBD_BY_ARTIFACT_AUDIT,"ProviderBoundary, ModelProfile, MediaTranscriptJob, ScreenSession, DeviceSyncState",implement as product capability,"Никаких fake cloud/model/screen/VPN success; только readiness, preview, explicit setup/approval.",Локальная индексация без выхода наружу,Поиск и индексация должны уметь жить полностью локально.,11268,docs/source_of_truth/LifeOS_canon_v33.md
C20-026,Функция,C20,"ДАННЫЕ, ЭКСПОРТ, УДАЛЕНИЕ И ПРИВАТНЫЕ ЗОНЫ",Life Domains / Wellbeing / Money / Family,Domains,/app/domains,PLAN_TBD_BY_ARTIFACT_AUDIT,"HealthSignal, Routine, Relationship, HomeItem, MoneyEvent, Trip, Meal, DomainPack",implement as product capability,Домены не ломают ядро; каждый доменный объект — LifeObject с source/receipt/control/graph.,Облачная индексация только по отдельному включению,"Перенос индекса в облачный контур должен быть отдельным выбором, а не скрытым фоном.",11274,docs/source_of_truth/LifeOS_canon_v33.md
C20-027,Функция,C20,"ДАННЫЕ, ЭКСПОРТ, УДАЛЕНИЕ И ПРИВАТНЫЕ ЗОНЫ",Data Control / Trust / Privacy,Control,/app/control,"PLAN_TBD_BY_ARTIFACT_AUDIT, PLAN_TBD_BY_ARTIFACT_AUDIT","Receipt, DataControlItem, AuditEvent, ExportJob, DeletePreview, PrivacyZone, PermissionGrant",implement as product capability,Любое изменение имеет receipt; destructive действия только preview + confirmation boundary.,Политика вложений,"У вложений должны быть собственные правила хранения, индексации и отправки.",11280,docs/source_of_truth/LifeOS_canon_v33.md
C20-028,Функция,C20,"ДАННЫЕ, ЭКСПОРТ, УДАЛЕНИЕ И ПРИВАТНЫЕ ЗОНЫ",Data Control / Trust / Privacy,Control,/app/control,"PLAN_TBD_BY_ARTIFACT_AUDIT, PLAN_TBD_BY_ARTIFACT_AUDIT","Receipt, DataControlItem, AuditEvent, ExportJob, DeletePreview, PrivacyZone, PermissionGrant",implement as product capability,Любое изменение имеет receipt; destructive действия только preview + confirmation boundary.,"Явный выбор, какие зоны синхронизируются","Наружу должен уходить не весь архив, а только явно выбранные зоны и контуры.",11286,docs/source_of_truth/LifeOS_canon_v33.md
C20-029,Функция,C20,"ДАННЫЕ, ЭКСПОРТ, УДАЛЕНИЕ И ПРИВАТНЫЕ ЗОНЫ",Data Control / Trust / Privacy,Control,/app/control,"PLAN_TBD_BY_ARTIFACT_AUDIT, PLAN_TBD_BY_ARTIFACT_AUDIT","Receipt, DataControlItem, AuditEvent, ExportJob, DeletePreview, PrivacyZone, PermissionGrant",implement as product capability,Любое изменение имеет receipt; destructive действия только preview + confirmation boundary.,Зашифрованное файловое хранилище с автоматическими резервными копиями,"Файлы и вложения должны иметь не менее сильный контур защиты, чем текстовые заметки.",11292,docs/source_of_truth/LifeOS_canon_v33.md
C20-030,Функция,C20,"ДАННЫЕ, ЭКСПОРТ, УДАЛЕНИЕ И ПРИВАТНЫЕ ЗОНЫ",Data Control / Trust / Privacy,Control,/app/control,"PLAN_TBD_BY_ARTIFACT_AUDIT, PLAN_TBD_BY_ARTIFACT_AUDIT","Receipt, DataControlItem, AuditEvent, ExportJob, DeletePreview, PrivacyZone, PermissionGrant",implement as product capability,Любое изменение имеет receipt; destructive действия только preview + confirmation boundary.,Хранилище и очистка крупных файлов,"Пользователь должен видеть, что именно занимает место, и уметь это чистить под контролем.",11298,docs/source_of_truth/LifeOS_canon_v33.md
C20-031,Функция,C20,"ДАННЫЕ, ЭКСПОРТ, УДАЛЕНИЕ И ПРИВАТНЫЕ ЗОНЫ",Data Control / Trust / Privacy,Control,/app/control,"PLAN_TBD_BY_ARTIFACT_AUDIT, PLAN_TBD_BY_ARTIFACT_AUDIT","Receipt, DataControlItem, AuditEvent, ExportJob, DeletePreview, PrivacyZone, PermissionGrant",implement as product capability,Любое изменение имеет receipt; destructive действия только preview + confirmation boundary.,Служебное журналирование только по отдельному включению,Диагностические логи не должны включаться молча.,11304,docs/source_of_truth/LifeOS_canon_v33.md
C20-032,Функция,C20,"ДАННЫЕ, ЭКСПОРТ, УДАЛЕНИЕ И ПРИВАТНЫЕ ЗОНЫ",Data Control / Trust / Privacy,Control,/app/control,"PLAN_TBD_BY_ARTIFACT_AUDIT, PLAN_TBD_BY_ARTIFACT_AUDIT","Receipt, DataControlItem, AuditEvent, ExportJob, DeletePreview, PrivacyZone, PermissionGrant",implement as product capability,Любое изменение имеет receipt; destructive действия только preview + confirmation boundary.,Локальный экспорт диагностических данных,Диагностический пакет должен собираться локально и отправляться только по решению человека.,11310,docs/source_of_truth/LifeOS_canon_v33.md
C20-033,Функция,C20,"ДАННЫЕ, ЭКСПОРТ, УДАЛЕНИЕ И ПРИВАТНЫЕ ЗОНЫ",Data Control / Trust / Privacy,Control,/app/control,"PLAN_TBD_BY_ARTIFACT_AUDIT, PLAN_TBD_BY_ARTIFACT_AUDIT","Receipt, DataControlItem, AuditEvent, ExportJob, DeletePreview, PrivacyZone, PermissionGrant",implement as product capability,Любое изменение имеет receipt; destructive действия только preview + confirmation boundary.,Регулярный контур удаления из внешних брокеров и каталогов,"Удаление чувствительных следов из внешних источников должно быть повторяемым процессом, а не разовой акцией.",11316,docs/source_of_truth/LifeOS_canon_v33.md
C20-034,Функция,C20,"ДАННЫЕ, ЭКСПОРТ, УДАЛЕНИЕ И ПРИВАТНЫЕ ЗОНЫ",Data Control / Trust / Privacy,Control,/app/control,"PLAN_TBD_BY_ARTIFACT_AUDIT, PLAN_TBD_BY_ARTIFACT_AUDIT","Receipt, DataControlItem, AuditEvent, ExportJob, DeletePreview, PrivacyZone, PermissionGrant",implement as product capability,Любое изменение имеет receipt; destructive действия только preview + confirmation boundary.,Статусы запросов на удаление данных,"Пользователю важно видеть не только сам факт запроса, но и его текущее состояние.",11322,docs/source_of_truth/LifeOS_canon_v33.md
C20-035,Функция,C20,"ДАННЫЕ, ЭКСПОРТ, УДАЛЕНИЕ И ПРИВАТНЫЕ ЗОНЫ",Data Control / Trust / Privacy,Control,/app/control,"PLAN_TBD_BY_ARTIFACT_AUDIT, PLAN_TBD_BY_ARTIFACT_AUDIT","Receipt, DataControlItem, AuditEvent, ExportJob, DeletePreview, PrivacyZone, PermissionGrant",implement as product capability,Любое изменение имеет receipt; destructive действия только preview + confirmation boundary.,Режим поездки для чувствительных данных,Для поездки или пересечения границы может понадобиться временно скрыть часть чувствительных данных.,11328,docs/source_of_truth/LifeOS_canon_v33.md
C20-036,Функция,C20,"ДАННЫЕ, ЭКСПОРТ, УДАЛЕНИЕ И ПРИВАТНЫЕ ЗОНЫ",Data Control / Trust / Privacy,Control,/app/control,"PLAN_TBD_BY_ARTIFACT_AUDIT, PLAN_TBD_BY_ARTIFACT_AUDIT","Receipt, DataControlItem, AuditEvent, ExportJob, DeletePreview, PrivacyZone, PermissionGrant",implement as product capability,Любое изменение имеет receipt; destructive действия только preview + confirmation boundary.,Аварийный комплект восстановления доступа,Нужен отдельный понятный комплект шагов для возврата доступа к системе и данным.,11334,docs/source_of_truth/LifeOS_canon_v33.md
C20-037,Качество,C20,"ДАННЫЕ, ЭКСПОРТ, УДАЛЕНИЕ И ПРИВАТНЫЕ ЗОНЫ",Data Control / Trust / Privacy,Control,/app/control,"PLAN_TBD_BY_ARTIFACT_AUDIT, PLAN_TBD_BY_ARTIFACT_AUDIT","Receipt, DataControlItem, AuditEvent, ExportJob, DeletePreview, PrivacyZone, PermissionGrant",build as acceptance criterion,Любое изменение имеет receipt; destructive действия только preview + confirmation boundary.,Владение данными как норма,Продукт не должен держать человека страхом потерять свои данные при выходе.,11340,docs/source_of_truth/LifeOS_canon_v33.md
C20-038,Минус,C20,"ДАННЫЕ, ЭКСПОРТ, УДАЛЕНИЕ И ПРИВАТНЫЕ ЗОНЫ",Data Control / Trust / Privacy,Control,/app/control,"PLAN_TBD_BY_ARTIFACT_AUDIT, PLAN_TBD_BY_ARTIFACT_AUDIT","Receipt, DataControlItem, AuditEvent, ExportJob, DeletePreview, PrivacyZone, PermissionGrant",forbid / add regression guard,Любое изменение имеет receipt; destructive действия только preview + confirmation boundary.,Фейковая обратимость,"Нельзя обещать восстановление и контроль, если это только декоративные кнопки.",11346,docs/source_of_truth/LifeOS_canon_v33.md
C20-039,Минус,C20,"ДАННЫЕ, ЭКСПОРТ, УДАЛЕНИЕ И ПРИВАТНЫЕ ЗОНЫ",Data Control / Trust / Privacy,Control,/app/control,"PLAN_TBD_BY_ARTIFACT_AUDIT, PLAN_TBD_BY_ARTIFACT_AUDIT","Receipt, DataControlItem, AuditEvent, ExportJob, DeletePreview, PrivacyZone, PermissionGrant",forbid / add regression guard,Любое изменение имеет receipt; destructive действия только preview + confirmation boundary.,Серые зоны хранения,"Нельзя оставлять неясность, где реально лежат данные и кто к ним имеет доступ.",11352,docs/source_of_truth/LifeOS_canon_v33.md
C20-040,Минус,C20,"ДАННЫЕ, ЭКСПОРТ, УДАЛЕНИЕ И ПРИВАТНЫЕ ЗОНЫ",Data Control / Trust / Privacy,Control,/app/control,"PLAN_TBD_BY_ARTIFACT_AUDIT, PLAN_TBD_BY_ARTIFACT_AUDIT","Receipt, DataControlItem, AuditEvent, ExportJob, DeletePreview, PrivacyZone, PermissionGrant",forbid / add regression guard,Любое изменение имеет receipt; destructive действия только preview + confirmation boundary.,Облачный режим по умолчанию для чувствительных данных,Для чувствительных зон нельзя делать внешний маршрут невидимой нормой.,11358,docs/source_of_truth/LifeOS_canon_v33.md
C20-041,Минус,C20,"ДАННЫЕ, ЭКСПОРТ, УДАЛЕНИЕ И ПРИВАТНЫЕ ЗОНЫ",Data Control / Trust / Privacy,Control,/app/control,"PLAN_TBD_BY_ARTIFACT_AUDIT, PLAN_TBD_BY_ARTIFACT_AUDIT","Receipt, DataControlItem, AuditEvent, ExportJob, DeletePreview, PrivacyZone, PermissionGrant",forbid / add regression guard,Любое изменение имеет receipt; destructive действия только preview + confirmation boundary.,Автозабор всего содержимого телефона,Массовый автоматический импорт материалов с устройства разрушает доверие.,11364,docs/source_of_truth/LifeOS_canon_v33.md
C20-042,Функция,C20,"ДАННЫЕ, ЭКСПОРТ, УДАЛЕНИЕ И ПРИВАТНЫЕ ЗОНЫ",Data Control / Trust / Privacy,Control,/app/control,"PLAN_TBD_BY_ARTIFACT_AUDIT, PLAN_TBD_BY_ARTIFACT_AUDIT","Receipt, DataControlItem, AuditEvent, ExportJob, DeletePreview, PrivacyZone, PermissionGrant",implement as product capability,Любое изменение имеет receipt; destructive действия только preview + confirmation boundary.,Пакет «если я недоступен»,кроме аварийного доступа системе нужен отдельный жизненный пакет на случай долгой недоступности владельца.,11370,docs/source_of_truth/LifeOS_canon_v33.md
C20-043,Функция,C20,"ДАННЫЕ, ЭКСПОРТ, УДАЛЕНИЕ И ПРИВАТНЫЕ ЗОНЫ",Data Control / Trust / Privacy,Control,/app/control,"PLAN_TBD_BY_ARTIFACT_AUDIT, PLAN_TBD_BY_ARTIFACT_AUDIT","Receipt, DataControlItem, AuditEvent, ExportJob, DeletePreview, PrivacyZone, PermissionGrant",implement as product capability,Любое изменение имеет receipt; destructive действия только preview + confirmation boundary.,Оценка надёжности внешних брокеров данных,"в контуре удаления данных полезно видеть не только факт запроса, но и рабочую оценку надёжности внешнего источника.",11376,docs/source_of_truth/LifeOS_canon_v33.md
C20-044,Функция,C20,"ДАННЫЕ, ЭКСПОРТ, УДАЛЕНИЕ И ПРИВАТНЫЕ ЗОНЫ",Data Control / Trust / Privacy,Control,/app/control,"PLAN_TBD_BY_ARTIFACT_AUDIT, PLAN_TBD_BY_ARTIFACT_AUDIT","Receipt, DataControlItem, AuditEvent, ExportJob, DeletePreview, PrivacyZone, PermissionGrant",implement as product capability,Любое изменение имеет receipt; destructive действия только preview + confirmation boundary.,Контур повторного удаления при повторном появлении данных,"удаление данных должно уметь повторяться, если внешняя площадка снова публикует старые сведения.",11382,docs/source_of_truth/LifeOS_canon_v33.md
C20-045,Функция,C20,"ДАННЫЕ, ЭКСПОРТ, УДАЛЕНИЕ И ПРИВАТНЫЕ ЗОНЫ",Data Control / Trust / Privacy,Control,/app/control,"PLAN_TBD_BY_ARTIFACT_AUDIT, PLAN_TBD_BY_ARTIFACT_AUDIT","Receipt, DataControlItem, AuditEvent, ExportJob, DeletePreview, PrivacyZone, PermissionGrant",implement as product capability,Любое изменение имеет receipt; destructive действия только preview + confirmation boundary.,Откат шага миграции и импорта,"перенос данных должен быть обратим не только целиком, но и по отдельным шагам мастера миграции.",11388,docs/source_of_truth/LifeOS_canon_v33.md
C20-046,Функция,C20,"ДАННЫЕ, ЭКСПОРТ, УДАЛЕНИЕ И ПРИВАТНЫЕ ЗОНЫ",Data Control / Trust / Privacy,Control,/app/control,"PLAN_TBD_BY_ARTIFACT_AUDIT, PLAN_TBD_BY_ARTIFACT_AUDIT","Receipt, DataControlItem, AuditEvent, ExportJob, DeletePreview, PrivacyZone, PermissionGrant",implement as product capability,Любое изменение имеет receipt; destructive действия только preview + confirmation boundary.,Полный предпросмотр пакета внешней обработки перед отправкой,"перед отправкой пакета во внешний пользовательский маршрут человек должен видеть не только отдельные чувствительные фрагменты, но и весь итоговый пакет целиком.",11395,docs/source_of_truth/LifeOS_canon_v33.md
C20-047,Функция,C20,"ДАННЫЕ, ЭКСПОРТ, УДАЛЕНИЕ И ПРИВАТНЫЕ ЗОНЫ",Data Control / Trust / Privacy,Control,/app/control,"PLAN_TBD_BY_ARTIFACT_AUDIT, PLAN_TBD_BY_ARTIFACT_AUDIT","Receipt, DataControlItem, AuditEvent, ExportJob, DeletePreview, PrivacyZone, PermissionGrant",implement as product capability,Любое изменение имеет receipt; destructive действия только preview + confirmation boundary.,"Раздельная видимость профилей, публикаций и контуров общения","пользователь должен явным образом управлять, какие данные видны в книгах, курсах, сообществах, знакомствах и событиях.",11404,docs/source_of_truth/LifeOS_canon_v33.md
C20-048,Функция,C20,"ДАННЫЕ, ЭКСПОРТ, УДАЛЕНИЕ И ПРИВАТНЫЕ ЗОНЫ",Life Domains / Wellbeing / Money / Family,Domains,/app/domains,PLAN_TBD_BY_ARTIFACT_AUDIT,"HealthSignal, Routine, Relationship, HomeItem, MoneyEvent, Trip, Meal, DomainPack",implement as product capability,Домены не ломают ядро; каждый доменный объект — LifeObject с source/receipt/control/graph.,"Экспорт медиа, курсов, событий и коммуникаций","нужно уметь выгружать книги, аудио, заметки по ним, курсы, события, переписку и отзывы в понятном виде.",11410,docs/source_of_truth/LifeOS_canon_v33.md
C20-049,Функция,C20,"ДАННЫЕ, ЭКСПОРТ, УДАЛЕНИЕ И ПРИВАТНЫЕ ЗОНЫ",Data Control / Trust / Privacy,Control,/app/control,"PLAN_TBD_BY_ARTIFACT_AUDIT, PLAN_TBD_BY_ARTIFACT_AUDIT","Receipt, DataControlItem, AuditEvent, ExportJob, DeletePreview, PrivacyZone, PermissionGrant",implement as product capability,Любое изменение имеет receipt; destructive действия только preview + confirmation boundary.,Приватные зоны для медиа и сообщений,"личные книги, аудио, чаты и материалы должны уметь жить в отдельной частной зоне без смешивания с публичными слоями.",11416,docs/source_of_truth/LifeOS_canon_v33.md
C20-050,Качество,C20,"ДАННЫЕ, ЭКСПОРТ, УДАЛЕНИЕ И ПРИВАТНЫЕ ЗОНЫ",Data Control / Trust / Privacy,Control,/app/control,"PLAN_TBD_BY_ARTIFACT_AUDIT, PLAN_TBD_BY_ARTIFACT_AUDIT","Receipt, DataControlItem, AuditEvent, ExportJob, DeletePreview, PrivacyZone, PermissionGrant",build as acceptance criterion,Любое изменение имеет receipt; destructive действия только preview + confirmation boundary.,Разные социальные режимы имеют разные контуры приватности,"книга, событие, форум, курс, знакомства и чат не должны автоматически наследовать одинаковую видимость и одинаковые правила доступа.",11422,docs/source_of_truth/LifeOS_canon_v33.md
C21-001,Качество,C21,"БЕЗОПАСНОСТЬ, ДОСТУПЫ, АГЕНТЫ И ЧУВСТВИТЕЛЬНЫЕ ДАННЫЕ",Data Control / Trust / Privacy,Control,/app/control,"PLAN_TBD_BY_ARTIFACT_AUDIT, PLAN_TBD_BY_ARTIFACT_AUDIT","Receipt, DataControlItem, AuditEvent, ExportJob, DeletePreview, PrivacyZone, PermissionGrant",build as acceptance criterion,Любое изменение имеет receipt; destructive действия только preview + confirmation boundary.,Безопасно по умолчанию,Новый пользователь должен получать безопасные настройки без ручной сборки защитных правил.,11432,docs/source_of_truth/LifeOS_canon_v33.md
C21-002,Функция,C21,"БЕЗОПАСНОСТЬ, ДОСТУПЫ, АГЕНТЫ И ЧУВСТВИТЕЛЬНЫЕ ДАННЫЕ",Providers / Local AI / Media / Screen,Providers,/app/providers,PLAN_TBD_BY_ARTIFACT_AUDIT,"ProviderBoundary, ModelProfile, MediaTranscriptJob, ScreenSession, DeviceSyncState",implement as product capability,"Никаких fake cloud/model/screen/VPN success; только readiness, preview, explicit setup/approval.",Сквозной слой шифрования,"Защита должна работать на устройстве, в передаче и в синхронизации, а не только в одном месте.",11438,docs/source_of_truth/LifeOS_canon_v33.md
C21-003,Функция,C21,"БЕЗОПАСНОСТЬ, ДОСТУПЫ, АГЕНТЫ И ЧУВСТВИТЕЛЬНЫЕ ДАННЫЕ",Life Domains / Wellbeing / Money / Family,Domains,/app/domains,PLAN_TBD_BY_ARTIFACT_AUDIT,"HealthSignal, Routine, Relationship, HomeItem, MoneyEvent, Trip, Meal, DomainPack",implement as product capability,Домены не ломают ядро; каждый доменный объект — LifeObject с source/receipt/control/graph.,Неэкспортируемые ключи,Ключевой материал должен быть выделен в отдельный защищённый слой и не должен свободно утекать наружу.,11444,docs/source_of_truth/LifeOS_canon_v33.md
C21-004,Функция,C21,"БЕЗОПАСНОСТЬ, ДОСТУПЫ, АГЕНТЫ И ЧУВСТВИТЕЛЬНЫЕ ДАННЫЕ",Data Control / Trust / Privacy,Control,/app/control,"PLAN_TBD_BY_ARTIFACT_AUDIT, PLAN_TBD_BY_ARTIFACT_AUDIT","Receipt, DataControlItem, AuditEvent, ExportJob, DeletePreview, PrivacyZone, PermissionGrant",implement as product capability,Любое изменение имеет receipt; destructive действия только preview + confirmation boundary.,Настройка сквозного шифрования,Запуск защищённой синхронизации должен проходить через отдельный понятный мастер настройки.,11450,docs/source_of_truth/LifeOS_canon_v33.md
C21-005,Функция,C21,"БЕЗОПАСНОСТЬ, ДОСТУПЫ, АГЕНТЫ И ЧУВСТВИТЕЛЬНЫЕ ДАННЫЕ",Data Control / Trust / Privacy,Control,/app/control,"PLAN_TBD_BY_ARTIFACT_AUDIT, PLAN_TBD_BY_ARTIFACT_AUDIT","Receipt, DataControlItem, AuditEvent, ExportJob, DeletePreview, PrivacyZone, PermissionGrant",implement as product capability,Любое изменение имеет receipt; destructive действия только preview + confirmation boundary.,Предупреждение о потере пароля защищённой синхронизации,Человек должен явно понимать цену потери ключа или пароля.,11456,docs/source_of_truth/LifeOS_canon_v33.md
C21-006,Функция,C21,"БЕЗОПАСНОСТЬ, ДОСТУПЫ, АГЕНТЫ И ЧУВСТВИТЕЛЬНЫЕ ДАННЫЕ",Data Control / Trust / Privacy,Control,/app/control,"PLAN_TBD_BY_ARTIFACT_AUDIT, PLAN_TBD_BY_ARTIFACT_AUDIT","Receipt, DataControlItem, AuditEvent, ExportJob, DeletePreview, PrivacyZone, PermissionGrant",implement as product capability,Любое изменение имеет receipt; destructive действия только preview + confirmation boundary.,Проверяемость обещаний шифрования,"Заявление о защите должно быть не только рекламной фразой, но и проверяемым действием.",11462,docs/source_of_truth/LifeOS_canon_v33.md
C21-007,Функция,C21,"БЕЗОПАСНОСТЬ, ДОСТУПЫ, АГЕНТЫ И ЧУВСТВИТЕЛЬНЫЕ ДАННЫЕ",Data Control / Trust / Privacy,Control,/app/control,"PLAN_TBD_BY_ARTIFACT_AUDIT, PLAN_TBD_BY_ARTIFACT_AUDIT","Receipt, DataControlItem, AuditEvent, ExportJob, DeletePreview, PrivacyZone, PermissionGrant",implement as product capability,Любое изменение имеет receipt; destructive действия только preview + confirmation boundary.,Явная декларация облачного режима обработки,"Если внешний контур что-то обещает про приватность и режим обработки, это должно быть показано пользователю прямо в интерфейсе.",11468,docs/source_of_truth/LifeOS_canon_v33.md
C21-008,Функция,C21,"БЕЗОПАСНОСТЬ, ДОСТУПЫ, АГЕНТЫ И ЧУВСТВИТЕЛЬНЫЕ ДАННЫЕ",Data Control / Trust / Privacy,Control,/app/control,"PLAN_TBD_BY_ARTIFACT_AUDIT, PLAN_TBD_BY_ARTIFACT_AUDIT","Receipt, DataControlItem, AuditEvent, ExportJob, DeletePreview, PrivacyZone, PermissionGrant",implement as product capability,Любое изменение имеет receipt; destructive действия только preview + confirmation boundary.,Ступени прав доступа,"Права должны различать просмотр, добавление, редактирование и более сильные действия.",11474,docs/source_of_truth/LifeOS_canon_v33.md
C21-009,Функция,C21,"БЕЗОПАСНОСТЬ, ДОСТУПЫ, АГЕНТЫ И ЧУВСТВИТЕЛЬНЫЕ ДАННЫЕ",Data Control / Trust / Privacy,Control,/app/control,"PLAN_TBD_BY_ARTIFACT_AUDIT, PLAN_TBD_BY_ARTIFACT_AUDIT","Receipt, DataControlItem, AuditEvent, ExportJob, DeletePreview, PrivacyZone, PermissionGrant",implement as product capability,Любое изменение имеет receipt; destructive действия только preview + confirmation boundary.,Правила общего доступа на уровне объекта,"Общий доступ задаётся не только глобально, но и на уровне конкретной сущности.",11480,docs/source_of_truth/LifeOS_canon_v33.md
C21-010,Функция,C21,"БЕЗОПАСНОСТЬ, ДОСТУПЫ, АГЕНТЫ И ЧУВСТВИТЕЛЬНЫЕ ДАННЫЕ",Data Control / Trust / Privacy,Control,/app/control,"PLAN_TBD_BY_ARTIFACT_AUDIT, PLAN_TBD_BY_ARTIFACT_AUDIT","Receipt, DataControlItem, AuditEvent, ExportJob, DeletePreview, PrivacyZone, PermissionGrant",implement as product capability,Любое изменение имеет receipt; destructive действия только preview + confirmation boundary.,Подключения на чтение по умолчанию,"Новые внешние подключения должны начинаться с безопасного режима чтения, а не записи.",11486,docs/source_of_truth/LifeOS_canon_v33.md
C21-011,Функция,C21,"БЕЗОПАСНОСТЬ, ДОСТУПЫ, АГЕНТЫ И ЧУВСТВИТЕЛЬНЫЕ ДАННЫЕ",Data Control / Trust / Privacy,Control,/app/control,"PLAN_TBD_BY_ARTIFACT_AUDIT, PLAN_TBD_BY_ARTIFACT_AUDIT","Receipt, DataControlItem, AuditEvent, ExportJob, DeletePreview, PrivacyZone, PermissionGrant",implement as product capability,Любое изменение имеет receipt; destructive действия только preview + confirmation boundary.,Реестр подключений и областей доступа,У пользователя должен быть отдельный реестр всех подключений и их прав.,11492,docs/source_of_truth/LifeOS_canon_v33.md
C21-012,Функция,C21,"БЕЗОПАСНОСТЬ, ДОСТУПЫ, АГЕНТЫ И ЧУВСТВИТЕЛЬНЫЕ ДАННЫЕ",Data Control / Trust / Privacy,Control,/app/control,"PLAN_TBD_BY_ARTIFACT_AUDIT, PLAN_TBD_BY_ARTIFACT_AUDIT","Receipt, DataControlItem, AuditEvent, ExportJob, DeletePreview, PrivacyZone, PermissionGrant",implement as product capability,Любое изменение имеет receipt; destructive действия только preview + confirmation boundary.,Быстрый отзыв доступа,Любой доступ должен сниматься быстро и явно.,11498,docs/source_of_truth/LifeOS_canon_v33.md
C21-013,Функция,C21,"БЕЗОПАСНОСТЬ, ДОСТУПЫ, АГЕНТЫ И ЧУВСТВИТЕЛЬНЫЕ ДАННЫЕ",Data Control / Trust / Privacy,Control,/app/control,"PLAN_TBD_BY_ARTIFACT_AUDIT, PLAN_TBD_BY_ARTIFACT_AUDIT","Receipt, DataControlItem, AuditEvent, ExportJob, DeletePreview, PrivacyZone, PermissionGrant",implement as product capability,Любое изменение имеет receipt; destructive действия только preview + confirmation boundary.,Журнал утверждений общего доступа,"Совместный доступ должен иметь отдельный след того, кто, когда и что одобрил.",11504,docs/source_of_truth/LifeOS_canon_v33.md
C21-014,Функция,C21,"БЕЗОПАСНОСТЬ, ДОСТУПЫ, АГЕНТЫ И ЧУВСТВИТЕЛЬНЫЕ ДАННЫЕ",Data Control / Trust / Privacy,Control,/app/control,"PLAN_TBD_BY_ARTIFACT_AUDIT, PLAN_TBD_BY_ARTIFACT_AUDIT","Receipt, DataControlItem, AuditEvent, ExportJob, DeletePreview, PrivacyZone, PermissionGrant",implement as product capability,Любое изменение имеет receipt; destructive действия только preview + confirmation boundary.,Принятие делегирования получателем,"Делегирование не должно считаться состоявшимся, пока вторая сторона его явно не приняла.",11510,docs/source_of_truth/LifeOS_canon_v33.md
C21-015,Функция,C21,"БЕЗОПАСНОСТЬ, ДОСТУПЫ, АГЕНТЫ И ЧУВСТВИТЕЛЬНЫЕ ДАННЫЕ",Data Control / Trust / Privacy,Control,/app/control,"PLAN_TBD_BY_ARTIFACT_AUDIT, PLAN_TBD_BY_ARTIFACT_AUDIT","Receipt, DataControlItem, AuditEvent, ExportJob, DeletePreview, PrivacyZone, PermissionGrant",implement as product capability,Любое изменение имеет receipt; destructive действия только preview + confirmation boundary.,Ролевые права для совместных контуров,"Общие пространства должны уметь различать роли, а не жить на одном пароле и одном уровне доступа.",11516,docs/source_of_truth/LifeOS_canon_v33.md
C21-016,Функция,C21,"БЕЗОПАСНОСТЬ, ДОСТУПЫ, АГЕНТЫ И ЧУВСТВИТЕЛЬНЫЕ ДАННЫЕ",Data Control / Trust / Privacy,Control,/app/control,"PLAN_TBD_BY_ARTIFACT_AUDIT, PLAN_TBD_BY_ARTIFACT_AUDIT","Receipt, DataControlItem, AuditEvent, ExportJob, DeletePreview, PrivacyZone, PermissionGrant",implement as product capability,Любое изменение имеет receipt; destructive действия только preview + confirmation boundary.,Подтверждение внешней отправки,Любая отправка наружу должна проходить через явное человеческое подтверждение.,11522,docs/source_of_truth/LifeOS_canon_v33.md
C21-017,Функция,C21,"БЕЗОПАСНОСТЬ, ДОСТУПЫ, АГЕНТЫ И ЧУВСТВИТЕЛЬНЫЕ ДАННЫЕ",Data Control / Trust / Privacy,Control,/app/control,"PLAN_TBD_BY_ARTIFACT_AUDIT, PLAN_TBD_BY_ARTIFACT_AUDIT","Receipt, DataControlItem, AuditEvent, ExportJob, DeletePreview, PrivacyZone, PermissionGrant",implement as product capability,Любое изменение имеет receipt; destructive действия только preview + confirmation boundary.,Подтверждение календарных изменений,Создание или изменение событий не должно происходить молча.,11528,docs/source_of_truth/LifeOS_canon_v33.md
C21-018,Функция,C21,"БЕЗОПАСНОСТЬ, ДОСТУПЫ, АГЕНТЫ И ЧУВСТВИТЕЛЬНЫЕ ДАННЫЕ",Agents / Workflows,Agents,/app/agents,PLAN_TBD_BY_ARTIFACT_AUDIT,"AgentManifest, ToolScope, WorkflowManifest, WorkflowRunPreview, ActionProposal",implement as product capability,Агент ничего не отправляет/не удаляет/не публикует без явного approval; dry-run даёт receipt и proposal.,Подтверждение денежных действий,Денежные и около-денежные действия требуют отдельной защитной ступени.,11534,docs/source_of_truth/LifeOS_canon_v33.md
C21-019,Функция,C21,"БЕЗОПАСНОСТЬ, ДОСТУПЫ, АГЕНТЫ И ЧУВСТВИТЕЛЬНЫЕ ДАННЫЕ",Kernel / OS Spine,Core / invisible OS spine,/app/system,PLAN_TBD_BY_ARTIFACT_AUDIT,"LifeObject, SourceRef, Receipt, AuditEvent, PolicyBoundary, GraphEdge",implement as product capability,Все сущности имеют общий id/state/source/receipt/graph refs; ни одна секция не хранит отдельные fake arrays.,Подтверждение перед попаданием в общий контур,"Объект не должен сам попадать в семейный, командный или иной общий слой.",11540,docs/source_of_truth/LifeOS_canon_v33.md
C21-020,Функция,C21,"БЕЗОПАСНОСТЬ, ДОСТУПЫ, АГЕНТЫ И ЧУВСТВИТЕЛЬНЫЕ ДАННЫЕ",Agents / Workflows,Agents,/app/agents,PLAN_TBD_BY_ARTIFACT_AUDIT,"AgentManifest, ToolScope, WorkflowManifest, WorkflowRunPreview, ActionProposal",implement as product capability,Агент ничего не отправляет/не удаляет/не публикует без явного approval; dry-run даёт receipt и proposal.,Классы безопасности автоматизации,"Все действия должны быть разбиты на режимы: можно автоматически, можно только предлагать, нужно подтверждение, запрещено автоматизировать.",11546,docs/source_of_truth/LifeOS_canon_v33.md
C21-021,Функция,C21,"БЕЗОПАСНОСТЬ, ДОСТУПЫ, АГЕНТЫ И ЧУВСТВИТЕЛЬНЫЕ ДАННЫЕ",Agents / Workflows,Agents,/app/agents,PLAN_TBD_BY_ARTIFACT_AUDIT,"AgentManifest, ToolScope, WorkflowManifest, WorkflowRunPreview, ActionProposal",implement as product capability,Агент ничего не отправляет/не удаляет/не публикует без явного approval; dry-run даёт receipt и proposal.,Аварийная пауза автоматизации,Пользователь должен уметь мгновенно остановить помощников и автоматические цепочки.,11552,docs/source_of_truth/LifeOS_canon_v33.md
C21-022,Функция,C21,"БЕЗОПАСНОСТЬ, ДОСТУПЫ, АГЕНТЫ И ЧУВСТВИТЕЛЬНЫЕ ДАННЫЕ",Agents / Workflows,Agents,/app/agents,PLAN_TBD_BY_ARTIFACT_AUDIT,"AgentManifest, ToolScope, WorkflowManifest, WorkflowRunPreview, ActionProposal",implement as product capability,Агент ничего не отправляет/не удаляет/не публикует без явного approval; dry-run даёт receipt и proposal.,Границы агентов,"Агент не должен видеть и менять больше, чем ему явно разрешено.",11558,docs/source_of_truth/LifeOS_canon_v33.md
C21-023,Функция,C21,"БЕЗОПАСНОСТЬ, ДОСТУПЫ, АГЕНТЫ И ЧУВСТВИТЕЛЬНЫЕ ДАННЫЕ",Data Control / Trust / Privacy,Control,/app/control,"PLAN_TBD_BY_ARTIFACT_AUDIT, PLAN_TBD_BY_ARTIFACT_AUDIT","Receipt, DataControlItem, AuditEvent, ExportJob, DeletePreview, PrivacyZone, PermissionGrant",implement as product capability,Любое изменение имеет receipt; destructive действия только preview + confirmation boundary.,Границы инструментов и внешних поставщиков,Каждый инструмент и внешний поставщик должен иметь ясную область чтения и действий.,11564,docs/source_of_truth/LifeOS_canon_v33.md
C21-024,Функция,C21,"БЕЗОПАСНОСТЬ, ДОСТУПЫ, АГЕНТЫ И ЧУВСТВИТЕЛЬНЫЕ ДАННЫЕ",Data Control / Trust / Privacy,Control,/app/control,"PLAN_TBD_BY_ARTIFACT_AUDIT, PLAN_TBD_BY_ARTIFACT_AUDIT","Receipt, DataControlItem, AuditEvent, ExportJob, DeletePreview, PrivacyZone, PermissionGrant",implement as product capability,Любое изменение имеет receipt; destructive действия только preview + confirmation boundary.,Защита входов,"Документы, подсказки и входящий текст не должны обходить проверку и доверительный контур.",11570,docs/source_of_truth/LifeOS_canon_v33.md
C21-025,Функция,C21,"БЕЗОПАСНОСТЬ, ДОСТУПЫ, АГЕНТЫ И ЧУВСТВИТЕЛЬНЫЕ ДАННЫЕ",Data Control / Trust / Privacy,Control,/app/control,"PLAN_TBD_BY_ARTIFACT_AUDIT, PLAN_TBD_BY_ARTIFACT_AUDIT","Receipt, DataControlItem, AuditEvent, ExportJob, DeletePreview, PrivacyZone, PermissionGrant",implement as product capability,Любое изменение имеет receipt; destructive действия только preview + confirmation boundary.,Безопасность подключений,Подключения должны иметь отдельную границу по типам операций и по областям доступа.,11576,docs/source_of_truth/LifeOS_canon_v33.md
C21-026,Функция,C21,"БЕЗОПАСНОСТЬ, ДОСТУПЫ, АГЕНТЫ И ЧУВСТВИТЕЛЬНЫЕ ДАННЫЕ",Data Control / Trust / Privacy,Control,/app/control,"PLAN_TBD_BY_ARTIFACT_AUDIT, PLAN_TBD_BY_ARTIFACT_AUDIT","Receipt, DataControlItem, AuditEvent, ExportJob, DeletePreview, PrivacyZone, PermissionGrant",implement as product capability,Любое изменение имеет receipt; destructive действия только preview + confirmation boundary.,Изоляция секретов и конфигурации,"Секреты, ключи и чувствительные настройки не должны попадать в обычный пользовательский поток.",11582,docs/source_of_truth/LifeOS_canon_v33.md
C21-027,Функция,C21,"БЕЗОПАСНОСТЬ, ДОСТУПЫ, АГЕНТЫ И ЧУВСТВИТЕЛЬНЫЕ ДАННЫЕ",Data Control / Trust / Privacy,Control,/app/control,"PLAN_TBD_BY_ARTIFACT_AUDIT, PLAN_TBD_BY_ARTIFACT_AUDIT","Receipt, DataControlItem, AuditEvent, ExportJob, DeletePreview, PrivacyZone, PermissionGrant",implement as product capability,Любое изменение имеет receipt; destructive действия только preview + confirmation boundary.,Безопасное журналирование,"Журнал действий должен помогать разбирать произошедшее, не раскрывая лишние секреты и чувствительные данные.",11588,docs/source_of_truth/LifeOS_canon_v33.md
C21-028,Функция,C21,"БЕЗОПАСНОСТЬ, ДОСТУПЫ, АГЕНТЫ И ЧУВСТВИТЕЛЬНЫЕ ДАННЫЕ",Data Control / Trust / Privacy,Control,/app/control,"PLAN_TBD_BY_ARTIFACT_AUDIT, PLAN_TBD_BY_ARTIFACT_AUDIT","Receipt, DataControlItem, AuditEvent, ExportJob, DeletePreview, PrivacyZone, PermissionGrant",implement as product capability,Любое изменение имеет receipt; destructive действия только preview + confirmation boundary.,Безопасный отказ при сбоях,"При сбое система должна переводить человека в понятный и безопасный режим, а не просто ломаться.",11594,docs/source_of_truth/LifeOS_canon_v33.md
C21-029,Функция,C21,"БЕЗОПАСНОСТЬ, ДОСТУПЫ, АГЕНТЫ И ЧУВСТВИТЕЛЬНЫЕ ДАННЫЕ",Data Control / Trust / Privacy,Control,/app/control,"PLAN_TBD_BY_ARTIFACT_AUDIT, PLAN_TBD_BY_ARTIFACT_AUDIT","Receipt, DataControlItem, AuditEvent, ExportJob, DeletePreview, PrivacyZone, PermissionGrant",implement as product capability,Любое изменение имеет receipt; destructive действия только preview + confirmation boundary.,Скрытие чувствительных полей на поверхности,Чувствительные поля не должны светиться на общих экранах по умолчанию.,11600,docs/source_of_truth/LifeOS_canon_v33.md
C21-030,Функция,C21,"БЕЗОПАСНОСТЬ, ДОСТУПЫ, АГЕНТЫ И ЧУВСТВИТЕЛЬНЫЕ ДАННЫЕ",Data Control / Trust / Privacy,Control,/app/control,"PLAN_TBD_BY_ARTIFACT_AUDIT, PLAN_TBD_BY_ARTIFACT_AUDIT","Receipt, DataControlItem, AuditEvent, ExportJob, DeletePreview, PrivacyZone, PermissionGrant",implement as product capability,Любое изменение имеет receipt; destructive действия только preview + confirmation boundary.,Локальный определитель персональных данных,Система должна уметь локально подсветить потенциально чувствительные фрагменты перед отправкой.,11606,docs/source_of_truth/LifeOS_canon_v33.md
C21-031,Функция,C21,"БЕЗОПАСНОСТЬ, ДОСТУПЫ, АГЕНТЫ И ЧУВСТВИТЕЛЬНЫЕ ДАННЫЕ",Data Control / Trust / Privacy,Control,/app/control,"PLAN_TBD_BY_ARTIFACT_AUDIT, PLAN_TBD_BY_ARTIFACT_AUDIT","Receipt, DataControlItem, AuditEvent, ExportJob, DeletePreview, PrivacyZone, PermissionGrant",implement as product capability,Любое изменение имеет receipt; destructive действия только preview + confirmation boundary.,Инструмент зачистки чувствительных фрагментов,"Перед внешней отправкой человек должен уметь убрать лишние куски текста, изображений и полей.",11612,docs/source_of_truth/LifeOS_canon_v33.md
C21-032,Функция,C21,"БЕЗОПАСНОСТЬ, ДОСТУПЫ, АГЕНТЫ И ЧУВСТВИТЕЛЬНЫЕ ДАННЫЕ",Data Control / Trust / Privacy,Control,/app/control,"PLAN_TBD_BY_ARTIFACT_AUDIT, PLAN_TBD_BY_ARTIFACT_AUDIT","Receipt, DataControlItem, AuditEvent, ExportJob, DeletePreview, PrivacyZone, PermissionGrant",implement as product capability,Любое изменение имеет receipt; destructive действия только preview + confirmation boundary.,Минимизация отправляемого объёма,Во внешний контур должен уходить только минимально нужный объём данных.,11618,docs/source_of_truth/LifeOS_canon_v33.md
C21-033,Функция,C21,"БЕЗОПАСНОСТЬ, ДОСТУПЫ, АГЕНТЫ И ЧУВСТВИТЕЛЬНЫЕ ДАННЫЕ",Data Control / Trust / Privacy,Control,/app/control,"PLAN_TBD_BY_ARTIFACT_AUDIT, PLAN_TBD_BY_ARTIFACT_AUDIT","Receipt, DataControlItem, AuditEvent, ExportJob, DeletePreview, PrivacyZone, PermissionGrant",implement as product capability,Любое изменение имеет receipt; destructive действия только preview + confirmation boundary.,Доменные политики безопасности,"разные области жизни должны иметь свои защитные правила, но эти правила должны жить не россыпью исключений, а через единый движок политик доступа, памяти и автоматизации.",11624,docs/source_of_truth/LifeOS_canon_v33.md
C21-034,Функция,C21,"БЕЗОПАСНОСТЬ, ДОСТУПЫ, АГЕНТЫ И ЧУВСТВИТЕЛЬНЫЕ ДАННЫЕ",Data Control / Trust / Privacy,Control,/app/control,"PLAN_TBD_BY_ARTIFACT_AUDIT, PLAN_TBD_BY_ARTIFACT_AUDIT","Receipt, DataControlItem, AuditEvent, ExportJob, DeletePreview, PrivacyZone, PermissionGrant",implement as product capability,Любое изменение имеет receipt; destructive действия только preview + confirmation boundary.,Политика безопасности вложений,"Вложения нельзя считать безопасными по умолчанию только потому, что это не обычный текст.",11630,docs/source_of_truth/LifeOS_canon_v33.md
C21-035,Функция,C21,"БЕЗОПАСНОСТЬ, ДОСТУПЫ, АГЕНТЫ И ЧУВСТВИТЕЛЬНЫЕ ДАННЫЕ",Data Control / Trust / Privacy,Control,/app/control,"PLAN_TBD_BY_ARTIFACT_AUDIT, PLAN_TBD_BY_ARTIFACT_AUDIT","Receipt, DataControlItem, AuditEvent, ExportJob, DeletePreview, PrivacyZone, PermissionGrant",implement as product capability,Любое изменение имеет receipt; destructive действия только preview + confirmation boundary.,"Код приложения, биометрия и дополнительный защитный слой",У всей системы должен быть отдельный слой защиты поверх обычного входа.,11636,docs/source_of_truth/LifeOS_canon_v33.md
C21-036,Функция,C21,"БЕЗОПАСНОСТЬ, ДОСТУПЫ, АГЕНТЫ И ЧУВСТВИТЕЛЬНЫЕ ДАННЫЕ",Kernel / OS Spine,Core / invisible OS spine,/app/system,PLAN_TBD_BY_ARTIFACT_AUDIT,"LifeObject, SourceRef, Receipt, AuditEvent, PolicyBoundary, GraphEdge",implement as product capability,Все сущности имеют общий id/state/source/receipt/graph refs; ни одна секция не хранит отдельные fake arrays.,Пароль на отдельный объект,Отдельные записи и объекты должны иметь дополнительную локальную защиту.,11642,docs/source_of_truth/LifeOS_canon_v33.md
C21-037,Функция,C21,"БЕЗОПАСНОСТЬ, ДОСТУПЫ, АГЕНТЫ И ЧУВСТВИТЕЛЬНЫЕ ДАННЫЕ",Data Control / Trust / Privacy,Control,/app/control,"PLAN_TBD_BY_ARTIFACT_AUDIT, PLAN_TBD_BY_ARTIFACT_AUDIT","Receipt, DataControlItem, AuditEvent, ExportJob, DeletePreview, PrivacyZone, PermissionGrant",implement as product capability,Любое изменение имеет receipt; destructive действия только preview + confirmation boundary.,Замок зоны кодом или биометрией,Приватные зоны должны уметь закрываться как самостоятельные защищённые пространства.,11648,docs/source_of_truth/LifeOS_canon_v33.md
C21-038,Функция,C21,"БЕЗОПАСНОСТЬ, ДОСТУПЫ, АГЕНТЫ И ЧУВСТВИТЕЛЬНЫЕ ДАННЫЕ",Providers / Local AI / Media / Screen,Providers,/app/providers,PLAN_TBD_BY_ARTIFACT_AUDIT,"ProviderBoundary, ModelProfile, MediaTranscriptJob, ScreenSession, DeviceSyncState",implement as product capability,"Никаких fake cloud/model/screen/VPN success; только readiness, preview, explicit setup/approval.","Явный индикатор записи аудио, экрана и камеры","При любом захвате человек обязан видеть, что именно сейчас пишется.",11654,docs/source_of_truth/LifeOS_canon_v33.md
C21-039,Функция,C21,"БЕЗОПАСНОСТЬ, ДОСТУПЫ, АГЕНТЫ И ЧУВСТВИТЕЛЬНЫЕ ДАННЫЕ",Data Control / Trust / Privacy,Control,/app/control,"PLAN_TBD_BY_ARTIFACT_AUDIT, PLAN_TBD_BY_ARTIFACT_AUDIT","Receipt, DataControlItem, AuditEvent, ExportJob, DeletePreview, PrivacyZone, PermissionGrant",implement as product capability,Любое изменение имеет receipt; destructive действия только preview + confirmation boundary.,Быстрая пауза и стоп захвата,Любой захват должен мгновенно останавливаться пользователем.,11660,docs/source_of_truth/LifeOS_canon_v33.md
C21-040,Функция,C21,"БЕЗОПАСНОСТЬ, ДОСТУПЫ, АГЕНТЫ И ЧУВСТВИТЕЛЬНЫЕ ДАННЫЕ",Data Control / Trust / Privacy,Control,/app/control,"PLAN_TBD_BY_ARTIFACT_AUDIT, PLAN_TBD_BY_ARTIFACT_AUDIT","Receipt, DataControlItem, AuditEvent, ExportJob, DeletePreview, PrivacyZone, PermissionGrant",implement as product capability,Любое изменение имеет receipt; destructive действия только preview + confirmation boundary.,Список исключений из захвата,"Пользователь должен уметь заранее исключать приложения, сайты, комнаты, контакты и сценарии из записи.",11666,docs/source_of_truth/LifeOS_canon_v33.md
C21-041,Функция,C21,"БЕЗОПАСНОСТЬ, ДОСТУПЫ, АГЕНТЫ И ЧУВСТВИТЕЛЬНЫЕ ДАННЫЕ",Data Control / Trust / Privacy,Control,/app/control,"PLAN_TBD_BY_ARTIFACT_AUDIT, PLAN_TBD_BY_ARTIFACT_AUDIT","Receipt, DataControlItem, AuditEvent, ExportJob, DeletePreview, PrivacyZone, PermissionGrant",implement as product capability,Любое изменение имеет receipt; destructive действия только preview + confirmation boundary.,"Защищённый режим для интимных, медицинских и юридических разговоров",Самые чувствительные разговоры должны иметь отдельный жёсткий защитный режим.,11672,docs/source_of_truth/LifeOS_canon_v33.md
C21-042,Функция,C21,"БЕЗОПАСНОСТЬ, ДОСТУПЫ, АГЕНТЫ И ЧУВСТВИТЕЛЬНЫЕ ДАННЫЕ",Data Control / Trust / Privacy,Control,/app/control,"PLAN_TBD_BY_ARTIFACT_AUDIT, PLAN_TBD_BY_ARTIFACT_AUDIT","Receipt, DataControlItem, AuditEvent, ExportJob, DeletePreview, PrivacyZone, PermissionGrant",implement as product capability,Любое изменение имеет receipt; destructive действия только preview + confirmation boundary.,Явное согласие на общий захват встречи или экрана,Совместная запись разговора или экрана не может быть молчаливой нормой.,11678,docs/source_of_truth/LifeOS_canon_v33.md
C21-043,Функция,C21,"БЕЗОПАСНОСТЬ, ДОСТУПЫ, АГЕНТЫ И ЧУВСТВИТЕЛЬНЫЕ ДАННЫЕ",Data Control / Trust / Privacy,Control,/app/control,"PLAN_TBD_BY_ARTIFACT_AUDIT, PLAN_TBD_BY_ARTIFACT_AUDIT","Receipt, DataControlItem, AuditEvent, ExportJob, DeletePreview, PrivacyZone, PermissionGrant",implement as product capability,Любое изменение имеет receipt; destructive действия только preview + confirmation boundary.,Явный список запрещённых операций,"У пользователя должен быть видимый перечень того, что системе нельзя делать ни при каких условиях или без отдельного шага.",11684,docs/source_of_truth/LifeOS_canon_v33.md
C21-044,Функция,C21,"БЕЗОПАСНОСТЬ, ДОСТУПЫ, АГЕНТЫ И ЧУВСТВИТЕЛЬНЫЕ ДАННЫЕ",Data Control / Trust / Privacy,Control,/app/control,"PLAN_TBD_BY_ARTIFACT_AUDIT, PLAN_TBD_BY_ARTIFACT_AUDIT","Receipt, DataControlItem, AuditEvent, ExportJob, DeletePreview, PrivacyZone, PermissionGrant",implement as product capability,Любое изменение имеет receipt; destructive действия только preview + confirmation boundary.,Прозрачность внешних инструментов и коннекторов,"Человек должен видеть, какими инструментами и контурами был получен результат или выполнено действие.",11690,docs/source_of_truth/LifeOS_canon_v33.md
C21-045,Функция,C21,"БЕЗОПАСНОСТЬ, ДОСТУПЫ, АГЕНТЫ И ЧУВСТВИТЕЛЬНЫЕ ДАННЫЕ",Data Control / Trust / Privacy,Control,/app/control,"PLAN_TBD_BY_ARTIFACT_AUDIT, PLAN_TBD_BY_ARTIFACT_AUDIT","Receipt, DataControlItem, AuditEvent, ExportJob, DeletePreview, PrivacyZone, PermissionGrant",implement as product capability,Любое изменение имеет receipt; destructive действия только preview + confirmation boundary.,Детский безопасный режим,Для детских и семейных сценариев нужен отдельный защитный режим с усиленными ограничениями.,11696,docs/source_of_truth/LifeOS_canon_v33.md
C21-046,Функция,C21,"БЕЗОПАСНОСТЬ, ДОСТУПЫ, АГЕНТЫ И ЧУВСТВИТЕЛЬНЫЕ ДАННЫЕ",Data Control / Trust / Privacy,Control,/app/control,"PLAN_TBD_BY_ARTIFACT_AUDIT, PLAN_TBD_BY_ARTIFACT_AUDIT","Receipt, DataControlItem, AuditEvent, ExportJob, DeletePreview, PrivacyZone, PermissionGrant",implement as product capability,Любое изменение имеет receipt; destructive действия только preview + confirmation boundary.,Публичные веб-карточки с уровнями доступа,"Если объект публикуется во внешний веб-контур, у него должны быть уровни доступа, а не режим «или всё, или ничего».",11702,docs/source_of_truth/LifeOS_canon_v33.md
C21-047,Функция,C21,"БЕЗОПАСНОСТЬ, ДОСТУПЫ, АГЕНТЫ И ЧУВСТВИТЕЛЬНЫЕ ДАННЫЕ",Data Control / Trust / Privacy,Control,/app/control,"PLAN_TBD_BY_ARTIFACT_AUDIT, PLAN_TBD_BY_ARTIFACT_AUDIT","Receipt, DataControlItem, AuditEvent, ExportJob, DeletePreview, PrivacyZone, PermissionGrant",implement as product capability,Любое изменение имеет receipt; destructive действия только preview + confirmation boundary.,Секретные веб-ссылки на объекты,"Нужен отдельный режим секретной ссылки для частного обмена, не равный полноценной публичной публикации.",11708,docs/source_of_truth/LifeOS_canon_v33.md
C21-048,Минус,C21,"БЕЗОПАСНОСТЬ, ДОСТУПЫ, АГЕНТЫ И ЧУВСТВИТЕЛЬНЫЕ ДАННЫЕ",Data Control / Trust / Privacy,Control,/app/control,"PLAN_TBD_BY_ARTIFACT_AUDIT, PLAN_TBD_BY_ARTIFACT_AUDIT","Receipt, DataControlItem, AuditEvent, ExportJob, DeletePreview, PrivacyZone, PermissionGrant",forbid / add regression guard,Любое изменение имеет receipt; destructive действия только preview + confirmation boundary.,Скрытая внешняя отправка чувствительных данных,Нельзя выводить наружу чувствительные материалы без явной видимости и подтверждения.,11714,docs/source_of_truth/LifeOS_canon_v33.md
C21-049,Минус,C21,"БЕЗОПАСНОСТЬ, ДОСТУПЫ, АГЕНТЫ И ЧУВСТВИТЕЛЬНЫЕ ДАННЫЕ",Agents / Workflows,Agents,/app/agents,PLAN_TBD_BY_ARTIFACT_AUDIT,"AgentManifest, ToolScope, WorkflowManifest, WorkflowRunPreview, ActionProposal",forbid / add regression guard,Агент ничего не отправляет/не удаляет/не публикует без явного approval; dry-run даёт receipt и proposal.,Неограниченная сила изменения,Нельзя давать автоматизации и агентам безграничную возможность менять критичные объекты.,11720,docs/source_of_truth/LifeOS_canon_v33.md
C21-050,Минус,C21,"БЕЗОПАСНОСТЬ, ДОСТУПЫ, АГЕНТЫ И ЧУВСТВИТЕЛЬНЫЕ ДАННЫЕ",Data Control / Trust / Privacy,Control,/app/control,"PLAN_TBD_BY_ARTIFACT_AUDIT, PLAN_TBD_BY_ARTIFACT_AUDIT","Receipt, DataControlItem, AuditEvent, ExportJob, DeletePreview, PrivacyZone, PermissionGrant",forbid / add regression guard,Любое изменение имеет receipt; destructive действия только preview + confirmation boundary.,Обход доверительного контура через вход,"Документы, подсказки и входящие данные не должны обходить проверку и подтверждение.",11726,docs/source_of_truth/LifeOS_canon_v33.md
C21-051,Минус,C21,"БЕЗОПАСНОСТЬ, ДОСТУПЫ, АГЕНТЫ И ЧУВСТВИТЕЛЬНЫЕ ДАННЫЕ",Data Control / Trust / Privacy,Control,/app/control,"PLAN_TBD_BY_ARTIFACT_AUDIT, PLAN_TBD_BY_ARTIFACT_AUDIT","Receipt, DataControlItem, AuditEvent, ExportJob, DeletePreview, PrivacyZone, PermissionGrant",forbid / add regression guard,Любое изменение имеет receipt; destructive действия только preview + confirmation boundary.,Фоновая аудиозапись,Нельзя допускать постоянную скрытую запись звука как обычный режим продукта.,11732,docs/source_of_truth/LifeOS_canon_v33.md
C21-052,Минус,C21,"БЕЗОПАСНОСТЬ, ДОСТУПЫ, АГЕНТЫ И ЧУВСТВИТЕЛЬНЫЕ ДАННЫЕ",Data Control / Trust / Privacy,Control,/app/control,"PLAN_TBD_BY_ARTIFACT_AUDIT, PLAN_TBD_BY_ARTIFACT_AUDIT","Receipt, DataControlItem, AuditEvent, ExportJob, DeletePreview, PrivacyZone, PermissionGrant",forbid / add regression guard,Любое изменение имеет receipt; destructive действия только preview + confirmation boundary.,Молчаливое создание задач и событий системой,Система не должна превращать предложения или входящие сигналы в последствия без участия человека.,11738,docs/source_of_truth/LifeOS_canon_v33.md
C21-053,Минус,C21,"БЕЗОПАСНОСТЬ, ДОСТУПЫ, АГЕНТЫ И ЧУВСТВИТЕЛЬНЫЕ ДАННЫЕ",Data Control / Trust / Privacy,Control,/app/control,"PLAN_TBD_BY_ARTIFACT_AUDIT, PLAN_TBD_BY_ARTIFACT_AUDIT","Receipt, DataControlItem, AuditEvent, ExportJob, DeletePreview, PrivacyZone, PermissionGrant",forbid / add regression guard,Любое изменение имеет receipt; destructive действия только preview + confirmation boundary.,Скрытое наблюдение за третьими лицами,Продукт не должен строиться на тайном наблюдении за людьми без их согласия.,11744,docs/source_of_truth/LifeOS_canon_v33.md
C21-054,Минус,C21,"БЕЗОПАСНОСТЬ, ДОСТУПЫ, АГЕНТЫ И ЧУВСТВИТЕЛЬНЫЕ ДАННЫЕ",Data Control / Trust / Privacy,Control,/app/control,"PLAN_TBD_BY_ARTIFACT_AUDIT, PLAN_TBD_BY_ARTIFACT_AUDIT","Receipt, DataControlItem, AuditEvent, ExportJob, DeletePreview, PrivacyZone, PermissionGrant",forbid / add regression guard,Любое изменение имеет receipt; destructive действия только preview + confirmation boundary.,Интимные или поведенческие выводы о третьих лицах без их согласия,Нельзя строить чувствительные выводы о чужой личной жизни из скрытого контекста.,11750,docs/source_of_truth/LifeOS_canon_v33.md
C21-055,Минус,C21,"БЕЗОПАСНОСТЬ, ДОСТУПЫ, АГЕНТЫ И ЧУВСТВИТЕЛЬНЫЕ ДАННЫЕ",Providers / Local AI / Media / Screen,Providers,/app/providers,PLAN_TBD_BY_ARTIFACT_AUDIT,"ProviderBoundary, ModelProfile, MediaTranscriptJob, ScreenSession, DeviceSyncState",forbid / add regression guard,"Никаких fake cloud/model/screen/VPN success; только readiness, preview, explicit setup/approval.",Захват экрана или камеры без постоянного видимого режима,Экранный и камерный захват не могут работать как невидимая фоновая кухня.,11756,docs/source_of_truth/LifeOS_canon_v33.md
C21-056,Функция,C21,"БЕЗОПАСНОСТЬ, ДОСТУПЫ, АГЕНТЫ И ЧУВСТВИТЕЛЬНЫЕ ДАННЫЕ",Data Control / Trust / Privacy,Control,/app/control,"PLAN_TBD_BY_ARTIFACT_AUDIT, PLAN_TBD_BY_ARTIFACT_AUDIT","Receipt, DataControlItem, AuditEvent, ExportJob, DeletePreview, PrivacyZone, PermissionGrant",implement as product capability,Любое изменение имеет receipt; destructive действия только preview + confirmation boundary.,Поверхность проверки фильтров захвата,"пользователь должен уметь отдельно проверить, какие сайты, приложения, комнаты и типы разговоров исключены из записи.",11762,docs/source_of_truth/LifeOS_canon_v33.md
C21-057,Функция,C21,"БЕЗОПАСНОСТЬ, ДОСТУПЫ, АГЕНТЫ И ЧУВСТВИТЕЛЬНЫЕ ДАННЫЕ",Providers / Local AI / Media / Screen,Providers,/app/providers,PLAN_TBD_BY_ARTIFACT_AUDIT,"ProviderBoundary, ModelProfile, MediaTranscriptJob, ScreenSession, DeviceSyncState",implement as product capability,"Никаких fake cloud/model/screen/VPN success; только readiness, preview, explicit setup/approval.",Предпросмотр исключений из записи,"до запуска экранной, камерной или аудиосессии полезно видеть, что именно в этот раз не будет записываться.",11768,docs/source_of_truth/LifeOS_canon_v33.md
C21-058,Функция,C21,"БЕЗОПАСНОСТЬ, ДОСТУПЫ, АГЕНТЫ И ЧУВСТВИТЕЛЬНЫЕ ДАННЫЕ",Data Control / Trust / Privacy,Control,/app/control,"PLAN_TBD_BY_ARTIFACT_AUDIT, PLAN_TBD_BY_ARTIFACT_AUDIT","Receipt, DataControlItem, AuditEvent, ExportJob, DeletePreview, PrivacyZone, PermissionGrant",implement as product capability,Любое изменение имеет receipt; destructive действия только preview + confirmation boundary.,Ролевой аварийный доступ для семьи и доверенного круга,кроме личного восстановления нужен отдельный ролевой контур аварийного доступа для семьи и доверенного круга.,11774,docs/source_of_truth/LifeOS_canon_v33.md
C21-059,Функция,C21,"БЕЗОПАСНОСТЬ, ДОСТУПЫ, АГЕНТЫ И ЧУВСТВИТЕЛЬНЫЕ ДАННЫЕ",Data Control / Trust / Privacy,Control,/app/control,"PLAN_TBD_BY_ARTIFACT_AUDIT, PLAN_TBD_BY_ARTIFACT_AUDIT","Receipt, DataControlItem, AuditEvent, ExportJob, DeletePreview, PrivacyZone, PermissionGrant",implement as product capability,Любое изменение имеет receipt; destructive действия только preview + confirmation boundary.,Восстановление доступа после потери устройства для доверенного круга,"продукт должен иметь отдельный сценарий, когда устройство утеряно, а доступ нужно безопасно восстановить не только владельцу, но и ограниченному доверенному кругу.",11780,docs/source_of_truth/LifeOS_canon_v33.md
C21-060,Функция,C21,"БЕЗОПАСНОСТЬ, ДОСТУПЫ, АГЕНТЫ И ЧУВСТВИТЕЛЬНЫЕ ДАННЫЕ",Data Control / Trust / Privacy,Control,/app/control,"PLAN_TBD_BY_ARTIFACT_AUDIT, PLAN_TBD_BY_ARTIFACT_AUDIT","Receipt, DataControlItem, AuditEvent, ExportJob, DeletePreview, PrivacyZone, PermissionGrant",implement as product capability,Любое изменение имеет receipt; destructive действия только preview + confirmation boundary.,"Единый движок политик для автоматизации, памяти и доступа","правила доступа, автодействий, памяти и внешней отправки должны жить в одном согласованном слое политик, а не в хаосе частных исключений.",11786,docs/source_of_truth/LifeOS_canon_v33.md
C21-061,Функция,C21,"БЕЗОПАСНОСТЬ, ДОСТУПЫ, АГЕНТЫ И ЧУВСТВИТЕЛЬНЫЕ ДАННЫЕ",Agents / Workflows,Agents,/app/agents,PLAN_TBD_BY_ARTIFACT_AUDIT,"AgentManifest, ToolScope, WorkflowManifest, WorkflowRunPreview, ActionProposal",implement as product capability,Агент ничего не отправляет/не удаляет/не публикует без явного approval; dry-run даёт receipt и proposal.,"Классы действий: автоматически, как кандидат, только с подтверждением, запрещено",у каждого класса действия должен быть заранее определённый режим допустимости.,11792,docs/source_of_truth/LifeOS_canon_v33.md
C21-062,Функция,C21,"БЕЗОПАСНОСТЬ, ДОСТУПЫ, АГЕНТЫ И ЧУВСТВИТЕЛЬНЫЕ ДАННЫЕ",Packs / Builder / Marketplace,Packs,/app/packs,PLAN_TBD_BY_ARTIFACT_AUDIT,"PackManifest, CustomObjectType, Template, BuilderBlock, InstallImpact",implement as product capability,"Install/uninstall только local-first с impact screen, permission list, rollback receipt; payments/publish gated.",Пакеты не создают реальные обязательства без человеческой границы,"никакой пакет, шаблон или доменный слой не должен молча превращать материал в реальное обязательство, срок или действие.",11798,docs/source_of_truth/LifeOS_canon_v33.md
C21-063,Качество,C21,"БЕЗОПАСНОСТЬ, ДОСТУПЫ, АГЕНТЫ И ЧУВСТВИТЕЛЬНЫЕ ДАННЫЕ",Data Control / Trust / Privacy,Control,/app/control,"PLAN_TBD_BY_ARTIFACT_AUDIT, PLAN_TBD_BY_ARTIFACT_AUDIT","Receipt, DataControlItem, AuditEvent, ExportJob, DeletePreview, PrivacyZone, PermissionGrant",build as acceptance criterion,Любое изменение имеет receipt; destructive действия только preview + confirmation boundary.,"Пользовательские пакеты декларативны, а не исполняются как произвольный код","локальные пользовательские расширения должны описывать роли, поля, проекции и правила, но не получать привилегию исполнять произвольный код внутри ядра.",11804,docs/source_of_truth/LifeOS_canon_v33.md
C21-064,Функция,C21,"БЕЗОПАСНОСТЬ, ДОСТУПЫ, АГЕНТЫ И ЧУВСТВИТЕЛЬНЫЕ ДАННЫЕ",Data Control / Trust / Privacy,Control,/app/control,"PLAN_TBD_BY_ARTIFACT_AUDIT, PLAN_TBD_BY_ARTIFACT_AUDIT","Receipt, DataControlItem, AuditEvent, ExportJob, DeletePreview, PrivacyZone, PermissionGrant",implement as product capability,Любое изменение имеет receipt; destructive действия только preview + confirmation boundary.,Права на поля и чувствительные части объекта,"защита должна уметь работать не только на уровне целого объекта, но и на уровне отдельных полей и частей содержания.",11810,docs/source_of_truth/LifeOS_canon_v33.md
C21-065,Функция,C21,"БЕЗОПАСНОСТЬ, ДОСТУПЫ, АГЕНТЫ И ЧУВСТВИТЕЛЬНЫЕ ДАННЫЕ",Agents / Workflows,Agents,/app/agents,PLAN_TBD_BY_ARTIFACT_AUDIT,"AgentManifest, ToolScope, WorkflowManifest, WorkflowRunPreview, ActionProposal",implement as product capability,Агент ничего не отправляет/не удаляет/не публикует без явного approval; dry-run даёт receipt и proposal.,Чувствительные зоны требуют отдельного осознанного включения для внешних бесплатных маршрутов,"пробный режим не должен молча выталкивать дневник, деньги, здоровье и иные чувствительные зоны во внешние бесплатные контуры ради экономии, но человек может включить такой маршрут после полного предпросмотра и явного решения.",11818,docs/source_of_truth/LifeOS_canon_v33.md
C21-066,Функция,C21,"БЕЗОПАСНОСТЬ, ДОСТУПЫ, АГЕНТЫ И ЧУВСТВИТЕЛЬНЫЕ ДАННЫЕ",Data Control / Trust / Privacy,Control,/app/control,"PLAN_TBD_BY_ARTIFACT_AUDIT, PLAN_TBD_BY_ARTIFACT_AUDIT","Receipt, DataControlItem, AuditEvent, ExportJob, DeletePreview, PrivacyZone, PermissionGrant",implement as product capability,Любое изменение имеет receipt; destructive действия только preview + confirmation boundary.,Паспорт подключённого вычислительного контура,"каждый внешний или локальный маршрут обработки должен иметь свой явный паспорт доверия, хранения и разрешённых зон.",11824,docs/source_of_truth/LifeOS_canon_v33.md
C21-067,Функция,C21,"БЕЗОПАСНОСТЬ, ДОСТУПЫ, АГЕНТЫ И ЧУВСТВИТЕЛЬНЫЕ ДАННЫЕ",Agents / Workflows,Agents,/app/agents,PLAN_TBD_BY_ARTIFACT_AUDIT,"AgentManifest, ToolScope, WorkflowManifest, WorkflowRunPreview, ActionProposal",implement as product capability,Агент ничего не отправляет/не удаляет/не публикует без явного approval; dry-run даёт receipt и proposal.,Аварийный стоп всех внешних маршрутов обработки,"человек должен уметь одним действием выключить все внешние контуры и вернуться в локальный, очередной или ручной режим.",11830,docs/source_of_truth/LifeOS_canon_v33.md
C21-068,Функция,C21,"БЕЗОПАСНОСТЬ, ДОСТУПЫ, АГЕНТЫ И ЧУВСТВИТЕЛЬНЫЕ ДАННЫЕ",Data Control / Trust / Privacy,Control,/app/control,"PLAN_TBD_BY_ARTIFACT_AUDIT, PLAN_TBD_BY_ARTIFACT_AUDIT","Receipt, DataControlItem, AuditEvent, ExportJob, DeletePreview, PrivacyZone, PermissionGrant",implement as product capability,Любое изменение имеет receipt; destructive действия только preview + confirmation boundary.,"Права доступа на события, курсы, форумы, чаты и пространства","каждый из новых слоёв должен иметь явного владельца, роли и границы редактирования, публикации и модерации.",11838,docs/source_of_truth/LifeOS_canon_v33.md
C21-069,Функция,C21,"БЕЗОПАСНОСТЬ, ДОСТУПЫ, АГЕНТЫ И ЧУВСТВИТЕЛЬНЫЕ ДАННЫЕ",Data Control / Trust / Privacy,Control,/app/control,"PLAN_TBD_BY_ARTIFACT_AUDIT, PLAN_TBD_BY_ARTIFACT_AUDIT","Receipt, DataControlItem, AuditEvent, ExportJob, DeletePreview, PrivacyZone, PermissionGrant",implement as product capability,Любое изменение имеет receipt; destructive действия только preview + confirmation boundary.,"Антифрод участия, отзывов и бронирований","система должна видеть попытки накрутки записей на событие, фальшивых отзывов, дублей брони и искусственного шума.",11844,docs/source_of_truth/LifeOS_canon_v33.md
C21-070,Функция,C21,"БЕЗОПАСНОСТЬ, ДОСТУПЫ, АГЕНТЫ И ЧУВСТВИТЕЛЬНЫЕ ДАННЫЕ",Data Control / Trust / Privacy,Control,/app/control,"PLAN_TBD_BY_ARTIFACT_AUDIT, PLAN_TBD_BY_ARTIFACT_AUDIT","Receipt, DataControlItem, AuditEvent, ExportJob, DeletePreview, PrivacyZone, PermissionGrant",implement as product capability,Любое изменение имеет receipt; destructive действия только preview + confirmation boundary.,Антиспам и антискам в форумах и чатах,"нужен контур обнаружения спама, мошенничества, фишинга, вредоносных файлов и небезопасных ссылок в общении.",11850,docs/source_of_truth/LifeOS_canon_v33.md
C21-071,Функция,C21,"БЕЗОПАСНОСТЬ, ДОСТУПЫ, АГЕНТЫ И ЧУВСТВИТЕЛЬНЫЕ ДАННЫЕ",Data Control / Trust / Privacy,Control,/app/control,"PLAN_TBD_BY_ARTIFACT_AUDIT, PLAN_TBD_BY_ARTIFACT_AUDIT","Receipt, DataControlItem, AuditEvent, ExportJob, DeletePreview, PrivacyZone, PermissionGrant",implement as product capability,Любое изменение имеет receipt; destructive действия только preview + confirmation boundary.,Ограничение раскрытия личных данных и деанонимизации,"платформа должна защищать людей от случайного или злонамеренного раскрытия адресов, телефонов, приватных маршрутов и внутренней памяти.",11856,docs/source_of_truth/LifeOS_canon_v33.md
C21-072,Функция,C21,"БЕЗОПАСНОСТЬ, ДОСТУПЫ, АГЕНТЫ И ЧУВСТВИТЕЛЬНЫЕ ДАННЫЕ",Packs / Builder / Marketplace,Packs,/app/packs,PLAN_TBD_BY_ARTIFACT_AUDIT,"PackManifest, CustomObjectType, Template, BuilderBlock, InstallImpact",implement as product capability,"Install/uninstall только local-first с impact screen, permission list, rollback receipt; payments/publish gated.",Подтверждение критичных публикаций и массовых изменений,"критичные действия вроде публикации курса, открытия профиля знакомств, запуска события или массовой рассылки должны проходить через дополнительные предохранители.",11862,docs/source_of_truth/LifeOS_canon_v33.md
C21-073,Качество,C21,"БЕЗОПАСНОСТЬ, ДОСТУПЫ, АГЕНТЫ И ЧУВСТВИТЕЛЬНЫЕ ДАННЫЕ",Data Control / Trust / Privacy,Control,/app/control,"PLAN_TBD_BY_ARTIFACT_AUDIT, PLAN_TBD_BY_ARTIFACT_AUDIT","Receipt, DataControlItem, AuditEvent, ExportJob, DeletePreview, PrivacyZone, PermissionGrant",build as acceptance criterion,Любое изменение имеет receipt; destructive действия только preview + confirmation boundary.,"Безопасность строится как встроенная физика слоёв, а не как поздняя надстройка","форумы, знакомства, файлы, события, курсы и чат должны быть безопасны по конструкции, а не только по будущему списку задач.",11868,docs/source_of_truth/LifeOS_canon_v33.md
C22-001,Качество,C22,ВИЗУАЛЬНАЯ СИСТЕМА И ПОВЕРХНОСТИ,Providers / Local AI / Media / Screen,Providers,/app/providers,PLAN_TBD_BY_ARTIFACT_AUDIT,"ProviderBoundary, ModelProfile, MediaTranscriptJob, ScreenSession, DeviceSyncState",build as acceptance criterion,"Никаких fake cloud/model/screen/VPN success; только readiness, preview, explicit setup/approval.",Ясная иерархия информации,"На поверхности сначала должно читаться главное, а вторичное не должно шуметь.",11878,docs/source_of_truth/LifeOS_canon_v33.md
C22-002,Качество,C22,ВИЗУАЛЬНАЯ СИСТЕМА И ПОВЕРХНОСТИ,Providers / Local AI / Media / Screen,Providers,/app/providers,PLAN_TBD_BY_ARTIFACT_AUDIT,"ProviderBoundary, ModelProfile, MediaTranscriptJob, ScreenSession, DeviceSyncState",build as acceptance criterion,"Никаких fake cloud/model/screen/VPN success; только readiness, preview, explicit setup/approval.",Явные роли поверхностей,"У каждого экрана должна быть понятная главная роль, а не смесь всего сразу.",11884,docs/source_of_truth/LifeOS_canon_v33.md
C22-003,Функция,C22,ВИЗУАЛЬНАЯ СИСТЕМА И ПОВЕРХНОСТИ,Kernel / OS Spine,Core / invisible OS spine,/app/system,PLAN_TBD_BY_ARTIFACT_AUDIT,"LifeObject, SourceRef, Receipt, AuditEvent, PolicyBoundary, GraphEdge",implement as product capability,Все сущности имеют общий id/state/source/receipt/graph refs; ни одна секция не хранит отдельные fake arrays.,Источник и вывод на одной поверхности,Человек должен видеть вывод и его опору без прыжков по разным мирам.,11890,docs/source_of_truth/LifeOS_canon_v33.md
C22-004,Функция,C22,ВИЗУАЛЬНАЯ СИСТЕМА И ПОВЕРХНОСТИ,Life Domains / Wellbeing / Money / Family,Domains,/app/domains,PLAN_TBD_BY_ARTIFACT_AUDIT,"HealthSignal, Routine, Relationship, HomeItem, MoneyEvent, Trip, Meal, DomainPack",implement as product capability,Домены не ломают ядро; каждый доменный объект — LifeObject с source/receipt/control/graph.,Действие рядом с пониманием,"Принятие, исправление и отклонение должны стоять рядом с тем, что пользователь оценивает.",11896,docs/source_of_truth/LifeOS_canon_v33.md
C22-005,Функция,C22,ВИЗУАЛЬНАЯ СИСТЕМА И ПОВЕРХНОСТИ,Life Domains / Wellbeing / Money / Family,Domains,/app/domains,PLAN_TBD_BY_ARTIFACT_AUDIT,"HealthSignal, Routine, Relationship, HomeItem, MoneyEvent, Trip, Meal, DomainPack",implement as product capability,Домены не ломают ядро; каждый доменный объект — LifeObject с source/receipt/control/graph.,Видимая уверенность,"Неопределённость должна быть частью интерфейса, а не скрытой технической деталью.",11902,docs/source_of_truth/LifeOS_canon_v33.md
C22-006,Качество,C22,ВИЗУАЛЬНАЯ СИСТЕМА И ПОВЕРХНОСТИ,Providers / Local AI / Media / Screen,Providers,/app/providers,PLAN_TBD_BY_ARTIFACT_AUDIT,"ProviderBoundary, ModelProfile, MediaTranscriptJob, ScreenSession, DeviceSyncState",build as acceptance criterion,"Никаких fake cloud/model/screen/VPN success; только readiness, preview, explicit setup/approval.",Спокойные настройки по умолчанию,"Экран по умолчанию должен быть чистым, читаемым и не давящим количеством элементов.",11908,docs/source_of_truth/LifeOS_canon_v33.md
C22-007,Качество,C22,ВИЗУАЛЬНАЯ СИСТЕМА И ПОВЕРХНОСТИ,Life Domains / Wellbeing / Money / Family,Domains,/app/domains,PLAN_TBD_BY_ARTIFACT_AUDIT,"HealthSignal, Routine, Relationship, HomeItem, MoneyEvent, Trip, Meal, DomainPack",build as acceptance criterion,Домены не ломают ядро; каждый доменный объект — LifeObject с source/receipt/control/graph.,Спокойное чтение без захламления,Поверхности должны читаться взглядом легко даже при насыщенности данными.,11914,docs/source_of_truth/LifeOS_canon_v33.md
C22-008,Качество,C22,ВИЗУАЛЬНАЯ СИСТЕМА И ПОВЕРХНОСТИ,Kernel / OS Spine,Core / invisible OS spine,/app/system,PLAN_TBD_BY_ARTIFACT_AUDIT,"LifeObject, SourceRef, Receipt, AuditEvent, PolicyBoundary, GraphEdge",build as acceptance criterion,Все сущности имеют общий id/state/source/receipt/graph refs; ни одна секция не хранит отдельные fake arrays.,Знакомые паттерны без потери ядра,"Интерфейс может опираться на привычные формы, но не должен терять собственную логику продукта.",11920,docs/source_of_truth/LifeOS_canon_v33.md
C22-009,Функция,C22,ВИЗУАЛЬНАЯ СИСТЕМА И ПОВЕРХНОСТИ,Kernel / OS Spine,Core / invisible OS spine,/app/system,PLAN_TBD_BY_ARTIFACT_AUDIT,"LifeObject, SourceRef, Receipt, AuditEvent, PolicyBoundary, GraphEdge",implement as product capability,Все сущности имеют общий id/state/source/receipt/graph refs; ни одна секция не хранит отдельные fake arrays.,Прогрессивное раскрытие,"Сложность должна открываться слоями только там, где она реально нужна.",11926,docs/source_of_truth/LifeOS_canon_v33.md
C22-010,Качество,C22,ВИЗУАЛЬНАЯ СИСТЕМА И ПОВЕРХНОСТИ,Providers / Local AI / Media / Screen,Providers,/app/providers,PLAN_TBD_BY_ARTIFACT_AUDIT,"ProviderBoundary, ModelProfile, MediaTranscriptJob, ScreenSession, DeviceSyncState",build as acceptance criterion,"Никаких fake cloud/model/screen/VPN success; только readiness, preview, explicit setup/approval.",Дисциплина пустых состояний,"Пустой экран обязан вести к полезному действию, а не оставлять человека в тупике.",11932,docs/source_of_truth/LifeOS_canon_v33.md
C22-011,Качество,C22,ВИЗУАЛЬНАЯ СИСТЕМА И ПОВЕРХНОСТИ,Planner / Tasks / Calendar / Focus,Plan,/app/plan,PLAN_TBD_BY_ARTIFACT_AUDIT,"Task, Project, CalendarBlock, PlannerBlock, FocusSession, WeekPlan",build as acceptance criterion,"Task можно создать из source/note/chat, поставить в календарный блок, увидеть связь и receipt.",Многомасштабное чтение времени,"Один и тот же временной контур должен спокойно читаться в масштабе дня, недели и месяца.",11938,docs/source_of_truth/LifeOS_canon_v33.md
C22-012,Качество,C22,ВИЗУАЛЬНАЯ СИСТЕМА И ПОВЕРХНОСТИ,Providers / Local AI / Media / Screen,Providers,/app/providers,PLAN_TBD_BY_ARTIFACT_AUDIT,"ProviderBoundary, ModelProfile, MediaTranscriptJob, ScreenSession, DeviceSyncState",build as acceptance criterion,"Никаких fake cloud/model/screen/VPN success; только readiness, preview, explicit setup/approval.",Слоистые виды без хаоса,"Система должна уметь показывать разные слои одного массива, не превращая экран в кашу.",11944,docs/source_of_truth/LifeOS_canon_v33.md
C22-013,Качество,C22,ВИЗУАЛЬНАЯ СИСТЕМА И ПОВЕРХНОСТИ,Providers / Local AI / Media / Screen,Providers,/app/providers,PLAN_TBD_BY_ARTIFACT_AUDIT,"ProviderBoundary, ModelProfile, MediaTranscriptJob, ScreenSession, DeviceSyncState",build as acceptance criterion,"Никаких fake cloud/model/screen/VPN success; только readiness, preview, explicit setup/approval.",Плотность без хаоса,"Интерфейс может быть насыщенным, но не должен ломать дыхание экрана и сканирование.",11950,docs/source_of_truth/LifeOS_canon_v33.md
C22-014,Качество,C22,ВИЗУАЛЬНАЯ СИСТЕМА И ПОВЕРХНОСТИ,Kernel / OS Spine,Core / invisible OS spine,/app/system,PLAN_TBD_BY_ARTIFACT_AUDIT,"LifeObject, SourceRef, Receipt, AuditEvent, PolicyBoundary, GraphEdge",build as acceptance criterion,Все сущности имеют общий id/state/source/receipt/graph refs; ни одна секция не хранит отдельные fake arrays.,"Единая грамматика карточек, списков и таблиц","Карточки, списки и таблицы должны ощущаться частями одной системы, а не случайным набором стилей.",11956,docs/source_of_truth/LifeOS_canon_v33.md
C22-015,Функция,C22,ВИЗУАЛЬНАЯ СИСТЕМА И ПОВЕРХНОСТИ,Today / Journal,Today,/app/today,"PLAN_TBD_BY_ARTIFACT_AUDIT, PLAN_TBD_BY_ARTIFACT_AUDIT","TodayPage, DailyReview, JournalEntry, NextAction, RecoveryPlan",implement as product capability,Today читает реальные notes/tasks/calendar/source links и не генерирует отдельную несвязанную реальность.,Главный экран как настраиваемая обзорная панель,"главная поверхность должна собираться блоками, а не быть одной жёсткой неизменяемой страницей.",11962,docs/source_of_truth/LifeOS_canon_v33.md
C22-016,Функция,C22,ВИЗУАЛЬНАЯ СИСТЕМА И ПОВЕРХНОСТИ,Today / Journal,Today,/app/today,"PLAN_TBD_BY_ARTIFACT_AUDIT, PLAN_TBD_BY_ARTIFACT_AUDIT","TodayPage, DailyReview, JournalEntry, NextAction, RecoveryPlan",implement as product capability,Today читает реальные notes/tasks/calendar/source links и не генерирует отдельную несвязанную реальность.,Пресеты обзорной панели,"У главной панели должны быть готовые режимы, а не только ручная кастомизация.",11968,docs/source_of_truth/LifeOS_canon_v33.md
C22-017,Функция,C22,ВИЗУАЛЬНАЯ СИСТЕМА И ПОВЕРХНОСТИ,Packs / Builder / Marketplace,Packs,/app/packs,PLAN_TBD_BY_ARTIFACT_AUDIT,"PackManifest, CustomObjectType, Template, BuilderBlock, InstallImpact",implement as product capability,"Install/uninstall только local-first с impact screen, permission list, rollback receipt; payments/publish gated.",Управляемая перестройка блоков без конструктора вселенной,Пользователь должен менять блоки и их порядок без обязанности собирать весь продукт с нуля.,11974,docs/source_of_truth/LifeOS_canon_v33.md
C22-018,Функция,C22,ВИЗУАЛЬНАЯ СИСТЕМА И ПОВЕРХНОСТИ,Providers / Local AI / Media / Screen,Providers,/app/providers,PLAN_TBD_BY_ARTIFACT_AUDIT,"ProviderBoundary, ModelProfile, MediaTranscriptJob, ScreenSession, DeviceSyncState",implement as product capability,"Никаких fake cloud/model/screen/VPN success; только readiness, preview, explicit setup/approval.",Спокойный экран «материал → действие»,"После разбора заметки, встречи или источника нужен отдельный спокойный экран перехода к следующему исходу.",11980,docs/source_of_truth/LifeOS_canon_v33.md
C22-019,Функция,C22,ВИЗУАЛЬНАЯ СИСТЕМА И ПОВЕРХНОСТИ,Today / Journal,Today,/app/today,"PLAN_TBD_BY_ARTIFACT_AUDIT, PLAN_TBD_BY_ARTIFACT_AUDIT","TodayPage, DailyReview, JournalEntry, NextAction, RecoveryPlan",implement as product capability,Today читает реальные notes/tasks/calendar/source links и не генерирует отдельную несвязанную реальность.,Гибридный режим карточек и таблицы,Один и тот же массив должен уметь открываться визуально или обзорно без смены логики.,11986,docs/source_of_truth/LifeOS_canon_v33.md
C22-020,Функция,C22,ВИЗУАЛЬНАЯ СИСТЕМА И ПОВЕРХНОСТИ,Kernel / OS Spine,Core / invisible OS spine,/app/system,PLAN_TBD_BY_ARTIFACT_AUDIT,"LifeObject, SourceRef, Receipt, AuditEvent, PolicyBoundary, GraphEdge",implement as product capability,Все сущности имеют общий id/state/source/receipt/graph refs; ни одна секция не хранит отдельные fake arrays.,"Лёгкая визуальная ориентация цветом, закреплением и изображениями","Цвет и закрепление должны помогать быстро читать массив, а не служить чистым украшением.",11992,docs/source_of_truth/LifeOS_canon_v33.md
C22-021,Функция,C22,ВИЗУАЛЬНАЯ СИСТЕМА И ПОВЕРХНОСТИ,Capture / Inbox,Inbox,/app/inbox,PLAN_TBD_BY_ARTIFACT_AUDIT,"Source, SourcePacket, Attachment, ImportJob, CaptureDraft",implement as product capability,"Любой ввод сохраняется локально, получает provenance, receipt, Data Control item и graph edge.",Видимый статус обработки материала,"Пользователь должен видеть, на какой стадии находится материал.",11998,docs/source_of_truth/LifeOS_canon_v33.md
C22-022,Функция,C22,ВИЗУАЛЬНАЯ СИСТЕМА И ПОВЕРХНОСТИ,Chat / Communication,Chat,/app/chat,PLAN_TBD_BY_ARTIFACT_AUDIT,"ChatThread, ChatMessage, MeetingNote, Contact, ConversationContext",implement as product capability,Сообщение можно превратить в note/task/proposal; внешняя отправка заблокирована без provider/approval.,Черновая маркировка вывода системы,Выводы системы не должны выглядеть как окончательная истина.,12004,docs/source_of_truth/LifeOS_canon_v33.md
C22-023,Функция,C22,ВИЗУАЛЬНАЯ СИСТЕМА И ПОВЕРХНОСТИ,Providers / Local AI / Media / Screen,Providers,/app/providers,PLAN_TBD_BY_ARTIFACT_AUDIT,"ProviderBoundary, ModelProfile, MediaTranscriptJob, ScreenSession, DeviceSyncState",implement as product capability,"Никаких fake cloud/model/screen/VPN success; только readiness, preview, explicit setup/approval.",Явная маркировка локального и облачного режима,"На поверхности результата должно быть видно, где именно работал интеллект — локально или через внешний контур.",12010,docs/source_of_truth/LifeOS_canon_v33.md
C22-024,Функция,C22,ВИЗУАЛЬНАЯ СИСТЕМА И ПОВЕРХНОСТИ,Life Domains / Wellbeing / Money / Family,Domains,/app/domains,PLAN_TBD_BY_ARTIFACT_AUDIT,"HealthSignal, Routine, Relationship, HomeItem, MoneyEvent, Trip, Meal, DomainPack",implement as product capability,Домены не ломают ядро; каждый доменный объект — LifeObject с source/receipt/control/graph.,Явная маркировка зон приватности,"Принадлежность объекта к личной, семейной, рабочей или иной зоне должна быть видна без похода в настройки.",12016,docs/source_of_truth/LifeOS_canon_v33.md
C22-025,Функция,C22,ВИЗУАЛЬНАЯ СИСТЕМА И ПОВЕРХНОСТИ,Providers / Local AI / Media / Screen,Providers,/app/providers,PLAN_TBD_BY_ARTIFACT_AUDIT,"ProviderBoundary, ModelProfile, MediaTranscriptJob, ScreenSession, DeviceSyncState",implement as product capability,"Никаких fake cloud/model/screen/VPN success; только readiness, preview, explicit setup/approval.",Происхождение по запросу без перегруза экрана,"Происхождение должно быть доступно в один шаг, но не обязано постоянно занимать весь экран.",12022,docs/source_of_truth/LifeOS_canon_v33.md
C22-026,Функция,C22,ВИЗУАЛЬНАЯ СИСТЕМА И ПОВЕРХНОСТИ,Kernel / OS Spine,Core / invisible OS spine,/app/system,PLAN_TBD_BY_ARTIFACT_AUDIT,"LifeObject, SourceRef, Receipt, AuditEvent, PolicyBoundary, GraphEdge",implement as product capability,Все сущности имеют общий id/state/source/receipt/graph refs; ни одна секция не хранит отдельные fake arrays.,Дозированный показ неопределённости,"Уверенность нужно показывать так, чтобы она помогала, а не засоряла интерфейс.",12028,docs/source_of_truth/LifeOS_canon_v33.md
C22-027,Функция,C22,ВИЗУАЛЬНАЯ СИСТЕМА И ПОВЕРХНОСТИ,Providers / Local AI / Media / Screen,Providers,/app/providers,PLAN_TBD_BY_ARTIFACT_AUDIT,"ProviderBoundary, ModelProfile, MediaTranscriptJob, ScreenSession, DeviceSyncState",implement as product capability,"Никаких fake cloud/model/screen/VPN success; только readiness, preview, explicit setup/approval.",Счётчик скрытых элементов,"Если часть элементов скрыта ради чистоты экрана, это должно быть видно.",12034,docs/source_of_truth/LifeOS_canon_v33.md
C22-028,Функция,C22,ВИЗУАЛЬНАЯ СИСТЕМА И ПОВЕРХНОСТИ,Kernel / OS Spine,Core / invisible OS spine,/app/system,PLAN_TBD_BY_ARTIFACT_AUDIT,"LifeObject, SourceRef, Receipt, AuditEvent, PolicyBoundary, GraphEdge",implement as product capability,Все сущности имеют общий id/state/source/receipt/graph refs; ни одна секция не хранит отдельные fake arrays.,Явный режим интерфейса,"Пользователь должен понимать, в каком режиме поверхности он сейчас находится.",12040,docs/source_of_truth/LifeOS_canon_v33.md
C22-029,Функция,C22,ВИЗУАЛЬНАЯ СИСТЕМА И ПОВЕРХНОСТИ,Data Control / Trust / Privacy,Control,/app/control,"PLAN_TBD_BY_ARTIFACT_AUDIT, PLAN_TBD_BY_ARTIFACT_AUDIT","Receipt, DataControlItem, AuditEvent, ExportJob, DeletePreview, PrivacyZone, PermissionGrant",implement as product capability,Любое изменение имеет receipt; destructive действия только preview + confirmation boundary.,Поверхность приватности,"Приватность и маршруты данных должны иметь отдельную видимую поверхность, а не жить только в глубинных настройках.",12046,docs/source_of_truth/LifeOS_canon_v33.md
C22-030,Функция,C22,ВИЗУАЛЬНАЯ СИСТЕМА И ПОВЕРХНОСТИ,Life Domains / Wellbeing / Money / Family,Domains,/app/domains,PLAN_TBD_BY_ARTIFACT_AUDIT,"HealthSignal, Routine, Relationship, HomeItem, MoneyEvent, Trip, Meal, DomainPack",implement as product capability,Домены не ломают ядро; каждый доменный объект — LifeObject с source/receipt/control/graph.,Поверхность экспорта и резервной копии,Экспорт и резервирование должны быть видимой продуктовой поверхностью.,12052,docs/source_of_truth/LifeOS_canon_v33.md
C22-031,Функция,C22,ВИЗУАЛЬНАЯ СИСТЕМА И ПОВЕРХНОСТИ,Providers / Local AI / Media / Screen,Providers,/app/providers,PLAN_TBD_BY_ARTIFACT_AUDIT,"ProviderBoundary, ModelProfile, MediaTranscriptJob, ScreenSession, DeviceSyncState",implement as product capability,"Никаких fake cloud/model/screen/VPN success; только readiness, preview, explicit setup/approval.",Поверхность подключений,Подключения и их разрешения должны иметь собственный понятный экран.,12058,docs/source_of_truth/LifeOS_canon_v33.md
C22-032,Функция,C22,ВИЗУАЛЬНАЯ СИСТЕМА И ПОВЕРХНОСТИ,Providers / Local AI / Media / Screen,Providers,/app/providers,PLAN_TBD_BY_ARTIFACT_AUDIT,"ProviderBoundary, ModelProfile, MediaTranscriptJob, ScreenSession, DeviceSyncState",implement as product capability,"Никаких fake cloud/model/screen/VPN success; только readiness, preview, explicit setup/approval.",Поверхность зачистки чувствительных фрагментов,"Зачистка перед внешней отправкой должна быть отдельным понятным экраном, а не скрытым техническим действием.",12064,docs/source_of_truth/LifeOS_canon_v33.md
C22-033,Функция,C22,ВИЗУАЛЬНАЯ СИСТЕМА И ПОВЕРХНОСТИ,Providers / Local AI / Media / Screen,Providers,/app/providers,PLAN_TBD_BY_ARTIFACT_AUDIT,"ProviderBoundary, ModelProfile, MediaTranscriptJob, ScreenSession, DeviceSyncState",implement as product capability,"Никаких fake cloud/model/screen/VPN success; только readiness, preview, explicit setup/approval.",Поверхность истории версий,"История версий должна быть отдельным пользовательским режимом, а не только внутренним механизмом.",12070,docs/source_of_truth/LifeOS_canon_v33.md
C22-034,Функция,C22,ВИЗУАЛЬНАЯ СИСТЕМА И ПОВЕРХНОСТИ,Data Control / Trust / Privacy,Control,/app/control,"PLAN_TBD_BY_ARTIFACT_AUDIT, PLAN_TBD_BY_ARTIFACT_AUDIT","Receipt, DataControlItem, AuditEvent, ExportJob, DeletePreview, PrivacyZone, PermissionGrant",implement as product capability,Любое изменение имеет receipt; destructive действия только preview + confirmation boundary.,Поверхность корзины,Удалённые объекты должны иметь отдельный понятный экран безопасности.,12076,docs/source_of_truth/LifeOS_canon_v33.md
C22-035,Функция,C22,ВИЗУАЛЬНАЯ СИСТЕМА И ПОВЕРХНОСТИ,Providers / Local AI / Media / Screen,Providers,/app/providers,PLAN_TBD_BY_ARTIFACT_AUDIT,"ProviderBoundary, ModelProfile, MediaTranscriptJob, ScreenSession, DeviceSyncState",implement as product capability,"Никаких fake cloud/model/screen/VPN success; только readiness, preview, explicit setup/approval.",Поверхность объяснения возможностей устройства,"Человек должен видеть, что именно это устройство умеет локально и чего от него ждать не стоит.",12082,docs/source_of_truth/LifeOS_canon_v33.md
C22-036,Функция,C22,ВИЗУАЛЬНАЯ СИСТЕМА И ПОВЕРХНОСТИ,Packs / Builder / Marketplace,Packs,/app/packs,PLAN_TBD_BY_ARTIFACT_AUDIT,"PackManifest, CustomObjectType, Template, BuilderBlock, InstallImpact",implement as product capability,"Install/uninstall только local-first с impact screen, permission list, rollback receipt; payments/publish gated.",Поверхность управления пакетами моделей и их загрузкой,Пакеты локального интеллекта должны иметь отдельную понятную поверхность управления.,12088,docs/source_of_truth/LifeOS_canon_v33.md
C22-037,Функция,C22,ВИЗУАЛЬНАЯ СИСТЕМА И ПОВЕРХНОСТИ,Providers / Local AI / Media / Screen,Providers,/app/providers,PLAN_TBD_BY_ARTIFACT_AUDIT,"ProviderBoundary, ModelProfile, MediaTranscriptJob, ScreenSession, DeviceSyncState",implement as product capability,"Никаких fake cloud/model/screen/VPN success; только readiness, preview, explicit setup/approval.",Индикатор здоровья синхронизации,"Состояние синхронизации должно быть видно, а не ощущаться только по косвенным сбоям.",12094,docs/source_of_truth/LifeOS_canon_v33.md
C22-038,Функция,C22,ВИЗУАЛЬНАЯ СИСТЕМА И ПОВЕРХНОСТИ,Life Domains / Wellbeing / Money / Family,Domains,/app/domains,PLAN_TBD_BY_ARTIFACT_AUDIT,"HealthSignal, Routine, Relationship, HomeItem, MoneyEvent, Trip, Meal, DomainPack",implement as product capability,Домены не ломают ядро; каждый доменный объект — LifeObject с source/receipt/control/graph.,Офлайн-плашка,Потеря сети должна быть видимой и честной частью интерфейса.,12100,docs/source_of_truth/LifeOS_canon_v33.md
C22-039,Функция,C22,ВИЗУАЛЬНАЯ СИСТЕМА И ПОВЕРХНОСТИ,Providers / Local AI / Media / Screen,Providers,/app/providers,PLAN_TBD_BY_ARTIFACT_AUDIT,"ProviderBoundary, ModelProfile, MediaTranscriptJob, ScreenSession, DeviceSyncState",implement as product capability,"Никаких fake cloud/model/screen/VPN success; только readiness, preview, explicit setup/approval.",Поверхность разбора конфликтов синхронизации,"Конфликты должны разбираться в отдельном ясном экране, а не молча перетирать данные.",12106,docs/source_of_truth/LifeOS_canon_v33.md
C22-040,Функция,C22,ВИЗУАЛЬНАЯ СИСТЕМА И ПОВЕРХНОСТИ,Planner / Tasks / Calendar / Focus,Plan,/app/plan,PLAN_TBD_BY_ARTIFACT_AUDIT,"Task, Project, CalendarBlock, PlannerBlock, FocusSession, WeekPlan",implement as product capability,"Task можно создать из source/note/chat, поставить в календарный блок, увидеть связь и receipt.",Экран фокуса с видимым остатком скрытого,"Режим фокуса должен упрощать поверхность, но не скрывать от человека сам факт скрытия.",12112,docs/source_of_truth/LifeOS_canon_v33.md
C22-041,Функция,C22,ВИЗУАЛЬНАЯ СИСТЕМА И ПОВЕРХНОСТИ,Agents / Workflows,Agents,/app/agents,PLAN_TBD_BY_ARTIFACT_AUDIT,"AgentManifest, ToolScope, WorkflowManifest, WorkflowRunPreview, ActionProposal",implement as product capability,Агент ничего не отправляет/не удаляет/не публикует без явного approval; dry-run даёт receipt и proposal.,Командная палитра и панель быстрых действий,"Быстрые действия должны жить в отдельной спокойной поверхности скорости, а не дробить весь интерфейс множеством кнопок.",12118,docs/source_of_truth/LifeOS_canon_v33.md
C22-042,Качество,C22,ВИЗУАЛЬНАЯ СИСТЕМА И ПОВЕРХНОСТИ,Life Domains / Wellbeing / Money / Family,Domains,/app/domains,PLAN_TBD_BY_ARTIFACT_AUDIT,"HealthSignal, Routine, Relationship, HomeItem, MoneyEvent, Trip, Meal, DomainPack",build as acceptance criterion,Домены не ломают ядро; каждый доменный объект — LifeObject с source/receipt/control/graph.,Ограниченное число активных поверхностей,"Одновременно активных главных поверхностей должно быть немного, чтобы продукт не расползался.",12124,docs/source_of_truth/LifeOS_canon_v33.md
C22-043,Минус,C22,ВИЗУАЛЬНАЯ СИСТЕМА И ПОВЕРХНОСТИ,Today / Journal,Today,/app/today,"PLAN_TBD_BY_ARTIFACT_AUDIT, PLAN_TBD_BY_ARTIFACT_AUDIT","TodayPage, DailyReview, JournalEntry, NextAction, RecoveryPlan",forbid / add regression guard,Today читает реальные notes/tasks/calendar/source links и не генерирует отдельную несвязанную реальность.,Перегруженный обзорный экран,Перегруженный главный экран убивает способность быстро начать день и понять приоритет.,12130,docs/source_of_truth/LifeOS_canon_v33.md
C22-044,Минус,C22,ВИЗУАЛЬНАЯ СИСТЕМА И ПОВЕРХНОСТИ,Kernel / OS Spine,Core / invisible OS spine,/app/system,PLAN_TBD_BY_ARTIFACT_AUDIT,"LifeObject, SourceRef, Receipt, AuditEvent, PolicyBoundary, GraphEdge",forbid / add regression guard,Все сущности имеют общий id/state/source/receipt/graph refs; ни одна секция не хранит отдельные fake arrays.,"Спам виджетов, карточек и бейджей",Нельзя превращать поверхность в свалку визуальных сигналов ради ощущения «полноты».,12136,docs/source_of_truth/LifeOS_canon_v33.md
C22-045,Минус,C22,ВИЗУАЛЬНАЯ СИСТЕМА И ПОВЕРХНОСТИ,LifeGraph / Entities,Graph,/app/graph,"PLAN_TBD_BY_ARTIFACT_AUDIT, PLAN_TBD_BY_ARTIFACT_AUDIT","GraphNode, GraphEdge, Entity, EntityCandidate, RelationshipReason",forbid / add regression guard,Graph edge имеет source/provenance/confidence; можно скрыть/исправить связь через безопасный preview.,Декоративные графики без действия,"Графики и диаграммы вредны, если они не ведут к решению, сравнению или следующему шагу.",12142,docs/source_of_truth/LifeOS_canon_v33.md
C22-046,Минус,C22,ВИЗУАЛЬНАЯ СИСТЕМА И ПОВЕРХНОСТИ,Kernel / OS Spine,Core / invisible OS spine,/app/system,PLAN_TBD_BY_ARTIFACT_AUDIT,"LifeObject, SourceRef, Receipt, AuditEvent, PolicyBoundary, GraphEdge",forbid / add regression guard,Все сущности имеют общий id/state/source/receipt/graph refs; ни одна секция не хранит отдельные fake arrays.,"Красиво, но непрозрачно","Нельзя жертвовать видимостью происхождения, режима, разрешений и границ ради эстетики.",12148,docs/source_of_truth/LifeOS_canon_v33.md
C22-047,Минус,C22,ВИЗУАЛЬНАЯ СИСТЕМА И ПОВЕРХНОСТИ,Kernel / OS Spine,Core / invisible OS spine,/app/system,PLAN_TBD_BY_ARTIFACT_AUDIT,"LifeObject, SourceRef, Receipt, AuditEvent, PolicyBoundary, GraphEdge",forbid / add regression guard,Все сущности имеют общий id/state/source/receipt/graph refs; ни одна секция не хранит отдельные fake arrays.,"Скрытое происхождение, скрытые права и скрытый режим ИИ","Источник, состояние разрешений и режим работы интеллекта нельзя прятать от пользователя.",12154,docs/source_of_truth/LifeOS_canon_v33.md
C22-048,Минус,C22,ВИЗУАЛЬНАЯ СИСТЕМА И ПОВЕРХНОСТИ,LifeGraph / Entities,Graph,/app/graph,"PLAN_TBD_BY_ARTIFACT_AUDIT, PLAN_TBD_BY_ARTIFACT_AUDIT","GraphNode, GraphEdge, Entity, EntityCandidate, RelationshipReason",forbid / add regression guard,Graph edge имеет source/provenance/confidence; можно скрыть/исправить связь через безопасный preview.,Граф связей как домашний экран,Большой граф не должен становиться главной входной поверхностью массового продукта.,12160,docs/source_of_truth/LifeOS_canon_v33.md
C22-049,Функция,C22,ВИЗУАЛЬНАЯ СИСТЕМА И ПОВЕРХНОСТИ,Life Domains / Wellbeing / Money / Family,Domains,/app/domains,PLAN_TBD_BY_ARTIFACT_AUDIT,"HealthSignal, Routine, Relationship, HomeItem, MoneyEvent, Trip, Meal, DomainPack",implement as product capability,Домены не ломают ядро; каждый доменный объект — LifeObject с source/receipt/control/graph.,Тёплая персонализация дневникового слоя,"Личный слой может иметь темы, шрифты, фоны и иные тёплые настройки, не подменяя полезность.",12166,docs/source_of_truth/LifeOS_canon_v33.md
C22-050,Функция,C22,ВИЗУАЛЬНАЯ СИСТЕМА И ПОВЕРХНОСТИ,Life Domains / Wellbeing / Money / Family,Domains,/app/domains,PLAN_TBD_BY_ARTIFACT_AUDIT,"HealthSignal, Routine, Relationship, HomeItem, MoneyEvent, Trip, Meal, DomainPack",implement as product capability,Домены не ломают ядро; каждый доменный объект — LifeObject с source/receipt/control/graph.,"Быстрый бесконечный холст с комментариями, версиями и совместным редактированием","Для визуальной работы нужен отдельный сильный холст, который не жертвует управляемостью и историей изменений.",12172,docs/source_of_truth/LifeOS_canon_v33.md
C22-051,Функция,C22,ВИЗУАЛЬНАЯ СИСТЕМА И ПОВЕРХНОСТИ,Providers / Local AI / Media / Screen,Providers,/app/providers,PLAN_TBD_BY_ARTIFACT_AUDIT,"ProviderBoundary, ModelProfile, MediaTranscriptJob, ScreenSession, DeviceSyncState",implement as product capability,"Никаких fake cloud/model/screen/VPN success; только readiness, preview, explicit setup/approval.",Реестр продуктовых оболочек,"оболочки должны жить не как случайный набор экранов, а как явный каталог спокойных линз на одно и то же ядро.",12178,docs/source_of_truth/LifeOS_canon_v33.md
C22-052,Функция,C22,ВИЗУАЛЬНАЯ СИСТЕМА И ПОВЕРХНОСТИ,Life Domains / Wellbeing / Money / Family,Domains,/app/domains,PLAN_TBD_BY_ARTIFACT_AUDIT,"HealthSignal, Routine, Relationship, HomeItem, MoneyEvent, Trip, Meal, DomainPack",implement as product capability,Домены не ломают ядро; каждый доменный объект — LifeObject с source/receipt/control/graph.,Сверхлёгкая текстовая или бот-оболочка,"у продукта должен быть отдельный минималистичный текстовый режим для случаев, когда человеку не нужны визуалы, тяжёлая оболочка или дорогой мультимодальный контур.",12184,docs/source_of_truth/LifeOS_canon_v33.md
C22-053,Качество,C22,ВИЗУАЛЬНАЯ СИСТЕМА И ПОВЕРХНОСТИ,Library / Obsidian Core,Library,/app/library,"PLAN_TBD_BY_ARTIFACT_AUDIT, PLAN_TBD_BY_ARTIFACT_AUDIT","Note, DailyNote, JournalEntry, KnowledgeItem, Tag, Space, Backlink, WikiLink",build as acceptance criterion,"Можно писать заметку, связать [[wikilink]], увидеть backlinks/graph, сохранить/перезагрузить без потери.","Поиск, ответ и ссылки как первичная форма исследовательского интерфейса","Для исследовательских и знаниевых сценариев интерфейс должен сначала давать быстрый вход через поиск, короткий ответ и ссылки, а не заставлять человека начинать с пустой структуры.",12190,docs/source_of_truth/LifeOS_canon_v33.md
C22-054,Качество,C22,ВИЗУАЛЬНАЯ СИСТЕМА И ПОВЕРХНОСТИ,Providers / Local AI / Media / Screen,Providers,/app/providers,PLAN_TBD_BY_ARTIFACT_AUDIT,"ProviderBoundary, ModelProfile, MediaTranscriptJob, ScreenSession, DeviceSyncState",build as acceptance criterion,"Никаких fake cloud/model/screen/VPN success; только readiness, preview, explicit setup/approval.",Сильные пресеты поверхностей раньше пустой кастомизации,"ключевые поверхности должны сначала давать понятные режимы по умолчанию, а уже потом глубокую пользовательскую перестройку.",12197,docs/source_of_truth/LifeOS_canon_v33.md
C22-055,Функция,C22,ВИЗУАЛЬНАЯ СИСТЕМА И ПОВЕРХНОСТИ,Agents / Workflows,Agents,/app/agents,PLAN_TBD_BY_ARTIFACT_AUDIT,"AgentManifest, ToolScope, WorkflowManifest, WorkflowRunPreview, ActionProposal",implement as product capability,Агент ничего не отправляет/не удаляет/не публикует без явного approval; dry-run даёт receipt и proposal.,"Единая подача статуса, происхождения, уверенности и последствий","на всех критичных поверхностях статус, источник, уровень уверенности и возможные последствия действия должны показываться одним и тем же визуальным языком.",12203,docs/source_of_truth/LifeOS_canon_v33.md
C22-056,Функция,C22,ВИЗУАЛЬНАЯ СИСТЕМА И ПОВЕРХНОСТИ,Agents / Workflows,Agents,/app/agents,PLAN_TBD_BY_ARTIFACT_AUDIT,"AgentManifest, ToolScope, WorkflowManifest, WorkflowRunPreview, ActionProposal",implement as product capability,Агент ничего не отправляет/не удаляет/не публикует без явного approval; dry-run даёт receipt и proposal.,"Панель режима обработки, очереди и бюджета вычислений","пользователь должен видеть не только результат, но и текущий источник обработки, состояние очереди, приватность маршрута и остаток встроенного бюджета вычислений.",12210,docs/source_of_truth/LifeOS_canon_v33.md
C22-057,Функция,C22,ВИЗУАЛЬНАЯ СИСТЕМА И ПОВЕРХНОСТИ,Providers / Local AI / Media / Screen,Providers,/app/providers,PLAN_TBD_BY_ARTIFACT_AUDIT,"ProviderBoundary, ModelProfile, MediaTranscriptJob, ScreenSession, DeviceSyncState",implement as product capability,"Никаких fake cloud/model/screen/VPN success; только readiness, preview, explicit setup/approval.",Поверхность пробного режима и обязательного отчёта,"месячный пробный доступ должен иметь отдельный экран, где человек ясно видит свой вычислительный режим, оставшиеся дни, обязательный отчёт и узкие места настройки.",12216,docs/source_of_truth/LifeOS_canon_v33.md
C22-058,Функция,C22,ВИЗУАЛЬНАЯ СИСТЕМА И ПОВЕРХНОСТИ,Life Domains / Wellbeing / Money / Family,Domains,/app/domains,PLAN_TBD_BY_ARTIFACT_AUDIT,"HealthSignal, Routine, Relationship, HomeItem, MoneyEvent, Trip, Meal, DomainPack",implement as product capability,Домены не ломают ядро; каждый доменный объект — LifeObject с source/receipt/control/graph.,"Карточки книг, событий, курсов, профилей и обсуждений в единой визуальной системе",новые типы объектов должны сразу иметь сильные и узнаваемые карточные поверхности.,12224,docs/source_of_truth/LifeOS_canon_v33.md
C22-059,Функция,C22,ВИЗУАЛЬНАЯ СИСТЕМА И ПОВЕРХНОСТИ,Providers / Local AI / Media / Screen,Providers,/app/providers,PLAN_TBD_BY_ARTIFACT_AUDIT,"ProviderBoundary, ModelProfile, MediaTranscriptJob, ScreenSession, DeviceSyncState",implement as product capability,"Никаких fake cloud/model/screen/VPN success; только readiness, preview, explicit setup/approval.","Reader, player, event card, forum thread и chat thread как семейство поверхностей","читалка, плеер, событие, форум и чат должны проектироваться как связанное семейство экранов.",12230,docs/source_of_truth/LifeOS_canon_v33.md
C22-060,Качество,C22,ВИЗУАЛЬНАЯ СИСТЕМА И ПОВЕРХНОСТИ,Kernel / OS Spine,Core / invisible OS spine,/app/system,PLAN_TBD_BY_ARTIFACT_AUDIT,"LifeObject, SourceRef, Receipt, AuditEvent, PolicyBoundary, GraphEdge",build as acceptance criterion,Все сущности имеют общий id/state/source/receipt/graph refs; ни одна секция не хранит отдельные fake arrays.,Плотный и тихий режимы просмотра,"слой должен уметь жить и в насыщенном режиме создателя, и в тихом режиме обычного пользователя без перегруза.",12236,docs/source_of_truth/LifeOS_canon_v33.md
C22-061,Качество,C22,ВИЗУАЛЬНАЯ СИСТЕМА И ПОВЕРХНОСТИ,Kernel / OS Spine,Core / invisible OS spine,/app/system,PLAN_TBD_BY_ARTIFACT_AUDIT,"LifeObject, SourceRef, Receipt, AuditEvent, PolicyBoundary, GraphEdge",build as acceptance criterion,Все сущности имеют общий id/state/source/receipt/graph refs; ни одна секция не хранит отдельные fake arrays.,"Визуальная система поддерживает объектность, а не подменяет её","красивые поверхности нужны, но они должны подчёркивать происхождение, статус, доступ и следующий ход, а не скрывать их.",12242,docs/source_of_truth/LifeOS_canon_v33.md
C23-001,Функция,C23,"ЯЗЫКИ, ЛОКАЛЬ И ПЕРЕВОД",Capture / Inbox,Inbox,/app/inbox,PLAN_TBD_BY_ARTIFACT_AUDIT,"Source, SourcePacket, Attachment, ImportJob, CaptureDraft",implement as product capability,"Любой ввод сохраняется локально, получает provenance, receipt, Data Control item и graph edge.",Языковая метка источника,Каждый входящий материал должен иметь свой язык источника как отдельное свойство.,12252,docs/source_of_truth/LifeOS_canon_v33.md
C23-002,Функция,C23,"ЯЗЫКИ, ЛОКАЛЬ И ПЕРЕВОД",Capture / Inbox,Inbox,/app/inbox,PLAN_TBD_BY_ARTIFACT_AUDIT,"Source, SourcePacket, Attachment, ImportJob, CaptureDraft",implement as product capability,"Любой ввод сохраняется локально, получает provenance, receipt, Data Control item и graph edge.",Разделение языка источника и языка интерфейса,Язык входящего материала и язык интерфейса задаются отдельно и не обязаны совпадать.,12258,docs/source_of_truth/LifeOS_canon_v33.md
C23-003,Функция,C23,"ЯЗЫКИ, ЛОКАЛЬ И ПЕРЕВОД",Life Domains / Wellbeing / Money / Family,Domains,/app/domains,PLAN_TBD_BY_ARTIFACT_AUDIT,"HealthSignal, Routine, Relationship, HomeItem, MoneyEvent, Trip, Meal, DomainPack",implement as product capability,Домены не ломают ядро; каждый доменный объект — LifeObject с source/receipt/control/graph.,Переключатель языка интерфейса,"Язык оболочки должен быть отдельной пользовательской настройкой, а не скрытым техническим состоянием.",12264,docs/source_of_truth/LifeOS_canon_v33.md
C23-004,Функция,C23,"ЯЗЫКИ, ЛОКАЛЬ И ПЕРЕВОД",Kernel / OS Spine,Core / invisible OS spine,/app/system,PLAN_TBD_BY_ARTIFACT_AUDIT,"LifeObject, SourceRef, Receipt, AuditEvent, PolicyBoundary, GraphEdge",implement as product capability,Все сущности имеют общий id/state/source/receipt/graph refs; ни одна секция не хранит отдельные fake arrays.,Перевод внутри артефакта с сохранением оригинала,"Система может показать перевод, не уничтожая исходный текст и его смысл.",12270,docs/source_of_truth/LifeOS_canon_v33.md
C23-005,Функция,C23,"ЯЗЫКИ, ЛОКАЛЬ И ПЕРЕВОД",Kernel / OS Spine,Core / invisible OS spine,/app/system,PLAN_TBD_BY_ARTIFACT_AUDIT,"LifeObject, SourceRef, Receipt, AuditEvent, PolicyBoundary, GraphEdge",implement as product capability,Все сущности имеют общий id/state/source/receipt/graph refs; ни одна секция не хранит отдельные fake arrays.,Перевод поверх документа,Документ должен читаться в переводе без уничтожения исходного слоя.,12276,docs/source_of_truth/LifeOS_canon_v33.md
C23-006,Качество,C23,"ЯЗЫКИ, ЛОКАЛЬ И ПЕРЕВОД",Life Domains / Wellbeing / Money / Family,Domains,/app/domains,PLAN_TBD_BY_ARTIFACT_AUDIT,"HealthSignal, Routine, Relationship, HomeItem, MoneyEvent, Trip, Meal, DomainPack",build as acceptance criterion,Домены не ломают ядро; каждый доменный объект — LifeObject с source/receipt/control/graph.,Смысловой перевод терминов,"Перевод должен передавать смысл продукта и действия, а не только буквальный словарь.",12282,docs/source_of_truth/LifeOS_canon_v33.md
C23-007,Функция,C23,"ЯЗЫКИ, ЛОКАЛЬ И ПЕРЕВОД",Kernel / OS Spine,Core / invisible OS spine,/app/system,PLAN_TBD_BY_ARTIFACT_AUDIT,"LifeObject, SourceRef, Receipt, AuditEvent, PolicyBoundary, GraphEdge",implement as product capability,Все сущности имеют общий id/state/source/receipt/graph refs; ни одна секция не хранит отдельные fake arrays.,Словари локали вместо жёстких строк,"Тексты, названия и служебные подписи должны идти из словарей локали, а не из вшитых строк.",12288,docs/source_of_truth/LifeOS_canon_v33.md
C23-008,Функция,C23,"ЯЗЫКИ, ЛОКАЛЬ И ПЕРЕВОД",Today / Journal,Today,/app/today,"PLAN_TBD_BY_ARTIFACT_AUDIT, PLAN_TBD_BY_ARTIFACT_AUDIT","TodayPage, DailyReview, JournalEntry, NextAction, RecoveryPlan",implement as product capability,Today читает реальные notes/tasks/calendar/source links и не генерирует отдельную несвязанную реальность.,Формат даты по локали,Даты должны показываться в привычном для человека виде и не путать день с месяцем.,12294,docs/source_of_truth/LifeOS_canon_v33.md
C23-009,Функция,C23,"ЯЗЫКИ, ЛОКАЛЬ И ПЕРЕВОД",Providers / Local AI / Media / Screen,Providers,/app/providers,PLAN_TBD_BY_ARTIFACT_AUDIT,"ProviderBoundary, ModelProfile, MediaTranscriptJob, ScreenSession, DeviceSyncState",implement as product capability,"Никаких fake cloud/model/screen/VPN success; только readiness, preview, explicit setup/approval.",Формат времени и часового пояса,Время должно учитывать локальный формат и часовой пояс пользователя.,12300,docs/source_of_truth/LifeOS_canon_v33.md
C23-010,Функция,C23,"ЯЗЫКИ, ЛОКАЛЬ И ПЕРЕВОД",Kernel / OS Spine,Core / invisible OS spine,/app/system,PLAN_TBD_BY_ARTIFACT_AUDIT,"LifeObject, SourceRef, Receipt, AuditEvent, PolicyBoundary, GraphEdge",implement as product capability,Все сущности имеют общий id/state/source/receipt/graph refs; ни одна секция не хранит отдельные fake arrays.,Формат чисел,Разделители тысяч и дробной части должны соответствовать локали пользователя.,12306,docs/source_of_truth/LifeOS_canon_v33.md
C23-011,Функция,C23,"ЯЗЫКИ, ЛОКАЛЬ И ПЕРЕВОД",Today / Journal,Today,/app/today,"PLAN_TBD_BY_ARTIFACT_AUDIT, PLAN_TBD_BY_ARTIFACT_AUDIT","TodayPage, DailyReview, JournalEntry, NextAction, RecoveryPlan",implement as product capability,Today читает реальные notes/tasks/calendar/source links и не генерирует отдельную несвязанную реальность.,Формат валют,"Деньги должны показываться с корректным знаком, позицией и правилами округления для региона.",12312,docs/source_of_truth/LifeOS_canon_v33.md
C23-012,Функция,C23,"ЯЗЫКИ, ЛОКАЛЬ И ПЕРЕВОД",Providers / Local AI / Media / Screen,Providers,/app/providers,PLAN_TBD_BY_ARTIFACT_AUDIT,"ProviderBoundary, ModelProfile, MediaTranscriptJob, ScreenSession, DeviceSyncState",implement as product capability,"Никаких fake cloud/model/screen/VPN success; только readiness, preview, explicit setup/approval.",Формат единиц измерения,"Единицы длины, массы, температуры и других измерений должны учитывать локальную норму чтения.",12318,docs/source_of_truth/LifeOS_canon_v33.md
C23-013,Функция,C23,"ЯЗЫКИ, ЛОКАЛЬ И ПЕРЕВОД",Planner / Tasks / Calendar / Focus,Plan,/app/plan,PLAN_TBD_BY_ARTIFACT_AUDIT,"Task, Project, CalendarBlock, PlannerBlock, FocusSession, WeekPlan",implement as product capability,"Task можно создать из source/note/chat, поставить в календарный блок, увидеть связь и receipt.",Настройки недели и рабочей недели,"Продукт должен учитывать не только язык, но и привычную структуру недели.",12324,docs/source_of_truth/LifeOS_canon_v33.md
C23-014,Функция,C23,"ЯЗЫКИ, ЛОКАЛЬ И ПЕРЕВОД",Capture / Inbox,Inbox,/app/inbox,PLAN_TBD_BY_ARTIFACT_AUDIT,"Source, SourcePacket, Attachment, ImportJob, CaptureDraft",implement as product capability,"Любой ввод сохраняется локально, получает provenance, receipt, Data Control item и graph edge.",Локализованный вход и обучение,"Первый вход, подсказки и объяснения должны говорить на языке пользователя и в его культурной рамке.",12330,docs/source_of_truth/LifeOS_canon_v33.md
C23-015,Функция,C23,"ЯЗЫКИ, ЛОКАЛЬ И ПЕРЕВОД",Life Domains / Wellbeing / Money / Family,Domains,/app/domains,PLAN_TBD_BY_ARTIFACT_AUDIT,"HealthSignal, Routine, Relationship, HomeItem, MoneyEvent, Trip, Meal, DomainPack",implement as product capability,Домены не ломают ядро; каждый доменный объект — LifeObject с source/receipt/control/graph.,Локализованные варианты онбординга,"Первый вход должен отличаться по языку и культурной рамке, а не быть буквальным переводом одного сценария.",12336,docs/source_of_truth/LifeOS_canon_v33.md
C23-016,Функция,C23,"ЯЗЫКИ, ЛОКАЛЬ И ПЕРЕВОД",Capture / Inbox,Inbox,/app/inbox,PLAN_TBD_BY_ARTIFACT_AUDIT,"Source, SourcePacket, Attachment, ImportJob, CaptureDraft",implement as product capability,"Любой ввод сохраняется локально, получает provenance, receipt, Data Control item и graph edge.",Локализованный коммерческий вход,"Коммерческий вход должен быть переведён не только по словам, но и по логике боли, доверия и первого личного результата.",12342,docs/source_of_truth/LifeOS_canon_v33.md
C23-017,Функция,C23,"ЯЗЫКИ, ЛОКАЛЬ И ПЕРЕВОД",Providers / Local AI / Media / Screen,Providers,/app/providers,PLAN_TBD_BY_ARTIFACT_AUDIT,"ProviderBoundary, ModelProfile, MediaTranscriptJob, ScreenSession, DeviceSyncState",implement as product capability,"Никаких fake cloud/model/screen/VPN success; только readiness, preview, explicit setup/approval.",Понятное объяснение ИИ и приватности на локальном языке,"Режимы ИИ, памяти и хранения должны объясняться простыми словами на языке пользователя.",12348,docs/source_of_truth/LifeOS_canon_v33.md
C23-018,Функция,C23,"ЯЗЫКИ, ЛОКАЛЬ И ПЕРЕВОД",Kernel / OS Spine,Core / invisible OS spine,/app/system,PLAN_TBD_BY_ARTIFACT_AUDIT,"LifeObject, SourceRef, Receipt, AuditEvent, PolicyBoundary, GraphEdge",implement as product capability,Все сущности имеют общий id/state/source/receipt/graph refs; ни одна секция не хранит отдельные fake arrays.,Локализованные цены,Цена должна показываться в понятной валюте и в привычной для рынка подаче.,12354,docs/source_of_truth/LifeOS_canon_v33.md
C23-019,Функция,C23,"ЯЗЫКИ, ЛОКАЛЬ И ПЕРЕВОД",Life Domains / Wellbeing / Money / Family,Domains,/app/domains,PLAN_TBD_BY_ARTIFACT_AUDIT,"HealthSignal, Routine, Relationship, HomeItem, MoneyEvent, Trip, Meal, DomainPack",implement as product capability,Домены не ломают ядро; каждый доменный объект — LifeObject с source/receipt/control/graph.,Региональная адаптация подачи продукта,"Подача ценности должна отличаться по регионам, а не быть одной и той же калькой для всех рынков.",12360,docs/source_of_truth/LifeOS_canon_v33.md
C23-020,Функция,C23,"ЯЗЫКИ, ЛОКАЛЬ И ПЕРЕВОД",Life Domains / Wellbeing / Money / Family,Domains,/app/domains,PLAN_TBD_BY_ARTIFACT_AUDIT,"HealthSignal, Routine, Relationship, HomeItem, MoneyEvent, Trip, Meal, DomainPack",implement as product capability,Домены не ломают ядро; каждый доменный объект — LifeObject с source/receipt/control/graph.,Локализация платёжного пути,Путь оплаты должен быть привычным для конкретного рынка и не ломать доверие на последнем шаге.,12366,docs/source_of_truth/LifeOS_canon_v33.md
C23-021,Качество,C23,"ЯЗЫКИ, ЛОКАЛЬ И ПЕРЕВОД",Providers / Local AI / Media / Screen,Providers,/app/providers,PLAN_TBD_BY_ARTIFACT_AUDIT,"ProviderBoundary, ModelProfile, MediaTranscriptJob, ScreenSession, DeviceSyncState",build as acceptance criterion,"Никаких fake cloud/model/screen/VPN success; только readiness, preview, explicit setup/approval.",Универсальные состояния вместо странно-локальных категорий,"Глобальные сценарии стоит строить вокруг универсальных жизненных состояний, а не вокруг узких культурных шаблонов одной страны.",12372,docs/source_of_truth/LifeOS_canon_v33.md
C23-022,Качество,C23,"ЯЗЫКИ, ЛОКАЛЬ И ПЕРЕВОД",Kernel / OS Spine,Core / invisible OS spine,/app/system,PLAN_TBD_BY_ARTIFACT_AUDIT,"LifeObject, SourceRef, Receipt, AuditEvent, PolicyBoundary, GraphEdge",build as acceptance criterion,Все сущности имеют общий id/state/source/receipt/graph refs; ни одна секция не хранит отдельные fake arrays.,"Локализуются данные и ритмы жизни, а не физика продукта","Меняться по локали должны валюты, типы счетов, ритмы недели, бытовые и семейные циклы, а не ядро продукта.",12378,docs/source_of_truth/LifeOS_canon_v33.md
C23-023,Качество,C23,"ЯЗЫКИ, ЛОКАЛЬ И ПЕРЕВОД",Kernel / OS Spine,Core / invisible OS spine,/app/system,PLAN_TBD_BY_ARTIFACT_AUDIT,"LifeObject, SourceRef, Receipt, AuditEvent, PolicyBoundary, GraphEdge",build as acceptance criterion,Все сущности имеют общий id/state/source/receipt/graph refs; ни одна секция не хранит отдельные fake arrays.,Готовность к 11–14 языкам,Языковая архитектура должна заранее выдерживать рост числа языков без болезненной пересборки ядра.,12384,docs/source_of_truth/LifeOS_canon_v33.md
C23-024,Минус,C23,"ЯЗЫКИ, ЛОКАЛЬ И ПЕРЕВОД",Kernel / OS Spine,Core / invisible OS spine,/app/system,PLAN_TBD_BY_ARTIFACT_AUDIT,"LifeObject, SourceRef, Receipt, AuditEvent, PolicyBoundary, GraphEdge",forbid / add regression guard,Все сущности имеют общий id/state/source/receipt/graph refs; ни одна секция не хранит отдельные fake arrays.,Монолокаль как скрытая норма,"Опасно строить продукт так, будто у всех один язык, одна валюта и один формат жизни.",12390,docs/source_of_truth/LifeOS_canon_v33.md
C23-025,Минус,C23,"ЯЗЫКИ, ЛОКАЛЬ И ПЕРЕВОД",Kernel / OS Spine,Core / invisible OS spine,/app/system,PLAN_TBD_BY_ARTIFACT_AUDIT,"LifeObject, SourceRef, Receipt, AuditEvent, PolicyBoundary, GraphEdge",forbid / add regression guard,Все сущности имеют общий id/state/source/receipt/graph refs; ни одна секция не хранит отдельные fake arrays.,Жёстко вшитые строки,"Тексты, живущие прямо в коде и макетах, быстро превращаются в международный долг.",12396,docs/source_of_truth/LifeOS_canon_v33.md
C23-026,Минус,C23,"ЯЗЫКИ, ЛОКАЛЬ И ПЕРЕВОД",Providers / Local AI / Media / Screen,Providers,/app/providers,PLAN_TBD_BY_ARTIFACT_AUDIT,"ProviderBoundary, ModelProfile, MediaTranscriptJob, ScreenSession, DeviceSyncState",forbid / add regression guard,"Никаких fake cloud/model/screen/VPN success; только readiness, preview, explicit setup/approval.",Скрытая американская норма как база для всех,"Нельзя незаметно строить продукт на предположении, что у всех одинаковые старт недели, ритм зарплаты, способы оплаты и английские подсказки.",12402,docs/source_of_truth/LifeOS_canon_v33.md
C23-027,Функция,C23,"ЯЗЫКИ, ЛОКАЛЬ И ПЕРЕВОД",Life Domains / Wellbeing / Money / Family,Domains,/app/domains,PLAN_TBD_BY_ARTIFACT_AUDIT,"HealthSignal, Routine, Relationship, HomeItem, MoneyEvent, Trip, Meal, DomainPack",implement as product capability,Домены не ломают ядро; каждый доменный объект — LifeObject с source/receipt/control/graph.,"Локализация курсов, событий, профилей и форумов","новые слои должны с самого начала уметь работать с многоязычными описаниями, переводами и разной локалью даты, цены и форматов.",12411,docs/source_of_truth/LifeOS_canon_v33.md
C23-028,Функция,C23,"ЯЗЫКИ, ЛОКАЛЬ И ПЕРЕВОД",Kernel / OS Spine,Core / invisible OS spine,/app/system,PLAN_TBD_BY_ARTIFACT_AUDIT,"LifeObject, SourceRef, Receipt, AuditEvent, PolicyBoundary, GraphEdge",implement as product capability,Все сущности имеют общий id/state/source/receipt/graph refs; ни одна секция не хранит отдельные fake arrays.,"Мультиязычные сводки, опросы и описания","система должна уметь строить сводки, опросы и описания объектов в выбранном языке пользователя.",12417,docs/source_of_truth/LifeOS_canon_v33.md
C23-029,Качество,C23,"ЯЗЫКИ, ЛОКАЛЬ И ПЕРЕВОД",Kernel / OS Spine,Core / invisible OS spine,/app/system,PLAN_TBD_BY_ARTIFACT_AUDIT,"LifeObject, SourceRef, Receipt, AuditEvent, PolicyBoundary, GraphEdge",build as acceptance criterion,Все сущности имеют общий id/state/source/receipt/graph refs; ни одна секция не хранит отдельные fake arrays.,"Локаль влияет не только на текст, но и на проживание объекта","валюта, дата, формат времени, единицы измерения и стиль интерфейса должны зависеть от локали человека и объекта.",12423,docs/source_of_truth/LifeOS_canon_v33.md
C24-001,Качество,C24,"МОБИЛЬНОСТЬ, УСТРОЙСТВА И СИНХРОНИЗАЦИЯ",Providers / Local AI / Media / Screen,Providers,/app/providers,PLAN_TBD_BY_ARTIFACT_AUDIT,"ProviderBoundary, ModelProfile, MediaTranscriptJob, ScreenSession, DeviceSyncState",build as acceptance criterion,"Никаких fake cloud/model/screen/VPN success; только readiness, preview, explicit setup/approval.",Сверхкороткие мобильные сессии,Ключевые действия должны укладываться в несколько секунд и одно намерение.,12433,docs/source_of_truth/LifeOS_canon_v33.md
C24-002,Качество,C24,"МОБИЛЬНОСТЬ, УСТРОЙСТВА И СИНХРОНИЗАЦИЯ",Agents / Workflows,Agents,/app/agents,PLAN_TBD_BY_ARTIFACT_AUDIT,"AgentManifest, ToolScope, WorkflowManifest, WorkflowRunPreview, ActionProposal",build as acceptance criterion,Агент ничего не отправляет/не удаляет/не публикует без явного approval; dry-run даёт receipt и proposal.,Работа одной рукой,Мобильная физика должна учитывать реальный хват и короткое взаимодействие на ходу.,12439,docs/source_of_truth/LifeOS_canon_v33.md
C24-003,Качество,C24,"МОБИЛЬНОСТЬ, УСТРОЙСТВА И СИНХРОНИЗАЦИЯ",Providers / Local AI / Media / Screen,Providers,/app/providers,PLAN_TBD_BY_ARTIFACT_AUDIT,"ProviderBoundary, ModelProfile, MediaTranscriptJob, ScreenSession, DeviceSyncState",build as acceptance criterion,"Никаких fake cloud/model/screen/VPN success; только readiness, preview, explicit setup/approval.",Телефон как первый режим,"Мобильный контур считается главным жизненным режимом, а не вторичной копией веба.",12445,docs/source_of_truth/LifeOS_canon_v33.md
C24-004,Функция,C24,"МОБИЛЬНОСТЬ, УСТРОЙСТВА И СИНХРОНИЗАЦИЯ",Providers / Local AI / Media / Screen,Providers,/app/providers,PLAN_TBD_BY_ARTIFACT_AUDIT,"ProviderBoundary, ModelProfile, MediaTranscriptJob, ScreenSession, DeviceSyncState",implement as product capability,"Никаких fake cloud/model/screen/VPN success; только readiness, preview, explicit setup/approval.",Синхронизация между устройствами как базовый слой,"Система должна считать кросс-устройственное продолжение нормой, а не редким бонусом.",12451,docs/source_of_truth/LifeOS_canon_v33.md
C24-005,Функция,C24,"МОБИЛЬНОСТЬ, УСТРОЙСТВА И СИНХРОНИЗАЦИЯ",Providers / Local AI / Media / Screen,Providers,/app/providers,PLAN_TBD_BY_ARTIFACT_AUDIT,"ProviderBoundary, ModelProfile, MediaTranscriptJob, ScreenSession, DeviceSyncState",implement as product capability,"Никаких fake cloud/model/screen/VPN success; только readiness, preview, explicit setup/approval.",Непрерывность между устройствами,Человек должен продолжать одно и то же действие на другом устройстве без потери контекста и доверия.,12457,docs/source_of_truth/LifeOS_canon_v33.md
C24-006,Функция,C24,"МОБИЛЬНОСТЬ, УСТРОЙСТВА И СИНХРОНИЗАЦИЯ",Providers / Local AI / Media / Screen,Providers,/app/providers,PLAN_TBD_BY_ARTIFACT_AUDIT,"ProviderBoundary, ModelProfile, MediaTranscriptJob, ScreenSession, DeviceSyncState",implement as product capability,"Никаких fake cloud/model/screen/VPN success; только readiness, preview, explicit setup/approval.",Видимый статус длинной обработки,"Длинные мобильные и фоновые процессы должны честно показывать, что происходит с материалом.",12463,docs/source_of_truth/LifeOS_canon_v33.md
C24-007,Функция,C24,"МОБИЛЬНОСТЬ, УСТРОЙСТВА И СИНХРОНИЗАЦИЯ",Providers / Local AI / Media / Screen,Providers,/app/providers,PLAN_TBD_BY_ARTIFACT_AUDIT,"ProviderBoundary, ModelProfile, MediaTranscriptJob, ScreenSession, DeviceSyncState",implement as product capability,"Никаких fake cloud/model/screen/VPN success; только readiness, preview, explicit setup/approval.",Видимый статус синхронизации,"Синхронизация должна ощущаться как часть опыта, а не как невидимая магия.",12469,docs/source_of_truth/LifeOS_canon_v33.md
C24-008,Функция,C24,"МОБИЛЬНОСТЬ, УСТРОЙСТВА И СИНХРОНИЗАЦИЯ",Providers / Local AI / Media / Screen,Providers,/app/providers,PLAN_TBD_BY_ARTIFACT_AUDIT,"ProviderBoundary, ModelProfile, MediaTranscriptJob, ScreenSession, DeviceSyncState",implement as product capability,"Никаких fake cloud/model/screen/VPN success; только readiness, preview, explicit setup/approval.",Разделённая межустройственная синхронизация по типам данных,Между устройствами разные типы данных должны синхронизироваться по разным правилам важности и тяжести.,12475,docs/source_of_truth/LifeOS_canon_v33.md
C24-009,Функция,C24,"МОБИЛЬНОСТЬ, УСТРОЙСТВА И СИНХРОНИЗАЦИЯ",Providers / Local AI / Media / Screen,Providers,/app/providers,PLAN_TBD_BY_ARTIFACT_AUDIT,"ProviderBoundary, ModelProfile, MediaTranscriptJob, ScreenSession, DeviceSyncState",implement as product capability,"Никаких fake cloud/model/screen/VPN success; только readiness, preview, explicit setup/approval.",Прямая синхронизация между устройствами без обязательного центрального сервера,Для приватных сценариев нужен путь прямого обмена между устройствами без жёсткой зависимости от одного центрального узла.,12481,docs/source_of_truth/LifeOS_canon_v33.md
C24-010,Функция,C24,"МОБИЛЬНОСТЬ, УСТРОЙСТВА И СИНХРОНИЗАЦИЯ",Providers / Local AI / Media / Screen,Providers,/app/providers,PLAN_TBD_BY_ARTIFACT_AUDIT,"ProviderBoundary, ModelProfile, MediaTranscriptJob, ScreenSession, DeviceSyncState",implement as product capability,"Никаких fake cloud/model/screen/VPN success; только readiness, preview, explicit setup/approval.",Выборочная синхронизация по контурам,"Синхронизация должна уметь работать не только на всё сразу, но и по выбранным частям системы.",12487,docs/source_of_truth/LifeOS_canon_v33.md
C24-011,Функция,C24,"МОБИЛЬНОСТЬ, УСТРОЙСТВА И СИНХРОНИЗАЦИЯ",Providers / Local AI / Media / Screen,Providers,/app/providers,PLAN_TBD_BY_ARTIFACT_AUDIT,"ProviderBoundary, ModelProfile, MediaTranscriptJob, ScreenSession, DeviceSyncState",implement as product capability,"Никаких fake cloud/model/screen/VPN success; только readiness, preview, explicit setup/approval.",Виджеты и быстрые действия,Частые входы и возвраты к важному должны быть доступны без полного открытия приложения.,12493,docs/source_of_truth/LifeOS_canon_v33.md
C24-012,Функция,C24,"МОБИЛЬНОСТЬ, УСТРОЙСТВА И СИНХРОНИЗАЦИЯ",Providers / Local AI / Media / Screen,Providers,/app/providers,PLAN_TBD_BY_ARTIFACT_AUDIT,"ProviderBoundary, ModelProfile, MediaTranscriptJob, ScreenSession, DeviceSyncState",implement as product capability,"Никаких fake cloud/model/screen/VPN success; только readiness, preview, explicit setup/approval.",Почти прямой вход с домашнего экрана,У продукта должен быть максимально короткий путь до захвата и продолжения работы.,12499,docs/source_of_truth/LifeOS_canon_v33.md
C24-013,Функция,C24,"МОБИЛЬНОСТЬ, УСТРОЙСТВА И СИНХРОНИЗАЦИЯ",Capture / Inbox,Inbox,/app/inbox,PLAN_TBD_BY_ARTIFACT_AUDIT,"Source, SourcePacket, Attachment, ImportJob, CaptureDraft",implement as product capability,"Любой ввод сохраняется локально, получает provenance, receipt, Data Control item и graph edge.",Мобильный захват с экрана блокировки,Быстрый вход на ходу должен работать даже до полного входа в глубину приложения.,12505,docs/source_of_truth/LifeOS_canon_v33.md
C24-014,Функция,C24,"МОБИЛЬНОСТЬ, УСТРОЙСТВА И СИНХРОНИЗАЦИЯ",Providers / Local AI / Media / Screen,Providers,/app/providers,PLAN_TBD_BY_ARTIFACT_AUDIT,"ProviderBoundary, ModelProfile, MediaTranscriptJob, ScreenSession, DeviceSyncState",implement as product capability,"Никаких fake cloud/model/screen/VPN success; только readiness, preview, explicit setup/approval.",Фоновые точки входа,"Некоторые сценарии захвата и продолжения должны быть доступны из фона, но в видимой и контролируемой форме.",12511,docs/source_of_truth/LifeOS_canon_v33.md
C24-015,Функция,C24,"МОБИЛЬНОСТЬ, УСТРОЙСТВА И СИНХРОНИЗАЦИЯ",Providers / Local AI / Media / Screen,Providers,/app/providers,PLAN_TBD_BY_ARTIFACT_AUDIT,"ProviderBoundary, ModelProfile, MediaTranscriptJob, ScreenSession, DeviceSyncState",implement as product capability,"Никаких fake cloud/model/screen/VPN success; только readiness, preview, explicit setup/approval.",Черновики и локальное сохранение прогресса,Мобильный слой должен сохранять незавершённую работу локально и не терять её из-за сбоя.,12518,docs/source_of_truth/LifeOS_canon_v33.md
C24-016,Функция,C24,"МОБИЛЬНОСТЬ, УСТРОЙСТВА И СИНХРОНИЗАЦИЯ",Capture / Inbox,Inbox,/app/inbox,PLAN_TBD_BY_ARTIFACT_AUDIT,"Source, SourcePacket, Attachment, ImportJob, CaptureDraft",implement as product capability,"Любой ввод сохраняется локально, получает provenance, receipt, Data Control item и graph edge.",Запись кусками при длинном входе,"Длинный мобильный ввод должен уметь сохраняться частями, а не зависеть от одного хрупкого непрерывного прохода.",12524,docs/source_of_truth/LifeOS_canon_v33.md
C24-017,Функция,C24,"МОБИЛЬНОСТЬ, УСТРОЙСТВА И СИНХРОНИЗАЦИЯ",Providers / Local AI / Media / Screen,Providers,/app/providers,PLAN_TBD_BY_ARTIFACT_AUDIT,"ProviderBoundary, ModelProfile, MediaTranscriptJob, ScreenSession, DeviceSyncState",implement as product capability,"Никаких fake cloud/model/screen/VPN success; только readiness, preview, explicit setup/approval.",Устойчивость к плохой сети,Критический путь должен жить при слабой сети и переживать отложенную отправку.,12530,docs/source_of_truth/LifeOS_canon_v33.md
C24-018,Качество,C24,"МОБИЛЬНОСТЬ, УСТРОЙСТВА И СИНХРОНИЗАЦИЯ",Providers / Local AI / Media / Screen,Providers,/app/providers,PLAN_TBD_BY_ARTIFACT_AUDIT,"ProviderBoundary, ModelProfile, MediaTranscriptJob, ScreenSession, DeviceSyncState",build as acceptance criterion,"Никаких fake cloud/model/screen/VPN success; только readiness, preview, explicit setup/approval.",Критический путь офлайн на слабых телефонах,"Базовые чтение, запись и продолжение работы должны быть доступны даже на слабых телефонах и при плохой сети.",12536,docs/source_of_truth/LifeOS_canon_v33.md
C24-019,Функция,C24,"МОБИЛЬНОСТЬ, УСТРОЙСТВА И СИНХРОНИЗАЦИЯ",Providers / Local AI / Media / Screen,Providers,/app/providers,PLAN_TBD_BY_ARTIFACT_AUDIT,"ProviderBoundary, ModelProfile, MediaTranscriptJob, ScreenSession, DeviceSyncState",implement as product capability,"Никаких fake cloud/model/screen/VPN success; только readiness, preview, explicit setup/approval.",Реализм низкого заряда,При низком заряде система должна упрощать поведение и не тратить батарею на второстепенное.,12542,docs/source_of_truth/LifeOS_canon_v33.md
C24-020,Функция,C24,"МОБИЛЬНОСТЬ, УСТРОЙСТВА И СИНХРОНИЗАЦИЯ",Providers / Local AI / Media / Screen,Providers,/app/providers,PLAN_TBD_BY_ARTIFACT_AUDIT,"ProviderBoundary, ModelProfile, MediaTranscriptJob, ScreenSession, DeviceSyncState",implement as product capability,"Никаких fake cloud/model/screen/VPN success; только readiness, preview, explicit setup/approval.",Быстрый повтор после прерывания,"После звонка, сбоя или закрытия человек быстро возвращается к незавершённому действию.",12548,docs/source_of_truth/LifeOS_canon_v33.md
C24-021,Функция,C24,"МОБИЛЬНОСТЬ, УСТРОЙСТВА И СИНХРОНИЗАЦИЯ",Providers / Local AI / Media / Screen,Providers,/app/providers,PLAN_TBD_BY_ARTIFACT_AUDIT,"ProviderBoundary, ModelProfile, MediaTranscriptJob, ScreenSession, DeviceSyncState",implement as product capability,"Никаких fake cloud/model/screen/VPN success; только readiness, preview, explicit setup/approval.",Профили классов устройств,"Система должна учитывать слабый, средний, сильный и флагманский класс устройства как разные физические условия работы.",12554,docs/source_of_truth/LifeOS_canon_v33.md
C24-022,Функция,C24,"МОБИЛЬНОСТЬ, УСТРОЙСТВА И СИНХРОНИЗАЦИЯ",Providers / Local AI / Media / Screen,Providers,/app/providers,PLAN_TBD_BY_ARTIFACT_AUDIT,"ProviderBoundary, ModelProfile, MediaTranscriptJob, ScreenSession, DeviceSyncState",implement as product capability,"Никаких fake cloud/model/screen/VPN success; только readiness, preview, explicit setup/approval.",Скачиваемые пакеты под устройство,Дополнительные локальные возможности можно подключать как отдельные пакеты по силам конкретного устройства.,12560,docs/source_of_truth/LifeOS_canon_v33.md
C24-023,Функция,C24,"МОБИЛЬНОСТЬ, УСТРОЙСТВА И СИНХРОНИЗАЦИЯ",Providers / Local AI / Media / Screen,Providers,/app/providers,PLAN_TBD_BY_ARTIFACT_AUDIT,"ProviderBoundary, ModelProfile, MediaTranscriptJob, ScreenSession, DeviceSyncState",implement as product capability,"Никаких fake cloud/model/screen/VPN success; только readiness, preview, explicit setup/approval.",Диспетчер пакетов устройства,На устройстве нужен отдельный экран управления локальными пакетами возможностей.,12566,docs/source_of_truth/LifeOS_canon_v33.md
C24-024,Функция,C24,"МОБИЛЬНОСТЬ, УСТРОЙСТВА И СИНХРОНИЗАЦИЯ",Providers / Local AI / Media / Screen,Providers,/app/providers,PLAN_TBD_BY_ARTIFACT_AUDIT,"ProviderBoundary, ModelProfile, MediaTranscriptJob, ScreenSession, DeviceSyncState",implement as product capability,"Никаких fake cloud/model/screen/VPN success; только readiness, preview, explicit setup/approval.",Рекомендованный режим устройства,"системе полезно прямо объяснять, какой режим лучше выбрать на текущем устройстве, и честно показывать границу между тем, что доступно здесь и сейчас, и тем, что требует более сильного устройства или другого типа клиента.",12572,docs/source_of_truth/LifeOS_canon_v33.md
C24-025,Функция,C24,"МОБИЛЬНОСТЬ, УСТРОЙСТВА И СИНХРОНИЗАЦИЯ",Providers / Local AI / Media / Screen,Providers,/app/providers,PLAN_TBD_BY_ARTIFACT_AUDIT,"ProviderBoundary, ModelProfile, MediaTranscriptJob, ScreenSession, DeviceSyncState",implement as product capability,"Никаких fake cloud/model/screen/VPN success; только readiness, preview, explicit setup/approval.",Видимый режим вычислений: локально или через облако,"Пользователь должен видеть, где именно работает текущий вычислительный режим: на устройстве, на локальном сервере или через внешний облачный контур.",12578,docs/source_of_truth/LifeOS_canon_v33.md
C24-026,Функция,C24,"МОБИЛЬНОСТЬ, УСТРОЙСТВА И СИНХРОНИЗАЦИЯ",Providers / Local AI / Media / Screen,Providers,/app/providers,PLAN_TBD_BY_ARTIFACT_AUDIT,"ProviderBoundary, ModelProfile, MediaTranscriptJob, ScreenSession, DeviceSyncState",implement as product capability,"Никаких fake cloud/model/screen/VPN success; только readiness, preview, explicit setup/approval.",Локально-облачные метки на результате,У самого вывода должна быть короткая и читаемая метка режима обработки.,12584,docs/source_of_truth/LifeOS_canon_v33.md
C24-027,Качество,C24,"МОБИЛЬНОСТЬ, УСТРОЙСТВА И СИНХРОНИЗАЦИЯ",Providers / Local AI / Media / Screen,Providers,/app/providers,PLAN_TBD_BY_ARTIFACT_AUDIT,"ProviderBoundary, ModelProfile, MediaTranscriptJob, ScreenSession, DeviceSyncState",build as acceptance criterion,"Никаких fake cloud/model/screen/VPN success; только readiness, preview, explicit setup/approval.",Готовность к разным телефонам без потери доверия,"Разные устройства могут давать разную глубину локальной работы, но не должны ломать происхождение, контроль и смысл.",12590,docs/source_of_truth/LifeOS_canon_v33.md
C24-028,Качество,C24,"МОБИЛЬНОСТЬ, УСТРОЙСТВА И СИНХРОНИЗАЦИЯ",Data Control / Trust / Privacy,Control,/app/control,"PLAN_TBD_BY_ARTIFACT_AUDIT, PLAN_TBD_BY_ARTIFACT_AUDIT","Receipt, DataControlItem, AuditEvent, ExportJob, DeletePreview, PrivacyZone, PermissionGrant",build as acceptance criterion,Любое изменение имеет receipt; destructive действия только preview + confirmation boundary.,Готовность к будущим айфонам и андроидам без потери доверия,"Платформенная эволюция не должна ломать доверие, происхождение и контроль.",12596,docs/source_of_truth/LifeOS_canon_v33.md
C24-029,Функция,C24,"МОБИЛЬНОСТЬ, УСТРОЙСТВА И СИНХРОНИЗАЦИЯ",Capture / Inbox,Inbox,/app/inbox,PLAN_TBD_BY_ARTIFACT_AUDIT,"Source, SourcePacket, Attachment, ImportJob, CaptureDraft",implement as product capability,"Любой ввод сохраняется локально, получает provenance, receipt, Data Control item и graph edge.",Ручной режим захвата по нажатию,Базовый контур захвата должен запускаться одним явным действием без долгой подготовки.,12602,docs/source_of_truth/LifeOS_canon_v33.md
C24-030,Функция,C24,"МОБИЛЬНОСТЬ, УСТРОЙСТВА И СИНХРОНИЗАЦИЯ",Capture / Inbox,Inbox,/app/inbox,PLAN_TBD_BY_ARTIFACT_AUDIT,"Source, SourcePacket, Attachment, ImportJob, CaptureDraft",implement as product capability,"Любой ввод сохраняется локально, получает provenance, receipt, Data Control item и graph edge.",Сессионный фоновый режим захвата,"Кроме мгновенного входа нужен ограниченный фоновый режим на время встречи, прогулки или разговора.",12608,docs/source_of_truth/LifeOS_canon_v33.md
C24-031,Функция,C24,"МОБИЛЬНОСТЬ, УСТРОЙСТВА И СИНХРОНИЗАЦИЯ",Agents / Workflows,Agents,/app/agents,PLAN_TBD_BY_ARTIFACT_AUDIT,"AgentManifest, ToolScope, WorkflowManifest, WorkflowRunPreview, ActionProposal",implement as product capability,Агент ничего не отправляет/не удаляет/не публикует без явного approval; dry-run даёт receipt и proposal.,Непрерывный носимый режим по явному включению,"Для продвинутого сценария нужен отдельный носимый режим, который может работать долго, но только по явному включению.",12614,docs/source_of_truth/LifeOS_canon_v33.md
C24-032,Функция,C24,"МОБИЛЬНОСТЬ, УСТРОЙСТВА И СИНХРОНИЗАЦИЯ",Providers / Local AI / Media / Screen,Providers,/app/providers,PLAN_TBD_BY_ARTIFACT_AUDIT,"ProviderBoundary, ModelProfile, MediaTranscriptJob, ScreenSession, DeviceSyncState",implement as product capability,"Никаких fake cloud/model/screen/VPN success; только readiness, preview, explicit setup/approval.",Триггер с носимого устройства,У носимого контура должна быть отдельная физическая кнопка или быстрый триггер.,12621,docs/source_of_truth/LifeOS_canon_v33.md
C24-033,Функция,C24,"МОБИЛЬНОСТЬ, УСТРОЙСТВА И СИНХРОНИЗАЦИЯ",Providers / Local AI / Media / Screen,Providers,/app/providers,PLAN_TBD_BY_ARTIFACT_AUDIT,"ProviderBoundary, ModelProfile, MediaTranscriptJob, ScreenSession, DeviceSyncState",implement as product capability,"Никаких fake cloud/model/screen/VPN success; только readiness, preview, explicit setup/approval.",Физическая кнопка-метка важного во время записи,в момент захвата человек должен иметь очень быстрый способ поставить метку важности без открытия полного интерфейса.,12627,docs/source_of_truth/LifeOS_canon_v33.md
C24-034,Функция,C24,"МОБИЛЬНОСТЬ, УСТРОЙСТВА И СИНХРОНИЗАЦИЯ",Providers / Local AI / Media / Screen,Providers,/app/providers,PLAN_TBD_BY_ARTIFACT_AUDIT,"ProviderBoundary, ModelProfile, MediaTranscriptJob, ScreenSession, DeviceSyncState",implement as product capability,"Никаких fake cloud/model/screen/VPN success; только readiness, preview, explicit setup/approval.",Сессия контекста экрана ноутбука,"Система может помогать по тому, что человек сейчас делает на экране, но только в явной сессии.",12633,docs/source_of_truth/LifeOS_canon_v33.md
C24-035,Функция,C24,"МОБИЛЬНОСТЬ, УСТРОЙСТВА И СИНХРОНИЗАЦИЯ",Providers / Local AI / Media / Screen,Providers,/app/providers,PLAN_TBD_BY_ARTIFACT_AUDIT,"ProviderBoundary, ModelProfile, MediaTranscriptJob, ScreenSession, DeviceSyncState",implement as product capability,"Никаких fake cloud/model/screen/VPN success; только readiness, preview, explicit setup/approval.",Сессия контекста камеры телефона или очков,У визуального контекста должен быть отдельный явный сессионный режим.,12639,docs/source_of_truth/LifeOS_canon_v33.md
C24-036,Функция,C24,"МОБИЛЬНОСТЬ, УСТРОЙСТВА И СИНХРОНИЗАЦИЯ",Providers / Local AI / Media / Screen,Providers,/app/providers,PLAN_TBD_BY_ARTIFACT_AUDIT,"ProviderBoundary, ModelProfile, MediaTranscriptJob, ScreenSession, DeviceSyncState",implement as product capability,"Никаких fake cloud/model/screen/VPN success; только readiness, preview, explicit setup/approval.","Единый сессионный контур телефона, ноутбука и носимого устройства",Один момент жизни может собираться сразу из нескольких устройств в общий контекст.,12645,docs/source_of_truth/LifeOS_canon_v33.md
C24-037,Минус,C24,"МОБИЛЬНОСТЬ, УСТРОЙСТВА И СИНХРОНИЗАЦИЯ",Providers / Local AI / Media / Screen,Providers,/app/providers,PLAN_TBD_BY_ARTIFACT_AUDIT,"ProviderBoundary, ModelProfile, MediaTranscriptJob, ScreenSession, DeviceSyncState",forbid / add regression guard,"Никаких fake cloud/model/screen/VPN success; только readiness, preview, explicit setup/approval.",Один движок синхронизации на всё,"Одинаковая синхронизация для всех типов данных создаёт лишние конфликты, задержки и расход батареи.",12651,docs/source_of_truth/LifeOS_canon_v33.md
C24-038,Минус,C24,"МОБИЛЬНОСТЬ, УСТРОЙСТВА И СИНХРОНИЗАЦИЯ",Providers / Local AI / Media / Screen,Providers,/app/providers,PLAN_TBD_BY_ARTIFACT_AUDIT,"ProviderBoundary, ModelProfile, MediaTranscriptJob, ScreenSession, DeviceSyncState",forbid / add regression guard,"Никаких fake cloud/model/screen/VPN success; только readiness, preview, explicit setup/approval.","Настольный сценарий, сжатый в телефон",Нельзя переносить длинные веб-потоки на мобильный экран без пересборки физики действий.,12657,docs/source_of_truth/LifeOS_canon_v33.md
C24-039,Минус,C24,"МОБИЛЬНОСТЬ, УСТРОЙСТВА И СИНХРОНИЗАЦИЯ",Providers / Local AI / Media / Screen,Providers,/app/providers,PLAN_TBD_BY_ARTIFACT_AUDIT,"ProviderBoundary, ModelProfile, MediaTranscriptJob, ScreenSession, DeviceSyncState",forbid / add regression guard,"Никаких fake cloud/model/screen/VPN success; только readiness, preview, explicit setup/approval.",Невидимая фоновая кухня,"Опасно, когда мобильный слой что-то долго делает в фоне, но не показывает, что происходит и можно ли доверять результату.",12663,docs/source_of_truth/LifeOS_canon_v33.md
C24-040,Минус,C24,"МОБИЛЬНОСТЬ, УСТРОЙСТВА И СИНХРОНИЗАЦИЯ",Providers / Local AI / Media / Screen,Providers,/app/providers,PLAN_TBD_BY_ARTIFACT_AUDIT,"ProviderBoundary, ModelProfile, MediaTranscriptJob, ScreenSession, DeviceSyncState",forbid / add regression guard,"Никаких fake cloud/model/screen/VPN success; только readiness, preview, explicit setup/approval.",Скрытый режим вычислений: локально или через облако,"Нельзя прятать от человека, где именно обработан его материал: на устройстве, на локальном сервере или через внешний облачный контур.",12669,docs/source_of_truth/LifeOS_canon_v33.md
C24-041,Функция,C24,"МОБИЛЬНОСТЬ, УСТРОЙСТВА И СИНХРОНИЗАЦИЯ",Providers / Local AI / Media / Screen,Providers,/app/providers,PLAN_TBD_BY_ARTIFACT_AUDIT,"ProviderBoundary, ModelProfile, MediaTranscriptJob, ScreenSession, DeviceSyncState",implement as product capability,"Никаких fake cloud/model/screen/VPN success; только readiness, preview, explicit setup/approval.","Консьерж по защите, миграции и настройке устройства","мобильный слой должен уметь сопровождать не только синхронизацию, но и жизненную админку самого устройства.",12675,docs/source_of_truth/LifeOS_canon_v33.md
C24-042,Функция,C24,"МОБИЛЬНОСТЬ, УСТРОЙСТВА И СИНХРОНИЗАЦИЯ",Providers / Local AI / Media / Screen,Providers,/app/providers,PLAN_TBD_BY_ARTIFACT_AUDIT,"ProviderBoundary, ModelProfile, MediaTranscriptJob, ScreenSession, DeviceSyncState",implement as product capability,"Никаких fake cloud/model/screen/VPN success; только readiness, preview, explicit setup/approval.",Межустройственные жёсткие границы фокуса,в сильном сценарии фокусный режим должен уметь согласованно держаться сразу на нескольких устройствах.,12681,docs/source_of_truth/LifeOS_canon_v33.md
C24-043,Функция,C24,"МОБИЛЬНОСТЬ, УСТРОЙСТВА И СИНХРОНИЗАЦИЯ",Life Domains / Wellbeing / Money / Family,Domains,/app/domains,PLAN_TBD_BY_ARTIFACT_AUDIT,"HealthSignal, Routine, Relationship, HomeItem, MoneyEvent, Trip, Meal, DomainPack",implement as product capability,Домены не ломают ядро; каждый доменный объект — LifeObject с source/receipt/control/graph.,"Командные сообщения, события и роли в мобильном контуре","мобильный рабочий режим может держать не только личные записи, но и основные командные сообщения, события и ролевую координацию.",12687,docs/source_of_truth/LifeOS_canon_v33.md
C24-044,Функция,C24,"МОБИЛЬНОСТЬ, УСТРОЙСТВА И СИНХРОНИЗАЦИЯ",Providers / Local AI / Media / Screen,Providers,/app/providers,PLAN_TBD_BY_ARTIFACT_AUDIT,"ProviderBoundary, ModelProfile, MediaTranscriptJob, ScreenSession, DeviceSyncState",implement as product capability,"Никаких fake cloud/model/screen/VPN success; только readiness, preview, explicit setup/approval.",Опросы и отметка участия в мобильном контуре,"мобильная командная координация должна уметь быстро собирать ответы, участие и короткие организационные сигналы.",12694,docs/source_of_truth/LifeOS_canon_v33.md
C24-045,Функция,C24,"МОБИЛЬНОСТЬ, УСТРОЙСТВА И СИНХРОНИЗАЦИЯ",Providers / Local AI / Media / Screen,Providers,/app/providers,PLAN_TBD_BY_ARTIFACT_AUDIT,"ProviderBoundary, ModelProfile, MediaTranscriptJob, ScreenSession, DeviceSyncState",implement as product capability,"Никаких fake cloud/model/screen/VPN success; только readiness, preview, explicit setup/approval.",Переключатель режима экранной памяти на устройстве,на устройстве должен быть явный выбор между режимом снимков экрана и непрерывным контуром экранной памяти.,12701,docs/source_of_truth/LifeOS_canon_v33.md
C24-046,Функция,C24,"МОБИЛЬНОСТЬ, УСТРОЙСТВА И СИНХРОНИЗАЦИЯ",Providers / Local AI / Media / Screen,Providers,/app/providers,PLAN_TBD_BY_ARTIFACT_AUDIT,"ProviderBoundary, ModelProfile, MediaTranscriptJob, ScreenSession, DeviceSyncState",implement as product capability,"Никаких fake cloud/model/screen/VPN success; только readiness, preview, explicit setup/approval.",Настройка лимита гигабайт и дней для экранной и фоновой памяти на устройстве,у пользователя на устройстве должна быть простая настройка лимита места и срока хранения для фоновых контуров.,12707,docs/source_of_truth/LifeOS_canon_v33.md
C24-047,Функция,C24,"МОБИЛЬНОСТЬ, УСТРОЙСТВА И СИНХРОНИЗАЦИЯ",Providers / Local AI / Media / Screen,Providers,/app/providers,PLAN_TBD_BY_ARTIFACT_AUDIT,"ProviderBoundary, ModelProfile, MediaTranscriptJob, ScreenSession, DeviceSyncState",implement as product capability,"Никаких fake cloud/model/screen/VPN success; только readiness, preview, explicit setup/approval.",Автопауза захвата по батарее и месту на устройстве,"мобильный и носимый контур должны останавливать тяжёлые режимы не только по желанию человека, но и при опасном падении заряда или места.",12713,docs/source_of_truth/LifeOS_canon_v33.md
C24-048,Функция,C24,"МОБИЛЬНОСТЬ, УСТРОЙСТВА И СИНХРОНИЗАЦИЯ",Providers / Local AI / Media / Screen,Providers,/app/providers,PLAN_TBD_BY_ARTIFACT_AUDIT,"ProviderBoundary, ModelProfile, MediaTranscriptJob, ScreenSession, DeviceSyncState",implement as product capability,"Никаких fake cloud/model/screen/VPN success; только readiness, preview, explicit setup/approval.",Матрица возможностей платформ,"продукт должен явно различать, что гарантированно доступно в веб-версии, что требует нативного клиента, а что относится к поздним экспериментальным режимам.",12719,docs/source_of_truth/LifeOS_canon_v33.md
C24-049,Качество,C24,"МОБИЛЬНОСТЬ, УСТРОЙСТВА И СИНХРОНИЗАЦИЯ",Providers / Local AI / Media / Screen,Providers,/app/providers,PLAN_TBD_BY_ARTIFACT_AUDIT,"ProviderBoundary, ModelProfile, MediaTranscriptJob, ScreenSession, DeviceSyncState",build as acceptance criterion,"Никаких fake cloud/model/screen/VPN success; только readiness, preview, explicit setup/approval.",Единое ядро при разных возможностях устройств,"разные устройства и клиенты могут иметь разную глубину системных возможностей, но не должны ломать общий смысл, права и доверие.",12725,docs/source_of_truth/LifeOS_canon_v33.md
C24-050,Функция,C24,"МОБИЛЬНОСТЬ, УСТРОЙСТВА И СИНХРОНИЗАЦИЯ",Providers / Local AI / Media / Screen,Providers,/app/providers,PLAN_TBD_BY_ARTIFACT_AUDIT,"ProviderBoundary, ModelProfile, MediaTranscriptJob, ScreenSession, DeviceSyncState",implement as product capability,"Никаких fake cloud/model/screen/VPN success; только readiness, preview, explicit setup/approval.",Контракт возможностей пакета по устройству,"каждый тяжёлый пакет или режим должен явно описывать, каких возможностей и ресурсов устройства он требует.",12731,docs/source_of_truth/LifeOS_canon_v33.md
C24-051,Качество,C24,"МОБИЛЬНОСТЬ, УСТРОЙСТВА И СИНХРОНИЗАЦИЯ",Providers / Local AI / Media / Screen,Providers,/app/providers,PLAN_TBD_BY_ARTIFACT_AUDIT,"ProviderBoundary, ModelProfile, MediaTranscriptJob, ScreenSession, DeviceSyncState",build as acceptance criterion,"Никаких fake cloud/model/screen/VPN success; только readiness, preview, explicit setup/approval.",Деградация по устройству без потери смысла,"на слабых устройствах продукт может упрощать глубину локальной работы, но не должен терять происхождение, память, права и контур проверки.",12738,docs/source_of_truth/LifeOS_canon_v33.md
C24-052,Функция,C24,"МОБИЛЬНОСТЬ, УСТРОЙСТВА И СИНХРОНИЗАЦИЯ",Providers / Local AI / Media / Screen,Providers,/app/providers,PLAN_TBD_BY_ARTIFACT_AUDIT,"ProviderBoundary, ModelProfile, MediaTranscriptJob, ScreenSession, DeviceSyncState",implement as product capability,"Никаких fake cloud/model/screen/VPN success; только readiness, preview, explicit setup/approval.",Повторобезопасный межустройственный обмен,"повторная доставка одного и того же объекта между устройствами не должна плодить дубли, конфликты и расходящиеся версии без явного разбора.",12744,docs/source_of_truth/LifeOS_canon_v33.md
C24-053,Функция,C24,"МОБИЛЬНОСТЬ, УСТРОЙСТВА И СИНХРОНИЗАЦИЯ",Providers / Local AI / Media / Screen,Providers,/app/providers,PLAN_TBD_BY_ARTIFACT_AUDIT,"ProviderBoundary, ModelProfile, MediaTranscriptJob, ScreenSession, DeviceSyncState",implement as product capability,"Никаких fake cloud/model/screen/VPN success; только readiness, preview, explicit setup/approval.",Безопасный локальный запасной режим клиента при сбоях синка и облака,"клиент должен продолжать базовую работу локально, даже если синхронизация, облачный контур или внешний интеллект временно недоступны.",12750,docs/source_of_truth/LifeOS_canon_v33.md
C24-054,Функция,C24,"МОБИЛЬНОСТЬ, УСТРОЙСТВА И СИНХРОНИЗАЦИЯ",Providers / Local AI / Media / Screen,Providers,/app/providers,PLAN_TBD_BY_ARTIFACT_AUDIT,"ProviderBoundary, ModelProfile, MediaTranscriptJob, ScreenSession, DeviceSyncState",implement as product capability,"Никаких fake cloud/model/screen/VPN success; только readiness, preview, explicit setup/approval.",Помощник установки локальной модели и проверки устройства,"если продукт предлагает человеку локальный маршрут, он должен помогать не только идеей, но и реальной проверкой устройства и понятной установкой.",12757,docs/source_of_truth/LifeOS_canon_v33.md
C24-055,Функция,C24,"МОБИЛЬНОСТЬ, УСТРОЙСТВА И СИНХРОНИЗАЦИЯ",Providers / Local AI / Media / Screen,Providers,/app/providers,PLAN_TBD_BY_ARTIFACT_AUDIT,"ProviderBoundary, ModelProfile, MediaTranscriptJob, ScreenSession, DeviceSyncState",implement as product capability,"Никаких fake cloud/model/screen/VPN success; только readiness, preview, explicit setup/approval.",Вынос пакетной обработки на более сильное личное устройство,"слабый телефон не должен убивать пробный или рабочий сценарий, если у пользователя есть ноутбук, домашний компьютер или локальный сервер посильнее.",12763,docs/source_of_truth/LifeOS_canon_v33.md
C24-056,Функция,C24,"МОБИЛЬНОСТЬ, УСТРОЙСТВА И СИНХРОНИЗАЦИЯ",Providers / Local AI / Media / Screen,Providers,/app/providers,PLAN_TBD_BY_ARTIFACT_AUDIT,"ProviderBoundary, ModelProfile, MediaTranscriptJob, ScreenSession, DeviceSyncState",implement as product capability,"Никаких fake cloud/model/screen/VPN success; только readiness, preview, explicit setup/approval.",Пошаговые инструкции по своему внешнему искусственному интеллекту и локальному маршруту,"если демо строится на чужом или локальном вычислительном контуре, продукт должен уметь не только предложить идею, но и провести человека по настройке без хаоса.",12769,docs/source_of_truth/LifeOS_canon_v33.md
C24-057,Функция,C24,"МОБИЛЬНОСТЬ, УСТРОЙСТВА И СИНХРОНИЗАЦИЯ",Providers / Local AI / Media / Screen,Providers,/app/providers,PLAN_TBD_BY_ARTIFACT_AUDIT,"ProviderBoundary, ModelProfile, MediaTranscriptJob, ScreenSession, DeviceSyncState",implement as product capability,"Никаких fake cloud/model/screen/VPN success; только readiness, preview, explicit setup/approval.","Офлайн чтение, слушание и синхронизация прогресса","книги, аудио и курсы должны уметь частично жить офлайн, а потом синхронизировать прогресс и отзывы.",12778,docs/source_of_truth/LifeOS_canon_v33.md
C24-058,Функция,C24,"МОБИЛЬНОСТЬ, УСТРОЙСТВА И СИНХРОНИЗАЦИЯ",Providers / Local AI / Media / Screen,Providers,/app/providers,PLAN_TBD_BY_ARTIFACT_AUDIT,"ProviderBoundary, ModelProfile, MediaTranscriptJob, ScreenSession, DeviceSyncState",implement as product capability,"Никаких fake cloud/model/screen/VPN success; только readiness, preview, explicit setup/approval.","Мобильный режим плеера, читалки и отметки участия","на телефоне должны удобно жить плеер, читалка, событие, подтверждение участия, дальнейший шаг и быстрый отклик после посещения.",12784,docs/source_of_truth/LifeOS_canon_v33.md
C24-059,Функция,C24,"МОБИЛЬНОСТЬ, УСТРОЙСТВА И СИНХРОНИЗАЦИЯ",Providers / Local AI / Media / Screen,Providers,/app/providers,PLAN_TBD_BY_ARTIFACT_AUDIT,"ProviderBoundary, ModelProfile, MediaTranscriptJob, ScreenSession, DeviceSyncState",implement as product capability,"Никаких fake cloud/model/screen/VPN success; только readiness, preview, explicit setup/approval.",Устройство-осознанная обработка медиа и голоса,"система должна учитывать класс устройства, сеть и ресурсы при работе с аудио, книгами, сканами и голосом.",12790,docs/source_of_truth/LifeOS_canon_v33.md
C24-060,Качество,C24,"МОБИЛЬНОСТЬ, УСТРОЙСТВА И СИНХРОНИЗАЦИЯ",Providers / Local AI / Media / Screen,Providers,/app/providers,PLAN_TBD_BY_ARTIFACT_AUDIT,"ProviderBoundary, ModelProfile, MediaTranscriptJob, ScreenSession, DeviceSyncState",build as acceptance criterion,"Никаких fake cloud/model/screen/VPN success; только readiness, preview, explicit setup/approval.",Новые медиа и социальные слои не ломают мобильную физику продукта,"книги, события, чаты, музыка и знакомства должны работать в коротких мобильных сессиях, а не требовать длинного стационарного режима.",12796,docs/source_of_truth/LifeOS_canon_v33.md
C25-001,Качество,C25,"ЗРЕЛОСТЬ, ПОРЯДОК ВНЕДРЕНИЯ И ГРАНИЦЫ РОСТА",Planner / Tasks / Calendar / Focus,Plan,/app/plan,PLAN_TBD_BY_ARTIFACT_AUDIT,"Task, Project, CalendarBlock, PlannerBlock, FocusSession, WeekPlan",build as acceptance criterion,"Task можно создать из source/note/chat, поставить в календарный блок, увидеть связь и receipt.",Рабочий порог зрелости ядра доверия,"Артефактное ядро, связи, происхождение, объяснимость, жизненные стадии, журнал, день, время и планирование не должны падать ниже рабочего уровня зрелости.",12806,docs/source_of_truth/LifeOS_canon_v33.md
C25-002,Функция,C25,"ЗРЕЛОСТЬ, ПОРЯДОК ВНЕДРЕНИЯ И ГРАНИЦЫ РОСТА",Kernel / OS Spine,Core / invisible OS spine,/app/system,PLAN_TBD_BY_ARTIFACT_AUDIT,"LifeObject, SourceRef, Receipt, AuditEvent, PolicyBoundary, GraphEdge",implement as product capability,Все сущности имеют общий id/state/source/receipt/graph refs; ни одна секция не хранит отдельные fake arrays.,Явное отложение по зрелости,"Слой можно перенести позже, но только с явным сохранением его места и смысла.",12812,docs/source_of_truth/LifeOS_canon_v33.md
C25-003,Качество,C25,"ЗРЕЛОСТЬ, ПОРЯДОК ВНЕДРЕНИЯ И ГРАНИЦЫ РОСТА",Kernel / OS Spine,Core / invisible OS spine,/app/system,PLAN_TBD_BY_ARTIFACT_AUDIT,"LifeObject, SourceRef, Receipt, AuditEvent, PolicyBoundary, GraphEdge",build as acceptance criterion,Все сущности имеют общий id/state/source/receipt/graph refs; ни одна секция не хранит отдельные fake arrays.,Поздние слои не теряются,"Поздние и сложные слои должны оставаться частью общей карты продукта, даже если не строятся сразу.",12818,docs/source_of_truth/LifeOS_canon_v33.md
C25-004,Качество,C25,"ЗРЕЛОСТЬ, ПОРЯДОК ВНЕДРЕНИЯ И ГРАНИЦЫ РОСТА",Data Control / Trust / Privacy,Control,/app/control,"PLAN_TBD_BY_ARTIFACT_AUDIT, PLAN_TBD_BY_ARTIFACT_AUDIT","Receipt, DataControlItem, AuditEvent, ExportJob, DeletePreview, PrivacyZone, PermissionGrant",build as acceptance criterion,Любое изменение имеет receipt; destructive действия только preview + confirmation boundary.,Сначала контракты и безопасные правила,"Порядок внедрения должен начинаться не с красивых экранов, а с договорённостей и границ.",12824,docs/source_of_truth/LifeOS_canon_v33.md
C25-005,Качество,C25,"ЗРЕЛОСТЬ, ПОРЯДОК ВНЕДРЕНИЯ И ГРАНИЦЫ РОСТА",Providers / Local AI / Media / Screen,Providers,/app/providers,PLAN_TBD_BY_ARTIFACT_AUDIT,"ProviderBoundary, ModelProfile, MediaTranscriptJob, ScreenSession, DeviceSyncState",build as acceptance criterion,"Никаких fake cloud/model/screen/VPN success; только readiness, preview, explicit setup/approval.",Затем схема и миграции,"После правил должна укрепляться структура данных, а не наоборот.",12830,docs/source_of_truth/LifeOS_canon_v33.md
C25-006,Качество,C25,"ЗРЕЛОСТЬ, ПОРЯДОК ВНЕДРЕНИЯ И ГРАНИЦЫ РОСТА",Kernel / OS Spine,Core / invisible OS spine,/app/system,PLAN_TBD_BY_ARTIFACT_AUDIT,"LifeObject, SourceRef, Receipt, AuditEvent, PolicyBoundary, GraphEdge",build as acceptance criterion,Все сущности имеют общий id/state/source/receipt/graph refs; ни одна секция не хранит отдельные fake arrays.,Затем ограниченные рабочие срезы,"После схемы строятся узкие рабочие вертикали, которые уже реально можно проживать.",12836,docs/source_of_truth/LifeOS_canon_v33.md
C25-007,Качество,C25,"ЗРЕЛОСТЬ, ПОРЯДОК ВНЕДРЕНИЯ И ГРАНИЦЫ РОСТА",Providers / Local AI / Media / Screen,Providers,/app/providers,PLAN_TBD_BY_ARTIFACT_AUDIT,"ProviderBoundary, ModelProfile, MediaTranscriptJob, ScreenSession, DeviceSyncState",build as acceptance criterion,"Никаких fake cloud/model/screen/VPN success; только readiness, preview, explicit setup/approval.",ИИ-усиления идут после рабочего ядра,"Усиления ИИ должны приходить после того, как уже работают базовые правила, статусы и границы доверия.",12842,docs/source_of_truth/LifeOS_canon_v33.md
C25-008,Качество,C25,"ЗРЕЛОСТЬ, ПОРЯДОК ВНЕДРЕНИЯ И ГРАНИЦЫ РОСТА",Life Domains / Wellbeing / Money / Family,Domains,/app/domains,PLAN_TBD_BY_ARTIFACT_AUDIT,"HealthSignal, Routine, Relationship, HomeItem, MoneyEvent, Trip, Meal, DomainPack",build as acceptance criterion,Домены не ломают ядро; каждый доменный объект — LifeObject с source/receipt/control/graph.,Широкие доменные расширения идут после ядра,"Большие доменные зоны нельзя строить раньше, чем продукт научился быть самим собой в узком рабочем срезе.",12848,docs/source_of_truth/LifeOS_canon_v33.md
C25-009,Функция,C25,"ЗРЕЛОСТЬ, ПОРЯДОК ВНЕДРЕНИЯ И ГРАНИЦЫ РОСТА",LifeGraph / Entities,Graph,/app/graph,"PLAN_TBD_BY_ARTIFACT_AUDIT, PLAN_TBD_BY_ARTIFACT_AUDIT","GraphNode, GraphEdge, Entity, EntityCandidate, RelationshipReason",implement as product capability,Graph edge имеет source/provenance/confidence; можно скрыть/исправить связь через безопасный preview.,Сначала минимальный позвоночник памяти,Первой большой волной строится минимальный рабочий слой памяти и связей.,12854,docs/source_of_truth/LifeOS_canon_v33.md
C25-010,Функция,C25,"ЗРЕЛОСТЬ, ПОРЯДОК ВНЕДРЕНИЯ И ГРАНИЦЫ РОСТА",Chat / Communication,Chat,/app/chat,PLAN_TBD_BY_ARTIFACT_AUDIT,"ChatThread, ChatMessage, MeetingNote, Contact, ConversationContext",implement as product capability,Сообщение можно превратить в note/task/proposal; внешняя отправка заблокирована без provider/approval.,"Затем рабочая поверхность почты, встреч и времени",После памяти следующий безопасный срез — связанная рабочая поверхность коммуникаций и времени.,12860,docs/source_of_truth/LifeOS_canon_v33.md
C25-011,Функция,C25,"ЗРЕЛОСТЬ, ПОРЯДОК ВНЕДРЕНИЯ И ГРАНИЦЫ РОСТА",Today / Journal,Today,/app/today,"PLAN_TBD_BY_ARTIFACT_AUDIT, PLAN_TBD_BY_ARTIFACT_AUDIT","TodayPage, DailyReview, JournalEntry, NextAction, RecoveryPlan",implement as product capability,Today читает реальные notes/tasks/calendar/source links и не генерирует отдельную несвязанную реальность.,"Потом фокус, учёт времени и восстановление","Слой исполнения и восстановления усиливается после того, как продукт уже научился честно держать день и контекст.",12866,docs/source_of_truth/LifeOS_canon_v33.md
C25-012,Функция,C25,"ЗРЕЛОСТЬ, ПОРЯДОК ВНЕДРЕНИЯ И ГРАНИЦЫ РОСТА",Today / Journal,Today,/app/today,"PLAN_TBD_BY_ARTIFACT_AUDIT, PLAN_TBD_BY_ARTIFACT_AUDIT","TodayPage, DailyReview, JournalEntry, NextAction, RecoveryPlan",implement as product capability,Today читает реальные notes/tasks/calendar/source links и не генерирует отдельную несвязанную реальность.,"Затем входной, коммерческий и ежедневный контур усиливается пакетами по готовности","Усиление входа, коммерческого контура и ежедневных режимов должно идти волнами после базовых рабочих срезов.",12872,docs/source_of_truth/LifeOS_canon_v33.md
C25-013,Функция,C25,"ЗРЕЛОСТЬ, ПОРЯДОК ВНЕДРЕНИЯ И ГРАНИЦЫ РОСТА",Life Domains / Wellbeing / Money / Family,Domains,/app/domains,PLAN_TBD_BY_ARTIFACT_AUDIT,"HealthSignal, Routine, Relationship, HomeItem, MoneyEvent, Trip, Meal, DomainPack",implement as product capability,Домены не ломают ядро; каждый доменный объект — LifeObject с source/receipt/control/graph.,Домены приходят поверх общего ядра,"Семья, дом, деньги, еда, поездки и другие области строятся поверх одного ядра, а не отдельными системами.",12878,docs/source_of_truth/LifeOS_canon_v33.md
C25-014,Качество,C25,"ЗРЕЛОСТЬ, ПОРЯДОК ВНЕДРЕНИЯ И ГРАНИЦЫ РОСТА",Life Domains / Wellbeing / Money / Family,Domains,/app/domains,PLAN_TBD_BY_ARTIFACT_AUDIT,"HealthSignal, Routine, Relationship, HomeItem, MoneyEvent, Trip, Meal, DomainPack",build as acceptance criterion,Домены не ломают ядро; каждый доменный объект — LifeObject с source/receipt/control/graph.,Интеграция доменов вместо мини-продуктов,"Даже разные области жизни остаются оболочками вокруг одного центра, а не набором чужих приложений внутри.",12884,docs/source_of_truth/LifeOS_canon_v33.md
C25-015,Качество,C25,"ЗРЕЛОСТЬ, ПОРЯДОК ВНЕДРЕНИЯ И ГРАНИЦЫ РОСТА",Kernel / OS Spine,Core / invisible OS spine,/app/system,PLAN_TBD_BY_ARTIFACT_AUDIT,"LifeObject, SourceRef, Receipt, AuditEvent, PolicyBoundary, GraphEdge",build as acceptance criterion,Все сущности имеют общий id/state/source/receipt/graph refs; ни одна секция не хранит отдельные fake arrays.,Мультиязычный и коммерческий слои нельзя тихо уносить в позднее «потом»,Эти слои относятся к продуктовой физике и не должны выпадать из порядка внедрения.,12890,docs/source_of_truth/LifeOS_canon_v33.md
C25-016,Качество,C25,"ЗРЕЛОСТЬ, ПОРЯДОК ВНЕДРЕНИЯ И ГРАНИЦЫ РОСТА",Capture / Inbox,Inbox,/app/inbox,PLAN_TBD_BY_ARTIFACT_AUDIT,"Source, SourcePacket, Attachment, ImportJob, CaptureDraft",build as acceptance criterion,"Любой ввод сохраняется локально, получает provenance, receipt, Data Control item и graph edge.","Коммерческий вход строится как часть продукта, но не раньше рабочего среза","Коммерческий вход нельзя отрывать от продукта, но и нельзя делать его раньше, чем появился рабочий вертикальный срез.",12896,docs/source_of_truth/LifeOS_canon_v33.md
C25-017,Функция,C25,"ЗРЕЛОСТЬ, ПОРЯДОК ВНЕДРЕНИЯ И ГРАНИЦЫ РОСТА",Packs / Builder / Marketplace,Packs,/app/packs,PLAN_TBD_BY_ARTIFACT_AUDIT,"PackManifest, CustomObjectType, Template, BuilderBlock, InstallImpact",implement as product capability,"Install/uninstall только local-first с impact screen, permission list, rollback receipt; payments/publish gated.",Рискованные волны идут изолированно,Крупные опасные изменения должны внедряться обозримыми пакетами с возможностью отката и проверки.,12902,docs/source_of_truth/LifeOS_canon_v33.md
C25-018,Качество,C25,"ЗРЕЛОСТЬ, ПОРЯДОК ВНЕДРЕНИЯ И ГРАНИЦЫ РОСТА",Providers / Local AI / Media / Screen,Providers,/app/providers,PLAN_TBD_BY_ARTIFACT_AUDIT,"ProviderBoundary, ModelProfile, MediaTranscriptJob, ScreenSession, DeviceSyncState",build as acceptance criterion,"Никаких fake cloud/model/screen/VPN success; только readiness, preview, explicit setup/approval.",Готовность биллинга без привязки к одному поставщику,Рост продукта не должен зависеть от одного-единственного платёжного пути или провайдера оплаты.,12908,docs/source_of_truth/LifeOS_canon_v33.md
C25-019,Качество,C25,"ЗРЕЛОСТЬ, ПОРЯДОК ВНЕДРЕНИЯ И ГРАНИЦЫ РОСТА",Providers / Local AI / Media / Screen,Providers,/app/providers,PLAN_TBD_BY_ARTIFACT_AUDIT,"ProviderBoundary, ModelProfile, MediaTranscriptJob, ScreenSession, DeviceSyncState",build as acceptance criterion,"Никаких fake cloud/model/screen/VPN success; только readiness, preview, explicit setup/approval.",Критерии готовности к первому пользователю,"У продукта должны быть явные критерии, после которых можно честно пускать первого реального человека.",12914,docs/source_of_truth/LifeOS_canon_v33.md
C25-020,Качество,C25,"ЗРЕЛОСТЬ, ПОРЯДОК ВНЕДРЕНИЯ И ГРАНИЦЫ РОСТА",Life Domains / Wellbeing / Money / Family,Domains,/app/domains,PLAN_TBD_BY_ARTIFACT_AUDIT,"HealthSignal, Routine, Relationship, HomeItem, MoneyEvent, Trip, Meal, DomainPack",build as acceptance criterion,Домены не ломают ядро; каждый доменный объект — LifeObject с source/receipt/control/graph.,Безопасная альфа-среда и дисциплина окружения,"Ранний запуск должен идти в контролируемой среде, а не в хаотичной полу-боевой смеси.",12920,docs/source_of_truth/LifeOS_canon_v33.md
C25-021,Качество,C25,"ЗРЕЛОСТЬ, ПОРЯДОК ВНЕДРЕНИЯ И ГРАНИЦЫ РОСТА",Kernel / OS Spine,Core / invisible OS spine,/app/system,PLAN_TBD_BY_ARTIFACT_AUDIT,"LifeObject, SourceRef, Receipt, AuditEvent, PolicyBoundary, GraphEdge",build as acceptance criterion,Все сущности имеют общий id/state/source/receipt/graph refs; ни одна секция не хранит отдельные fake arrays.,Готовые режимы и нормальные значения по умолчанию раньше кастомизационной каши,"Ранний продукт должен давать пресеты и полезность по умолчанию, а не требовать ручной сборки мира из деталей.",12926,docs/source_of_truth/LifeOS_canon_v33.md
C25-022,Функция,C25,"ЗРЕЛОСТЬ, ПОРЯДОК ВНЕДРЕНИЯ И ГРАНИЦЫ РОСТА",Packs / Builder / Marketplace,Packs,/app/packs,PLAN_TBD_BY_ARTIFACT_AUDIT,"PackManifest, CustomObjectType, Template, BuilderBlock, InstallImpact",implement as product capability,"Install/uninstall только local-first с impact screen, permission list, rollback receipt; payments/publish gated.",Ограниченный слой расширений раньше рынка плагинов,"сначала нужен управляемый слой пакетов и расширений под ядро, а не открытый рынок всего подряд.",12932,docs/source_of_truth/LifeOS_canon_v33.md
C25-023,Функция,C25,"ЗРЕЛОСТЬ, ПОРЯДОК ВНЕДРЕНИЯ И ГРАНИЦЫ РОСТА",Packs / Builder / Marketplace,Packs,/app/packs,PLAN_TBD_BY_ARTIFACT_AUDIT,"PackManifest, CustomObjectType, Template, BuilderBlock, InstallImpact",implement as product capability,"Install/uninstall только local-first с impact screen, permission list, rollback receipt; payments/publish gated.",Реестр лицензий и происхождения внешних компонентов,"Для коммерческой зрелости нужно явно знать происхождение, лицензию и границы использования внешних моделей, пакетов и библиотек.",12938,docs/source_of_truth/LifeOS_canon_v33.md
C25-024,Минус,C25,"ЗРЕЛОСТЬ, ПОРЯДОК ВНЕДРЕНИЯ И ГРАНИЦЫ РОСТА",Life Domains / Wellbeing / Money / Family,Domains,/app/domains,PLAN_TBD_BY_ARTIFACT_AUDIT,"HealthSignal, Routine, Relationship, HomeItem, MoneyEvent, Trip, Meal, DomainPack",forbid / add regression guard,Домены не ломают ядро; каждый доменный объект — LifeObject с source/receipt/control/graph.,Тихое выпадение отложенных слоёв,"Нельзя откладывать слой так, чтобы он растворился и потом исчез из продукта без следа.",12944,docs/source_of_truth/LifeOS_canon_v33.md
C25-025,Минус,C25,"ЗРЕЛОСТЬ, ПОРЯДОК ВНЕДРЕНИЯ И ГРАНИЦЫ РОСТА",Life Domains / Wellbeing / Money / Family,Domains,/app/domains,PLAN_TBD_BY_ARTIFACT_AUDIT,"HealthSignal, Routine, Relationship, HomeItem, MoneyEvent, Trip, Meal, DomainPack",forbid / add regression guard,Домены не ломают ядро; каждый доменный объект — LifeObject с source/receipt/control/graph.,Подмена общего ядра узким доменным слоем,"Опасно, когда сильный частный домен начинает диктовать архитектуру всей системе.",12950,docs/source_of_truth/LifeOS_canon_v33.md
C25-026,Минус,C25,"ЗРЕЛОСТЬ, ПОРЯДОК ВНЕДРЕНИЯ И ГРАНИЦЫ РОСТА",Providers / Local AI / Media / Screen,Providers,/app/providers,PLAN_TBD_BY_ARTIFACT_AUDIT,"ProviderBoundary, ModelProfile, MediaTranscriptJob, ScreenSession, DeviceSyncState",forbid / add regression guard,"Никаких fake cloud/model/screen/VPN success; только readiness, preview, explicit setup/approval.",Глобальный граф как главный экран слишком рано,Показывать весь граф как центральную поверхность на ранней стадии вредно для массовой понятности.,12956,docs/source_of_truth/LifeOS_canon_v33.md
C25-027,Минус,C25,"ЗРЕЛОСТЬ, ПОРЯДОК ВНЕДРЕНИЯ И ГРАНИЦЫ РОСТА",Data Control / Trust / Privacy,Control,/app/control,"PLAN_TBD_BY_ARTIFACT_AUDIT, PLAN_TBD_BY_ARTIFACT_AUDIT","Receipt, DataControlItem, AuditEvent, ExportJob, DeletePreview, PrivacyZone, PermissionGrant",forbid / add regression guard,Любое изменение имеет receipt; destructive действия только preview + confirmation boundary.,Автономные агенты с правом менять жизнь слишком рано,"Сильные агенты опасны, пока не созрели журнал, права, объяснимость и границы действий.",12962,docs/source_of_truth/LifeOS_canon_v33.md
C25-028,Минус,C25,"ЗРЕЛОСТЬ, ПОРЯДОК ВНЕДРЕНИЯ И ГРАНИЦЫ РОСТА",Kernel / OS Spine,Core / invisible OS spine,/app/system,PLAN_TBD_BY_ARTIFACT_AUDIT,"LifeObject, SourceRef, Receipt, AuditEvent, PolicyBoundary, GraphEdge",forbid / add regression guard,Все сущности имеют общий id/state/source/receipt/graph refs; ни одна секция не хранит отдельные fake arrays.,Тонкая настройка всей модели на жизненном архиве по умолчанию,"Слишком ранняя глубокая подстройка всей модели по личным данным создаёт риск ошибок, хрупкости и потери контроля.",12968,docs/source_of_truth/LifeOS_canon_v33.md
C25-029,Минус,C25,"ЗРЕЛОСТЬ, ПОРЯДОК ВНЕДРЕНИЯ И ГРАНИЦЫ РОСТА",Kernel / OS Spine,Core / invisible OS spine,/app/system,PLAN_TBD_BY_ARTIFACT_AUDIT,"LifeObject, SourceRef, Receipt, AuditEvent, PolicyBoundary, GraphEdge",forbid / add regression guard,Все сущности имеют общий id/state/source/receipt/graph refs; ни одна секция не хранит отдельные fake arrays.,Экосистема плагинов как главный путь,Ставка на плагины слишком рано размывает ядро и превращает продукт в набор несовместимых кусочков.,12974,docs/source_of_truth/LifeOS_canon_v33.md
C25-030,Минус,C25,"ЗРЕЛОСТЬ, ПОРЯДОК ВНЕДРЕНИЯ И ГРАНИЦЫ РОСТА",LifeGraph / Entities,Graph,/app/graph,"PLAN_TBD_BY_ARTIFACT_AUDIT, PLAN_TBD_BY_ARTIFACT_AUDIT","GraphNode, GraphEdge, Entity, EntityCandidate, RelationshipReason",forbid / add regression guard,Graph edge имеет source/provenance/confidence; можно скрыть/исправить связь через безопасный preview.,Схема прежде опыта для массового человека,"Нельзя слишком рано заставлять обычного пользователя мыслить схемой, типами и сущностями до получения пользы.",12980,docs/source_of_truth/LifeOS_canon_v33.md
C25-031,Минус,C25,"ЗРЕЛОСТЬ, ПОРЯДОК ВНЕДРЕНИЯ И ГРАНИЦЫ РОСТА",Kernel / OS Spine,Core / invisible OS spine,/app/system,PLAN_TBD_BY_ARTIFACT_AUDIT,"LifeObject, SourceRef, Receipt, AuditEvent, PolicyBoundary, GraphEdge",forbid / add regression guard,Все сущности имеют общий id/state/source/receipt/graph refs; ни одна секция не хранит отдельные fake arrays.,Декоративные панели раньше рабочих поверхностей,Красивые панели не должны появляться раньше реальных рабочих контуров действия.,12986,docs/source_of_truth/LifeOS_canon_v33.md
C25-032,Минус,C25,"ЗРЕЛОСТЬ, ПОРЯДОК ВНЕДРЕНИЯ И ГРАНИЦЫ РОСТА",Packs / Builder / Marketplace,Packs,/app/packs,PLAN_TBD_BY_ARTIFACT_AUDIT,"PackManifest, CustomObjectType, Template, BuilderBlock, InstallImpact",forbid / add regression guard,"Install/uninstall только local-first с impact screen, permission list, rollback receipt; payments/publish gated.",Перегруженный конструктор панелей вместо нормальных значений по умолчанию,Ранний рост не должен идти через тяжёлый конструктор всего и вся.,12992,docs/source_of_truth/LifeOS_canon_v33.md
C25-033,Минус,C25,"ЗРЕЛОСТЬ, ПОРЯДОК ВНЕДРЕНИЯ И ГРАНИЦЫ РОСТА",Data Control / Trust / Privacy,Control,/app/control,"PLAN_TBD_BY_ARTIFACT_AUDIT, PLAN_TBD_BY_ARTIFACT_AUDIT","Receipt, DataControlItem, AuditEvent, ExportJob, DeletePreview, PrivacyZone, PermissionGrant",forbid / add regression guard,Любое изменение имеет receipt; destructive действия только preview + confirmation boundary.,Платный доступ к базовому доверию и выносу данных,Нельзя превращать базовые контуры доверия и выноса своих данных в поздний платный крючок.,12998,docs/source_of_truth/LifeOS_canon_v33.md
C25-034,Минус,C25,"ЗРЕЛОСТЬ, ПОРЯДОК ВНЕДРЕНИЯ И ГРАНИЦЫ РОСТА",Providers / Local AI / Media / Screen,Providers,/app/providers,PLAN_TBD_BY_ARTIFACT_AUDIT,"ProviderBoundary, ModelProfile, MediaTranscriptJob, ScreenSession, DeviceSyncState",forbid / add regression guard,"Никаких fake cloud/model/screen/VPN success; только readiness, preview, explicit setup/approval.",Платформа всеобщей коллаборации слишком рано,"Если слишком рано превращать LifeOS в большую платформу совместной работы для всех со всеми, ядро личной системы жизни расползается.",13004,docs/source_of_truth/LifeOS_canon_v33.md
C25-035,Минус,C25,"ЗРЕЛОСТЬ, ПОРЯДОК ВНЕДРЕНИЯ И ГРАНИЦЫ РОСТА",Providers / Local AI / Media / Screen,Providers,/app/providers,PLAN_TBD_BY_ARTIFACT_AUDIT,"ProviderBoundary, ModelProfile, MediaTranscriptJob, ScreenSession, DeviceSyncState",forbid / add regression guard,"Никаких fake cloud/model/screen/VPN success; только readiness, preview, explicit setup/approval.",Локальный ИИ как обязательное условие базовой ценности,"Базовая польза продукта не должна зависеть от того, тянет ли устройство сильный локальный ИИ.",13010,docs/source_of_truth/LifeOS_canon_v33.md
C25-036,Минус,C25,"ЗРЕЛОСТЬ, ПОРЯДОК ВНЕДРЕНИЯ И ГРАНИЦЫ РОСТА",Kernel / OS Spine,Core / invisible OS spine,/app/system,PLAN_TBD_BY_ARTIFACT_AUDIT,"LifeObject, SourceRef, Receipt, AuditEvent, PolicyBoundary, GraphEdge",forbid / add regression guard,Все сущности имеют общий id/state/source/receipt/graph refs; ни одна секция не хранит отдельные fake arrays.,Ядро на непроверенных лицензиях и скрытых ограничениях,"Опасно строить важные слои продукта на компонентах, чьи лицензионные и коммерческие границы не проверены.",13016,docs/source_of_truth/LifeOS_canon_v33.md
C25-037,Минус,C25,"ЗРЕЛОСТЬ, ПОРЯДОК ВНЕДРЕНИЯ И ГРАНИЦЫ РОСТА",Providers / Local AI / Media / Screen,Providers,/app/providers,PLAN_TBD_BY_ARTIFACT_AUDIT,"ProviderBoundary, ModelProfile, MediaTranscriptJob, ScreenSession, DeviceSyncState",forbid / add regression guard,"Никаких fake cloud/model/screen/VPN success; только readiness, preview, explicit setup/approval.",Скрытое контекстное наблюдение как путь продукта,"Путь LifeOS не должен строиться на тайной записи людей, экранов и ситуаций без явного режима и доверия.",13022,docs/source_of_truth/LifeOS_canon_v33.md
C25-038,Качество,C25,"ЗРЕЛОСТЬ, ПОРЯДОК ВНЕДРЕНИЯ И ГРАНИЦЫ РОСТА",Capture / Inbox,Inbox,/app/inbox,PLAN_TBD_BY_ARTIFACT_AUDIT,"Source, SourcePacket, Attachment, ImportJob, CaptureDraft",build as acceptance criterion,"Любой ввод сохраняется локально, получает provenance, receipt, Data Control item и graph edge.",Носимый и фоновый захват вводится только после созревания видимых границ согласия и паузы,"Длинный носимый захват нельзя вводить раньше, чем созрели доверие, пауза, индикаторы и исключения.",13028,docs/source_of_truth/LifeOS_canon_v33.md
C25-039,Качество,C25,"ЗРЕЛОСТЬ, ПОРЯДОК ВНЕДРЕНИЯ И ГРАНИЦЫ РОСТА",Data Control / Trust / Privacy,Control,/app/control,"PLAN_TBD_BY_ARTIFACT_AUDIT, PLAN_TBD_BY_ARTIFACT_AUDIT","Receipt, DataControlItem, AuditEvent, ExportJob, DeletePreview, PrivacyZone, PermissionGrant",build as acceptance criterion,Любое изменение имеет receipt; destructive действия только preview + confirmation boundary.,Экранный и камерный контекст вводится только после зрелой архитектуры доверия,"Помощь по экрану и камере должна опираться на уже зрелые границы приватности, журнала и контроля.",13034,docs/source_of_truth/LifeOS_canon_v33.md
C25-040,Качество,C25,"ЗРЕЛОСТЬ, ПОРЯДОК ВНЕДРЕНИЯ И ГРАНИЦЫ РОСТА",Packs / Builder / Marketplace,Packs,/app/packs,PLAN_TBD_BY_ARTIFACT_AUDIT,"PackManifest, CustomObjectType, Template, BuilderBlock, InstallImpact",build as acceptance criterion,"Install/uninstall только local-first с impact screen, permission list, rollback receipt; payments/publish gated.",Малые и необязательные пакеты как форма расширения,"часть расширений должна приходить маленькими добровольными пакетами, а не тяжёлыми обязательными волнами.",13040,docs/source_of_truth/LifeOS_canon_v33.md
C25-041,Качество,C25,"ЗРЕЛОСТЬ, ПОРЯДОК ВНЕДРЕНИЯ И ГРАНИЦЫ РОСТА",Packs / Builder / Marketplace,Packs,/app/packs,PLAN_TBD_BY_ARTIFACT_AUDIT,"PackManifest, CustomObjectType, Template, BuilderBlock, InstallImpact",build as acceptance criterion,"Install/uninstall только local-first с impact screen, permission list, rollback receipt; payments/publish gated.",Мировоззренческие и философские пакеты как поздний необязательный слой,"ценностные и философские оболочки могут существовать, но только как поздняя добровольная надстройка.",13046,docs/source_of_truth/LifeOS_canon_v33.md
C25-042,Функция,C25,"ЗРЕЛОСТЬ, ПОРЯДОК ВНЕДРЕНИЯ И ГРАНИЦЫ РОСТА",Providers / Local AI / Media / Screen,Providers,/app/providers,PLAN_TBD_BY_ARTIFACT_AUDIT,"ProviderBoundary, ModelProfile, MediaTranscriptJob, ScreenSession, DeviceSyncState",implement as product capability,"Никаких fake cloud/model/screen/VPN success; только readiness, preview, explicit setup/approval.",Расширения как подключаемая модель доски,"Дополнительные возможности доски подключаются модулями поверх базовой рабочей поверхности, а не зашиваются в ядро навсегда.",13052,docs/source_of_truth/LifeOS_canon_v33.md
C25-043,Функция,C25,"ЗРЕЛОСТЬ, ПОРЯДОК ВНЕДРЕНИЯ И ГРАНИЦЫ РОСТА",Packs / Builder / Marketplace,Packs,/app/packs,PLAN_TBD_BY_ARTIFACT_AUDIT,"PackManifest, CustomObjectType, Template, BuilderBlock, InstallImpact",implement as product capability,"Install/uninstall только local-first с impact screen, permission list, rollback receipt; payments/publish gated.",Локальные пользовательские пакеты как приватный слой расширения,кроме официальных расширений у человека должен быть приватный слой локальных пакетов под свои личные задачи и формы жизни.,13059,docs/source_of_truth/LifeOS_canon_v33.md
C25-044,Функция,C25,"ЗРЕЛОСТЬ, ПОРЯДОК ВНЕДРЕНИЯ И ГРАНИЦЫ РОСТА",Packs / Builder / Marketplace,Packs,/app/packs,PLAN_TBD_BY_ARTIFACT_AUDIT,"PackManifest, CustomObjectType, Template, BuilderBlock, InstallImpact",implement as product capability,"Install/uninstall только local-first с impact screen, permission list, rollback receipt; payments/publish gated.","Официальные, авторские и локальные пакеты как разные уровни доверия","экосистема пакетов должна различать уровни происхождения и доверия, а не смешивать всё подряд в одну витрину.",13065,docs/source_of_truth/LifeOS_canon_v33.md
C25-045,Качество,C25,"ЗРЕЛОСТЬ, ПОРЯДОК ВНЕДРЕНИЯ И ГРАНИЦЫ РОСТА",Data Control / Trust / Privacy,Control,/app/control,"PLAN_TBD_BY_ARTIFACT_AUDIT, PLAN_TBD_BY_ARTIFACT_AUDIT","Receipt, DataControlItem, AuditEvent, ExportJob, DeletePreview, PrivacyZone, PermissionGrant",build as acceptance criterion,Любое изменение имеет receipt; destructive действия только preview + confirmation boundary.,"Открытый рынок пакетов вводится только после зрелого слоя проверки, версий и безопасного удаления","нельзя открывать большой рынок пакетов раньше, чем созрели проверка, версии, права, квитанции установки и безопасная деустановка.",13071,docs/source_of_truth/LifeOS_canon_v33.md
C25-046,Функция,C25,"ЗРЕЛОСТЬ, ПОРЯДОК ВНЕДРЕНИЯ И ГРАНИЦЫ РОСТА",Packs / Builder / Marketplace,Packs,/app/packs,PLAN_TBD_BY_ARTIFACT_AUDIT,"PackManifest, CustomObjectType, Template, BuilderBlock, InstallImpact",implement as product capability,"Install/uninstall только local-first с impact screen, permission list, rollback receipt; payments/publish gated.","Манифест пакета: роли, поля, права, зависимости и границы действия","у каждого пакета должен быть явный манифест, который описывает, что именно он добавляет и чего не имеет права делать.",13077,docs/source_of_truth/LifeOS_canon_v33.md
C25-047,Функция,C25,"ЗРЕЛОСТЬ, ПОРЯДОК ВНЕДРЕНИЯ И ГРАНИЦЫ РОСТА",Packs / Builder / Marketplace,Packs,/app/packs,PLAN_TBD_BY_ARTIFACT_AUDIT,"PackManifest, CustomObjectType, Template, BuilderBlock, InstallImpact",implement as product capability,"Install/uninstall только local-first с impact screen, permission list, rollback receipt; payments/publish gated.",Безопасное удаление пакета с переводом данных в базовые роли,отключение пакета не должно оставлять сиротские объекты и разрушать жизнь пользователя.,13083,docs/source_of_truth/LifeOS_canon_v33.md
C25-048,Функция,C25,"ЗРЕЛОСТЬ, ПОРЯДОК ВНЕДРЕНИЯ И ГРАНИЦЫ РОСТА",Packs / Builder / Marketplace,Packs,/app/packs,PLAN_TBD_BY_ARTIFACT_AUDIT,"PackManifest, CustomObjectType, Template, BuilderBlock, InstallImpact",implement as product capability,"Install/uninstall только local-first с impact screen, permission list, rollback receipt; payments/publish gated.","Авторский пакет продаёт не только схему, но и сопровождаемую программу","ценность авторского пакета должна состоять не только в наборе полей, а в продуманной логике, обновлениях, сценариях прохождения и репутации автора.",13089,docs/source_of_truth/LifeOS_canon_v33.md
C25-049,Функция,C25,"ЗРЕЛОСТЬ, ПОРЯДОК ВНЕДРЕНИЯ И ГРАНИЦЫ РОСТА",Packs / Builder / Marketplace,Packs,/app/packs,PLAN_TBD_BY_ARTIFACT_AUDIT,"PackManifest, CustomObjectType, Template, BuilderBlock, InstallImpact",implement as product capability,"Install/uninstall только local-first с impact screen, permission list, rollback receipt; payments/publish gated.",Платформенный слой оплаты и выплат для рынка пакетов,"если у продукта появляется рынок авторских пакетов, оплата, удержания, возвраты и выплаты должны идти через платформенный слой, а не через хаотичные обходные схемы.",13095,docs/source_of_truth/LifeOS_canon_v33.md
C25-050,Качество,C25,"ЗРЕЛОСТЬ, ПОРЯДОК ВНЕДРЕНИЯ И ГРАНИЦЫ РОСТА",Data Control / Trust / Privacy,Control,/app/control,"PLAN_TBD_BY_ARTIFACT_AUDIT, PLAN_TBD_BY_ARTIFACT_AUDIT","Receipt, DataControlItem, AuditEvent, ExportJob, DeletePreview, PrivacyZone, PermissionGrant",build as acceptance criterion,Любое изменение имеет receipt; destructive действия только preview + confirmation boundary.,Системные усиления внедряются один раз как общее правило,"кросс-слойные улучшения нужно внедрять как общие системные правила, а не размножать без смысла одинаковыми пунктами по всем слоям.",13101,docs/source_of_truth/LifeOS_canon_v33.md
C25-051,Функция,C25,"ЗРЕЛОСТЬ, ПОРЯДОК ВНЕДРЕНИЯ И ГРАНИЦЫ РОСТА",LifeGraph / Entities,Graph,/app/graph,"PLAN_TBD_BY_ARTIFACT_AUDIT, PLAN_TBD_BY_ARTIFACT_AUDIT","GraphNode, GraphEdge, Entity, EntityCandidate, RelationshipReason",implement as product capability,Graph edge имеет source/provenance/confidence; можно скрыть/исправить связь через безопасный preview.,"Реестр дублей, конфликтов и пересечений улучшений","перед внедрением новых усилений система продукта должна проверять, не дублируют ли они уже существующее правило и не создают ли скрытый конфликт.",13107,docs/source_of_truth/LifeOS_canon_v33.md
C25-052,Качество,C25,"ЗРЕЛОСТЬ, ПОРЯДОК ВНЕДРЕНИЯ И ГРАНИЦЫ РОСТА",Kernel / OS Spine,Core / invisible OS spine,/app/system,PLAN_TBD_BY_ARTIFACT_AUDIT,"LifeObject, SourceRef, Receipt, AuditEvent, PolicyBoundary, GraphEdge",build as acceptance criterion,Все сущности имеют общий id/state/source/receipt/graph refs; ни одна секция не хранит отдельные fake arrays.,Усиление продукта без лишней закрытости,"каждое новое усиление должно делать продукт сильнее, тише или понятнее, а не просто добавлять ещё один запрет, блокер или тяжёлую защитную форму без роста пользы.",13113,docs/source_of_truth/LifeOS_canon_v33.md
C25-053,Качество,C25,"ЗРЕЛОСТЬ, ПОРЯДОК ВНЕДРЕНИЯ И ГРАНИЦЫ РОСТА",Providers / Local AI / Media / Screen,Providers,/app/providers,PLAN_TBD_BY_ARTIFACT_AUDIT,"ProviderBoundary, ModelProfile, MediaTranscriptJob, ScreenSession, DeviceSyncState",build as acceptance criterion,"Никаких fake cloud/model/screen/VPN success; только readiness, preview, explicit setup/approval.","Экономика запуска строится на разделении вычислительного контура, а не на сломанном ядре","ранняя экономика продукта должна держаться на том, кто даёт тяжёлые вычисления и насколько гладко они встроены, а не на намеренном ломании жизненного ядра ради продажи доступа.",13120,docs/source_of_truth/LifeOS_canon_v33.md
C25-054,Функция,C25,"ЗРЕЛОСТЬ, ПОРЯДОК ВНЕДРЕНИЯ И ГРАНИЦЫ РОСТА",Kernel / OS Spine,Core / invisible OS spine,/app/system,PLAN_TBD_BY_ARTIFACT_AUDIT,"LifeObject, SourceRef, Receipt, AuditEvent, PolicyBoundary, GraphEdge",implement as product capability,Все сущности имеют общий id/state/source/receipt/graph refs; ни одна секция не хранит отдельные fake arrays.,"Контур запуска «месяц пробного доступа плюс отчёты, затем скидка первого месяца»","ранний коммерческий запуск должен иметь не один тупой тариф, а целый управляемый маршрут: пробный месяц на пользовательском контуре, затем мягкий переход в платный месяц со скидкой за качественную обратную связь.",13126,docs/source_of_truth/LifeOS_canon_v33.md
C25-055,Качество,C25,"ЗРЕЛОСТЬ, ПОРЯДОК ВНЕДРЕНИЯ И ГРАНИЦЫ РОСТА",Life Domains / Wellbeing / Money / Family,Domains,/app/domains,PLAN_TBD_BY_ARTIFACT_AUDIT,"HealthSignal, Routine, Relationship, HomeItem, MoneyEvent, Trip, Meal, DomainPack",build as acceptance criterion,Домены не ломают ядро; каждый доменный объект — LifeObject с source/receipt/control/graph.,Отчёты первых пользователей — обязательный вход в пересборку продукта,"ранняя обратная связь должна быть не декоративным опросом, а обязательным входом в пересборку сценариев, пакетов, онбординга и коммерческой упаковки.",13132,docs/source_of_truth/LifeOS_canon_v33.md
C25-056,Качество,C25,"ЗРЕЛОСТЬ, ПОРЯДОК ВНЕДРЕНИЯ И ГРАНИЦЫ РОСТА",Capture / Inbox,Inbox,/app/inbox,PLAN_TBD_BY_ARTIFACT_AUDIT,"Source, SourcePacket, Attachment, ImportJob, CaptureDraft",build as acceptance criterion,"Любой ввод сохраняется локально, получает provenance, receipt, Data Control item и graph edge.","Первый запуск строится на десяти сверхсильных режимах, а не на одном клине","старт продукта должен иметь несколько полноценно прокачанных оплачиваемых входов по разным болям, а не пытаться заставить всех входить через один сценарий.",13138,docs/source_of_truth/LifeOS_canon_v33.md
C25-057,Качество,C25,"ЗРЕЛОСТЬ, ПОРЯДОК ВНЕДРЕНИЯ И ГРАНИЦЫ РОСТА",Providers / Local AI / Media / Screen,Providers,/app/providers,PLAN_TBD_BY_ARTIFACT_AUDIT,"ProviderBoundary, ModelProfile, MediaTranscriptJob, ScreenSession, DeviceSyncState",build as acceptance criterion,"Никаких fake cloud/model/screen/VPN success; только readiness, preview, explicit setup/approval.","Платный режим добавляет встроенный бюджет, но не отнимает право на свой контур","переход в платный режим должен давать удобство и встроенные вычисления, не запрещая человеку дальше жить на своём внешнем искусственном интеллекте, локальной модели или смешанном маршруте.",13144,docs/source_of_truth/LifeOS_canon_v33.md
C25-058,Качество,C25,"ЗРЕЛОСТЬ, ПОРЯДОК ВНЕДРЕНИЯ И ГРАНИЦЫ РОСТА",Providers / Local AI / Media / Screen,Providers,/app/providers,PLAN_TBD_BY_ARTIFACT_AUDIT,"ProviderBoundary, ModelProfile, MediaTranscriptJob, ScreenSession, DeviceSyncState",build as acceptance criterion,"Никаких fake cloud/model/screen/VPN success; только readiness, preview, explicit setup/approval.","Нет постоянного бесплатного режима, есть управляемый исследовательский месяц",экономика запуска не строится на вечной бесплатной версии; бесплатный вход существует только как ограниченный исследовательский маршрут с отчётами и пользовательским вычислительным контуром.,13150,docs/source_of_truth/LifeOS_canon_v33.md
C25-059,Функция,C25,"ЗРЕЛОСТЬ, ПОРЯДОК ВНЕДРЕНИЯ И ГРАНИЦЫ РОСТА",Agents / Workflows,Agents,/app/agents,PLAN_TBD_BY_ARTIFACT_AUDIT,"AgentManifest, ToolScope, WorkflowManifest, WorkflowRunPreview, ActionProposal",implement as product capability,Агент ничего не отправляет/не удаляет/не публикует без явного approval; dry-run даёт receipt и proposal.,"Денежный канал выбирается по каналу дистрибуции, не ломая канон","ядро LifeOS не должно зависеть от одного платёжного сценария; конкретный денежный маршрут определяется отдельно для сайта, нативного клиента и иных каналов распространения.",13156,docs/source_of_truth/LifeOS_canon_v33.md
C25-060,Функция,C25,"ЗРЕЛОСТЬ, ПОРЯДОК ВНЕДРЕНИЯ И ГРАНИЦЫ РОСТА",Packs / Builder / Marketplace,Packs,/app/packs,PLAN_TBD_BY_ARTIFACT_AUDIT,"PackManifest, CustomObjectType, Template, BuilderBlock, InstallImpact",implement as product capability,"Install/uninstall только local-first с impact screen, permission list, rollback receipt; payments/publish gated.",Витрина создателя и creator storefront,"у автора должна быть своя витрина с курсами, событиями, пакетами, книгами, публикациями и репутацией.",13184,docs/source_of_truth/LifeOS_canon_v33.md
C25-061,Функция,C25,"ЗРЕЛОСТЬ, ПОРЯДОК ВНЕДРЕНИЯ И ГРАНИЦЫ РОСТА",Packs / Builder / Marketplace,Packs,/app/packs,PLAN_TBD_BY_ARTIFACT_AUDIT,"PackManifest, CustomObjectType, Template, BuilderBlock, InstallImpact",implement as product capability,"Install/uninstall только local-first с impact screen, permission list, rollback receipt; payments/publish gated.",Маркет публикуемых объектов и маршрут публикации,"должен существовать единый рынок для курсов, пакетов, событий, шаблонов, клубов и других объектов публикации.",13190,docs/source_of_truth/LifeOS_canon_v33.md
C25-062,Функция,C25,"ЗРЕЛОСТЬ, ПОРЯДОК ВНЕДРЕНИЯ И ГРАНИЦЫ РОСТА",Providers / Local AI / Media / Screen,Providers,/app/providers,PLAN_TBD_BY_ARTIFACT_AUDIT,"ProviderBoundary, ModelProfile, MediaTranscriptJob, ScreenSession, DeviceSyncState",implement as product capability,"Никаких fake cloud/model/screen/VPN success; только readiness, preview, explicit setup/approval.","Токенизированные ИИ-усиления для книг, аудио и обучения","дорогие операции вроде озвучивания, больших сводок, генерации опросов и глубокой обработки должны иметь понятный отдельный расчёт.",13196,docs/source_of_truth/LifeOS_canon_v33.md
C25-063,Качество,C25,"ЗРЕЛОСТЬ, ПОРЯДОК ВНЕДРЕНИЯ И ГРАНИЦЫ РОСТА",Packs / Builder / Marketplace,Packs,/app/packs,PLAN_TBD_BY_ARTIFACT_AUDIT,"PackManifest, CustomObjectType, Template, BuilderBlock, InstallImpact",build as acceptance criterion,"Install/uninstall только local-first с impact screen, permission list, rollback receipt; payments/publish gated.","Социальные и creator-слои вводятся по зрелости, но не теряются","даже если часть коммерческих и социальных режимов включается позже, они должны быть заложены как полноценные контуры, а не выпасть из канона.",13202,docs/source_of_truth/LifeOS_canon_v33.md
C25-064,Other/parse anomaly,C25,"ЗРЕЛОСТЬ, ПОРЯДОК ВНЕДРЕНИЯ И ГРАНИЦЫ РОСТА",Life Domains / Wellbeing / Money / Family,Domains,/app/domains,PLAN_TBD_BY_ARTIFACT_AUDIT,"HealthSignal, Routine, Relationship, HomeItem, MoneyEvent, Trip, Meal, DomainPack",manual audit,Домены не ломают ядро; каждый доменный объект — LifeObject с source/receipt/control/graph.,"Рост продукта идёт через усиление общего ядра, а не через распад на чужие продукты","Google Inactive Account Manager позволяет указать третьих лиц, которым передадут данные при неактивности. citeturn9search1 Apple Legacy Contact — механизм доступа после смерти с access key. citeturn9search2 LifeOS делает практический слой: “список аккаунтов/доков/инструкций”, без превращения в password manager.",13208,docs/source_of_truth/LifeOS_canon_v33.md
