id,category_id,category,breakthrough_type,idea,why_it_is_breakthrough,implementation_gate,acceptance_test,status
B001,C01,First-screen IA / Daily command center,single_path,Один главный путь вместо панели: capture -> understand -> one recommended action -> details only on demand применительно к «First-screen IA / Daily command center / universal capture».,"Резко снижает ощущение нагромождения: пользователь видит не 20 панелей, а один понятный маршрут и один активный объект.","Внедрить только если есть repository object, graph/control edge, visual screenshot и owner-flow e2e; иначе оставить как idea backlog.","Playwright: clean start -> выполнить сценарий universal capture -> проверить один главный CTA, отсутствие cockpit clutter, linked object и reload persistence.",BREAKTHROUGH_CANDIDATE
B002,C01,First-screen IA / Daily command center,adaptive_home,"Домашний экран перестраивается под время суток, но не меняет информационную архитектуру применительно к «First-screen IA / Daily command center / today summary».","Резко снижает ощущение нагромождения: пользователь видит не 20 панелей, а один понятный маршрут и один активный объект.","Внедрить только если есть repository object, graph/control edge, visual screenshot и owner-flow e2e; иначе оставить как idea backlog.","Playwright: clean start -> выполнить сценарий today summary -> проверить один главный CTA, отсутствие cockpit clutter, linked object и reload persistence.",BREAKTHROUGH_CANDIDATE
B003,C01,First-screen IA / Daily command center,artifact_timeline,"У каждого артефакта есть мини-таймлайн превращений: source, note, task, finance, graph, control применительно к «First-screen IA / Daily command center / next action».","Резко снижает ощущение нагромождения: пользователь видит не 20 панелей, а один понятный маршрут и один активный объект.","Внедрить только если есть repository object, graph/control edge, visual screenshot и owner-flow e2e; иначе оставить как idea backlog.","Playwright: clean start -> выполнить сценарий next action -> проверить один главный CTA, отсутствие cockpit clutter, linked object и reload persistence.",BREAKTHROUGH_CANDIDATE
B004,C01,First-screen IA / Daily command center,why_now,Каждая рекомендация отвечает на вопрос «почему сейчас» и показывает источник применительно к «First-screen IA / Daily command center / active artifact».,"Резко снижает ощущение нагромождения: пользователь видит не 20 панелей, а один понятный маршрут и один активный объект.","Внедрить только если есть repository object, graph/control edge, visual screenshot и owner-flow e2e; иначе оставить как idea backlog.","Playwright: clean start -> выполнить сценарий active artifact -> проверить один главный CTA, отсутствие cockpit clutter, linked object и reload persistence.",BREAKTHROUGH_CANDIDATE
B005,C01,First-screen IA / Daily command center,one_click_commit,"Одна большая кнопка принимает все безопасные предложения, вторичные изменения спрятаны применительно к «First-screen IA / Daily command center / dashboard metrics».","Резко снижает ощущение нагромождения: пользователь видит не 20 панелей, а один понятный маршрут и один активный объект.","Внедрить только если есть repository object, graph/control edge, visual screenshot и owner-flow e2e; иначе оставить как idea backlog.","Playwright: clean start -> выполнить сценарий dashboard metrics -> проверить один главный CTA, отсутствие cockpit clutter, linked object и reload persistence.",BREAKTHROUGH_CANDIDATE
B006,C01,First-screen IA / Daily command center,calm_mode,"Режим слабого дня: показывает один следующий шаг, деньги/сроки/здоровье без shame UI применительно к «First-screen IA / Daily command center / navigation rail».","Резко снижает ощущение нагромождения: пользователь видит не 20 панелей, а один понятный маршрут и один активный объект.","Внедрить только если есть repository object, graph/control edge, visual screenshot и owner-flow e2e; иначе оставить как idea backlog.","Playwright: clean start -> выполнить сценарий navigation rail -> проверить один главный CTA, отсутствие cockpit clutter, linked object и reload persistence.",BREAKTHROUGH_CANDIDATE
B007,C01,First-screen IA / Daily command center,review_evening,"Вечерний разбор голосовых/скринов/заметок пакетно, не по одному мусорному pop-up применительно к «First-screen IA / Daily command center / workspace switching».","Резко снижает ощущение нагромождения: пользователь видит не 20 панелей, а один понятный маршрут и один активный объект.","Внедрить только если есть repository object, graph/control edge, visual screenshot и owner-flow e2e; иначе оставить как idea backlog.","Playwright: clean start -> выполнить сценарий workspace switching -> проверить один главный CTA, отсутствие cockpit clutter, linked object и reload persistence.",BREAKTHROUGH_CANDIDATE
B008,C01,First-screen IA / Daily command center,local_ai_coach,"Локальная ИИ-панель работает как proposal coach, не как магический чат без структуры применительно к «First-screen IA / Daily command center / empty state».","Резко снижает ощущение нагромождения: пользователь видит не 20 панелей, а один понятный маршрут и один активный объект.","Внедрить только если есть repository object, graph/control edge, visual screenshot и owner-flow e2e; иначе оставить как idea backlog.","Playwright: clean start -> выполнить сценарий empty state -> проверить один главный CTA, отсутствие cockpit clutter, linked object и reload persistence.",BREAKTHROUGH_CANDIDATE
B009,C01,First-screen IA / Daily command center,semantic_color,"Цветовая семантика: задача, деньги, привычка, цель, знание, медиа, контроль имеют устойчивые роли применительно к «First-screen IA / Daily command center / universal capture».","Резко снижает ощущение нагромождения: пользователь видит не 20 панелей, а один понятный маршрут и один активный объект.","Внедрить только если есть repository object, graph/control edge, visual screenshot и owner-flow e2e; иначе оставить как idea backlog.","Playwright: clean start -> выполнить сценарий universal capture -> проверить один главный CTA, отсутствие cockpit clutter, linked object и reload persistence.",BREAKTHROUGH_CANDIDATE
B010,C01,First-screen IA / Daily command center,focus_routes,"Каждый workspace имеет один основной job-to-be-done, а не копирует общий cockpit применительно к «First-screen IA / Daily command center / today summary».","Резко снижает ощущение нагромождения: пользователь видит не 20 панелей, а один понятный маршрут и один активный объект.","Внедрить только если есть repository object, graph/control edge, visual screenshot и owner-flow e2e; иначе оставить как idea backlog.","Playwright: clean start -> выполнить сценарий today summary -> проверить один главный CTA, отсутствие cockpit clutter, linked object и reload persistence.",BREAKTHROUGH_CANDIDATE
B011,C01,First-screen IA / Daily command center,context_graph,Правый граф всегда local graph вокруг выбранного артефакта; большой graph — отдельный режим применительно к «First-screen IA / Daily command center / next action».,"Резко снижает ощущение нагромождения: пользователь видит не 20 панелей, а один понятный маршрут и один активный объект.","Внедрить только если есть repository object, graph/control edge, visual screenshot и owner-flow e2e; иначе оставить как idea backlog.","Playwright: clean start -> выполнить сценарий next action -> проверить один главный CTA, отсутствие cockpit clutter, linked object и reload persistence.",BREAKTHROUGH_CANDIDATE
B012,C01,First-screen IA / Daily command center,proof_hidden,"Proof/control доступен одним кликом, но не занимает первый экран применительно к «First-screen IA / Daily command center / active artifact».","Резко снижает ощущение нагромождения: пользователь видит не 20 панелей, а один понятный маршрут и один активный объект.","Внедрить только если есть repository object, graph/control edge, visual screenshot и owner-flow e2e; иначе оставить как idea backlog.","Playwright: clean start -> выполнить сценарий active artifact -> проверить один главный CTA, отсутствие cockpit clutter, linked object и reload persistence.",BREAKTHROUGH_CANDIDATE
B013,C02,Visual hierarchy / Design system,single_path,Один главный путь вместо панели: capture -> understand -> one recommended action -> details only on demand применительно к «Visual hierarchy / Design system / buttons».,"Резко снижает ощущение нагромождения: пользователь видит не 20 панелей, а один понятный маршрут и один активный объект.","Внедрить только если есть repository object, graph/control edge, visual screenshot и owner-flow e2e; иначе оставить как idea backlog.","Playwright: clean start -> выполнить сценарий buttons -> проверить один главный CTA, отсутствие cockpit clutter, linked object и reload persistence.",BREAKTHROUGH_CANDIDATE
B014,C02,Visual hierarchy / Design system,adaptive_home,"Домашний экран перестраивается под время суток, но не меняет информационную архитектуру применительно к «Visual hierarchy / Design system / states and badges».","Резко снижает ощущение нагромождения: пользователь видит не 20 панелей, а один понятный маршрут и один активный объект.","Внедрить только если есть repository object, graph/control edge, visual screenshot и owner-flow e2e; иначе оставить как idea backlog.","Playwright: clean start -> выполнить сценарий states and badges -> проверить один главный CTA, отсутствие cockpit clutter, linked object и reload persistence.",BREAKTHROUGH_CANDIDATE
B015,C02,Visual hierarchy / Design system,artifact_timeline,"У каждого артефакта есть мини-таймлайн превращений: source, note, task, finance, graph, control применительно к «Visual hierarchy / Design system / icons».","Резко снижает ощущение нагромождения: пользователь видит не 20 панелей, а один понятный маршрут и один активный объект.","Внедрить только если есть repository object, graph/control edge, visual screenshot и owner-flow e2e; иначе оставить как idea backlog.","Playwright: clean start -> выполнить сценарий icons -> проверить один главный CTA, отсутствие cockpit clutter, linked object и reload persistence.",BREAKTHROUGH_CANDIDATE
B016,C02,Visual hierarchy / Design system,why_now,Каждая рекомендация отвечает на вопрос «почему сейчас» и показывает источник применительно к «Visual hierarchy / Design system / responsive layout».,"Резко снижает ощущение нагромождения: пользователь видит не 20 панелей, а один понятный маршрут и один активный объект.","Внедрить только если есть repository object, graph/control edge, visual screenshot и owner-flow e2e; иначе оставить как idea backlog.","Playwright: clean start -> выполнить сценарий responsive layout -> проверить один главный CTA, отсутствие cockpit clutter, linked object и reload persistence.",BREAKTHROUGH_CANDIDATE
B017,C02,Visual hierarchy / Design system,one_click_commit,"Одна большая кнопка принимает все безопасные предложения, вторичные изменения спрятаны применительно к «Visual hierarchy / Design system / color tokens».","Резко снижает ощущение нагромождения: пользователь видит не 20 панелей, а один понятный маршрут и один активный объект.","Внедрить только если есть repository object, graph/control edge, visual screenshot и owner-flow e2e; иначе оставить как idea backlog.","Playwright: clean start -> выполнить сценарий color tokens -> проверить один главный CTA, отсутствие cockpit clutter, linked object и reload persistence.",BREAKTHROUGH_CANDIDATE
B018,C02,Visual hierarchy / Design system,calm_mode,"Режим слабого дня: показывает один следующий шаг, деньги/сроки/здоровье без shame UI применительно к «Visual hierarchy / Design system / spacing scale».","Резко снижает ощущение нагромождения: пользователь видит не 20 панелей, а один понятный маршрут и один активный объект.","Внедрить только если есть repository object, graph/control edge, visual screenshot и owner-flow e2e; иначе оставить как idea backlog.","Playwright: clean start -> выполнить сценарий spacing scale -> проверить один главный CTA, отсутствие cockpit clutter, linked object и reload persistence.",BREAKTHROUGH_CANDIDATE
B019,C02,Visual hierarchy / Design system,review_evening,"Вечерний разбор голосовых/скринов/заметок пакетно, не по одному мусорному pop-up применительно к «Visual hierarchy / Design system / typography».","Резко снижает ощущение нагромождения: пользователь видит не 20 панелей, а один понятный маршрут и один активный объект.","Внедрить только если есть repository object, graph/control edge, visual screenshot и owner-flow e2e; иначе оставить как idea backlog.","Playwright: clean start -> выполнить сценарий typography -> проверить один главный CTA, отсутствие cockpit clutter, linked object и reload persistence.",BREAKTHROUGH_CANDIDATE
B020,C02,Visual hierarchy / Design system,local_ai_coach,"Локальная ИИ-панель работает как proposal coach, не как магический чат без структуры применительно к «Visual hierarchy / Design system / card hierarchy».","Резко снижает ощущение нагромождения: пользователь видит не 20 панелей, а один понятный маршрут и один активный объект.","Внедрить только если есть repository object, graph/control edge, visual screenshot и owner-flow e2e; иначе оставить как idea backlog.","Playwright: clean start -> выполнить сценарий card hierarchy -> проверить один главный CTA, отсутствие cockpit clutter, linked object и reload persistence.",BREAKTHROUGH_CANDIDATE
B021,C02,Visual hierarchy / Design system,semantic_color,"Цветовая семантика: задача, деньги, привычка, цель, знание, медиа, контроль имеют устойчивые роли применительно к «Visual hierarchy / Design system / buttons».","Резко снижает ощущение нагромождения: пользователь видит не 20 панелей, а один понятный маршрут и один активный объект.","Внедрить только если есть repository object, graph/control edge, visual screenshot и owner-flow e2e; иначе оставить как idea backlog.","Playwright: clean start -> выполнить сценарий buttons -> проверить один главный CTA, отсутствие cockpit clutter, linked object и reload persistence.",BREAKTHROUGH_CANDIDATE
B022,C02,Visual hierarchy / Design system,focus_routes,"Каждый workspace имеет один основной job-to-be-done, а не копирует общий cockpit применительно к «Visual hierarchy / Design system / states and badges».","Резко снижает ощущение нагромождения: пользователь видит не 20 панелей, а один понятный маршрут и один активный объект.","Внедрить только если есть repository object, graph/control edge, visual screenshot и owner-flow e2e; иначе оставить как idea backlog.","Playwright: clean start -> выполнить сценарий states and badges -> проверить один главный CTA, отсутствие cockpit clutter, linked object и reload persistence.",BREAKTHROUGH_CANDIDATE
B023,C02,Visual hierarchy / Design system,context_graph,Правый граф всегда local graph вокруг выбранного артефакта; большой graph — отдельный режим применительно к «Visual hierarchy / Design system / icons».,"Резко снижает ощущение нагромождения: пользователь видит не 20 панелей, а один понятный маршрут и один активный объект.","Внедрить только если есть repository object, graph/control edge, visual screenshot и owner-flow e2e; иначе оставить как idea backlog.","Playwright: clean start -> выполнить сценарий icons -> проверить один главный CTA, отсутствие cockpit clutter, linked object и reload persistence.",BREAKTHROUGH_CANDIDATE
B024,C02,Visual hierarchy / Design system,proof_hidden,"Proof/control доступен одним кликом, но не занимает первый экран применительно к «Visual hierarchy / Design system / responsive layout».","Резко снижает ощущение нагромождения: пользователь видит не 20 панелей, а один понятный маршрут и один активный объект.","Внедрить только если есть repository object, graph/control edge, visual screenshot и owner-flow e2e; иначе оставить как idea backlog.","Playwright: clean start -> выполнить сценарий responsive layout -> проверить один главный CTA, отсутствие cockpit clutter, linked object и reload persistence.",BREAKTHROUGH_CANDIDATE
B025,C03,Universal capture / File input,single_path,Один главный путь вместо панели: capture -> understand -> one recommended action -> details only on demand применительно к «Universal capture / File input / text paste».,"Резко снижает ощущение нагромождения: пользователь видит не 20 панелей, а один понятный маршрут и один активный объект.","Внедрить только если есть repository object, graph/control edge, visual screenshot и owner-flow e2e; иначе оставить как idea backlog.","Playwright: clean start -> выполнить сценарий text paste -> проверить один главный CTA, отсутствие cockpit clutter, linked object и reload persistence.",BREAKTHROUGH_CANDIDATE
B026,C03,Universal capture / File input,adaptive_home,"Домашний экран перестраивается под время суток, но не меняет информационную архитектуру применительно к «Universal capture / File input / drag-drop».","Резко снижает ощущение нагромождения: пользователь видит не 20 панелей, а один понятный маршрут и один активный объект.","Внедрить только если есть repository object, graph/control edge, visual screenshot и owner-flow e2e; иначе оставить как idea backlog.","Playwright: clean start -> выполнить сценарий drag-drop -> проверить один главный CTA, отсутствие cockpit clutter, linked object и reload persistence.",BREAKTHROUGH_CANDIDATE
B027,C03,Universal capture / File input,artifact_timeline,"У каждого артефакта есть мини-таймлайн превращений: source, note, task, finance, graph, control применительно к «Universal capture / File input / file picker».","Резко снижает ощущение нагромождения: пользователь видит не 20 панелей, а один понятный маршрут и один активный объект.","Внедрить только если есть repository object, graph/control edge, visual screenshot и owner-flow e2e; иначе оставить как idea backlog.","Playwright: clean start -> выполнить сценарий file picker -> проверить один главный CTA, отсутствие cockpit clutter, linked object и reload persistence.",BREAKTHROUGH_CANDIDATE
B028,C03,Universal capture / File input,why_now,Каждая рекомендация отвечает на вопрос «почему сейчас» и показывает источник применительно к «Universal capture / File input / screenshot receipt».,"Резко снижает ощущение нагромождения: пользователь видит не 20 панелей, а один понятный маршрут и один активный объект.","Внедрить только если есть repository object, graph/control edge, visual screenshot и owner-flow e2e; иначе оставить как idea backlog.","Playwright: clean start -> выполнить сценарий screenshot receipt -> проверить один главный CTA, отсутствие cockpit clutter, linked object и reload persistence.",BREAKTHROUGH_CANDIDATE
B029,C03,Universal capture / File input,one_click_commit,"Одна большая кнопка принимает все безопасные предложения, вторичные изменения спрятаны применительно к «Universal capture / File input / audio upload».","Резко снижает ощущение нагромождения: пользователь видит не 20 панелей, а один понятный маршрут и один активный объект.","Внедрить только если есть repository object, graph/control edge, visual screenshot и owner-flow e2e; иначе оставить как idea backlog.","Playwright: clean start -> выполнить сценарий audio upload -> проверить один главный CTA, отсутствие cockpit clutter, linked object и reload persistence.",BREAKTHROUGH_CANDIDATE
B030,C03,Universal capture / File input,calm_mode,"Режим слабого дня: показывает один следующий шаг, деньги/сроки/здоровье без shame UI применительно к «Universal capture / File input / book import».","Резко снижает ощущение нагромождения: пользователь видит не 20 панелей, а один понятный маршрут и один активный объект.","Внедрить только если есть repository object, graph/control edge, visual screenshot и owner-flow e2e; иначе оставить как idea backlog.","Playwright: clean start -> выполнить сценарий book import -> проверить один главный CTA, отсутствие cockpit clutter, linked object и reload persistence.",BREAKTHROUGH_CANDIDATE
B031,C03,Universal capture / File input,review_evening,"Вечерний разбор голосовых/скринов/заметок пакетно, не по одному мусорному pop-up применительно к «Universal capture / File input / mail paste».","Резко снижает ощущение нагромождения: пользователь видит не 20 панелей, а один понятный маршрут и один активный объект.","Внедрить только если есть repository object, graph/control edge, visual screenshot и owner-flow e2e; иначе оставить как idea backlog.","Playwright: clean start -> выполнить сценарий mail paste -> проверить один главный CTA, отсутствие cockpit clutter, linked object и reload persistence.",BREAKTHROUGH_CANDIDATE
B032,C03,Universal capture / File input,local_ai_coach,"Локальная ИИ-панель работает как proposal coach, не как магический чат без структуры применительно к «Universal capture / File input / mobile capture».","Резко снижает ощущение нагромождения: пользователь видит не 20 панелей, а один понятный маршрут и один активный объект.","Внедрить только если есть repository object, graph/control edge, visual screenshot и owner-flow e2e; иначе оставить как idea backlog.","Playwright: clean start -> выполнить сценарий mobile capture -> проверить один главный CTA, отсутствие cockpit clutter, linked object и reload persistence.",BREAKTHROUGH_CANDIDATE
B033,C03,Universal capture / File input,semantic_color,"Цветовая семантика: задача, деньги, привычка, цель, знание, медиа, контроль имеют устойчивые роли применительно к «Universal capture / File input / text paste».","Резко снижает ощущение нагромождения: пользователь видит не 20 панелей, а один понятный маршрут и один активный объект.","Внедрить только если есть repository object, graph/control edge, visual screenshot и owner-flow e2e; иначе оставить как idea backlog.","Playwright: clean start -> выполнить сценарий text paste -> проверить один главный CTA, отсутствие cockpit clutter, linked object и reload persistence.",BREAKTHROUGH_CANDIDATE
B034,C03,Universal capture / File input,focus_routes,"Каждый workspace имеет один основной job-to-be-done, а не копирует общий cockpit применительно к «Universal capture / File input / drag-drop».","Резко снижает ощущение нагромождения: пользователь видит не 20 панелей, а один понятный маршрут и один активный объект.","Внедрить только если есть repository object, graph/control edge, visual screenshot и owner-flow e2e; иначе оставить как idea backlog.","Playwright: clean start -> выполнить сценарий drag-drop -> проверить один главный CTA, отсутствие cockpit clutter, linked object и reload persistence.",BREAKTHROUGH_CANDIDATE
B035,C03,Universal capture / File input,context_graph,Правый граф всегда local graph вокруг выбранного артефакта; большой graph — отдельный режим применительно к «Universal capture / File input / file picker».,"Резко снижает ощущение нагромождения: пользователь видит не 20 панелей, а один понятный маршрут и один активный объект.","Внедрить только если есть repository object, graph/control edge, visual screenshot и owner-flow e2e; иначе оставить как idea backlog.","Playwright: clean start -> выполнить сценарий file picker -> проверить один главный CTA, отсутствие cockpit clutter, linked object и reload persistence.",BREAKTHROUGH_CANDIDATE
B036,C03,Universal capture / File input,proof_hidden,"Proof/control доступен одним кликом, но не занимает первый экран применительно к «Universal capture / File input / screenshot receipt».","Резко снижает ощущение нагромождения: пользователь видит не 20 панелей, а один понятный маршрут и один активный объект.","Внедрить только если есть repository object, graph/control edge, visual screenshot и owner-flow e2e; иначе оставить как idea backlog.","Playwright: clean start -> выполнить сценарий screenshot receipt -> проверить один главный CTA, отсутствие cockpit clutter, linked object и reload persistence.",BREAKTHROUGH_CANDIDATE
B037,C04,Artifact kernel / Repository,single_path,Один главный путь вместо панели: capture -> understand -> one recommended action -> details only on demand применительно к «Artifact kernel / Repository / dedupe».,"Резко снижает ощущение нагромождения: пользователь видит не 20 панелей, а один понятный маршрут и один активный объект.","Внедрить только если есть repository object, graph/control edge, visual screenshot и owner-flow e2e; иначе оставить как idea backlog.","Playwright: clean start -> выполнить сценарий dedupe -> проверить один главный CTA, отсутствие cockpit clutter, linked object и reload persistence.",BREAKTHROUGH_CANDIDATE
B038,C04,Artifact kernel / Repository,adaptive_home,"Домашний экран перестраивается под время суток, но не меняет информационную архитектуру применительно к «Artifact kernel / Repository / lifecycle».","Резко снижает ощущение нагромождения: пользователь видит не 20 панелей, а один понятный маршрут и один активный объект.","Внедрить только если есть repository object, graph/control edge, visual screenshot и owner-flow e2e; иначе оставить как idea backlog.","Playwright: clean start -> выполнить сценарий lifecycle -> проверить один главный CTA, отсутствие cockpit clutter, linked object и reload persistence.",BREAKTHROUGH_CANDIDATE
B039,C04,Artifact kernel / Repository,artifact_timeline,"У каждого артефакта есть мини-таймлайн превращений: source, note, task, finance, graph, control применительно к «Artifact kernel / Repository / links».","Резко снижает ощущение нагромождения: пользователь видит не 20 панелей, а один понятный маршрут и один активный объект.","Внедрить только если есть repository object, graph/control edge, visual screenshot и owner-flow e2e; иначе оставить как idea backlog.","Playwright: clean start -> выполнить сценарий links -> проверить один главный CTA, отсутствие cockpit clutter, linked object и reload persistence.",BREAKTHROUGH_CANDIDATE
B040,C04,Artifact kernel / Repository,why_now,Каждая рекомендация отвечает на вопрос «почему сейчас» и показывает источник применительно к «Artifact kernel / Repository / privacy scope».,"Резко снижает ощущение нагромождения: пользователь видит не 20 панелей, а один понятный маршрут и один активный объект.","Внедрить только если есть repository object, graph/control edge, visual screenshot и owner-flow e2e; иначе оставить как idea backlog.","Playwright: clean start -> выполнить сценарий privacy scope -> проверить один главный CTA, отсутствие cockpit clutter, linked object и reload persistence.",BREAKTHROUGH_CANDIDATE
B041,C04,Artifact kernel / Repository,one_click_commit,"Одна большая кнопка принимает все безопасные предложения, вторичные изменения спрятаны применительно к «Artifact kernel / Repository / artifact identity».","Резко снижает ощущение нагромождения: пользователь видит не 20 панелей, а один понятный маршрут и один активный объект.","Внедрить только если есть repository object, graph/control edge, visual screenshot и owner-flow e2e; иначе оставить как idea backlog.","Playwright: clean start -> выполнить сценарий artifact identity -> проверить один главный CTA, отсутствие cockpit clutter, linked object и reload persistence.",BREAKTHROUGH_CANDIDATE
B042,C04,Artifact kernel / Repository,calm_mode,"Режим слабого дня: показывает один следующий шаг, деньги/сроки/здоровье без shame UI применительно к «Artifact kernel / Repository / projection model».","Резко снижает ощущение нагромождения: пользователь видит не 20 панелей, а один понятный маршрут и один активный объект.","Внедрить только если есть repository object, graph/control edge, visual screenshot и owner-flow e2e; иначе оставить как idea backlog.","Playwright: clean start -> выполнить сценарий projection model -> проверить один главный CTA, отсутствие cockpit clutter, linked object и reload persistence.",BREAKTHROUGH_CANDIDATE
B043,C04,Artifact kernel / Repository,review_evening,"Вечерний разбор голосовых/скринов/заметок пакетно, не по одному мусорному pop-up применительно к «Artifact kernel / Repository / schema version».","Резко снижает ощущение нагромождения: пользователь видит не 20 панелей, а один понятный маршрут и один активный объект.","Внедрить только если есть repository object, graph/control edge, visual screenshot и owner-flow e2e; иначе оставить как idea backlog.","Playwright: clean start -> выполнить сценарий schema version -> проверить один главный CTA, отсутствие cockpit clutter, linked object и reload persistence.",BREAKTHROUGH_CANDIDATE
B044,C04,Artifact kernel / Repository,local_ai_coach,"Локальная ИИ-панель работает как proposal coach, не как магический чат без структуры применительно к «Artifact kernel / Repository / migration».","Резко снижает ощущение нагромождения: пользователь видит не 20 панелей, а один понятный маршрут и один активный объект.","Внедрить только если есть repository object, graph/control edge, visual screenshot и owner-flow e2e; иначе оставить как idea backlog.","Playwright: clean start -> выполнить сценарий migration -> проверить один главный CTA, отсутствие cockpit clutter, linked object и reload persistence.",BREAKTHROUGH_CANDIDATE
B045,C04,Artifact kernel / Repository,semantic_color,"Цветовая семантика: задача, деньги, привычка, цель, знание, медиа, контроль имеют устойчивые роли применительно к «Artifact kernel / Repository / dedupe».","Резко снижает ощущение нагромождения: пользователь видит не 20 панелей, а один понятный маршрут и один активный объект.","Внедрить только если есть repository object, graph/control edge, visual screenshot и owner-flow e2e; иначе оставить как idea backlog.","Playwright: clean start -> выполнить сценарий dedupe -> проверить один главный CTA, отсутствие cockpit clutter, linked object и reload persistence.",BREAKTHROUGH_CANDIDATE
B046,C04,Artifact kernel / Repository,focus_routes,"Каждый workspace имеет один основной job-to-be-done, а не копирует общий cockpit применительно к «Artifact kernel / Repository / lifecycle».","Резко снижает ощущение нагромождения: пользователь видит не 20 панелей, а один понятный маршрут и один активный объект.","Внедрить только если есть repository object, graph/control edge, visual screenshot и owner-flow e2e; иначе оставить как idea backlog.","Playwright: clean start -> выполнить сценарий lifecycle -> проверить один главный CTA, отсутствие cockpit clutter, linked object и reload persistence.",BREAKTHROUGH_CANDIDATE
B047,C04,Artifact kernel / Repository,context_graph,Правый граф всегда local graph вокруг выбранного артефакта; большой graph — отдельный режим применительно к «Artifact kernel / Repository / links».,"Резко снижает ощущение нагромождения: пользователь видит не 20 панелей, а один понятный маршрут и один активный объект.","Внедрить только если есть repository object, graph/control edge, visual screenshot и owner-flow e2e; иначе оставить как idea backlog.","Playwright: clean start -> выполнить сценарий links -> проверить один главный CTA, отсутствие cockpit clutter, linked object и reload persistence.",BREAKTHROUGH_CANDIDATE
B048,C04,Artifact kernel / Repository,proof_hidden,"Proof/control доступен одним кликом, но не занимает первый экран применительно к «Artifact kernel / Repository / privacy scope».","Резко снижает ощущение нагромождения: пользователь видит не 20 панелей, а один понятный маршрут и один активный объект.","Внедрить только если есть repository object, graph/control edge, visual screenshot и owner-flow e2e; иначе оставить как idea backlog.","Playwright: clean start -> выполнить сценарий privacy scope -> проверить один главный CTA, отсутствие cockpit clutter, linked object и reload persistence.",BREAKTHROUGH_CANDIDATE
B049,C05,Analysis / Classification / Proposals,single_path,Один главный путь вместо панели: capture -> understand -> one recommended action -> details only on demand применительно к «Analysis / Classification / Proposals / task parser».,"Резко снижает ощущение нагромождения: пользователь видит не 20 панелей, а один понятный маршрут и один активный объект.","Внедрить только если есть repository object, graph/control edge, visual screenshot и owner-flow e2e; иначе оставить как idea backlog.","Playwright: clean start -> выполнить сценарий task parser -> проверить один главный CTA, отсутствие cockpit clutter, linked object и reload persistence.",BREAKTHROUGH_CANDIDATE
B050,C05,Analysis / Classification / Proposals,adaptive_home,"Домашний экран перестраивается под время суток, но не меняет информационную архитектуру применительно к «Analysis / Classification / Proposals / finance parser».","Резко снижает ощущение нагромождения: пользователь видит не 20 панелей, а один понятный маршрут и один активный объект.","Внедрить только если есть repository object, graph/control edge, visual screenshot и owner-flow e2e; иначе оставить как idea backlog.","Playwright: clean start -> выполнить сценарий finance parser -> проверить один главный CTA, отсутствие cockpit clutter, linked object и reload persistence.",BREAKTHROUGH_CANDIDATE
B051,C05,Analysis / Classification / Proposals,artifact_timeline,"У каждого артефакта есть мини-таймлайн превращений: source, note, task, finance, graph, control применительно к «Analysis / Classification / Proposals / habit parser».","Резко снижает ощущение нагромождения: пользователь видит не 20 панелей, а один понятный маршрут и один активный объект.","Внедрить только если есть repository object, graph/control edge, visual screenshot и owner-flow e2e; иначе оставить как idea backlog.","Playwright: clean start -> выполнить сценарий habit parser -> проверить один главный CTA, отсутствие cockpit clutter, linked object и reload persistence.",BREAKTHROUGH_CANDIDATE
B052,C05,Analysis / Classification / Proposals,why_now,Каждая рекомендация отвечает на вопрос «почему сейчас» и показывает источник применительно к «Analysis / Classification / Proposals / goal parser».,"Резко снижает ощущение нагромождения: пользователь видит не 20 панелей, а один понятный маршрут и один активный объект.","Внедрить только если есть repository object, graph/control edge, visual screenshot и owner-flow e2e; иначе оставить как idea backlog.","Playwright: clean start -> выполнить сценарий goal parser -> проверить один главный CTA, отсутствие cockpit clutter, linked object и reload persistence.",BREAKTHROUGH_CANDIDATE
B053,C05,Analysis / Classification / Proposals,one_click_commit,"Одна большая кнопка принимает все безопасные предложения, вторичные изменения спрятаны применительно к «Analysis / Classification / Proposals / knowledge parser».","Резко снижает ощущение нагромождения: пользователь видит не 20 панелей, а один понятный маршрут и один активный объект.","Внедрить только если есть repository object, graph/control edge, visual screenshot и owner-flow e2e; иначе оставить как idea backlog.","Playwright: clean start -> выполнить сценарий knowledge parser -> проверить один главный CTA, отсутствие cockpit clutter, linked object и reload persistence.",BREAKTHROUGH_CANDIDATE
B054,C05,Analysis / Classification / Proposals,calm_mode,"Режим слабого дня: показывает один следующий шаг, деньги/сроки/здоровье без shame UI применительно к «Analysis / Classification / Proposals / mail parser».","Резко снижает ощущение нагромождения: пользователь видит не 20 панелей, а один понятный маршрут и один активный объект.","Внедрить только если есть repository object, graph/control edge, visual screenshot и owner-flow e2e; иначе оставить как idea backlog.","Playwright: clean start -> выполнить сценарий mail parser -> проверить один главный CTA, отсутствие cockpit clutter, linked object и reload persistence.",BREAKTHROUGH_CANDIDATE
B055,C05,Analysis / Classification / Proposals,review_evening,"Вечерний разбор голосовых/скринов/заметок пакетно, не по одному мусорному pop-up применительно к «Analysis / Classification / Proposals / media parser».","Резко снижает ощущение нагромождения: пользователь видит не 20 панелей, а один понятный маршрут и один активный объект.","Внедрить только если есть repository object, graph/control edge, visual screenshot и owner-flow e2e; иначе оставить как idea backlog.","Playwright: clean start -> выполнить сценарий media parser -> проверить один главный CTA, отсутствие cockpit clutter, linked object и reload persistence.",BREAKTHROUGH_CANDIDATE
B056,C05,Analysis / Classification / Proposals,local_ai_coach,"Локальная ИИ-панель работает как proposal coach, не как магический чат без структуры применительно к «Analysis / Classification / Proposals / uncertainty model».","Резко снижает ощущение нагромождения: пользователь видит не 20 панелей, а один понятный маршрут и один активный объект.","Внедрить только если есть repository object, graph/control edge, visual screenshot и owner-flow e2e; иначе оставить как idea backlog.","Playwright: clean start -> выполнить сценарий uncertainty model -> проверить один главный CTA, отсутствие cockpit clutter, linked object и reload persistence.",BREAKTHROUGH_CANDIDATE
B057,C05,Analysis / Classification / Proposals,semantic_color,"Цветовая семантика: задача, деньги, привычка, цель, знание, медиа, контроль имеют устойчивые роли применительно к «Analysis / Classification / Proposals / task parser».","Резко снижает ощущение нагромождения: пользователь видит не 20 панелей, а один понятный маршрут и один активный объект.","Внедрить только если есть repository object, graph/control edge, visual screenshot и owner-flow e2e; иначе оставить как idea backlog.","Playwright: clean start -> выполнить сценарий task parser -> проверить один главный CTA, отсутствие cockpit clutter, linked object и reload persistence.",BREAKTHROUGH_CANDIDATE
B058,C05,Analysis / Classification / Proposals,focus_routes,"Каждый workspace имеет один основной job-to-be-done, а не копирует общий cockpit применительно к «Analysis / Classification / Proposals / finance parser».","Резко снижает ощущение нагромождения: пользователь видит не 20 панелей, а один понятный маршрут и один активный объект.","Внедрить только если есть repository object, graph/control edge, visual screenshot и owner-flow e2e; иначе оставить как idea backlog.","Playwright: clean start -> выполнить сценарий finance parser -> проверить один главный CTA, отсутствие cockpit clutter, linked object и reload persistence.",BREAKTHROUGH_CANDIDATE
B059,C05,Analysis / Classification / Proposals,context_graph,Правый граф всегда local graph вокруг выбранного артефакта; большой graph — отдельный режим применительно к «Analysis / Classification / Proposals / habit parser».,"Резко снижает ощущение нагромождения: пользователь видит не 20 панелей, а один понятный маршрут и один активный объект.","Внедрить только если есть repository object, graph/control edge, visual screenshot и owner-flow e2e; иначе оставить как idea backlog.","Playwright: clean start -> выполнить сценарий habit parser -> проверить один главный CTA, отсутствие cockpit clutter, linked object и reload persistence.",BREAKTHROUGH_CANDIDATE
B060,C05,Analysis / Classification / Proposals,proof_hidden,"Proof/control доступен одним кликом, но не занимает первый экран применительно к «Analysis / Classification / Proposals / goal parser».","Резко снижает ощущение нагромождения: пользователь видит не 20 панелей, а один понятный маршрут и один активный объект.","Внедрить только если есть repository object, graph/control edge, visual screenshot и owner-flow e2e; иначе оставить как idea backlog.","Playwright: clean start -> выполнить сценарий goal parser -> проверить один главный CTA, отсутствие cockpit clutter, linked object и reload persistence.",BREAKTHROUGH_CANDIDATE
B061,C06,Apply engine / Approval UX,single_path,Один главный путь вместо панели: capture -> understand -> one recommended action -> details only on demand применительно к «Apply engine / Approval UX / undo».,"Резко снижает ощущение нагромождения: пользователь видит не 20 панелей, а один понятный маршрут и один активный объект.","Внедрить только если есть repository object, graph/control edge, visual screenshot и owner-flow e2e; иначе оставить как idea backlog.","Playwright: clean start -> выполнить сценарий undo -> проверить один главный CTA, отсутствие cockpit clutter, linked object и reload persistence.",BREAKTHROUGH_CANDIDATE
B062,C06,Apply engine / Approval UX,adaptive_home,"Домашний экран перестраивается под время суток, но не меняет информационную архитектуру применительно к «Apply engine / Approval UX / batch review».","Резко снижает ощущение нагромождения: пользователь видит не 20 панелей, а один понятный маршрут и один активный объект.","Внедрить только если есть repository object, graph/control edge, visual screenshot и owner-flow e2e; иначе оставить как idea backlog.","Playwright: clean start -> выполнить сценарий batch review -> проверить один главный CTA, отсутствие cockpit clutter, linked object и reload persistence.",BREAKTHROUGH_CANDIDATE
B063,C06,Apply engine / Approval UX,artifact_timeline,"У каждого артефакта есть мини-таймлайн превращений: source, note, task, finance, graph, control применительно к «Apply engine / Approval UX / source proof».","Резко снижает ощущение нагромождения: пользователь видит не 20 панелей, а один понятный маршрут и один активный объект.","Внедрить только если есть repository object, graph/control edge, visual screenshot и owner-flow e2e; иначе оставить как idea backlog.","Playwright: clean start -> выполнить сценарий source proof -> проверить один главный CTA, отсутствие cockpit clutter, linked object и reload persistence.",BREAKTHROUGH_CANDIDATE
B064,C06,Apply engine / Approval UX,why_now,Каждая рекомендация отвечает на вопрос «почему сейчас» и показывает источник применительно к «Apply engine / Approval UX / mutation audit».,"Резко снижает ощущение нагромождения: пользователь видит не 20 панелей, а один понятный маршрут и один активный объект.","Внедрить только если есть repository object, graph/control edge, visual screenshot и owner-flow e2e; иначе оставить как idea backlog.","Playwright: clean start -> выполнить сценарий mutation audit -> проверить один главный CTA, отсутствие cockpit clutter, linked object и reload persistence.",BREAKTHROUGH_CANDIDATE
B065,C06,Apply engine / Approval UX,one_click_commit,"Одна большая кнопка принимает все безопасные предложения, вторичные изменения спрятаны применительно к «Apply engine / Approval UX / apply all».","Резко снижает ощущение нагромождения: пользователь видит не 20 панелей, а один понятный маршрут и один активный объект.","Внедрить только если есть repository object, graph/control edge, visual screenshot и owner-flow e2e; иначе оставить как idea backlog.","Playwright: clean start -> выполнить сценарий apply all -> проверить один главный CTA, отсутствие cockpit clutter, linked object и reload persistence.",BREAKTHROUGH_CANDIDATE
B066,C06,Apply engine / Approval UX,calm_mode,"Режим слабого дня: показывает один следующий шаг, деньги/сроки/здоровье без shame UI применительно к «Apply engine / Approval UX / single apply».","Резко снижает ощущение нагромождения: пользователь видит не 20 панелей, а один понятный маршрут и один активный объект.","Внедрить только если есть repository object, graph/control edge, visual screenshot и owner-flow e2e; иначе оставить как idea backlog.","Playwright: clean start -> выполнить сценарий single apply -> проверить один главный CTA, отсутствие cockpit clutter, linked object и reload persistence.",BREAKTHROUGH_CANDIDATE
B067,C06,Apply engine / Approval UX,review_evening,"Вечерний разбор голосовых/скринов/заметок пакетно, не по одному мусорному pop-up применительно к «Apply engine / Approval UX / edit proposal».","Резко снижает ощущение нагромождения: пользователь видит не 20 панелей, а один понятный маршрут и один активный объект.","Внедрить только если есть repository object, graph/control edge, visual screenshot и owner-flow e2e; иначе оставить как idea backlog.","Playwright: clean start -> выполнить сценарий edit proposal -> проверить один главный CTA, отсутствие cockpit clutter, linked object и reload persistence.",BREAKTHROUGH_CANDIDATE
B068,C06,Apply engine / Approval UX,local_ai_coach,"Локальная ИИ-панель работает как proposal coach, не как магический чат без структуры применительно к «Apply engine / Approval UX / skip/reject».","Резко снижает ощущение нагромождения: пользователь видит не 20 панелей, а один понятный маршрут и один активный объект.","Внедрить только если есть repository object, graph/control edge, visual screenshot и owner-flow e2e; иначе оставить как idea backlog.","Playwright: clean start -> выполнить сценарий skip/reject -> проверить один главный CTA, отсутствие cockpit clutter, linked object и reload persistence.",BREAKTHROUGH_CANDIDATE
B069,C06,Apply engine / Approval UX,semantic_color,"Цветовая семантика: задача, деньги, привычка, цель, знание, медиа, контроль имеют устойчивые роли применительно к «Apply engine / Approval UX / undo».","Резко снижает ощущение нагромождения: пользователь видит не 20 панелей, а один понятный маршрут и один активный объект.","Внедрить только если есть repository object, graph/control edge, visual screenshot и owner-flow e2e; иначе оставить как idea backlog.","Playwright: clean start -> выполнить сценарий undo -> проверить один главный CTA, отсутствие cockpit clutter, linked object и reload persistence.",BREAKTHROUGH_CANDIDATE
B070,C06,Apply engine / Approval UX,focus_routes,"Каждый workspace имеет один основной job-to-be-done, а не копирует общий cockpit применительно к «Apply engine / Approval UX / batch review».","Резко снижает ощущение нагромождения: пользователь видит не 20 панелей, а один понятный маршрут и один активный объект.","Внедрить только если есть repository object, graph/control edge, visual screenshot и owner-flow e2e; иначе оставить как idea backlog.","Playwright: clean start -> выполнить сценарий batch review -> проверить один главный CTA, отсутствие cockpit clutter, linked object и reload persistence.",BREAKTHROUGH_CANDIDATE
B071,C06,Apply engine / Approval UX,context_graph,Правый граф всегда local graph вокруг выбранного артефакта; большой graph — отдельный режим применительно к «Apply engine / Approval UX / source proof».,"Резко снижает ощущение нагромождения: пользователь видит не 20 панелей, а один понятный маршрут и один активный объект.","Внедрить только если есть repository object, graph/control edge, visual screenshot и owner-flow e2e; иначе оставить как idea backlog.","Playwright: clean start -> выполнить сценарий source proof -> проверить один главный CTA, отсутствие cockpit clutter, linked object и reload persistence.",BREAKTHROUGH_CANDIDATE
B072,C06,Apply engine / Approval UX,proof_hidden,"Proof/control доступен одним кликом, но не занимает первый экран применительно к «Apply engine / Approval UX / mutation audit».","Резко снижает ощущение нагромождения: пользователь видит не 20 панелей, а один понятный маршрут и один активный объект.","Внедрить только если есть repository object, graph/control edge, visual screenshot и owner-flow e2e; иначе оставить как idea backlog.","Playwright: clean start -> выполнить сценарий mutation audit -> проверить один главный CTA, отсутствие cockpit clutter, linked object и reload persistence.",BREAKTHROUGH_CANDIDATE
B073,C07,Calendar / Tasks / Reminders,single_path,Один главный путь вместо панели: capture -> understand -> one recommended action -> details only on demand применительно к «Calendar / Tasks / Reminders / today view».,"Резко снижает ощущение нагромождения: пользователь видит не 20 панелей, а один понятный маршрут и один активный объект.","Внедрить только если есть repository object, graph/control edge, visual screenshot и owner-flow e2e; иначе оставить как idea backlog.","Playwright: clean start -> выполнить сценарий today view -> проверить один главный CTA, отсутствие cockpit clutter, linked object и reload persistence.",BREAKTHROUGH_CANDIDATE
B074,C07,Calendar / Tasks / Reminders,adaptive_home,"Домашний экран перестраивается под время суток, но не меняет информационную архитектуру применительно к «Calendar / Tasks / Reminders / tomorrow view».","Резко снижает ощущение нагромождения: пользователь видит не 20 панелей, а один понятный маршрут и один активный объект.","Внедрить только если есть repository object, graph/control edge, visual screenshot и owner-flow e2e; иначе оставить как idea backlog.","Playwright: clean start -> выполнить сценарий tomorrow view -> проверить один главный CTA, отсутствие cockpit clutter, linked object и reload persistence.",BREAKTHROUGH_CANDIDATE
B075,C07,Calendar / Tasks / Reminders,artifact_timeline,"У каждого артефакта есть мини-таймлайн превращений: source, note, task, finance, graph, control применительно к «Calendar / Tasks / Reminders / week view».","Резко снижает ощущение нагромождения: пользователь видит не 20 панелей, а один понятный маршрут и один активный объект.","Внедрить только если есть repository object, graph/control edge, visual screenshot и owner-flow e2e; иначе оставить как idea backlog.","Playwright: clean start -> выполнить сценарий week view -> проверить один главный CTA, отсутствие cockpit clutter, linked object и reload persistence.",BREAKTHROUGH_CANDIDATE
B076,C07,Calendar / Tasks / Reminders,why_now,Каждая рекомендация отвечает на вопрос «почему сейчас» и показывает источник применительно к «Calendar / Tasks / Reminders / time grid».,"Резко снижает ощущение нагромождения: пользователь видит не 20 панелей, а один понятный маршрут и один активный объект.","Внедрить только если есть repository object, graph/control edge, visual screenshot и owner-flow e2e; иначе оставить как idea backlog.","Playwright: clean start -> выполнить сценарий time grid -> проверить один главный CTA, отсутствие cockpit clutter, linked object и reload persistence.",BREAKTHROUGH_CANDIDATE
B077,C07,Calendar / Tasks / Reminders,one_click_commit,"Одна большая кнопка принимает все безопасные предложения, вторичные изменения спрятаны применительно к «Calendar / Tasks / Reminders / unscheduled bucket».","Резко снижает ощущение нагромождения: пользователь видит не 20 панелей, а один понятный маршрут и один активный объект.","Внедрить только если есть repository object, graph/control edge, visual screenshot и owner-flow e2e; иначе оставить как idea backlog.","Playwright: clean start -> выполнить сценарий unscheduled bucket -> проверить один главный CTA, отсутствие cockpit clutter, linked object и reload persistence.",BREAKTHROUGH_CANDIDATE
B078,C07,Calendar / Tasks / Reminders,calm_mode,"Режим слабого дня: показывает один следующий шаг, деньги/сроки/здоровье без shame UI применительно к «Calendar / Tasks / Reminders / recurring tasks».","Резко снижает ощущение нагромождения: пользователь видит не 20 панелей, а один понятный маршрут и один активный объект.","Внедрить только если есть repository object, graph/control edge, visual screenshot и owner-flow e2e; иначе оставить как idea backlog.","Playwright: clean start -> выполнить сценарий recurring tasks -> проверить один главный CTA, отсутствие cockpit clutter, linked object и reload persistence.",BREAKTHROUGH_CANDIDATE
B079,C07,Calendar / Tasks / Reminders,review_evening,"Вечерний разбор голосовых/скринов/заметок пакетно, не по одному мусорному pop-up применительно к «Calendar / Tasks / Reminders / reminders».","Резко снижает ощущение нагромождения: пользователь видит не 20 панелей, а один понятный маршрут и один активный объект.","Внедрить только если есть repository object, graph/control edge, visual screenshot и owner-flow e2e; иначе оставить как idea backlog.","Playwright: clean start -> выполнить сценарий reminders -> проверить один главный CTA, отсутствие cockpit clutter, linked object и reload persistence.",BREAKTHROUGH_CANDIDATE
B080,C07,Calendar / Tasks / Reminders,local_ai_coach,"Локальная ИИ-панель работает как proposal coach, не как магический чат без структуры применительно к «Calendar / Tasks / Reminders / reschedule flow».","Резко снижает ощущение нагромождения: пользователь видит не 20 панелей, а один понятный маршрут и один активный объект.","Внедрить только если есть repository object, graph/control edge, visual screenshot и owner-flow e2e; иначе оставить как idea backlog.","Playwright: clean start -> выполнить сценарий reschedule flow -> проверить один главный CTA, отсутствие cockpit clutter, linked object и reload persistence.",BREAKTHROUGH_CANDIDATE
B081,C07,Calendar / Tasks / Reminders,semantic_color,"Цветовая семантика: задача, деньги, привычка, цель, знание, медиа, контроль имеют устойчивые роли применительно к «Calendar / Tasks / Reminders / today view».","Резко снижает ощущение нагромождения: пользователь видит не 20 панелей, а один понятный маршрут и один активный объект.","Внедрить только если есть repository object, graph/control edge, visual screenshot и owner-flow e2e; иначе оставить как idea backlog.","Playwright: clean start -> выполнить сценарий today view -> проверить один главный CTA, отсутствие cockpit clutter, linked object и reload persistence.",BREAKTHROUGH_CANDIDATE
B082,C07,Calendar / Tasks / Reminders,focus_routes,"Каждый workspace имеет один основной job-to-be-done, а не копирует общий cockpit применительно к «Calendar / Tasks / Reminders / tomorrow view».","Резко снижает ощущение нагромождения: пользователь видит не 20 панелей, а один понятный маршрут и один активный объект.","Внедрить только если есть repository object, graph/control edge, visual screenshot и owner-flow e2e; иначе оставить как idea backlog.","Playwright: clean start -> выполнить сценарий tomorrow view -> проверить один главный CTA, отсутствие cockpit clutter, linked object и reload persistence.",BREAKTHROUGH_CANDIDATE
B083,C07,Calendar / Tasks / Reminders,context_graph,Правый граф всегда local graph вокруг выбранного артефакта; большой graph — отдельный режим применительно к «Calendar / Tasks / Reminders / week view».,"Резко снижает ощущение нагромождения: пользователь видит не 20 панелей, а один понятный маршрут и один активный объект.","Внедрить только если есть repository object, graph/control edge, visual screenshot и owner-flow e2e; иначе оставить как idea backlog.","Playwright: clean start -> выполнить сценарий week view -> проверить один главный CTA, отсутствие cockpit clutter, linked object и reload persistence.",BREAKTHROUGH_CANDIDATE
B084,C07,Calendar / Tasks / Reminders,proof_hidden,"Proof/control доступен одним кликом, но не занимает первый экран применительно к «Calendar / Tasks / Reminders / time grid».","Резко снижает ощущение нагромождения: пользователь видит не 20 панелей, а один понятный маршрут и один активный объект.","Внедрить только если есть repository object, graph/control edge, visual screenshot и owner-flow e2e; иначе оставить как idea backlog.","Playwright: clean start -> выполнить сценарий time grid -> проверить один главный CTA, отсутствие cockpit clutter, linked object и reload persistence.",BREAKTHROUGH_CANDIDATE
B085,C08,Finance / Budget / Receipts,single_path,Один главный путь вместо панели: capture -> understand -> one recommended action -> details only on demand применительно к «Finance / Budget / Receipts / subscription/bill».,"Резко снижает ощущение нагромождения: пользователь видит не 20 панелей, а один понятный маршрут и один активный объект.","Внедрить только если есть repository object, graph/control edge, visual screenshot и owner-flow e2e; иначе оставить как idea backlog.","Playwright: clean start -> выполнить сценарий subscription/bill -> проверить один главный CTA, отсутствие cockpit clutter, linked object и reload persistence.",BREAKTHROUGH_CANDIDATE
B086,C08,Finance / Budget / Receipts,adaptive_home,"Домашний экран перестраивается под время суток, но не меняет информационную архитектуру применительно к «Finance / Budget / Receipts / receipt screenshot».","Резко снижает ощущение нагромождения: пользователь видит не 20 панелей, а один понятный маршрут и один активный объект.","Внедрить только если есть repository object, graph/control edge, visual screenshot и owner-flow e2e; иначе оставить как idea backlog.","Playwright: clean start -> выполнить сценарий receipt screenshot -> проверить один главный CTA, отсутствие cockpit clutter, linked object и reload persistence.",BREAKTHROUGH_CANDIDATE
B087,C08,Finance / Budget / Receipts,artifact_timeline,"У каждого артефакта есть мини-таймлайн превращений: source, note, task, finance, graph, control применительно к «Finance / Budget / Receipts / import statement».","Резко снижает ощущение нагромождения: пользователь видит не 20 панелей, а один понятный маршрут и один активный объект.","Внедрить только если есть repository object, graph/control edge, visual screenshot и owner-flow e2e; иначе оставить как idea backlog.","Playwright: clean start -> выполнить сценарий import statement -> проверить один главный CTA, отсутствие cockpit clutter, linked object и reload persistence.",BREAKTHROUGH_CANDIDATE
B088,C08,Finance / Budget / Receipts,why_now,Каждая рекомендация отвечает на вопрос «почему сейчас» и показывает источник применительно к «Finance / Budget / Receipts / money dashboard».,"Резко снижает ощущение нагромождения: пользователь видит не 20 панелей, а один понятный маршрут и один активный объект.","Внедрить только если есть repository object, graph/control edge, visual screenshot и owner-flow e2e; иначе оставить как idea backlog.","Playwright: clean start -> выполнить сценарий money dashboard -> проверить один главный CTA, отсутствие cockpit clutter, linked object и reload persistence.",BREAKTHROUGH_CANDIDATE
B089,C08,Finance / Budget / Receipts,one_click_commit,"Одна большая кнопка принимает все безопасные предложения, вторичные изменения спрятаны применительно к «Finance / Budget / Receipts / manual balance».","Резко снижает ощущение нагромождения: пользователь видит не 20 панелей, а один понятный маршрут и один активный объект.","Внедрить только если есть repository object, graph/control edge, visual screenshot и owner-flow e2e; иначе оставить как idea backlog.","Playwright: clean start -> выполнить сценарий manual balance -> проверить один главный CTA, отсутствие cockpit clutter, linked object и reload persistence.",BREAKTHROUGH_CANDIDATE
B090,C08,Finance / Budget / Receipts,calm_mode,"Режим слабого дня: показывает один следующий шаг, деньги/сроки/здоровье без shame UI применительно к «Finance / Budget / Receipts / expense form».","Резко снижает ощущение нагромождения: пользователь видит не 20 панелей, а один понятный маршрут и один активный объект.","Внедрить только если есть repository object, graph/control edge, visual screenshot и owner-flow e2e; иначе оставить как idea backlog.","Playwright: clean start -> выполнить сценарий expense form -> проверить один главный CTA, отсутствие cockpit clutter, linked object и reload persistence.",BREAKTHROUGH_CANDIDATE
B091,C08,Finance / Budget / Receipts,review_evening,"Вечерний разбор голосовых/скринов/заметок пакетно, не по одному мусорному pop-up применительно к «Finance / Budget / Receipts / income/transfer».","Резко снижает ощущение нагромождения: пользователь видит не 20 панелей, а один понятный маршрут и один активный объект.","Внедрить только если есть repository object, graph/control edge, visual screenshot и owner-flow e2e; иначе оставить как idea backlog.","Playwright: clean start -> выполнить сценарий income/transfer -> проверить один главный CTA, отсутствие cockpit clutter, linked object и reload persistence.",BREAKTHROUGH_CANDIDATE
B092,C08,Finance / Budget / Receipts,local_ai_coach,"Локальная ИИ-панель работает как proposal coach, не как магический чат без структуры применительно к «Finance / Budget / Receipts / budget envelope».","Резко снижает ощущение нагромождения: пользователь видит не 20 панелей, а один понятный маршрут и один активный объект.","Внедрить только если есть repository object, graph/control edge, visual screenshot и owner-flow e2e; иначе оставить как idea backlog.","Playwright: clean start -> выполнить сценарий budget envelope -> проверить один главный CTA, отсутствие cockpit clutter, linked object и reload persistence.",BREAKTHROUGH_CANDIDATE
B093,C08,Finance / Budget / Receipts,semantic_color,"Цветовая семантика: задача, деньги, привычка, цель, знание, медиа, контроль имеют устойчивые роли применительно к «Finance / Budget / Receipts / subscription/bill».","Резко снижает ощущение нагромождения: пользователь видит не 20 панелей, а один понятный маршрут и один активный объект.","Внедрить только если есть repository object, graph/control edge, visual screenshot и owner-flow e2e; иначе оставить как idea backlog.","Playwright: clean start -> выполнить сценарий subscription/bill -> проверить один главный CTA, отсутствие cockpit clutter, linked object и reload persistence.",BREAKTHROUGH_CANDIDATE
B094,C08,Finance / Budget / Receipts,focus_routes,"Каждый workspace имеет один основной job-to-be-done, а не копирует общий cockpit применительно к «Finance / Budget / Receipts / receipt screenshot».","Резко снижает ощущение нагромождения: пользователь видит не 20 панелей, а один понятный маршрут и один активный объект.","Внедрить только если есть repository object, graph/control edge, visual screenshot и owner-flow e2e; иначе оставить как idea backlog.","Playwright: clean start -> выполнить сценарий receipt screenshot -> проверить один главный CTA, отсутствие cockpit clutter, linked object и reload persistence.",BREAKTHROUGH_CANDIDATE
B095,C08,Finance / Budget / Receipts,context_graph,Правый граф всегда local graph вокруг выбранного артефакта; большой graph — отдельный режим применительно к «Finance / Budget / Receipts / import statement».,"Резко снижает ощущение нагромождения: пользователь видит не 20 панелей, а один понятный маршрут и один активный объект.","Внедрить только если есть repository object, graph/control edge, visual screenshot и owner-flow e2e; иначе оставить как idea backlog.","Playwright: clean start -> выполнить сценарий import statement -> проверить один главный CTA, отсутствие cockpit clutter, linked object и reload persistence.",BREAKTHROUGH_CANDIDATE
B096,C08,Finance / Budget / Receipts,proof_hidden,"Proof/control доступен одним кликом, но не занимает первый экран применительно к «Finance / Budget / Receipts / money dashboard».","Резко снижает ощущение нагромождения: пользователь видит не 20 панелей, а один понятный маршрут и один активный объект.","Внедрить только если есть repository object, graph/control edge, visual screenshot и owner-flow e2e; иначе оставить как idea backlog.","Playwright: clean start -> выполнить сценарий money dashboard -> проверить один главный CTA, отсутствие cockpit clutter, linked object и reload persistence.",BREAKTHROUGH_CANDIDATE
B097,C09,Habits / Goals / Wheel of balance,single_path,Один главный путь вместо панели: capture -> understand -> one recommended action -> details only on demand применительно к «Habits / Goals / Wheel of balance / habit creation».,"Резко снижает ощущение нагромождения: пользователь видит не 20 панелей, а один понятный маршрут и один активный объект.","Внедрить только если есть repository object, graph/control edge, visual screenshot и owner-flow e2e; иначе оставить как idea backlog.","Playwright: clean start -> выполнить сценарий habit creation -> проверить один главный CTA, отсутствие cockpit clutter, linked object и reload persistence.",BREAKTHROUGH_CANDIDATE
B098,C09,Habits / Goals / Wheel of balance,adaptive_home,"Домашний экран перестраивается под время суток, но не меняет информационную архитектуру применительно к «Habits / Goals / Wheel of balance / habit check-in».","Резко снижает ощущение нагромождения: пользователь видит не 20 панелей, а один понятный маршрут и один активный объект.","Внедрить только если есть repository object, graph/control edge, visual screenshot и owner-flow e2e; иначе оставить как idea backlog.","Playwright: clean start -> выполнить сценарий habit check-in -> проверить один главный CTA, отсутствие cockpit clutter, linked object и reload persistence.",BREAKTHROUGH_CANDIDATE
B099,C09,Habits / Goals / Wheel of balance,artifact_timeline,"У каждого артефакта есть мини-таймлайн превращений: source, note, task, finance, graph, control применительно к «Habits / Goals / Wheel of balance / streak/recovery».","Резко снижает ощущение нагромождения: пользователь видит не 20 панелей, а один понятный маршрут и один активный объект.","Внедрить только если есть repository object, graph/control edge, visual screenshot и owner-flow e2e; иначе оставить как idea backlog.","Playwright: clean start -> выполнить сценарий streak/recovery -> проверить один главный CTA, отсутствие cockpit clutter, linked object и reload persistence.",BREAKTHROUGH_CANDIDATE
B100,C09,Habits / Goals / Wheel of balance,why_now,Каждая рекомендация отвечает на вопрос «почему сейчас» и показывает источник применительно к «Habits / Goals / Wheel of balance / goal target».,"Резко снижает ощущение нагромождения: пользователь видит не 20 панелей, а один понятный маршрут и один активный объект.","Внедрить только если есть repository object, graph/control edge, visual screenshot и owner-flow e2e; иначе оставить как idea backlog.","Playwright: clean start -> выполнить сценарий goal target -> проверить один главный CTA, отсутствие cockpit clutter, linked object и reload persistence.",BREAKTHROUGH_CANDIDATE
B101,C09,Habits / Goals / Wheel of balance,one_click_commit,"Одна большая кнопка принимает все безопасные предложения, вторичные изменения спрятаны применительно к «Habits / Goals / Wheel of balance / goal progress».","Резко снижает ощущение нагромождения: пользователь видит не 20 панелей, а один понятный маршрут и один активный объект.","Внедрить только если есть repository object, graph/control edge, visual screenshot и owner-flow e2e; иначе оставить как idea backlog.","Playwright: clean start -> выполнить сценарий goal progress -> проверить один главный CTA, отсутствие cockpit clutter, linked object и reload persistence.",BREAKTHROUGH_CANDIDATE
B102,C09,Habits / Goals / Wheel of balance,calm_mode,"Режим слабого дня: показывает один следующий шаг, деньги/сроки/здоровье без shame UI применительно к «Habits / Goals / Wheel of balance / balance wheel».","Резко снижает ощущение нагромождения: пользователь видит не 20 панелей, а один понятный маршрут и один активный объект.","Внедрить только если есть repository object, graph/control edge, visual screenshot и owner-flow e2e; иначе оставить как idea backlog.","Playwright: clean start -> выполнить сценарий balance wheel -> проверить один главный CTA, отсутствие cockpit clutter, linked object и reload persistence.",BREAKTHROUGH_CANDIDATE
B103,C09,Habits / Goals / Wheel of balance,review_evening,"Вечерний разбор голосовых/скринов/заметок пакетно, не по одному мусорному pop-up применительно к «Habits / Goals / Wheel of balance / weekly review».","Резко снижает ощущение нагромождения: пользователь видит не 20 панелей, а один понятный маршрут и один активный объект.","Внедрить только если есть repository object, graph/control edge, visual screenshot и owner-flow e2e; иначе оставить как idea backlog.","Playwright: clean start -> выполнить сценарий weekly review -> проверить один главный CTA, отсутствие cockpit clutter, linked object и reload persistence.",BREAKTHROUGH_CANDIDATE
B104,C09,Habits / Goals / Wheel of balance,local_ai_coach,"Локальная ИИ-панель работает как proposal coach, не как магический чат без структуры применительно к «Habits / Goals / Wheel of balance / insight nudges».","Резко снижает ощущение нагромождения: пользователь видит не 20 панелей, а один понятный маршрут и один активный объект.","Внедрить только если есть repository object, graph/control edge, visual screenshot и owner-flow e2e; иначе оставить как idea backlog.","Playwright: clean start -> выполнить сценарий insight nudges -> проверить один главный CTA, отсутствие cockpit clutter, linked object и reload persistence.",BREAKTHROUGH_CANDIDATE
B105,C09,Habits / Goals / Wheel of balance,semantic_color,"Цветовая семантика: задача, деньги, привычка, цель, знание, медиа, контроль имеют устойчивые роли применительно к «Habits / Goals / Wheel of balance / habit creation».","Резко снижает ощущение нагромождения: пользователь видит не 20 панелей, а один понятный маршрут и один активный объект.","Внедрить только если есть repository object, graph/control edge, visual screenshot и owner-flow e2e; иначе оставить как idea backlog.","Playwright: clean start -> выполнить сценарий habit creation -> проверить один главный CTA, отсутствие cockpit clutter, linked object и reload persistence.",BREAKTHROUGH_CANDIDATE
B106,C09,Habits / Goals / Wheel of balance,focus_routes,"Каждый workspace имеет один основной job-to-be-done, а не копирует общий cockpit применительно к «Habits / Goals / Wheel of balance / habit check-in».","Резко снижает ощущение нагромождения: пользователь видит не 20 панелей, а один понятный маршрут и один активный объект.","Внедрить только если есть repository object, graph/control edge, visual screenshot и owner-flow e2e; иначе оставить как idea backlog.","Playwright: clean start -> выполнить сценарий habit check-in -> проверить один главный CTA, отсутствие cockpit clutter, linked object и reload persistence.",BREAKTHROUGH_CANDIDATE
B107,C09,Habits / Goals / Wheel of balance,context_graph,Правый граф всегда local graph вокруг выбранного артефакта; большой graph — отдельный режим применительно к «Habits / Goals / Wheel of balance / streak/recovery».,"Резко снижает ощущение нагромождения: пользователь видит не 20 панелей, а один понятный маршрут и один активный объект.","Внедрить только если есть repository object, graph/control edge, visual screenshot и owner-flow e2e; иначе оставить как idea backlog.","Playwright: clean start -> выполнить сценарий streak/recovery -> проверить один главный CTA, отсутствие cockpit clutter, linked object и reload persistence.",BREAKTHROUGH_CANDIDATE
B108,C09,Habits / Goals / Wheel of balance,proof_hidden,"Proof/control доступен одним кликом, но не занимает первый экран применительно к «Habits / Goals / Wheel of balance / goal target».","Резко снижает ощущение нагромождения: пользователь видит не 20 панелей, а один понятный маршрут и один активный объект.","Внедрить только если есть repository object, graph/control edge, visual screenshot и owner-flow e2e; иначе оставить как idea backlog.","Playwright: clean start -> выполнить сценарий goal target -> проверить один главный CTA, отсутствие cockpit clutter, linked object и reload persistence.",BREAKTHROUGH_CANDIDATE
B109,C10,Library / Second brain / Knowledge,single_path,Один главный путь вместо панели: capture -> understand -> one recommended action -> details only on demand применительно к «Library / Second brain / Knowledge / collections».,"Резко снижает ощущение нагромождения: пользователь видит не 20 панелей, а один понятный маршрут и один активный объект.","Внедрить только если есть repository object, graph/control edge, visual screenshot и owner-flow e2e; иначе оставить как idea backlog.","Playwright: clean start -> выполнить сценарий collections -> проверить один главный CTA, отсутствие cockpit clutter, linked object и reload persistence.",BREAKTHROUGH_CANDIDATE
B110,C10,Library / Second brain / Knowledge,adaptive_home,"Домашний экран перестраивается под время суток, но не меняет информационную архитектуру применительно к «Library / Second brain / Knowledge / knowledge cards».","Резко снижает ощущение нагромождения: пользователь видит не 20 панелей, а один понятный маршрут и один активный объект.","Внедрить только если есть repository object, graph/control edge, visual screenshot и owner-flow e2e; иначе оставить как idea backlog.","Playwright: clean start -> выполнить сценарий knowledge cards -> проверить один главный CTA, отсутствие cockpit clutter, linked object и reload persistence.",BREAKTHROUGH_CANDIDATE
B111,C10,Library / Second brain / Knowledge,artifact_timeline,"У каждого артефакта есть мини-таймлайн превращений: source, note, task, finance, graph, control применительно к «Library / Second brain / Knowledge / insights».","Резко снижает ощущение нагромождения: пользователь видит не 20 панелей, а один понятный маршрут и один активный объект.","Внедрить только если есть repository object, graph/control edge, visual screenshot и owner-flow e2e; иначе оставить как idea backlog.","Playwright: clean start -> выполнить сценарий insights -> проверить один главный CTA, отсутствие cockpit clutter, linked object и reload persistence.",BREAKTHROUGH_CANDIDATE
B112,C10,Library / Second brain / Knowledge,why_now,Каждая рекомендация отвечает на вопрос «почему сейчас» и показывает источник применительно к «Library / Second brain / Knowledge / review queue».,"Резко снижает ощущение нагромождения: пользователь видит не 20 панелей, а один понятный маршрут и один активный объект.","Внедрить только если есть repository object, graph/control edge, visual screenshot и owner-flow e2e; иначе оставить как idea backlog.","Playwright: clean start -> выполнить сценарий review queue -> проверить один главный CTA, отсутствие cockpit clutter, linked object и reload persistence.",BREAKTHROUGH_CANDIDATE
B113,C10,Library / Second brain / Knowledge,one_click_commit,"Одна большая кнопка принимает все безопасные предложения, вторичные изменения спрятаны применительно к «Library / Second brain / Knowledge / markdown notes».","Резко снижает ощущение нагромождения: пользователь видит не 20 панелей, а один понятный маршрут и один активный объект.","Внедрить только если есть repository object, graph/control edge, visual screenshot и owner-flow e2e; иначе оставить как idea backlog.","Playwright: clean start -> выполнить сценарий markdown notes -> проверить один главный CTA, отсутствие cockpit clutter, linked object и reload persistence.",BREAKTHROUGH_CANDIDATE
B114,C10,Library / Second brain / Knowledge,calm_mode,"Режим слабого дня: показывает один следующий шаг, деньги/сроки/здоровье без shame UI применительно к «Library / Second brain / Knowledge / wikilinks».","Резко снижает ощущение нагромождения: пользователь видит не 20 панелей, а один понятный маршрут и один активный объект.","Внедрить только если есть repository object, graph/control edge, visual screenshot и owner-flow e2e; иначе оставить как idea backlog.","Playwright: clean start -> выполнить сценарий wikilinks -> проверить один главный CTA, отсутствие cockpit clutter, linked object и reload persistence.",BREAKTHROUGH_CANDIDATE
B115,C10,Library / Second brain / Knowledge,review_evening,"Вечерний разбор голосовых/скринов/заметок пакетно, не по одному мусорному pop-up применительно к «Library / Second brain / Knowledge / backlinks».","Резко снижает ощущение нагромождения: пользователь видит не 20 панелей, а один понятный маршрут и один активный объект.","Внедрить только если есть repository object, graph/control edge, visual screenshot и owner-flow e2e; иначе оставить как idea backlog.","Playwright: clean start -> выполнить сценарий backlinks -> проверить один главный CTA, отсутствие cockpit clutter, linked object и reload persistence.",BREAKTHROUGH_CANDIDATE
B116,C10,Library / Second brain / Knowledge,local_ai_coach,"Локальная ИИ-панель работает как proposal coach, не как магический чат без структуры применительно к «Library / Second brain / Knowledge / tags».","Резко снижает ощущение нагромождения: пользователь видит не 20 панелей, а один понятный маршрут и один активный объект.","Внедрить только если есть repository object, graph/control edge, visual screenshot и owner-flow e2e; иначе оставить как idea backlog.","Playwright: clean start -> выполнить сценарий tags -> проверить один главный CTA, отсутствие cockpit clutter, linked object и reload persistence.",BREAKTHROUGH_CANDIDATE
B117,C10,Library / Second brain / Knowledge,semantic_color,"Цветовая семантика: задача, деньги, привычка, цель, знание, медиа, контроль имеют устойчивые роли применительно к «Library / Second brain / Knowledge / collections».","Резко снижает ощущение нагромождения: пользователь видит не 20 панелей, а один понятный маршрут и один активный объект.","Внедрить только если есть repository object, graph/control edge, visual screenshot и owner-flow e2e; иначе оставить как idea backlog.","Playwright: clean start -> выполнить сценарий collections -> проверить один главный CTA, отсутствие cockpit clutter, linked object и reload persistence.",BREAKTHROUGH_CANDIDATE
B118,C10,Library / Second brain / Knowledge,focus_routes,"Каждый workspace имеет один основной job-to-be-done, а не копирует общий cockpit применительно к «Library / Second brain / Knowledge / knowledge cards».","Резко снижает ощущение нагромождения: пользователь видит не 20 панелей, а один понятный маршрут и один активный объект.","Внедрить только если есть repository object, graph/control edge, visual screenshot и owner-flow e2e; иначе оставить как idea backlog.","Playwright: clean start -> выполнить сценарий knowledge cards -> проверить один главный CTA, отсутствие cockpit clutter, linked object и reload persistence.",BREAKTHROUGH_CANDIDATE
B119,C10,Library / Second brain / Knowledge,context_graph,Правый граф всегда local graph вокруг выбранного артефакта; большой graph — отдельный режим применительно к «Library / Second brain / Knowledge / insights».,"Резко снижает ощущение нагромождения: пользователь видит не 20 панелей, а один понятный маршрут и один активный объект.","Внедрить только если есть repository object, graph/control edge, visual screenshot и owner-flow e2e; иначе оставить как idea backlog.","Playwright: clean start -> выполнить сценарий insights -> проверить один главный CTA, отсутствие cockpit clutter, linked object и reload persistence.",BREAKTHROUGH_CANDIDATE
B120,C10,Library / Second brain / Knowledge,proof_hidden,"Proof/control доступен одним кликом, но не занимает первый экран применительно к «Library / Second brain / Knowledge / review queue».","Резко снижает ощущение нагромождения: пользователь видит не 20 панелей, а один понятный маршрут и один активный объект.","Внедрить только если есть repository object, graph/control edge, visual screenshot и owner-flow e2e; иначе оставить как idea backlog.","Playwright: clean start -> выполнить сценарий review queue -> проверить один главный CTA, отсутствие cockpit clutter, linked object и reload persistence.",BREAKTHROUGH_CANDIDATE
B121,C11,Books / Reader / Highlights,single_path,Один главный путь вместо панели: capture -> understand -> one recommended action -> details only on demand применительно к «Books / Reader / Highlights / txt/md import».,"Резко снижает ощущение нагромождения: пользователь видит не 20 панелей, а один понятный маршрут и один активный объект.","Внедрить только если есть repository object, graph/control edge, visual screenshot и owner-flow e2e; иначе оставить как idea backlog.","Playwright: clean start -> выполнить сценарий txt/md import -> проверить один главный CTA, отсутствие cockpit clutter, linked object и reload persistence.",BREAKTHROUGH_CANDIDATE
B122,C11,Books / Reader / Highlights,adaptive_home,"Домашний экран перестраивается под время суток, но не меняет информационную архитектуру применительно к «Books / Reader / Highlights / pdf boundary/parser».","Резко снижает ощущение нагромождения: пользователь видит не 20 панелей, а один понятный маршрут и один активный объект.","Внедрить только если есть repository object, graph/control edge, visual screenshot и owner-flow e2e; иначе оставить как idea backlog.","Playwright: clean start -> выполнить сценарий pdf boundary/parser -> проверить один главный CTA, отсутствие cockpit clutter, linked object и reload persistence.",BREAKTHROUGH_CANDIDATE
B123,C11,Books / Reader / Highlights,artifact_timeline,"У каждого артефакта есть мини-таймлайн превращений: source, note, task, finance, graph, control применительно к «Books / Reader / Highlights / epub boundary/parser».","Резко снижает ощущение нагромождения: пользователь видит не 20 панелей, а один понятный маршрут и один активный объект.","Внедрить только если есть repository object, graph/control edge, visual screenshot и owner-flow e2e; иначе оставить как idea backlog.","Playwright: clean start -> выполнить сценарий epub boundary/parser -> проверить один главный CTA, отсутствие cockpit clutter, linked object и reload persistence.",BREAKTHROUGH_CANDIDATE
B124,C11,Books / Reader / Highlights,why_now,Каждая рекомендация отвечает на вопрос «почему сейчас» и показывает источник применительно к «Books / Reader / Highlights / reader surface».,"Резко снижает ощущение нагромождения: пользователь видит не 20 панелей, а один понятный маршрут и один активный объект.","Внедрить только если есть repository object, graph/control edge, visual screenshot и owner-flow e2e; иначе оставить как idea backlog.","Playwright: clean start -> выполнить сценарий reader surface -> проверить один главный CTA, отсутствие cockpit clutter, linked object и reload persistence.",BREAKTHROUGH_CANDIDATE
B125,C11,Books / Reader / Highlights,one_click_commit,"Одна большая кнопка принимает все безопасные предложения, вторичные изменения спрятаны применительно к «Books / Reader / Highlights / highlights».","Резко снижает ощущение нагромождения: пользователь видит не 20 панелей, а один понятный маршрут и один активный объект.","Внедрить только если есть repository object, graph/control edge, visual screenshot и owner-flow e2e; иначе оставить как idea backlog.","Playwright: clean start -> выполнить сценарий highlights -> проверить один главный CTA, отсутствие cockpit clutter, linked object и reload persistence.",BREAKTHROUGH_CANDIDATE
B126,C11,Books / Reader / Highlights,calm_mode,"Режим слабого дня: показывает один следующий шаг, деньги/сроки/здоровье без shame UI применительно к «Books / Reader / Highlights / book progress».","Резко снижает ощущение нагромождения: пользователь видит не 20 панелей, а один понятный маршрут и один активный объект.","Внедрить только если есть repository object, graph/control edge, visual screenshot и owner-flow e2e; иначе оставить как idea backlog.","Playwright: clean start -> выполнить сценарий book progress -> проверить один главный CTA, отсутствие cockpit clutter, linked object и reload persistence.",BREAKTHROUGH_CANDIDATE
B127,C11,Books / Reader / Highlights,review_evening,"Вечерний разбор голосовых/скринов/заметок пакетно, не по одному мусорному pop-up применительно к «Books / Reader / Highlights / quotes».","Резко снижает ощущение нагромождения: пользователь видит не 20 панелей, а один понятный маршрут и один активный объект.","Внедрить только если есть repository object, graph/control edge, visual screenshot и owner-flow e2e; иначе оставить как idea backlog.","Playwright: clean start -> выполнить сценарий quotes -> проверить один главный CTA, отсутствие cockpit clutter, linked object и reload persistence.",BREAKTHROUGH_CANDIDATE
B128,C11,Books / Reader / Highlights,local_ai_coach,"Локальная ИИ-панель работает как proposal coach, не как магический чат без структуры применительно к «Books / Reader / Highlights / reading review».","Резко снижает ощущение нагромождения: пользователь видит не 20 панелей, а один понятный маршрут и один активный объект.","Внедрить только если есть repository object, graph/control edge, visual screenshot и owner-flow e2e; иначе оставить как idea backlog.","Playwright: clean start -> выполнить сценарий reading review -> проверить один главный CTA, отсутствие cockpit clutter, linked object и reload persistence.",BREAKTHROUGH_CANDIDATE
B129,C11,Books / Reader / Highlights,semantic_color,"Цветовая семантика: задача, деньги, привычка, цель, знание, медиа, контроль имеют устойчивые роли применительно к «Books / Reader / Highlights / txt/md import».","Резко снижает ощущение нагромождения: пользователь видит не 20 панелей, а один понятный маршрут и один активный объект.","Внедрить только если есть repository object, graph/control edge, visual screenshot и owner-flow e2e; иначе оставить как idea backlog.","Playwright: clean start -> выполнить сценарий txt/md import -> проверить один главный CTA, отсутствие cockpit clutter, linked object и reload persistence.",BREAKTHROUGH_CANDIDATE
B130,C11,Books / Reader / Highlights,focus_routes,"Каждый workspace имеет один основной job-to-be-done, а не копирует общий cockpit применительно к «Books / Reader / Highlights / pdf boundary/parser».","Резко снижает ощущение нагромождения: пользователь видит не 20 панелей, а один понятный маршрут и один активный объект.","Внедрить только если есть repository object, graph/control edge, visual screenshot и owner-flow e2e; иначе оставить как idea backlog.","Playwright: clean start -> выполнить сценарий pdf boundary/parser -> проверить один главный CTA, отсутствие cockpit clutter, linked object и reload persistence.",BREAKTHROUGH_CANDIDATE
B131,C11,Books / Reader / Highlights,context_graph,Правый граф всегда local graph вокруг выбранного артефакта; большой graph — отдельный режим применительно к «Books / Reader / Highlights / epub boundary/parser».,"Резко снижает ощущение нагромождения: пользователь видит не 20 панелей, а один понятный маршрут и один активный объект.","Внедрить только если есть repository object, graph/control edge, visual screenshot и owner-flow e2e; иначе оставить как idea backlog.","Playwright: clean start -> выполнить сценарий epub boundary/parser -> проверить один главный CTA, отсутствие cockpit clutter, linked object и reload persistence.",BREAKTHROUGH_CANDIDATE
B132,C11,Books / Reader / Highlights,proof_hidden,"Proof/control доступен одним кликом, но не занимает первый экран применительно к «Books / Reader / Highlights / reader surface».","Резко снижает ощущение нагромождения: пользователь видит не 20 панелей, а один понятный маршрут и один активный объект.","Внедрить только если есть repository object, graph/control edge, visual screenshot и owner-flow e2e; иначе оставить как idea backlog.","Playwright: clean start -> выполнить сценарий reader surface -> проверить один главный CTA, отсутствие cockpit clutter, linked object и reload persistence.",BREAKTHROUGH_CANDIDATE
B133,C12,Audio / Player / Transcription,single_path,Один главный путь вместо панели: capture -> understand -> one recommended action -> details only on demand применительно к «Audio / Player / Transcription / speaker segments».,"Резко снижает ощущение нагромождения: пользователь видит не 20 панелей, а один понятный маршрут и один активный объект.","Внедрить только если есть repository object, graph/control edge, visual screenshot и owner-flow e2e; иначе оставить как idea backlog.","Playwright: clean start -> выполнить сценарий speaker segments -> проверить один главный CTA, отсутствие cockpit clutter, linked object и reload persistence.",BREAKTHROUGH_CANDIDATE
B134,C12,Audio / Player / Transcription,adaptive_home,"Домашний экран перестраивается под время суток, но не меняет информационную архитектуру применительно к «Audio / Player / Transcription / timestamps».","Резко снижает ощущение нагромождения: пользователь видит не 20 панелей, а один понятный маршрут и один активный объект.","Внедрить только если есть repository object, graph/control edge, visual screenshot и owner-flow e2e; иначе оставить как idea backlog.","Playwright: clean start -> выполнить сценарий timestamps -> проверить один главный CTA, отсутствие cockpit clutter, linked object и reload persistence.",BREAKTHROUGH_CANDIDATE
B135,C12,Audio / Player / Transcription,artifact_timeline,"У каждого артефакта есть мини-таймлайн превращений: source, note, task, finance, graph, control применительно к «Audio / Player / Transcription / voice memo flow».","Резко снижает ощущение нагромождения: пользователь видит не 20 панелей, а один понятный маршрут и один активный объект.","Внедрить только если есть repository object, graph/control edge, visual screenshot и owner-flow e2e; иначе оставить как idea backlog.","Playwright: clean start -> выполнить сценарий voice memo flow -> проверить один главный CTA, отсутствие cockpit clutter, linked object и reload persistence.",BREAKTHROUGH_CANDIDATE
B136,C12,Audio / Player / Transcription,why_now,Каждая рекомендация отвечает на вопрос «почему сейчас» и показывает источник применительно к «Audio / Player / Transcription / evening review».,"Резко снижает ощущение нагромождения: пользователь видит не 20 панелей, а один понятный маршрут и один активный объект.","Внедрить только если есть repository object, graph/control edge, visual screenshot и owner-flow e2e; иначе оставить как idea backlog.","Playwright: clean start -> выполнить сценарий evening review -> проверить один главный CTA, отсутствие cockpit clutter, linked object и reload persistence.",BREAKTHROUGH_CANDIDATE
B137,C12,Audio / Player / Transcription,one_click_commit,"Одна большая кнопка принимает все безопасные предложения, вторичные изменения спрятаны применительно к «Audio / Player / Transcription / audio storage».","Резко снижает ощущение нагромождения: пользователь видит не 20 панелей, а один понятный маршрут и один активный объект.","Внедрить только если есть repository object, graph/control edge, visual screenshot и owner-flow e2e; иначе оставить как idea backlog.","Playwright: clean start -> выполнить сценарий audio storage -> проверить один главный CTA, отсутствие cockpit clutter, linked object и reload persistence.",BREAKTHROUGH_CANDIDATE
B138,C12,Audio / Player / Transcription,calm_mode,"Режим слабого дня: показывает один следующий шаг, деньги/сроки/здоровье без shame UI применительно к «Audio / Player / Transcription / player controls».","Резко снижает ощущение нагромождения: пользователь видит не 20 панелей, а один понятный маршрут и один активный объект.","Внедрить только если есть repository object, graph/control edge, visual screenshot и owner-flow e2e; иначе оставить как idea backlog.","Playwright: clean start -> выполнить сценарий player controls -> проверить один главный CTA, отсутствие cockpit clutter, linked object и reload persistence.",BREAKTHROUGH_CANDIDATE
B139,C12,Audio / Player / Transcription,review_evening,"Вечерний разбор голосовых/скринов/заметок пакетно, не по одному мусорному pop-up применительно к «Audio / Player / Transcription / manual transcript».","Резко снижает ощущение нагромождения: пользователь видит не 20 панелей, а один понятный маршрут и один активный объект.","Внедрить только если есть repository object, graph/control edge, visual screenshot и owner-flow e2e; иначе оставить как idea backlog.","Playwright: clean start -> выполнить сценарий manual transcript -> проверить один главный CTA, отсутствие cockpit clutter, linked object и reload persistence.",BREAKTHROUGH_CANDIDATE
B140,C12,Audio / Player / Transcription,local_ai_coach,"Локальная ИИ-панель работает как proposal coach, не как магический чат без структуры применительно к «Audio / Player / Transcription / STT gate».","Резко снижает ощущение нагромождения: пользователь видит не 20 панелей, а один понятный маршрут и один активный объект.","Внедрить только если есть repository object, graph/control edge, visual screenshot и owner-flow e2e; иначе оставить как idea backlog.","Playwright: clean start -> выполнить сценарий STT gate -> проверить один главный CTA, отсутствие cockpit clutter, linked object и reload persistence.",BREAKTHROUGH_CANDIDATE
B141,C12,Audio / Player / Transcription,semantic_color,"Цветовая семантика: задача, деньги, привычка, цель, знание, медиа, контроль имеют устойчивые роли применительно к «Audio / Player / Transcription / speaker segments».","Резко снижает ощущение нагромождения: пользователь видит не 20 панелей, а один понятный маршрут и один активный объект.","Внедрить только если есть repository object, graph/control edge, visual screenshot и owner-flow e2e; иначе оставить как idea backlog.","Playwright: clean start -> выполнить сценарий speaker segments -> проверить один главный CTA, отсутствие cockpit clutter, linked object и reload persistence.",BREAKTHROUGH_CANDIDATE
B142,C12,Audio / Player / Transcription,focus_routes,"Каждый workspace имеет один основной job-to-be-done, а не копирует общий cockpit применительно к «Audio / Player / Transcription / timestamps».","Резко снижает ощущение нагромождения: пользователь видит не 20 панелей, а один понятный маршрут и один активный объект.","Внедрить только если есть repository object, graph/control edge, visual screenshot и owner-flow e2e; иначе оставить как idea backlog.","Playwright: clean start -> выполнить сценарий timestamps -> проверить один главный CTA, отсутствие cockpit clutter, linked object и reload persistence.",BREAKTHROUGH_CANDIDATE
B143,C12,Audio / Player / Transcription,context_graph,Правый граф всегда local graph вокруг выбранного артефакта; большой graph — отдельный режим применительно к «Audio / Player / Transcription / voice memo flow».,"Резко снижает ощущение нагромождения: пользователь видит не 20 панелей, а один понятный маршрут и один активный объект.","Внедрить только если есть repository object, graph/control edge, visual screenshot и owner-flow e2e; иначе оставить как idea backlog.","Playwright: clean start -> выполнить сценарий voice memo flow -> проверить один главный CTA, отсутствие cockpit clutter, linked object и reload persistence.",BREAKTHROUGH_CANDIDATE
B144,C12,Audio / Player / Transcription,proof_hidden,"Proof/control доступен одним кликом, но не занимает первый экран применительно к «Audio / Player / Transcription / evening review».","Резко снижает ощущение нагромождения: пользователь видит не 20 панелей, а один понятный маршрут и один активный объект.","Внедрить только если есть repository object, graph/control edge, visual screenshot и owner-flow e2e; иначе оставить как idea backlog.","Playwright: clean start -> выполнить сценарий evening review -> проверить один главный CTA, отсутствие cockpit clutter, linked object и reload persistence.",BREAKTHROUGH_CANDIDATE
B145,C13,Graph / Obsidian-like navigation,single_path,Один главный путь вместо панели: capture -> understand -> one recommended action -> details only on demand применительно к «Graph / Obsidian-like navigation / global graph».,"Резко снижает ощущение нагромождения: пользователь видит не 20 панелей, а один понятный маршрут и один активный объект.","Внедрить только если есть repository object, graph/control edge, visual screenshot и owner-flow e2e; иначе оставить как idea backlog.","Playwright: clean start -> выполнить сценарий global graph -> проверить один главный CTA, отсутствие cockpit clutter, linked object и reload persistence.",BREAKTHROUGH_CANDIDATE
B146,C13,Graph / Obsidian-like navigation,adaptive_home,"Домашний экран перестраивается под время суток, но не меняет информационную архитектуру применительно к «Graph / Obsidian-like navigation / local graph».","Резко снижает ощущение нагромождения: пользователь видит не 20 панелей, а один понятный маршрут и один активный объект.","Внедрить только если есть repository object, graph/control edge, visual screenshot и owner-flow e2e; иначе оставить как idea backlog.","Playwright: clean start -> выполнить сценарий local graph -> проверить один главный CTA, отсутствие cockpit clutter, linked object и reload persistence.",BREAKTHROUGH_CANDIDATE
B147,C13,Graph / Obsidian-like navigation,artifact_timeline,"У каждого артефакта есть мини-таймлайн превращений: source, note, task, finance, graph, control применительно к «Graph / Obsidian-like navigation / node inspector».","Резко снижает ощущение нагромождения: пользователь видит не 20 панелей, а один понятный маршрут и один активный объект.","Внедрить только если есть repository object, graph/control edge, visual screenshot и owner-flow e2e; иначе оставить как idea backlog.","Playwright: clean start -> выполнить сценарий node inspector -> проверить один главный CTA, отсутствие cockpit clutter, linked object и reload persistence.",BREAKTHROUGH_CANDIDATE
B148,C13,Graph / Obsidian-like navigation,why_now,Каждая рекомендация отвечает на вопрос «почему сейчас» и показывает источник применительно к «Graph / Obsidian-like navigation / edge reasons».,"Резко снижает ощущение нагромождения: пользователь видит не 20 панелей, а один понятный маршрут и один активный объект.","Внедрить только если есть repository object, graph/control edge, visual screenshot и owner-flow e2e; иначе оставить как idea backlog.","Playwright: clean start -> выполнить сценарий edge reasons -> проверить один главный CTA, отсутствие cockpit clutter, linked object и reload persistence.",BREAKTHROUGH_CANDIDATE
B149,C13,Graph / Obsidian-like navigation,one_click_commit,"Одна большая кнопка принимает все безопасные предложения, вторичные изменения спрятаны применительно к «Graph / Obsidian-like navigation / filters».","Резко снижает ощущение нагромождения: пользователь видит не 20 панелей, а один понятный маршрут и один активный объект.","Внедрить только если есть repository object, graph/control edge, visual screenshot и owner-flow e2e; иначе оставить как idea backlog.","Playwright: clean start -> выполнить сценарий filters -> проверить один главный CTA, отсутствие cockpit clutter, linked object и reload persistence.",BREAKTHROUGH_CANDIDATE
B150,C13,Graph / Obsidian-like navigation,calm_mode,"Режим слабого дня: показывает один следующий шаг, деньги/сроки/здоровье без shame UI применительно к «Graph / Obsidian-like navigation / zoom/pan».","Резко снижает ощущение нагромождения: пользователь видит не 20 панелей, а один понятный маршрут и один активный объект.","Внедрить только если есть repository object, graph/control edge, visual screenshot и owner-flow e2e; иначе оставить как idea backlog.","Playwright: clean start -> выполнить сценарий zoom/pan -> проверить один главный CTA, отсутствие cockpit clutter, linked object и reload persistence.",BREAKTHROUGH_CANDIDATE
B151,C13,Graph / Obsidian-like navigation,review_evening,"Вечерний разбор голосовых/скринов/заметок пакетно, не по одному мусорному pop-up применительно к «Graph / Obsidian-like navigation / search graph».","Резко снижает ощущение нагромождения: пользователь видит не 20 панелей, а один понятный маршрут и один активный объект.","Внедрить только если есть repository object, graph/control edge, visual screenshot и owner-flow e2e; иначе оставить как idea backlog.","Playwright: clean start -> выполнить сценарий search graph -> проверить один главный CTA, отсутствие cockpit clutter, linked object и reload persistence.",BREAKTHROUGH_CANDIDATE
B152,C13,Graph / Obsidian-like navigation,local_ai_coach,"Локальная ИИ-панель работает как proposal coach, не как магический чат без структуры применительно к «Graph / Obsidian-like navigation / performance».","Резко снижает ощущение нагромождения: пользователь видит не 20 панелей, а один понятный маршрут и один активный объект.","Внедрить только если есть repository object, graph/control edge, visual screenshot и owner-flow e2e; иначе оставить как idea backlog.","Playwright: clean start -> выполнить сценарий performance -> проверить один главный CTA, отсутствие cockpit clutter, linked object и reload persistence.",BREAKTHROUGH_CANDIDATE
B153,C13,Graph / Obsidian-like navigation,semantic_color,"Цветовая семантика: задача, деньги, привычка, цель, знание, медиа, контроль имеют устойчивые роли применительно к «Graph / Obsidian-like navigation / global graph».","Резко снижает ощущение нагромождения: пользователь видит не 20 панелей, а один понятный маршрут и один активный объект.","Внедрить только если есть repository object, graph/control edge, visual screenshot и owner-flow e2e; иначе оставить как idea backlog.","Playwright: clean start -> выполнить сценарий global graph -> проверить один главный CTA, отсутствие cockpit clutter, linked object и reload persistence.",BREAKTHROUGH_CANDIDATE
B154,C13,Graph / Obsidian-like navigation,focus_routes,"Каждый workspace имеет один основной job-to-be-done, а не копирует общий cockpit применительно к «Graph / Obsidian-like navigation / local graph».","Резко снижает ощущение нагромождения: пользователь видит не 20 панелей, а один понятный маршрут и один активный объект.","Внедрить только если есть repository object, graph/control edge, visual screenshot и owner-flow e2e; иначе оставить как idea backlog.","Playwright: clean start -> выполнить сценарий local graph -> проверить один главный CTA, отсутствие cockpit clutter, linked object и reload persistence.",BREAKTHROUGH_CANDIDATE
B155,C13,Graph / Obsidian-like navigation,context_graph,Правый граф всегда local graph вокруг выбранного артефакта; большой graph — отдельный режим применительно к «Graph / Obsidian-like navigation / node inspector».,"Резко снижает ощущение нагромождения: пользователь видит не 20 панелей, а один понятный маршрут и один активный объект.","Внедрить только если есть repository object, graph/control edge, visual screenshot и owner-flow e2e; иначе оставить как idea backlog.","Playwright: clean start -> выполнить сценарий node inspector -> проверить один главный CTA, отсутствие cockpit clutter, linked object и reload persistence.",BREAKTHROUGH_CANDIDATE
B156,C13,Graph / Obsidian-like navigation,proof_hidden,"Proof/control доступен одним кликом, но не занимает первый экран применительно к «Graph / Obsidian-like navigation / edge reasons».","Резко снижает ощущение нагромождения: пользователь видит не 20 панелей, а один понятный маршрут и один активный объект.","Внедрить только если есть repository object, graph/control edge, visual screenshot и owner-flow e2e; иначе оставить как idea backlog.","Playwright: clean start -> выполнить сценарий edge reasons -> проверить один главный CTA, отсутствие cockpit clutter, linked object и reload persistence.",BREAKTHROUGH_CANDIDATE
B157,C14,Chat / Local AI conversation,single_path,Один главный путь вместо панели: capture -> understand -> one recommended action -> details only on demand применительно к «Chat / Local AI conversation / conversation search».,"Резко снижает ощущение нагромождения: пользователь видит не 20 панелей, а один понятный маршрут и один активный объект.","Внедрить только если есть repository object, graph/control edge, visual screenshot и owner-flow e2e; иначе оставить как idea backlog.","Playwright: clean start -> выполнить сценарий conversation search -> проверить один главный CTA, отсутствие cockpit clutter, linked object и reload persistence.",BREAKTHROUGH_CANDIDATE
B158,C14,Chat / Local AI conversation,adaptive_home,"Домашний экран перестраивается под время суток, но не меняет информационную архитектуру применительно к «Chat / Local AI conversation / thread summary».","Резко снижает ощущение нагромождения: пользователь видит не 20 панелей, а один понятный маршрут и один активный объект.","Внедрить только если есть repository object, graph/control edge, visual screenshot и owner-flow e2e; иначе оставить как idea backlog.","Playwright: clean start -> выполнить сценарий thread summary -> проверить один главный CTA, отсутствие cockpit clutter, linked object и reload persistence.",BREAKTHROUGH_CANDIDATE
B159,C14,Chat / Local AI conversation,artifact_timeline,"У каждого артефакта есть мини-таймлайн превращений: source, note, task, finance, graph, control применительно к «Chat / Local AI conversation / chat proposals».","Резко снижает ощущение нагромождения: пользователь видит не 20 панелей, а один понятный маршрут и один активный объект.","Внедрить только если есть repository object, graph/control edge, visual screenshot и owner-flow e2e; иначе оставить как idea backlog.","Playwright: clean start -> выполнить сценарий chat proposals -> проверить один главный CTA, отсутствие cockpit clutter, linked object и reload persistence.",BREAKTHROUGH_CANDIDATE
B160,C14,Chat / Local AI conversation,why_now,Каждая рекомендация отвечает на вопрос «почему сейчас» и показывает источник применительно к «Chat / Local AI conversation / AI handoff».,"Резко снижает ощущение нагромождения: пользователь видит не 20 панелей, а один понятный маршрут и один активный объект.","Внедрить только если есть repository object, graph/control edge, visual screenshot и owner-flow e2e; иначе оставить как idea backlog.","Playwright: clean start -> выполнить сценарий AI handoff -> проверить один главный CTA, отсутствие cockpit clutter, linked object и reload persistence.",BREAKTHROUGH_CANDIDATE
B161,C14,Chat / Local AI conversation,one_click_commit,"Одна большая кнопка принимает все безопасные предложения, вторичные изменения спрятаны применительно к «Chat / Local AI conversation / artifact chat».","Резко снижает ощущение нагромождения: пользователь видит не 20 панелей, а один понятный маршрут и один активный объект.","Внедрить только если есть repository object, graph/control edge, visual screenshot и owner-flow e2e; иначе оставить как idea backlog.","Playwright: clean start -> выполнить сценарий artifact chat -> проверить один главный CTA, отсутствие cockpit clutter, linked object и reload persistence.",BREAKTHROUGH_CANDIDATE
B162,C14,Chat / Local AI conversation,calm_mode,"Режим слабого дня: показывает один следующий шаг, деньги/сроки/здоровье без shame UI применительно к «Chat / Local AI conversation / chat memory».","Резко снижает ощущение нагромождения: пользователь видит не 20 панелей, а один понятный маршрут и один активный объект.","Внедрить только если есть repository object, graph/control edge, visual screenshot и owner-flow e2e; иначе оставить как idea backlog.","Playwright: clean start -> выполнить сценарий chat memory -> проверить один главный CTA, отсутствие cockpit clutter, linked object и reload persistence.",BREAKTHROUGH_CANDIDATE
B163,C14,Chat / Local AI conversation,review_evening,"Вечерний разбор голосовых/скринов/заметок пакетно, не по одному мусорному pop-up применительно к «Chat / Local AI conversation / message to task».","Резко снижает ощущение нагромождения: пользователь видит не 20 панелей, а один понятный маршрут и один активный объект.","Внедрить только если есть repository object, graph/control edge, visual screenshot и owner-flow e2e; иначе оставить как idea backlog.","Playwright: clean start -> выполнить сценарий message to task -> проверить один главный CTA, отсутствие cockpit clutter, linked object и reload persistence.",BREAKTHROUGH_CANDIDATE
B164,C14,Chat / Local AI conversation,local_ai_coach,"Локальная ИИ-панель работает как proposal coach, не как магический чат без структуры применительно к «Chat / Local AI conversation / local-only mode».","Резко снижает ощущение нагромождения: пользователь видит не 20 панелей, а один понятный маршрут и один активный объект.","Внедрить только если есть repository object, graph/control edge, visual screenshot и owner-flow e2e; иначе оставить как idea backlog.","Playwright: clean start -> выполнить сценарий local-only mode -> проверить один главный CTA, отсутствие cockpit clutter, linked object и reload persistence.",BREAKTHROUGH_CANDIDATE
B165,C14,Chat / Local AI conversation,semantic_color,"Цветовая семантика: задача, деньги, привычка, цель, знание, медиа, контроль имеют устойчивые роли применительно к «Chat / Local AI conversation / conversation search».","Резко снижает ощущение нагромождения: пользователь видит не 20 панелей, а один понятный маршрут и один активный объект.","Внедрить только если есть repository object, graph/control edge, visual screenshot и owner-flow e2e; иначе оставить как idea backlog.","Playwright: clean start -> выполнить сценарий conversation search -> проверить один главный CTA, отсутствие cockpit clutter, linked object и reload persistence.",BREAKTHROUGH_CANDIDATE
B166,C14,Chat / Local AI conversation,focus_routes,"Каждый workspace имеет один основной job-to-be-done, а не копирует общий cockpit применительно к «Chat / Local AI conversation / thread summary».","Резко снижает ощущение нагромождения: пользователь видит не 20 панелей, а один понятный маршрут и один активный объект.","Внедрить только если есть repository object, graph/control edge, visual screenshot и owner-flow e2e; иначе оставить как idea backlog.","Playwright: clean start -> выполнить сценарий thread summary -> проверить один главный CTA, отсутствие cockpit clutter, linked object и reload persistence.",BREAKTHROUGH_CANDIDATE
B167,C14,Chat / Local AI conversation,context_graph,Правый граф всегда local graph вокруг выбранного артефакта; большой graph — отдельный режим применительно к «Chat / Local AI conversation / chat proposals».,"Резко снижает ощущение нагромождения: пользователь видит не 20 панелей, а один понятный маршрут и один активный объект.","Внедрить только если есть repository object, graph/control edge, visual screenshot и owner-flow e2e; иначе оставить как idea backlog.","Playwright: clean start -> выполнить сценарий chat proposals -> проверить один главный CTA, отсутствие cockpit clutter, linked object и reload persistence.",BREAKTHROUGH_CANDIDATE
B168,C14,Chat / Local AI conversation,proof_hidden,"Proof/control доступен одним кликом, но не занимает первый экран применительно к «Chat / Local AI conversation / AI handoff».","Резко снижает ощущение нагромождения: пользователь видит не 20 панелей, а один понятный маршрут и один активный объект.","Внедрить только если есть repository object, graph/control edge, visual screenshot и owner-flow e2e; иначе оставить как idea backlog.","Playwright: clean start -> выполнить сценарий AI handoff -> проверить один главный CTA, отсутствие cockpit clutter, linked object и reload persistence.",BREAKTHROUGH_CANDIDATE
B169,C15,Agents / Flows / Automation,single_path,Один главный путь вместо панели: capture -> understand -> one recommended action -> details only on demand применительно к «Agents / Flows / Automation / agent dry-run».,"Резко снижает ощущение нагромождения: пользователь видит не 20 панелей, а один понятный маршрут и один активный объект.","Внедрить только если есть repository object, graph/control edge, visual screenshot и owner-flow e2e; иначе оставить как idea backlog.","Playwright: clean start -> выполнить сценарий agent dry-run -> проверить один главный CTA, отсутствие cockpit clutter, linked object и reload persistence.",BREAKTHROUGH_CANDIDATE
B170,C15,Agents / Flows / Automation,adaptive_home,"Домашний экран перестраивается под время суток, но не меняет информационную архитектуру применительно к «Agents / Flows / Automation / tool scopes».","Резко снижает ощущение нагромождения: пользователь видит не 20 панелей, а один понятный маршрут и один активный объект.","Внедрить только если есть repository object, graph/control edge, visual screenshot и owner-flow e2e; иначе оставить как idea backlog.","Playwright: clean start -> выполнить сценарий tool scopes -> проверить один главный CTA, отсутствие cockpit clutter, linked object и reload persistence.",BREAKTHROUGH_CANDIDATE
B171,C15,Agents / Flows / Automation,artifact_timeline,"У каждого артефакта есть мини-таймлайн превращений: source, note, task, finance, graph, control применительно к «Agents / Flows / Automation / flow builder».","Резко снижает ощущение нагромождения: пользователь видит не 20 панелей, а один понятный маршрут и один активный объект.","Внедрить только если есть repository object, graph/control edge, visual screenshot и owner-flow e2e; иначе оставить как idea backlog.","Playwright: clean start -> выполнить сценарий flow builder -> проверить один главный CTA, отсутствие cockpit clutter, linked object и reload persistence.",BREAKTHROUGH_CANDIDATE
B172,C15,Agents / Flows / Automation,why_now,Каждая рекомендация отвечает на вопрос «почему сейчас» и показывает источник применительно к «Agents / Flows / Automation / trigger/condition/action».,"Резко снижает ощущение нагромождения: пользователь видит не 20 панелей, а один понятный маршрут и один активный объект.","Внедрить только если есть repository object, graph/control edge, visual screenshot и owner-flow e2e; иначе оставить как idea backlog.","Playwright: clean start -> выполнить сценарий trigger/condition/action -> проверить один главный CTA, отсутствие cockpit clutter, linked object и reload persistence.",BREAKTHROUGH_CANDIDATE
B173,C15,Agents / Flows / Automation,one_click_commit,"Одна большая кнопка принимает все безопасные предложения, вторичные изменения спрятаны применительно к «Agents / Flows / Automation / approval queue».","Резко снижает ощущение нагромождения: пользователь видит не 20 панелей, а один понятный маршрут и один активный объект.","Внедрить только если есть repository object, graph/control edge, visual screenshot и owner-flow e2e; иначе оставить как idea backlog.","Playwright: clean start -> выполнить сценарий approval queue -> проверить один главный CTA, отсутствие cockpit clutter, linked object и reload persistence.",BREAKTHROUGH_CANDIDATE
B174,C15,Agents / Flows / Automation,calm_mode,"Режим слабого дня: показывает один следующий шаг, деньги/сроки/здоровье без shame UI применительно к «Agents / Flows / Automation / run history».","Резко снижает ощущение нагромождения: пользователь видит не 20 панелей, а один понятный маршрут и один активный объект.","Внедрить только если есть repository object, graph/control edge, visual screenshot и owner-flow e2e; иначе оставить как idea backlog.","Playwright: clean start -> выполнить сценарий run history -> проверить один главный CTA, отсутствие cockpit clutter, linked object и reload persistence.",BREAKTHROUGH_CANDIDATE
B175,C15,Agents / Flows / Automation,review_evening,"Вечерний разбор голосовых/скринов/заметок пакетно, не по одному мусорному pop-up применительно к «Agents / Flows / Automation / rollback path».","Резко снижает ощущение нагромождения: пользователь видит не 20 панелей, а один понятный маршрут и один активный объект.","Внедрить только если есть repository object, graph/control edge, visual screenshot и owner-flow e2e; иначе оставить как idea backlog.","Playwright: clean start -> выполнить сценарий rollback path -> проверить один главный CTA, отсутствие cockpit clutter, linked object и reload persistence.",BREAKTHROUGH_CANDIDATE
B176,C15,Agents / Flows / Automation,local_ai_coach,"Локальная ИИ-панель работает как proposal coach, не как магический чат без структуры применительно к «Agents / Flows / Automation / automation templates».","Резко снижает ощущение нагромождения: пользователь видит не 20 панелей, а один понятный маршрут и один активный объект.","Внедрить только если есть repository object, graph/control edge, visual screenshot и owner-flow e2e; иначе оставить как idea backlog.","Playwright: clean start -> выполнить сценарий automation templates -> проверить один главный CTA, отсутствие cockpit clutter, linked object и reload persistence.",BREAKTHROUGH_CANDIDATE
B177,C15,Agents / Flows / Automation,semantic_color,"Цветовая семантика: задача, деньги, привычка, цель, знание, медиа, контроль имеют устойчивые роли применительно к «Agents / Flows / Automation / agent dry-run».","Резко снижает ощущение нагромождения: пользователь видит не 20 панелей, а один понятный маршрут и один активный объект.","Внедрить только если есть repository object, graph/control edge, visual screenshot и owner-flow e2e; иначе оставить как idea backlog.","Playwright: clean start -> выполнить сценарий agent dry-run -> проверить один главный CTA, отсутствие cockpit clutter, linked object и reload persistence.",BREAKTHROUGH_CANDIDATE
B178,C15,Agents / Flows / Automation,focus_routes,"Каждый workspace имеет один основной job-to-be-done, а не копирует общий cockpit применительно к «Agents / Flows / Automation / tool scopes».","Резко снижает ощущение нагромождения: пользователь видит не 20 панелей, а один понятный маршрут и один активный объект.","Внедрить только если есть repository object, graph/control edge, visual screenshot и owner-flow e2e; иначе оставить как idea backlog.","Playwright: clean start -> выполнить сценарий tool scopes -> проверить один главный CTA, отсутствие cockpit clutter, linked object и reload persistence.",BREAKTHROUGH_CANDIDATE
B179,C15,Agents / Flows / Automation,context_graph,Правый граф всегда local graph вокруг выбранного артефакта; большой graph — отдельный режим применительно к «Agents / Flows / Automation / flow builder».,"Резко снижает ощущение нагромождения: пользователь видит не 20 панелей, а один понятный маршрут и один активный объект.","Внедрить только если есть repository object, graph/control edge, visual screenshot и owner-flow e2e; иначе оставить как idea backlog.","Playwright: clean start -> выполнить сценарий flow builder -> проверить один главный CTA, отсутствие cockpit clutter, linked object и reload persistence.",BREAKTHROUGH_CANDIDATE
B180,C15,Agents / Flows / Automation,proof_hidden,"Proof/control доступен одним кликом, но не занимает первый экран применительно к «Agents / Flows / Automation / trigger/condition/action».","Резко снижает ощущение нагромождения: пользователь видит не 20 панелей, а один понятный маршрут и один активный объект.","Внедрить только если есть repository object, graph/control edge, visual screenshot и owner-flow e2e; иначе оставить как idea backlog.","Playwright: clean start -> выполнить сценарий trigger/condition/action -> проверить один главный CTA, отсутствие cockpit clutter, linked object и reload persistence.",BREAKTHROUGH_CANDIDATE
B181,C16,Ollama / Providers / AI processing,single_path,Один главный путь вместо панели: capture -> understand -> one recommended action -> details only on demand применительно к «Ollama / Providers / AI processing / provider logs».,"Резко снижает ощущение нагромождения: пользователь видит не 20 панелей, а один понятный маршрут и один активный объект.","Внедрить только если есть repository object, graph/control edge, visual screenshot и owner-flow e2e; иначе оставить как idea backlog.","Playwright: clean start -> выполнить сценарий provider logs -> проверить один главный CTA, отсутствие cockpit clutter, linked object и reload persistence.",BREAKTHROUGH_CANDIDATE
B182,C16,Ollama / Providers / AI processing,adaptive_home,"Домашний экран перестраивается под время суток, но не меняет информационную архитектуру применительно к «Ollama / Providers / AI processing / offline fallback».","Резко снижает ощущение нагромождения: пользователь видит не 20 панелей, а один понятный маршрут и один активный объект.","Внедрить только если есть repository object, graph/control edge, visual screenshot и owner-flow e2e; иначе оставить как idea backlog.","Playwright: clean start -> выполнить сценарий offline fallback -> проверить один главный CTA, отсутствие cockpit clutter, linked object и reload persistence.",BREAKTHROUGH_CANDIDATE
B183,C16,Ollama / Providers / AI processing,artifact_timeline,"У каждого артефакта есть мини-таймлайн превращений: source, note, task, finance, graph, control применительно к «Ollama / Providers / AI processing / revoke/disconnect».","Резко снижает ощущение нагромождения: пользователь видит не 20 панелей, а один понятный маршрут и один активный объект.","Внедрить только если есть repository object, graph/control edge, visual screenshot и owner-flow e2e; иначе оставить как idea backlog.","Playwright: clean start -> выполнить сценарий revoke/disconnect -> проверить один главный CTA, отсутствие cockpit clutter, linked object и reload persistence.",BREAKTHROUGH_CANDIDATE
B184,C16,Ollama / Providers / AI processing,why_now,Каждая рекомендация отвечает на вопрос «почему сейчас» и показывает источник применительно к «Ollama / Providers / AI processing / prompt preview».,"Резко снижает ощущение нагромождения: пользователь видит не 20 панелей, а один понятный маршрут и один активный объект.","Внедрить только если есть repository object, graph/control edge, visual screenshot и owner-flow e2e; иначе оставить как idea backlog.","Playwright: clean start -> выполнить сценарий prompt preview -> проверить один главный CTA, отсутствие cockpit clutter, linked object и reload persistence.",BREAKTHROUGH_CANDIDATE
B185,C16,Ollama / Providers / AI processing,one_click_commit,"Одна большая кнопка принимает все безопасные предложения, вторичные изменения спрятаны применительно к «Ollama / Providers / AI processing / probe status».","Резко снижает ощущение нагромождения: пользователь видит не 20 панелей, а один понятный маршрут и один активный объект.","Внедрить только если есть repository object, graph/control edge, visual screenshot и owner-flow e2e; иначе оставить как idea backlog.","Playwright: clean start -> выполнить сценарий probe status -> проверить один главный CTA, отсутствие cockpit clutter, linked object и reload persistence.",BREAKTHROUGH_CANDIDATE
B186,C16,Ollama / Providers / AI processing,calm_mode,"Режим слабого дня: показывает один следующий шаг, деньги/сроки/здоровье без shame UI применительно к «Ollama / Providers / AI processing / model list».","Резко снижает ощущение нагромождения: пользователь видит не 20 панелей, а один понятный маршрут и один активный объект.","Внедрить только если есть repository object, graph/control edge, visual screenshot и owner-flow e2e; иначе оставить как idea backlog.","Playwright: clean start -> выполнить сценарий model list -> проверить один главный CTA, отсутствие cockpit clutter, linked object и reload persistence.",BREAKTHROUGH_CANDIDATE
B187,C16,Ollama / Providers / AI processing,review_evening,"Вечерний разбор голосовых/скринов/заметок пакетно, не по одному мусорному pop-up применительно к «Ollama / Providers / AI processing / run analysis».","Резко снижает ощущение нагромождения: пользователь видит не 20 панелей, а один понятный маршрут и один активный объект.","Внедрить только если есть repository object, graph/control edge, visual screenshot и owner-flow e2e; иначе оставить как idea backlog.","Playwright: clean start -> выполнить сценарий run analysis -> проверить один главный CTA, отсутствие cockpit clutter, linked object и reload persistence.",BREAKTHROUGH_CANDIDATE
B188,C16,Ollama / Providers / AI processing,local_ai_coach,"Локальная ИИ-панель работает как proposal coach, не как магический чат без структуры применительно к «Ollama / Providers / AI processing / structured output».","Резко снижает ощущение нагромождения: пользователь видит не 20 панелей, а один понятный маршрут и один активный объект.","Внедрить только если есть repository object, graph/control edge, visual screenshot и owner-flow e2e; иначе оставить как idea backlog.","Playwright: clean start -> выполнить сценарий structured output -> проверить один главный CTA, отсутствие cockpit clutter, linked object и reload persistence.",BREAKTHROUGH_CANDIDATE
B189,C16,Ollama / Providers / AI processing,semantic_color,"Цветовая семантика: задача, деньги, привычка, цель, знание, медиа, контроль имеют устойчивые роли применительно к «Ollama / Providers / AI processing / provider logs».","Резко снижает ощущение нагромождения: пользователь видит не 20 панелей, а один понятный маршрут и один активный объект.","Внедрить только если есть repository object, graph/control edge, visual screenshot и owner-flow e2e; иначе оставить как idea backlog.","Playwright: clean start -> выполнить сценарий provider logs -> проверить один главный CTA, отсутствие cockpit clutter, linked object и reload persistence.",BREAKTHROUGH_CANDIDATE
B190,C16,Ollama / Providers / AI processing,focus_routes,"Каждый workspace имеет один основной job-to-be-done, а не копирует общий cockpit применительно к «Ollama / Providers / AI processing / offline fallback».","Резко снижает ощущение нагромождения: пользователь видит не 20 панелей, а один понятный маршрут и один активный объект.","Внедрить только если есть repository object, graph/control edge, visual screenshot и owner-flow e2e; иначе оставить как idea backlog.","Playwright: clean start -> выполнить сценарий offline fallback -> проверить один главный CTA, отсутствие cockpit clutter, linked object и reload persistence.",BREAKTHROUGH_CANDIDATE
B191,C16,Ollama / Providers / AI processing,context_graph,Правый граф всегда local graph вокруг выбранного артефакта; большой graph — отдельный режим применительно к «Ollama / Providers / AI processing / revoke/disconnect».,"Резко снижает ощущение нагромождения: пользователь видит не 20 панелей, а один понятный маршрут и один активный объект.","Внедрить только если есть repository object, graph/control edge, visual screenshot и owner-flow e2e; иначе оставить как idea backlog.","Playwright: clean start -> выполнить сценарий revoke/disconnect -> проверить один главный CTA, отсутствие cockpit clutter, linked object и reload persistence.",BREAKTHROUGH_CANDIDATE
B192,C16,Ollama / Providers / AI processing,proof_hidden,"Proof/control доступен одним кликом, но не занимает первый экран применительно к «Ollama / Providers / AI processing / prompt preview».","Резко снижает ощущение нагромождения: пользователь видит не 20 панелей, а один понятный маршрут и один активный объект.","Внедрить только если есть repository object, graph/control edge, visual screenshot и owner-flow e2e; иначе оставить как idea backlog.","Playwright: clean start -> выполнить сценарий prompt preview -> проверить один главный CTA, отсутствие cockpit clutter, linked object и reload persistence.",BREAKTHROUGH_CANDIDATE
B193,C17,Data Control / Privacy / Recovery,single_path,Один главный путь вместо панели: capture -> understand -> one recommended action -> details only on demand применительно к «Data Control / Privacy / Recovery / last changes».,"Резко снижает ощущение нагромождения: пользователь видит не 20 панелей, а один понятный маршрут и один активный объект.","Внедрить только если есть repository object, graph/control edge, visual screenshot и owner-flow e2e; иначе оставить как idea backlog.","Playwright: clean start -> выполнить сценарий last changes -> проверить один главный CTA, отсутствие cockpit clutter, linked object и reload persistence.",BREAKTHROUGH_CANDIDATE
B194,C17,Data Control / Privacy / Recovery,adaptive_home,"Домашний экран перестраивается под время суток, но не меняет информационную архитектуру применительно к «Data Control / Privacy / Recovery / export all».","Резко снижает ощущение нагромождения: пользователь видит не 20 панелей, а один понятный маршрут и один активный объект.","Внедрить только если есть repository object, graph/control edge, visual screenshot и owner-flow e2e; иначе оставить как idea backlog.","Playwright: clean start -> выполнить сценарий export all -> проверить один главный CTA, отсутствие cockpit clutter, linked object и reload persistence.",BREAKTHROUGH_CANDIDATE
B195,C17,Data Control / Privacy / Recovery,artifact_timeline,"У каждого артефакта есть мини-таймлайн превращений: source, note, task, finance, graph, control применительно к «Data Control / Privacy / Recovery / export selected».","Резко снижает ощущение нагромождения: пользователь видит не 20 панелей, а один понятный маршрут и один активный объект.","Внедрить только если есть repository object, graph/control edge, visual screenshot и owner-flow e2e; иначе оставить как idea backlog.","Playwright: clean start -> выполнить сценарий export selected -> проверить один главный CTA, отсутствие cockpit clutter, linked object и reload persistence.",BREAKTHROUGH_CANDIDATE
B196,C17,Data Control / Privacy / Recovery,why_now,Каждая рекомендация отвечает на вопрос «почему сейчас» и показывает источник применительно к «Data Control / Privacy / Recovery / archive/recover».,"Резко снижает ощущение нагромождения: пользователь видит не 20 панелей, а один понятный маршрут и один активный объект.","Внедрить только если есть repository object, graph/control edge, visual screenshot и owner-flow e2e; иначе оставить как idea backlog.","Playwright: clean start -> выполнить сценарий archive/recover -> проверить один главный CTA, отсутствие cockpit clutter, linked object и reload persistence.",BREAKTHROUGH_CANDIDATE
B197,C17,Data Control / Privacy / Recovery,one_click_commit,"Одна большая кнопка принимает все безопасные предложения, вторичные изменения спрятаны применительно к «Data Control / Privacy / Recovery / rollback».","Резко снижает ощущение нагромождения: пользователь видит не 20 панелей, а один понятный маршрут и один активный объект.","Внедрить только если есть repository object, graph/control edge, visual screenshot и owner-flow e2e; иначе оставить как idea backlog.","Playwright: clean start -> выполнить сценарий rollback -> проверить один главный CTA, отсутствие cockpit clutter, linked object и reload persistence.",BREAKTHROUGH_CANDIDATE
B198,C17,Data Control / Privacy / Recovery,calm_mode,"Режим слабого дня: показывает один следующий шаг, деньги/сроки/здоровье без shame UI применительно к «Data Control / Privacy / Recovery / storage map».","Резко снижает ощущение нагромождения: пользователь видит не 20 панелей, а один понятный маршрут и один активный объект.","Внедрить только если есть repository object, graph/control edge, visual screenshot и owner-flow e2e; иначе оставить как idea backlog.","Playwright: clean start -> выполнить сценарий storage map -> проверить один главный CTA, отсутствие cockpit clutter, linked object и reload persistence.",BREAKTHROUGH_CANDIDATE
B199,C17,Data Control / Privacy / Recovery,review_evening,"Вечерний разбор голосовых/скринов/заметок пакетно, не по одному мусорному pop-up применительно к «Data Control / Privacy / Recovery / permissions».","Резко снижает ощущение нагромождения: пользователь видит не 20 панелей, а один понятный маршрут и один активный объект.","Внедрить только если есть repository object, graph/control edge, visual screenshot и owner-flow e2e; иначе оставить как idea backlog.","Playwright: clean start -> выполнить сценарий permissions -> проверить один главный CTA, отсутствие cockpit clutter, linked object и reload persistence.",BREAKTHROUGH_CANDIDATE
B200,C17,Data Control / Privacy / Recovery,local_ai_coach,"Локальная ИИ-панель работает как proposal coach, не как магический чат без структуры применительно к «Data Control / Privacy / Recovery / sensitive data».","Резко снижает ощущение нагромождения: пользователь видит не 20 панелей, а один понятный маршрут и один активный объект.","Внедрить только если есть repository object, graph/control edge, visual screenshot и owner-flow e2e; иначе оставить как idea backlog.","Playwright: clean start -> выполнить сценарий sensitive data -> проверить один главный CTA, отсутствие cockpit clutter, linked object и reload persistence.",BREAKTHROUGH_CANDIDATE
B201,C17,Data Control / Privacy / Recovery,semantic_color,"Цветовая семантика: задача, деньги, привычка, цель, знание, медиа, контроль имеют устойчивые роли применительно к «Data Control / Privacy / Recovery / last changes».","Резко снижает ощущение нагромождения: пользователь видит не 20 панелей, а один понятный маршрут и один активный объект.","Внедрить только если есть repository object, graph/control edge, visual screenshot и owner-flow e2e; иначе оставить как idea backlog.","Playwright: clean start -> выполнить сценарий last changes -> проверить один главный CTA, отсутствие cockpit clutter, linked object и reload persistence.",BREAKTHROUGH_CANDIDATE
B202,C17,Data Control / Privacy / Recovery,focus_routes,"Каждый workspace имеет один основной job-to-be-done, а не копирует общий cockpit применительно к «Data Control / Privacy / Recovery / export all».","Резко снижает ощущение нагромождения: пользователь видит не 20 панелей, а один понятный маршрут и один активный объект.","Внедрить только если есть repository object, graph/control edge, visual screenshot и owner-flow e2e; иначе оставить как idea backlog.","Playwright: clean start -> выполнить сценарий export all -> проверить один главный CTA, отсутствие cockpit clutter, linked object и reload persistence.",BREAKTHROUGH_CANDIDATE
B203,C17,Data Control / Privacy / Recovery,context_graph,Правый граф всегда local graph вокруг выбранного артефакта; большой graph — отдельный режим применительно к «Data Control / Privacy / Recovery / export selected».,"Резко снижает ощущение нагромождения: пользователь видит не 20 панелей, а один понятный маршрут и один активный объект.","Внедрить только если есть repository object, graph/control edge, visual screenshot и owner-flow e2e; иначе оставить как idea backlog.","Playwright: clean start -> выполнить сценарий export selected -> проверить один главный CTA, отсутствие cockpit clutter, linked object и reload persistence.",BREAKTHROUGH_CANDIDATE
B204,C17,Data Control / Privacy / Recovery,proof_hidden,"Proof/control доступен одним кликом, но не занимает первый экран применительно к «Data Control / Privacy / Recovery / archive/recover».","Резко снижает ощущение нагромождения: пользователь видит не 20 панелей, а один понятный маршрут и один активный объект.","Внедрить только если есть repository object, graph/control edge, visual screenshot и owner-flow e2e; иначе оставить как idea backlog.","Playwright: clean start -> выполнить сценарий archive/recover -> проверить один главный CTA, отсутствие cockpit clutter, linked object и reload persistence.",BREAKTHROUGH_CANDIDATE
B205,C18,Search / Command palette / Keyboard,single_path,Один главный путь вместо панели: capture -> understand -> one recommended action -> details only on demand применительно к «Search / Command palette / Keyboard / filters».,"Резко снижает ощущение нагромождения: пользователь видит не 20 панелей, а один понятный маршрут и один активный объект.","Внедрить только если есть repository object, graph/control edge, visual screenshot и owner-flow e2e; иначе оставить как idea backlog.","Playwright: clean start -> выполнить сценарий filters -> проверить один главный CTA, отсутствие cockpit clutter, linked object и reload persistence.",BREAKTHROUGH_CANDIDATE
B206,C18,Search / Command palette / Keyboard,adaptive_home,"Домашний экран перестраивается под время суток, но не меняет информационную архитектуру применительно к «Search / Command palette / Keyboard / keyboard shortcuts».","Резко снижает ощущение нагромождения: пользователь видит не 20 панелей, а один понятный маршрут и один активный объект.","Внедрить только если есть repository object, graph/control edge, visual screenshot и owner-flow e2e; иначе оставить как idea backlog.","Playwright: clean start -> выполнить сценарий keyboard shortcuts -> проверить один главный CTA, отсутствие cockpit clutter, linked object и reload persistence.",BREAKTHROUGH_CANDIDATE
B207,C18,Search / Command palette / Keyboard,artifact_timeline,"У каждого артефакта есть мини-таймлайн превращений: source, note, task, finance, graph, control применительно к «Search / Command palette / Keyboard / quick add».","Резко снижает ощущение нагромождения: пользователь видит не 20 панелей, а один понятный маршрут и один активный объект.","Внедрить только если есть repository object, graph/control edge, visual screenshot и owner-flow e2e; иначе оставить как idea backlog.","Playwright: clean start -> выполнить сценарий quick add -> проверить один главный CTA, отсутствие cockpit clutter, linked object и reload persistence.",BREAKTHROUGH_CANDIDATE
B208,C18,Search / Command palette / Keyboard,why_now,Каждая рекомендация отвечает на вопрос «почему сейчас» и показывает источник применительно к «Search / Command palette / Keyboard / explain result».,"Резко снижает ощущение нагромождения: пользователь видит не 20 панелей, а один понятный маршрут и один активный объект.","Внедрить только если есть repository object, graph/control edge, visual screenshot и owner-flow e2e; иначе оставить как idea backlog.","Playwright: clean start -> выполнить сценарий explain result -> проверить один главный CTA, отсутствие cockpit clutter, linked object и reload persistence.",BREAKTHROUGH_CANDIDATE
B209,C18,Search / Command palette / Keyboard,one_click_commit,"Одна большая кнопка принимает все безопасные предложения, вторичные изменения спрятаны применительно к «Search / Command palette / Keyboard / global search».","Резко снижает ощущение нагромождения: пользователь видит не 20 панелей, а один понятный маршрут и один активный объект.","Внедрить только если есть repository object, graph/control edge, visual screenshot и owner-flow e2e; иначе оставить как idea backlog.","Playwright: clean start -> выполнить сценарий global search -> проверить один главный CTA, отсутствие cockpit clutter, linked object и reload persistence.",BREAKTHROUGH_CANDIDATE
B210,C18,Search / Command palette / Keyboard,calm_mode,"Режим слабого дня: показывает один следующий шаг, деньги/сроки/здоровье без shame UI применительно к «Search / Command palette / Keyboard / command palette».","Резко снижает ощущение нагромождения: пользователь видит не 20 панелей, а один понятный маршрут и один активный объект.","Внедрить только если есть repository object, graph/control edge, visual screenshot и owner-flow e2e; иначе оставить как idea backlog.","Playwright: clean start -> выполнить сценарий command palette -> проверить один главный CTA, отсутствие cockpit clutter, linked object и reload persistence.",BREAKTHROUGH_CANDIDATE
B211,C18,Search / Command palette / Keyboard,review_evening,"Вечерний разбор голосовых/скринов/заметок пакетно, не по одному мусорному pop-up применительно к «Search / Command palette / Keyboard / recent objects».","Резко снижает ощущение нагромождения: пользователь видит не 20 панелей, а один понятный маршрут и один активный объект.","Внедрить только если есть repository object, graph/control edge, visual screenshot и owner-flow e2e; иначе оставить как idea backlog.","Playwright: clean start -> выполнить сценарий recent objects -> проверить один главный CTA, отсутствие cockpit clutter, linked object и reload persistence.",BREAKTHROUGH_CANDIDATE
B212,C18,Search / Command palette / Keyboard,local_ai_coach,"Локальная ИИ-панель работает как proposal coach, не как магический чат без структуры применительно к «Search / Command palette / Keyboard / saved searches».","Резко снижает ощущение нагромождения: пользователь видит не 20 панелей, а один понятный маршрут и один активный объект.","Внедрить только если есть repository object, graph/control edge, visual screenshot и owner-flow e2e; иначе оставить как idea backlog.","Playwright: clean start -> выполнить сценарий saved searches -> проверить один главный CTA, отсутствие cockpit clutter, linked object и reload persistence.",BREAKTHROUGH_CANDIDATE
B213,C18,Search / Command palette / Keyboard,semantic_color,"Цветовая семантика: задача, деньги, привычка, цель, знание, медиа, контроль имеют устойчивые роли применительно к «Search / Command palette / Keyboard / filters».","Резко снижает ощущение нагромождения: пользователь видит не 20 панелей, а один понятный маршрут и один активный объект.","Внедрить только если есть repository object, graph/control edge, visual screenshot и owner-flow e2e; иначе оставить как idea backlog.","Playwright: clean start -> выполнить сценарий filters -> проверить один главный CTA, отсутствие cockpit clutter, linked object и reload persistence.",BREAKTHROUGH_CANDIDATE
B214,C18,Search / Command palette / Keyboard,focus_routes,"Каждый workspace имеет один основной job-to-be-done, а не копирует общий cockpit применительно к «Search / Command palette / Keyboard / keyboard shortcuts».","Резко снижает ощущение нагромождения: пользователь видит не 20 панелей, а один понятный маршрут и один активный объект.","Внедрить только если есть repository object, graph/control edge, visual screenshot и owner-flow e2e; иначе оставить как idea backlog.","Playwright: clean start -> выполнить сценарий keyboard shortcuts -> проверить один главный CTA, отсутствие cockpit clutter, linked object и reload persistence.",BREAKTHROUGH_CANDIDATE
B215,C18,Search / Command palette / Keyboard,context_graph,Правый граф всегда local graph вокруг выбранного артефакта; большой graph — отдельный режим применительно к «Search / Command palette / Keyboard / quick add».,"Резко снижает ощущение нагромождения: пользователь видит не 20 панелей, а один понятный маршрут и один активный объект.","Внедрить только если есть repository object, graph/control edge, visual screenshot и owner-flow e2e; иначе оставить как idea backlog.","Playwright: clean start -> выполнить сценарий quick add -> проверить один главный CTA, отсутствие cockpit clutter, linked object и reload persistence.",BREAKTHROUGH_CANDIDATE
B216,C18,Search / Command palette / Keyboard,proof_hidden,"Proof/control доступен одним кликом, но не занимает первый экран применительно к «Search / Command palette / Keyboard / explain result».","Резко снижает ощущение нагромождения: пользователь видит не 20 панелей, а один понятный маршрут и один активный объект.","Внедрить только если есть repository object, graph/control edge, visual screenshot и owner-flow e2e; иначе оставить как idea backlog.","Playwright: clean start -> выполнить сценарий explain result -> проверить один главный CTA, отсутствие cockpit clutter, linked object и reload persistence.",BREAKTHROUGH_CANDIDATE
B217,C19,Mobile / PWA / Notifications,single_path,Один главный путь вместо панели: capture -> understand -> one recommended action -> details only on demand применительно к «Mobile / PWA / Notifications / mobile capture».,"Резко снижает ощущение нагромождения: пользователь видит не 20 панелей, а один понятный маршрут и один активный объект.","Внедрить только если есть repository object, graph/control edge, visual screenshot и owner-flow e2e; иначе оставить как idea backlog.","Playwright: clean start -> выполнить сценарий mobile capture -> проверить один главный CTA, отсутствие cockpit clutter, linked object и reload persistence.",BREAKTHROUGH_CANDIDATE
B218,C19,Mobile / PWA / Notifications,adaptive_home,"Домашний экран перестраивается под время суток, но не меняет информационную архитектуру применительно к «Mobile / PWA / Notifications / bottom navigation».","Резко снижает ощущение нагромождения: пользователь видит не 20 панелей, а один понятный маршрут и один активный объект.","Внедрить только если есть repository object, graph/control edge, visual screenshot и owner-flow e2e; иначе оставить как idea backlog.","Playwright: clean start -> выполнить сценарий bottom navigation -> проверить один главный CTA, отсутствие cockpit clutter, linked object и reload persistence.",BREAKTHROUGH_CANDIDATE
B219,C19,Mobile / PWA / Notifications,artifact_timeline,"У каждого артефакта есть мини-таймлайн превращений: source, note, task, finance, graph, control применительно к «Mobile / PWA / Notifications / camera/photo».","Резко снижает ощущение нагромождения: пользователь видит не 20 панелей, а один понятный маршрут и один активный объект.","Внедрить только если есть repository object, graph/control edge, visual screenshot и owner-flow e2e; иначе оставить как idea backlog.","Playwright: clean start -> выполнить сценарий camera/photo -> проверить один главный CTA, отсутствие cockpit clutter, linked object и reload persistence.",BREAKTHROUGH_CANDIDATE
B220,C19,Mobile / PWA / Notifications,why_now,Каждая рекомендация отвечает на вопрос «почему сейчас» и показывает источник применительно к «Mobile / PWA / Notifications / voice capture».,"Резко снижает ощущение нагромождения: пользователь видит не 20 панелей, а один понятный маршрут и один активный объект.","Внедрить только если есть repository object, graph/control edge, visual screenshot и owner-flow e2e; иначе оставить как idea backlog.","Playwright: clean start -> выполнить сценарий voice capture -> проверить один главный CTA, отсутствие cockpit clutter, linked object и reload persistence.",BREAKTHROUGH_CANDIDATE
B221,C19,Mobile / PWA / Notifications,one_click_commit,"Одна большая кнопка принимает все безопасные предложения, вторичные изменения спрятаны применительно к «Mobile / PWA / Notifications / service worker».","Резко снижает ощущение нагромождения: пользователь видит не 20 панелей, а один понятный маршрут и один активный объект.","Внедрить только если есть repository object, graph/control edge, visual screenshot и owner-flow e2e; иначе оставить как idea backlog.","Playwright: clean start -> выполнить сценарий service worker -> проверить один главный CTA, отсутствие cockpit clutter, linked object и reload persistence.",BREAKTHROUGH_CANDIDATE
B222,C19,Mobile / PWA / Notifications,calm_mode,"Режим слабого дня: показывает один следующий шаг, деньги/сроки/здоровье без shame UI применительно к «Mobile / PWA / Notifications / notification permission».","Резко снижает ощущение нагромождения: пользователь видит не 20 панелей, а один понятный маршрут и один активный объект.","Внедрить только если есть repository object, graph/control edge, visual screenshot и owner-flow e2e; иначе оставить как idea backlog.","Playwright: clean start -> выполнить сценарий notification permission -> проверить один главный CTA, отсутствие cockpit clutter, linked object и reload persistence.",BREAKTHROUGH_CANDIDATE
B223,C19,Mobile / PWA / Notifications,review_evening,"Вечерний разбор голосовых/скринов/заметок пакетно, не по одному мусорному pop-up применительно к «Mobile / PWA / Notifications / offline cache».","Резко снижает ощущение нагромождения: пользователь видит не 20 панелей, а один понятный маршрут и один активный объект.","Внедрить только если есть repository object, graph/control edge, visual screenshot и owner-flow e2e; иначе оставить как idea backlog.","Playwright: clean start -> выполнить сценарий offline cache -> проверить один главный CTA, отсутствие cockpit clutter, linked object и reload persistence.",BREAKTHROUGH_CANDIDATE
B224,C19,Mobile / PWA / Notifications,local_ai_coach,"Локальная ИИ-панель работает как proposal coach, не как магический чат без структуры применительно к «Mobile / PWA / Notifications / installability».","Резко снижает ощущение нагромождения: пользователь видит не 20 панелей, а один понятный маршрут и один активный объект.","Внедрить только если есть repository object, graph/control edge, visual screenshot и owner-flow e2e; иначе оставить как idea backlog.","Playwright: clean start -> выполнить сценарий installability -> проверить один главный CTA, отсутствие cockpit clutter, linked object и reload persistence.",BREAKTHROUGH_CANDIDATE
B225,C19,Mobile / PWA / Notifications,semantic_color,"Цветовая семантика: задача, деньги, привычка, цель, знание, медиа, контроль имеют устойчивые роли применительно к «Mobile / PWA / Notifications / mobile capture».","Резко снижает ощущение нагромождения: пользователь видит не 20 панелей, а один понятный маршрут и один активный объект.","Внедрить только если есть repository object, graph/control edge, visual screenshot и owner-flow e2e; иначе оставить как idea backlog.","Playwright: clean start -> выполнить сценарий mobile capture -> проверить один главный CTA, отсутствие cockpit clutter, linked object и reload persistence.",BREAKTHROUGH_CANDIDATE
B226,C19,Mobile / PWA / Notifications,focus_routes,"Каждый workspace имеет один основной job-to-be-done, а не копирует общий cockpit применительно к «Mobile / PWA / Notifications / bottom navigation».","Резко снижает ощущение нагромождения: пользователь видит не 20 панелей, а один понятный маршрут и один активный объект.","Внедрить только если есть repository object, graph/control edge, visual screenshot и owner-flow e2e; иначе оставить как idea backlog.","Playwright: clean start -> выполнить сценарий bottom navigation -> проверить один главный CTA, отсутствие cockpit clutter, linked object и reload persistence.",BREAKTHROUGH_CANDIDATE
B227,C19,Mobile / PWA / Notifications,context_graph,Правый граф всегда local graph вокруг выбранного артефакта; большой graph — отдельный режим применительно к «Mobile / PWA / Notifications / camera/photo».,"Резко снижает ощущение нагромождения: пользователь видит не 20 панелей, а один понятный маршрут и один активный объект.","Внедрить только если есть repository object, graph/control edge, visual screenshot и owner-flow e2e; иначе оставить как idea backlog.","Playwright: clean start -> выполнить сценарий camera/photo -> проверить один главный CTA, отсутствие cockpit clutter, linked object и reload persistence.",BREAKTHROUGH_CANDIDATE
B228,C19,Mobile / PWA / Notifications,proof_hidden,"Proof/control доступен одним кликом, но не занимает первый экран применительно к «Mobile / PWA / Notifications / voice capture».","Резко снижает ощущение нагромождения: пользователь видит не 20 панелей, а один понятный маршрут и один активный объект.","Внедрить только если есть repository object, graph/control edge, visual screenshot и owner-flow e2e; иначе оставить как idea backlog.","Playwright: clean start -> выполнить сценарий voice capture -> проверить один главный CTA, отсутствие cockpit clutter, linked object и reload persistence.",BREAKTHROUGH_CANDIDATE
B229,C20,Performance / Offline / Storage,single_path,Один главный путь вместо панели: capture -> understand -> one recommended action -> details only on demand применительно к «Performance / Offline / Storage / caching».,"Резко снижает ощущение нагромождения: пользователь видит не 20 панелей, а один понятный маршрут и один активный объект.","Внедрить только если есть repository object, graph/control edge, visual screenshot и owner-flow e2e; иначе оставить как idea backlog.","Playwright: clean start -> выполнить сценарий caching -> проверить один главный CTA, отсутствие cockpit clutter, linked object и reload persistence.",BREAKTHROUGH_CANDIDATE
B230,C20,Performance / Offline / Storage,adaptive_home,"Домашний экран перестраивается под время суток, но не меняет информационную архитектуру применительно к «Performance / Offline / Storage / sync queue».","Резко снижает ощущение нагромождения: пользователь видит не 20 панелей, а один понятный маршрут и один активный объект.","Внедрить только если есть repository object, graph/control edge, visual screenshot и owner-flow e2e; иначе оставить как idea backlog.","Playwright: clean start -> выполнить сценарий sync queue -> проверить один главный CTA, отсутствие cockpit clutter, linked object и reload persistence.",BREAKTHROUGH_CANDIDATE
B231,C20,Performance / Offline / Storage,artifact_timeline,"У каждого артефакта есть мини-таймлайн превращений: source, note, task, finance, graph, control применительно к «Performance / Offline / Storage / startup speed».","Резко снижает ощущение нагромождения: пользователь видит не 20 панелей, а один понятный маршрут и один активный объект.","Внедрить только если есть repository object, graph/control edge, visual screenshot и owner-flow e2e; иначе оставить как idea backlog.","Playwright: clean start -> выполнить сценарий startup speed -> проверить один главный CTA, отсутствие cockpit clutter, linked object и reload persistence.",BREAKTHROUGH_CANDIDATE
B232,C20,Performance / Offline / Storage,why_now,Каждая рекомендация отвечает на вопрос «почему сейчас» и показывает источник применительно к «Performance / Offline / Storage / memory budget».,"Резко снижает ощущение нагромождения: пользователь видит не 20 панелей, а один понятный маршрут и один активный объект.","Внедрить только если есть repository object, graph/control edge, visual screenshot и owner-flow e2e; иначе оставить как idea backlog.","Playwright: clean start -> выполнить сценарий memory budget -> проверить один главный CTA, отсутствие cockpit clutter, linked object и reload persistence.",BREAKTHROUGH_CANDIDATE
B233,C20,Performance / Offline / Storage,one_click_commit,"Одна большая кнопка принимает все безопасные предложения, вторичные изменения спрятаны применительно к «Performance / Offline / Storage / large vault».","Резко снижает ощущение нагромождения: пользователь видит не 20 панелей, а один понятный маршрут и один активный объект.","Внедрить только если есть repository object, graph/control edge, visual screenshot и owner-flow e2e; иначе оставить как idea backlog.","Playwright: clean start -> выполнить сценарий large vault -> проверить один главный CTA, отсутствие cockpit clutter, linked object и reload persistence.",BREAKTHROUGH_CANDIDATE
B234,C20,Performance / Offline / Storage,calm_mode,"Режим слабого дня: показывает один следующий шаг, деньги/сроки/здоровье без shame UI применительно к «Performance / Offline / Storage / graph scale».","Резко снижает ощущение нагромождения: пользователь видит не 20 панелей, а один понятный маршрут и один активный объект.","Внедрить только если есть repository object, graph/control edge, visual screenshot и owner-flow e2e; иначе оставить как idea backlog.","Playwright: clean start -> выполнить сценарий graph scale -> проверить один главный CTA, отсутствие cockpit clutter, linked object и reload persistence.",BREAKTHROUGH_CANDIDATE
B235,C20,Performance / Offline / Storage,review_evening,"Вечерний разбор голосовых/скринов/заметок пакетно, не по одному мусорному pop-up применительно к «Performance / Offline / Storage / indexeddb quota».","Резко снижает ощущение нагромождения: пользователь видит не 20 панелей, а один понятный маршрут и один активный объект.","Внедрить только если есть repository object, graph/control edge, visual screenshot и owner-flow e2e; иначе оставить как idea backlog.","Playwright: clean start -> выполнить сценарий indexeddb quota -> проверить один главный CTA, отсутствие cockpit clutter, linked object и reload persistence.",BREAKTHROUGH_CANDIDATE
B236,C20,Performance / Offline / Storage,local_ai_coach,"Локальная ИИ-панель работает как proposal coach, не как магический чат без структуры применительно к «Performance / Offline / Storage / blob storage».","Резко снижает ощущение нагромождения: пользователь видит не 20 панелей, а один понятный маршрут и один активный объект.","Внедрить только если есть repository object, graph/control edge, visual screenshot и owner-flow e2e; иначе оставить как idea backlog.","Playwright: clean start -> выполнить сценарий blob storage -> проверить один главный CTA, отсутствие cockpit clutter, linked object и reload persistence.",BREAKTHROUGH_CANDIDATE
B237,C20,Performance / Offline / Storage,semantic_color,"Цветовая семантика: задача, деньги, привычка, цель, знание, медиа, контроль имеют устойчивые роли применительно к «Performance / Offline / Storage / caching».","Резко снижает ощущение нагромождения: пользователь видит не 20 панелей, а один понятный маршрут и один активный объект.","Внедрить только если есть repository object, graph/control edge, visual screenshot и owner-flow e2e; иначе оставить как idea backlog.","Playwright: clean start -> выполнить сценарий caching -> проверить один главный CTA, отсутствие cockpit clutter, linked object и reload persistence.",BREAKTHROUGH_CANDIDATE
B238,C20,Performance / Offline / Storage,focus_routes,"Каждый workspace имеет один основной job-to-be-done, а не копирует общий cockpit применительно к «Performance / Offline / Storage / sync queue».","Резко снижает ощущение нагромождения: пользователь видит не 20 панелей, а один понятный маршрут и один активный объект.","Внедрить только если есть repository object, graph/control edge, visual screenshot и owner-flow e2e; иначе оставить как idea backlog.","Playwright: clean start -> выполнить сценарий sync queue -> проверить один главный CTA, отсутствие cockpit clutter, linked object и reload persistence.",BREAKTHROUGH_CANDIDATE
B239,C20,Performance / Offline / Storage,context_graph,Правый граф всегда local graph вокруг выбранного артефакта; большой graph — отдельный режим применительно к «Performance / Offline / Storage / startup speed».,"Резко снижает ощущение нагромождения: пользователь видит не 20 панелей, а один понятный маршрут и один активный объект.","Внедрить только если есть repository object, graph/control edge, visual screenshot и owner-flow e2e; иначе оставить как idea backlog.","Playwright: clean start -> выполнить сценарий startup speed -> проверить один главный CTA, отсутствие cockpit clutter, linked object и reload persistence.",BREAKTHROUGH_CANDIDATE
B240,C20,Performance / Offline / Storage,proof_hidden,"Proof/control доступен одним кликом, но не занимает первый экран применительно к «Performance / Offline / Storage / memory budget».","Резко снижает ощущение нагромождения: пользователь видит не 20 панелей, а один понятный маршрут и один активный объект.","Внедрить только если есть repository object, graph/control edge, visual screenshot и owner-flow e2e; иначе оставить как idea backlog.","Playwright: clean start -> выполнить сценарий memory budget -> проверить один главный CTA, отсутствие cockpit clutter, linked object и reload persistence.",BREAKTHROUGH_CANDIDATE
B241,C21,Accessibility / Localization / Microcopy,single_path,Один главный путь вместо панели: capture -> understand -> one recommended action -> details only on demand применительно к «Accessibility / Localization / Microcopy / Russian-first labels».,"Резко снижает ощущение нагромождения: пользователь видит не 20 панелей, а один понятный маршрут и один активный объект.","Внедрить только если есть repository object, graph/control edge, visual screenshot и owner-flow e2e; иначе оставить как idea backlog.","Playwright: clean start -> выполнить сценарий Russian-first labels -> проверить один главный CTA, отсутствие cockpit clutter, linked object и reload persistence.",BREAKTHROUGH_CANDIDATE
B242,C21,Accessibility / Localization / Microcopy,adaptive_home,"Домашний экран перестраивается под время суток, но не меняет информационную архитектуру применительно к «Accessibility / Localization / Microcopy / plain language».","Резко снижает ощущение нагромождения: пользователь видит не 20 панелей, а один понятный маршрут и один активный объект.","Внедрить только если есть repository object, graph/control edge, visual screenshot и owner-flow e2e; иначе оставить как idea backlog.","Playwright: clean start -> выполнить сценарий plain language -> проверить один главный CTA, отсутствие cockpit clutter, linked object и reload persistence.",BREAKTHROUGH_CANDIDATE
B243,C21,Accessibility / Localization / Microcopy,artifact_timeline,"У каждого артефакта есть мини-таймлайн превращений: source, note, task, finance, graph, control применительно к «Accessibility / Localization / Microcopy / aria labels».","Резко снижает ощущение нагромождения: пользователь видит не 20 панелей, а один понятный маршрут и один активный объект.","Внедрить только если есть repository object, graph/control edge, visual screenshot и owner-flow e2e; иначе оставить как idea backlog.","Playwright: clean start -> выполнить сценарий aria labels -> проверить один главный CTA, отсутствие cockpit clutter, linked object и reload persistence.",BREAKTHROUGH_CANDIDATE
B244,C21,Accessibility / Localization / Microcopy,why_now,Каждая рекомендация отвечает на вопрос «почему сейчас» и показывает источник применительно к «Accessibility / Localization / Microcopy / focus order».,"Резко снижает ощущение нагромождения: пользователь видит не 20 панелей, а один понятный маршрут и один активный объект.","Внедрить только если есть repository object, graph/control edge, visual screenshot и owner-flow e2e; иначе оставить как idea backlog.","Playwright: clean start -> выполнить сценарий focus order -> проверить один главный CTA, отсутствие cockpit clutter, linked object и reload persistence.",BREAKTHROUGH_CANDIDATE
B245,C21,Accessibility / Localization / Microcopy,one_click_commit,"Одна большая кнопка принимает все безопасные предложения, вторичные изменения спрятаны применительно к «Accessibility / Localization / Microcopy / contrast».","Резко снижает ощущение нагромождения: пользователь видит не 20 панелей, а один понятный маршрут и один активный объект.","Внедрить только если есть repository object, graph/control edge, visual screenshot и owner-flow e2e; иначе оставить как idea backlog.","Playwright: clean start -> выполнить сценарий contrast -> проверить один главный CTA, отсутствие cockpit clutter, linked object и reload persistence.",BREAKTHROUGH_CANDIDATE
B246,C21,Accessibility / Localization / Microcopy,calm_mode,"Режим слабого дня: показывает один следующий шаг, деньги/сроки/здоровье без shame UI применительно к «Accessibility / Localization / Microcopy / error copy».","Резко снижает ощущение нагромождения: пользователь видит не 20 панелей, а один понятный маршрут и один активный объект.","Внедрить только если есть repository object, graph/control edge, visual screenshot и owner-flow e2e; иначе оставить как idea backlog.","Playwright: clean start -> выполнить сценарий error copy -> проверить один главный CTA, отсутствие cockpit clutter, linked object и reload persistence.",BREAKTHROUGH_CANDIDATE
B247,C21,Accessibility / Localization / Microcopy,review_evening,"Вечерний разбор голосовых/скринов/заметок пакетно, не по одному мусорному pop-up применительно к «Accessibility / Localization / Microcopy / empty copy».","Резко снижает ощущение нагромождения: пользователь видит не 20 панелей, а один понятный маршрут и один активный объект.","Внедрить только если есть repository object, graph/control edge, visual screenshot и owner-flow e2e; иначе оставить как idea backlog.","Playwright: clean start -> выполнить сценарий empty copy -> проверить один главный CTA, отсутствие cockpit clutter, linked object и reload persistence.",BREAKTHROUGH_CANDIDATE
B248,C21,Accessibility / Localization / Microcopy,local_ai_coach,"Локальная ИИ-панель работает как proposal coach, не как магический чат без структуры применительно к «Accessibility / Localization / Microcopy / keyboard navigation».","Резко снижает ощущение нагромождения: пользователь видит не 20 панелей, а один понятный маршрут и один активный объект.","Внедрить только если есть repository object, graph/control edge, visual screenshot и owner-flow e2e; иначе оставить как idea backlog.","Playwright: clean start -> выполнить сценарий keyboard navigation -> проверить один главный CTA, отсутствие cockpit clutter, linked object и reload persistence.",BREAKTHROUGH_CANDIDATE
B249,C21,Accessibility / Localization / Microcopy,semantic_color,"Цветовая семантика: задача, деньги, привычка, цель, знание, медиа, контроль имеют устойчивые роли применительно к «Accessibility / Localization / Microcopy / Russian-first labels».","Резко снижает ощущение нагромождения: пользователь видит не 20 панелей, а один понятный маршрут и один активный объект.","Внедрить только если есть repository object, graph/control edge, visual screenshot и owner-flow e2e; иначе оставить как idea backlog.","Playwright: clean start -> выполнить сценарий Russian-first labels -> проверить один главный CTA, отсутствие cockpit clutter, linked object и reload persistence.",BREAKTHROUGH_CANDIDATE
B250,C21,Accessibility / Localization / Microcopy,focus_routes,"Каждый workspace имеет один основной job-to-be-done, а не копирует общий cockpit применительно к «Accessibility / Localization / Microcopy / plain language».","Резко снижает ощущение нагромождения: пользователь видит не 20 панелей, а один понятный маршрут и один активный объект.","Внедрить только если есть repository object, graph/control edge, visual screenshot и owner-flow e2e; иначе оставить как idea backlog.","Playwright: clean start -> выполнить сценарий plain language -> проверить один главный CTA, отсутствие cockpit clutter, linked object и reload persistence.",BREAKTHROUGH_CANDIDATE
B251,C21,Accessibility / Localization / Microcopy,context_graph,Правый граф всегда local graph вокруг выбранного артефакта; большой graph — отдельный режим применительно к «Accessibility / Localization / Microcopy / aria labels».,"Резко снижает ощущение нагромождения: пользователь видит не 20 панелей, а один понятный маршрут и один активный объект.","Внедрить только если есть repository object, graph/control edge, visual screenshot и owner-flow e2e; иначе оставить как idea backlog.","Playwright: clean start -> выполнить сценарий aria labels -> проверить один главный CTA, отсутствие cockpit clutter, linked object и reload persistence.",BREAKTHROUGH_CANDIDATE
B252,C21,Accessibility / Localization / Microcopy,proof_hidden,"Proof/control доступен одним кликом, но не занимает первый экран применительно к «Accessibility / Localization / Microcopy / focus order».","Резко снижает ощущение нагромождения: пользователь видит не 20 панелей, а один понятный маршрут и один активный объект.","Внедрить только если есть repository object, graph/control edge, visual screenshot и owner-flow e2e; иначе оставить как idea backlog.","Playwright: clean start -> выполнить сценарий focus order -> проверить один главный CTA, отсутствие cockpit clutter, linked object и reload persistence.",BREAKTHROUGH_CANDIDATE
B253,C22,Security / Safety / External integrations,single_path,Один главный путь вместо панели: capture -> understand -> one recommended action -> details only on demand применительно к «Security / Safety / External integrations / cloud send preview».,"Резко снижает ощущение нагромождения: пользователь видит не 20 панелей, а один понятный маршрут и один активный объект.","Внедрить только если есть repository object, graph/control edge, visual screenshot и owner-flow e2e; иначе оставить как idea backlog.","Playwright: clean start -> выполнить сценарий cloud send preview -> проверить один главный CTA, отсутствие cockpit clutter, linked object и reload persistence.",BREAKTHROUGH_CANDIDATE
B254,C22,Security / Safety / External integrations,adaptive_home,"Домашний экран перестраивается под время суток, но не меняет информационную архитектуру применительно к «Security / Safety / External integrations / PII detection».","Резко снижает ощущение нагромождения: пользователь видит не 20 панелей, а один понятный маршрут и один активный объект.","Внедрить только если есть repository object, graph/control edge, visual screenshot и owner-flow e2e; иначе оставить как idea backlog.","Playwright: clean start -> выполнить сценарий PII detection -> проверить один главный CTA, отсутствие cockpit clutter, linked object и reload persistence.",BREAKTHROUGH_CANDIDATE
B255,C22,Security / Safety / External integrations,artifact_timeline,"У каждого артефакта есть мини-таймлайн превращений: source, note, task, finance, graph, control применительно к «Security / Safety / External integrations / attachment safety».","Резко снижает ощущение нагромождения: пользователь видит не 20 панелей, а один понятный маршрут и один активный объект.","Внедрить только если есть repository object, graph/control edge, visual screenshot и owner-flow e2e; иначе оставить как idea backlog.","Playwright: clean start -> выполнить сценарий attachment safety -> проверить один главный CTA, отсутствие cockpit clutter, linked object и reload persistence.",BREAKTHROUGH_CANDIDATE
B256,C22,Security / Safety / External integrations,why_now,Каждая рекомендация отвечает на вопрос «почему сейчас» и показывает источник применительно к «Security / Safety / External integrations / audit log privacy».,"Резко снижает ощущение нагромождения: пользователь видит не 20 панелей, а один понятный маршрут и один активный объект.","Внедрить только если есть repository object, graph/control edge, visual screenshot и owner-flow e2e; иначе оставить как idea backlog.","Playwright: clean start -> выполнить сценарий audit log privacy -> проверить один главный CTA, отсутствие cockpit clutter, linked object и reload persistence.",BREAKTHROUGH_CANDIDATE
B257,C22,Security / Safety / External integrations,one_click_commit,"Одна большая кнопка принимает все безопасные предложения, вторичные изменения спрятаны применительно к «Security / Safety / External integrations / secrets».","Резко снижает ощущение нагромождения: пользователь видит не 20 панелей, а один понятный маршрут и один активный объект.","Внедрить только если есть repository object, graph/control edge, visual screenshot и owner-flow e2e; иначе оставить как idea backlog.","Playwright: clean start -> выполнить сценарий secrets -> проверить один главный CTA, отсутствие cockpit clutter, linked object и reload persistence.",BREAKTHROUGH_CANDIDATE
B258,C22,Security / Safety / External integrations,calm_mode,"Режим слабого дня: показывает один следующий шаг, деньги/сроки/здоровье без shame UI применительно к «Security / Safety / External integrations / OAuth».","Резко снижает ощущение нагромождения: пользователь видит не 20 панелей, а один понятный маршрут и один активный объект.","Внедрить только если есть repository object, graph/control edge, visual screenshot и owner-flow e2e; иначе оставить как idea backlog.","Playwright: clean start -> выполнить сценарий OAuth -> проверить один главный CTA, отсутствие cockpit clutter, linked object и reload persistence.",BREAKTHROUGH_CANDIDATE
B259,C22,Security / Safety / External integrations,review_evening,"Вечерний разбор голосовых/скринов/заметок пакетно, не по одному мусорному pop-up применительно к «Security / Safety / External integrations / Gmail boundary».","Резко снижает ощущение нагромождения: пользователь видит не 20 панелей, а один понятный маршрут и один активный объект.","Внедрить только если есть repository object, graph/control edge, visual screenshot и owner-flow e2e; иначе оставить как idea backlog.","Playwright: clean start -> выполнить сценарий Gmail boundary -> проверить один главный CTA, отсутствие cockpit clutter, linked object и reload persistence.",BREAKTHROUGH_CANDIDATE
B260,C22,Security / Safety / External integrations,local_ai_coach,"Локальная ИИ-панель работает как proposal coach, не как магический чат без структуры применительно к «Security / Safety / External integrations / calendar sync gate».","Резко снижает ощущение нагромождения: пользователь видит не 20 панелей, а один понятный маршрут и один активный объект.","Внедрить только если есть repository object, graph/control edge, visual screenshot и owner-flow e2e; иначе оставить как idea backlog.","Playwright: clean start -> выполнить сценарий calendar sync gate -> проверить один главный CTA, отсутствие cockpit clutter, linked object и reload persistence.",BREAKTHROUGH_CANDIDATE
B261,C22,Security / Safety / External integrations,semantic_color,"Цветовая семантика: задача, деньги, привычка, цель, знание, медиа, контроль имеют устойчивые роли применительно к «Security / Safety / External integrations / cloud send preview».","Резко снижает ощущение нагромождения: пользователь видит не 20 панелей, а один понятный маршрут и один активный объект.","Внедрить только если есть repository object, graph/control edge, visual screenshot и owner-flow e2e; иначе оставить как idea backlog.","Playwright: clean start -> выполнить сценарий cloud send preview -> проверить один главный CTA, отсутствие cockpit clutter, linked object и reload persistence.",BREAKTHROUGH_CANDIDATE
B262,C22,Security / Safety / External integrations,focus_routes,"Каждый workspace имеет один основной job-to-be-done, а не копирует общий cockpit применительно к «Security / Safety / External integrations / PII detection».","Резко снижает ощущение нагромождения: пользователь видит не 20 панелей, а один понятный маршрут и один активный объект.","Внедрить только если есть repository object, graph/control edge, visual screenshot и owner-flow e2e; иначе оставить как idea backlog.","Playwright: clean start -> выполнить сценарий PII detection -> проверить один главный CTA, отсутствие cockpit clutter, linked object и reload persistence.",BREAKTHROUGH_CANDIDATE
B263,C22,Security / Safety / External integrations,context_graph,Правый граф всегда local graph вокруг выбранного артефакта; большой graph — отдельный режим применительно к «Security / Safety / External integrations / attachment safety».,"Резко снижает ощущение нагромождения: пользователь видит не 20 панелей, а один понятный маршрут и один активный объект.","Внедрить только если есть repository object, graph/control edge, visual screenshot и owner-flow e2e; иначе оставить как idea backlog.","Playwright: clean start -> выполнить сценарий attachment safety -> проверить один главный CTA, отсутствие cockpit clutter, linked object и reload persistence.",BREAKTHROUGH_CANDIDATE
B264,C22,Security / Safety / External integrations,proof_hidden,"Proof/control доступен одним кликом, но не занимает первый экран применительно к «Security / Safety / External integrations / audit log privacy».","Резко снижает ощущение нагромождения: пользователь видит не 20 панелей, а один понятный маршрут и один активный объект.","Внедрить только если есть repository object, graph/control edge, visual screenshot и owner-flow e2e; иначе оставить как idea backlog.","Playwright: clean start -> выполнить сценарий audit log privacy -> проверить один главный CTA, отсутствие cockpit clutter, linked object и reload persistence.",BREAKTHROUGH_CANDIDATE
B265,C23,Life domains / Health / Home / Food / Travel,single_path,Один главный путь вместо панели: capture -> understand -> one recommended action -> details only on demand применительно к «Life domains / Health / Home / Food / Travel / health signal».,"Резко снижает ощущение нагромождения: пользователь видит не 20 панелей, а один понятный маршрут и один активный объект.","Внедрить только если есть repository object, graph/control edge, visual screenshot и owner-flow e2e; иначе оставить как idea backlog.","Playwright: clean start -> выполнить сценарий health signal -> проверить один главный CTA, отсутствие cockpit clutter, linked object и reload persistence.",BREAKTHROUGH_CANDIDATE
B266,C23,Life domains / Health / Home / Food / Travel,adaptive_home,"Домашний экран перестраивается под время суток, но не меняет информационную архитектуру применительно к «Life domains / Health / Home / Food / Travel / sleep/energy».","Резко снижает ощущение нагромождения: пользователь видит не 20 панелей, а один понятный маршрут и один активный объект.","Внедрить только если есть repository object, graph/control edge, visual screenshot и owner-flow e2e; иначе оставить как idea backlog.","Playwright: clean start -> выполнить сценарий sleep/energy -> проверить один главный CTA, отсутствие cockpit clutter, linked object и reload persistence.",BREAKTHROUGH_CANDIDATE
B267,C23,Life domains / Health / Home / Food / Travel,artifact_timeline,"У каждого артефакта есть мини-таймлайн превращений: source, note, task, finance, graph, control применительно к «Life domains / Health / Home / Food / Travel / home inventory».","Резко снижает ощущение нагромождения: пользователь видит не 20 панелей, а один понятный маршрут и один активный объект.","Внедрить только если есть repository object, graph/control edge, visual screenshot и owner-flow e2e; иначе оставить как idea backlog.","Playwright: clean start -> выполнить сценарий home inventory -> проверить один главный CTA, отсутствие cockpit clutter, linked object и reload persistence.",BREAKTHROUGH_CANDIDATE
B268,C23,Life domains / Health / Home / Food / Travel,why_now,Каждая рекомендация отвечает на вопрос «почему сейчас» и показывает источник применительно к «Life domains / Health / Home / Food / Travel / shopping list».,"Резко снижает ощущение нагромождения: пользователь видит не 20 панелей, а один понятный маршрут и один активный объект.","Внедрить только если есть repository object, graph/control edge, visual screenshot и owner-flow e2e; иначе оставить как idea backlog.","Playwright: clean start -> выполнить сценарий shopping list -> проверить один главный CTA, отсутствие cockpit clutter, linked object и reload persistence.",BREAKTHROUGH_CANDIDATE
B269,C23,Life domains / Health / Home / Food / Travel,one_click_commit,"Одна большая кнопка принимает все безопасные предложения, вторичные изменения спрятаны применительно к «Life domains / Health / Home / Food / Travel / food plan».","Резко снижает ощущение нагромождения: пользователь видит не 20 панелей, а один понятный маршрут и один активный объект.","Внедрить только если есть repository object, graph/control edge, visual screenshot и owner-flow e2e; иначе оставить как idea backlog.","Playwright: clean start -> выполнить сценарий food plan -> проверить один главный CTA, отсутствие cockpit clutter, linked object и reload persistence.",BREAKTHROUGH_CANDIDATE
B270,C23,Life domains / Health / Home / Food / Travel,calm_mode,"Режим слабого дня: показывает один следующий шаг, деньги/сроки/здоровье без shame UI применительно к «Life domains / Health / Home / Food / Travel / travel object».","Резко снижает ощущение нагромождения: пользователь видит не 20 панелей, а один понятный маршрут и один активный объект.","Внедрить только если есть repository object, graph/control edge, visual screenshot и owner-flow e2e; иначе оставить как idea backlog.","Playwright: clean start -> выполнить сценарий travel object -> проверить один главный CTA, отсутствие cockpit clutter, linked object и reload persistence.",BREAKTHROUGH_CANDIDATE
B271,C23,Life domains / Health / Home / Food / Travel,review_evening,"Вечерний разбор голосовых/скринов/заметок пакетно, не по одному мусорному pop-up применительно к «Life domains / Health / Home / Food / Travel / relationships».","Резко снижает ощущение нагромождения: пользователь видит не 20 панелей, а один понятный маршрут и один активный объект.","Внедрить только если есть repository object, graph/control edge, visual screenshot и owner-flow e2e; иначе оставить как idea backlog.","Playwright: clean start -> выполнить сценарий relationships -> проверить один главный CTA, отсутствие cockpit clutter, linked object и reload persistence.",BREAKTHROUGH_CANDIDATE
B272,C23,Life domains / Health / Home / Food / Travel,local_ai_coach,"Локальная ИИ-панель работает как proposal coach, не как магический чат без структуры применительно к «Life domains / Health / Home / Food / Travel / admin documents».","Резко снижает ощущение нагромождения: пользователь видит не 20 панелей, а один понятный маршрут и один активный объект.","Внедрить только если есть repository object, graph/control edge, visual screenshot и owner-flow e2e; иначе оставить как idea backlog.","Playwright: clean start -> выполнить сценарий admin documents -> проверить один главный CTA, отсутствие cockpit clutter, linked object и reload persistence.",BREAKTHROUGH_CANDIDATE
B273,C23,Life domains / Health / Home / Food / Travel,semantic_color,"Цветовая семантика: задача, деньги, привычка, цель, знание, медиа, контроль имеют устойчивые роли применительно к «Life domains / Health / Home / Food / Travel / health signal».","Резко снижает ощущение нагромождения: пользователь видит не 20 панелей, а один понятный маршрут и один активный объект.","Внедрить только если есть repository object, graph/control edge, visual screenshot и owner-flow e2e; иначе оставить как idea backlog.","Playwright: clean start -> выполнить сценарий health signal -> проверить один главный CTA, отсутствие cockpit clutter, linked object и reload persistence.",BREAKTHROUGH_CANDIDATE
B274,C23,Life domains / Health / Home / Food / Travel,focus_routes,"Каждый workspace имеет один основной job-to-be-done, а не копирует общий cockpit применительно к «Life domains / Health / Home / Food / Travel / sleep/energy».","Резко снижает ощущение нагромождения: пользователь видит не 20 панелей, а один понятный маршрут и один активный объект.","Внедрить только если есть repository object, graph/control edge, visual screenshot и owner-flow e2e; иначе оставить как idea backlog.","Playwright: clean start -> выполнить сценарий sleep/energy -> проверить один главный CTA, отсутствие cockpit clutter, linked object и reload persistence.",BREAKTHROUGH_CANDIDATE
B275,C23,Life domains / Health / Home / Food / Travel,context_graph,Правый граф всегда local graph вокруг выбранного артефакта; большой graph — отдельный режим применительно к «Life domains / Health / Home / Food / Travel / home inventory».,"Резко снижает ощущение нагромождения: пользователь видит не 20 панелей, а один понятный маршрут и один активный объект.","Внедрить только если есть repository object, graph/control edge, visual screenshot и owner-flow e2e; иначе оставить как idea backlog.","Playwright: clean start -> выполнить сценарий home inventory -> проверить один главный CTA, отсутствие cockpit clutter, linked object и reload persistence.",BREAKTHROUGH_CANDIDATE
B276,C23,Life domains / Health / Home / Food / Travel,proof_hidden,"Proof/control доступен одним кликом, но не занимает первый экран применительно к «Life domains / Health / Home / Food / Travel / shopping list».","Резко снижает ощущение нагромождения: пользователь видит не 20 панелей, а один понятный маршрут и один активный объект.","Внедрить только если есть repository object, graph/control edge, visual screenshot и owner-flow e2e; иначе оставить как idea backlog.","Playwright: clean start -> выполнить сценарий shopping list -> проверить один главный CTA, отсутствие cockpit clutter, linked object и reload persistence.",BREAKTHROUGH_CANDIDATE
B277,C24,Testing / Evidence / CI,single_path,Один главный путь вместо панели: capture -> understand -> one recommended action -> details only on demand применительно к «Testing / Evidence / CI / no-hardcode audit».,"Резко снижает ощущение нагромождения: пользователь видит не 20 панелей, а один понятный маршрут и один активный объект.","Внедрить только если есть repository object, graph/control edge, visual screenshot и owner-flow e2e; иначе оставить как idea backlog.","Playwright: clean start -> выполнить сценарий no-hardcode audit -> проверить один главный CTA, отсутствие cockpit clutter, linked object и reload persistence.",BREAKTHROUGH_CANDIDATE
B278,C24,Testing / Evidence / CI,adaptive_home,"Домашний экран перестраивается под время суток, но не меняет информационную архитектуру применительно к «Testing / Evidence / CI / ledger audit».","Резко снижает ощущение нагромождения: пользователь видит не 20 панелей, а один понятный маршрут и один активный объект.","Внедрить только если есть repository object, graph/control edge, visual screenshot и owner-flow e2e; иначе оставить как idea backlog.","Playwright: clean start -> выполнить сценарий ledger audit -> проверить один главный CTA, отсутствие cockpit clutter, linked object и reload persistence.",BREAKTHROUGH_CANDIDATE
B279,C24,Testing / Evidence / CI,artifact_timeline,"У каждого артефакта есть мини-таймлайн превращений: source, note, task, finance, graph, control применительно к «Testing / Evidence / CI / regression suite».","Резко снижает ощущение нагромождения: пользователь видит не 20 панелей, а один понятный маршрут и один активный объект.","Внедрить только если есть repository object, graph/control edge, visual screenshot и owner-flow e2e; иначе оставить как idea backlog.","Playwright: clean start -> выполнить сценарий regression suite -> проверить один главный CTA, отсутствие cockpit clutter, linked object и reload persistence.",BREAKTHROUGH_CANDIDATE
B280,C24,Testing / Evidence / CI,why_now,Каждая рекомендация отвечает на вопрос «почему сейчас» и показывает источник применительно к «Testing / Evidence / CI / release gate».,"Резко снижает ощущение нагромождения: пользователь видит не 20 панелей, а один понятный маршрут и один активный объект.","Внедрить только если есть repository object, graph/control edge, visual screenshot и owner-flow e2e; иначе оставить как idea backlog.","Playwright: clean start -> выполнить сценарий release gate -> проверить один главный CTA, отсутствие cockpit clutter, linked object и reload persistence.",BREAKTHROUGH_CANDIDATE
B281,C24,Testing / Evidence / CI,one_click_commit,"Одна большая кнопка принимает все безопасные предложения, вторичные изменения спрятаны применительно к «Testing / Evidence / CI / owner-flow e2e».","Резко снижает ощущение нагромождения: пользователь видит не 20 панелей, а один понятный маршрут и один активный объект.","Внедрить только если есть repository object, graph/control edge, visual screenshot и owner-flow e2e; иначе оставить как idea backlog.","Playwright: clean start -> выполнить сценарий owner-flow e2e -> проверить один главный CTA, отсутствие cockpit clutter, linked object и reload persistence.",BREAKTHROUGH_CANDIDATE
B282,C24,Testing / Evidence / CI,calm_mode,"Режим слабого дня: показывает один следующий шаг, деньги/сроки/здоровье без shame UI применительно к «Testing / Evidence / CI / fixture matrix».","Резко снижает ощущение нагромождения: пользователь видит не 20 панелей, а один понятный маршрут и один активный объект.","Внедрить только если есть repository object, graph/control edge, visual screenshot и owner-flow e2e; иначе оставить как idea backlog.","Playwright: clean start -> выполнить сценарий fixture matrix -> проверить один главный CTA, отсутствие cockpit clutter, linked object и reload persistence.",BREAKTHROUGH_CANDIDATE
B283,C24,Testing / Evidence / CI,review_evening,"Вечерний разбор голосовых/скринов/заметок пакетно, не по одному мусорному pop-up применительно к «Testing / Evidence / CI / visual snapshots».","Резко снижает ощущение нагромождения: пользователь видит не 20 панелей, а один понятный маршрут и один активный объект.","Внедрить только если есть repository object, graph/control edge, visual screenshot и owner-flow e2e; иначе оставить как idea backlog.","Playwright: clean start -> выполнить сценарий visual snapshots -> проверить один главный CTA, отсутствие cockpit clutter, linked object и reload persistence.",BREAKTHROUGH_CANDIDATE
B284,C24,Testing / Evidence / CI,local_ai_coach,"Локальная ИИ-панель работает как proposal coach, не как магический чат без структуры применительно к «Testing / Evidence / CI / button audit».","Резко снижает ощущение нагромождения: пользователь видит не 20 панелей, а один понятный маршрут и один активный объект.","Внедрить только если есть repository object, graph/control edge, visual screenshot и owner-flow e2e; иначе оставить как idea backlog.","Playwright: clean start -> выполнить сценарий button audit -> проверить один главный CTA, отсутствие cockpit clutter, linked object и reload persistence.",BREAKTHROUGH_CANDIDATE
B285,C24,Testing / Evidence / CI,semantic_color,"Цветовая семантика: задача, деньги, привычка, цель, знание, медиа, контроль имеют устойчивые роли применительно к «Testing / Evidence / CI / no-hardcode audit».","Резко снижает ощущение нагромождения: пользователь видит не 20 панелей, а один понятный маршрут и один активный объект.","Внедрить только если есть repository object, graph/control edge, visual screenshot и owner-flow e2e; иначе оставить как idea backlog.","Playwright: clean start -> выполнить сценарий no-hardcode audit -> проверить один главный CTA, отсутствие cockpit clutter, linked object и reload persistence.",BREAKTHROUGH_CANDIDATE
B286,C24,Testing / Evidence / CI,focus_routes,"Каждый workspace имеет один основной job-to-be-done, а не копирует общий cockpit применительно к «Testing / Evidence / CI / ledger audit».","Резко снижает ощущение нагромождения: пользователь видит не 20 панелей, а один понятный маршрут и один активный объект.","Внедрить только если есть repository object, graph/control edge, visual screenshot и owner-flow e2e; иначе оставить как idea backlog.","Playwright: clean start -> выполнить сценарий ledger audit -> проверить один главный CTA, отсутствие cockpit clutter, linked object и reload persistence.",BREAKTHROUGH_CANDIDATE
B287,C24,Testing / Evidence / CI,context_graph,Правый граф всегда local graph вокруг выбранного артефакта; большой graph — отдельный режим применительно к «Testing / Evidence / CI / regression suite».,"Резко снижает ощущение нагромождения: пользователь видит не 20 панелей, а один понятный маршрут и один активный объект.","Внедрить только если есть repository object, graph/control edge, visual screenshot и owner-flow e2e; иначе оставить как idea backlog.","Playwright: clean start -> выполнить сценарий regression suite -> проверить один главный CTA, отсутствие cockpit clutter, linked object и reload persistence.",BREAKTHROUGH_CANDIDATE
B288,C24,Testing / Evidence / CI,proof_hidden,"Proof/control доступен одним кликом, но не занимает первый экран применительно к «Testing / Evidence / CI / release gate».","Резко снижает ощущение нагромождения: пользователь видит не 20 панелей, а один понятный маршрут и один активный объект.","Внедрить только если есть repository object, graph/control edge, visual screenshot и owner-flow e2e; иначе оставить как idea backlog.","Playwright: clean start -> выполнить сценарий release gate -> проверить один главный CTA, отсутствие cockpit clutter, linked object и reload persistence.",BREAKTHROUGH_CANDIDATE
B289,C25,Engineering maintainability / Modularity,single_path,Один главный путь вместо панели: capture -> understand -> one recommended action -> details only on demand применительно к «Engineering maintainability / Modularity / module boundaries».,"Резко снижает ощущение нагромождения: пользователь видит не 20 панелей, а один понятный маршрут и один активный объект.","Внедрить только если есть repository object, graph/control edge, visual screenshot и owner-flow e2e; иначе оставить как idea backlog.","Playwright: clean start -> выполнить сценарий module boundaries -> проверить один главный CTA, отсутствие cockpit clutter, linked object и reload persistence.",BREAKTHROUGH_CANDIDATE
B290,C25,Engineering maintainability / Modularity,adaptive_home,"Домашний экран перестраивается под время суток, но не меняет информационную архитектуру применительно к «Engineering maintainability / Modularity / state adapters».","Резко снижает ощущение нагромождения: пользователь видит не 20 панелей, а один понятный маршрут и один активный объект.","Внедрить только если есть repository object, graph/control edge, visual screenshot и owner-flow e2e; иначе оставить как idea backlog.","Playwright: clean start -> выполнить сценарий state adapters -> проверить один главный CTA, отсутствие cockpit clutter, linked object и reload persistence.",BREAKTHROUGH_CANDIDATE
B291,C25,Engineering maintainability / Modularity,artifact_timeline,"У каждого артефакта есть мини-таймлайн превращений: source, note, task, finance, graph, control применительно к «Engineering maintainability / Modularity / event bus».","Резко снижает ощущение нагромождения: пользователь видит не 20 панелей, а один понятный маршрут и один активный объект.","Внедрить только если есть repository object, graph/control edge, visual screenshot и owner-flow e2e; иначе оставить как idea backlog.","Playwright: clean start -> выполнить сценарий event bus -> проверить один главный CTA, отсутствие cockpit clutter, linked object и reload persistence.",BREAKTHROUGH_CANDIDATE
B292,C25,Engineering maintainability / Modularity,why_now,Каждая рекомендация отвечает на вопрос «почему сейчас» и показывает источник применительно к «Engineering maintainability / Modularity / tests per module».,"Резко снижает ощущение нагромождения: пользователь видит не 20 панелей, а один понятный маршрут и один активный объект.","Внедрить только если есть repository object, graph/control edge, visual screenshot и owner-flow e2e; иначе оставить как idea backlog.","Playwright: clean start -> выполнить сценарий tests per module -> проверить один главный CTA, отсутствие cockpit clutter, linked object и reload persistence.",BREAKTHROUGH_CANDIDATE
B293,C25,Engineering maintainability / Modularity,one_click_commit,"Одна большая кнопка принимает все безопасные предложения, вторичные изменения спрятаны применительно к «Engineering maintainability / Modularity / CSS architecture».","Резко снижает ощущение нагромождения: пользователь видит не 20 панелей, а один понятный маршрут и один активный объект.","Внедрить только если есть repository object, graph/control edge, visual screenshot и owner-flow e2e; иначе оставить как idea backlog.","Playwright: clean start -> выполнить сценарий CSS architecture -> проверить один главный CTA, отсутствие cockpit clutter, linked object и reload persistence.",BREAKTHROUGH_CANDIDATE
B294,C25,Engineering maintainability / Modularity,calm_mode,"Режим слабого дня: показывает один следующий шаг, деньги/сроки/здоровье без shame UI применительно к «Engineering maintainability / Modularity / code splitting».","Резко снижает ощущение нагромождения: пользователь видит не 20 панелей, а один понятный маршрут и один активный объект.","Внедрить только если есть repository object, graph/control edge, visual screenshot и owner-flow e2e; иначе оставить как idea backlog.","Playwright: clean start -> выполнить сценарий code splitting -> проверить один главный CTA, отсутствие cockpit clutter, linked object и reload persistence.",BREAKTHROUGH_CANDIDATE
B295,C25,Engineering maintainability / Modularity,review_evening,"Вечерний разбор голосовых/скринов/заметок пакетно, не по одному мусорному pop-up применительно к «Engineering maintainability / Modularity / schema docs».","Резко снижает ощущение нагромождения: пользователь видит не 20 панелей, а один понятный маршрут и один активный объект.","Внедрить только если есть repository object, graph/control edge, visual screenshot и owner-flow e2e; иначе оставить как idea backlog.","Playwright: clean start -> выполнить сценарий schema docs -> проверить один главный CTA, отсутствие cockpit clutter, linked object и reload persistence.",BREAKTHROUGH_CANDIDATE
B296,C25,Engineering maintainability / Modularity,local_ai_coach,"Локальная ИИ-панель работает как proposal coach, не как магический чат без структуры применительно к «Engineering maintainability / Modularity / developer runbook».","Резко снижает ощущение нагромождения: пользователь видит не 20 панелей, а один понятный маршрут и один активный объект.","Внедрить только если есть repository object, graph/control edge, visual screenshot и owner-flow e2e; иначе оставить как idea backlog.","Playwright: clean start -> выполнить сценарий developer runbook -> проверить один главный CTA, отсутствие cockpit clutter, linked object и reload persistence.",BREAKTHROUGH_CANDIDATE
B297,C25,Engineering maintainability / Modularity,semantic_color,"Цветовая семантика: задача, деньги, привычка, цель, знание, медиа, контроль имеют устойчивые роли применительно к «Engineering maintainability / Modularity / module boundaries».","Резко снижает ощущение нагромождения: пользователь видит не 20 панелей, а один понятный маршрут и один активный объект.","Внедрить только если есть repository object, graph/control edge, visual screenshot и owner-flow e2e; иначе оставить как idea backlog.","Playwright: clean start -> выполнить сценарий module boundaries -> проверить один главный CTA, отсутствие cockpit clutter, linked object и reload persistence.",BREAKTHROUGH_CANDIDATE
B298,C25,Engineering maintainability / Modularity,focus_routes,"Каждый workspace имеет один основной job-to-be-done, а не копирует общий cockpit применительно к «Engineering maintainability / Modularity / state adapters».","Резко снижает ощущение нагромождения: пользователь видит не 20 панелей, а один понятный маршрут и один активный объект.","Внедрить только если есть repository object, graph/control edge, visual screenshot и owner-flow e2e; иначе оставить как idea backlog.","Playwright: clean start -> выполнить сценарий state adapters -> проверить один главный CTA, отсутствие cockpit clutter, linked object и reload persistence.",BREAKTHROUGH_CANDIDATE
B299,C25,Engineering maintainability / Modularity,context_graph,Правый граф всегда local graph вокруг выбранного артефакта; большой graph — отдельный режим применительно к «Engineering maintainability / Modularity / event bus».,"Резко снижает ощущение нагромождения: пользователь видит не 20 панелей, а один понятный маршрут и один активный объект.","Внедрить только если есть repository object, graph/control edge, visual screenshot и owner-flow e2e; иначе оставить как idea backlog.","Playwright: clean start -> выполнить сценарий event bus -> проверить один главный CTA, отсутствие cockpit clutter, linked object и reload persistence.",BREAKTHROUGH_CANDIDATE
B300,C25,Engineering maintainability / Modularity,proof_hidden,"Proof/control доступен одним кликом, но не занимает первый экран применительно к «Engineering maintainability / Modularity / tests per module».","Резко снижает ощущение нагромождения: пользователь видит не 20 панелей, а один понятный маршрут и один активный объект.","Внедрить только если есть repository object, graph/control edge, visual screenshot и owner-flow e2e; иначе оставить как idea backlog.","Playwright: clean start -> выполнить сценарий tests per module -> проверить один главный CTA, отсутствие cockpit clutter, linked object и reload persistence.",BREAKTHROUGH_CANDIDATE
