"id","area","weakness","expected_behavior","current_status","resolution_status","evidence_file","test_name","screenshot","commit","notes"
"W001","GitHub/source-of-truth","GitHub/source-of-truth gap 1","Owner can complete the related LifeOS job through the shared Artifact repository without fake panels or disconnected state.","GitHub remote/auth missing; local baseline exists.","BLOCKED_OWNER_CREDENTIAL_WITH_EXACT_NEXT_ACTION","docs/ops/NONSTOP_OWNER_RESCUE_STATE.md","","","24f6671","GitHub push blocked because gh auth status reports no logged-in host. Exact next action: owner runs gh auth login or provides repo remote."
"W002","GitHub/source-of-truth","GitHub/source-of-truth gap 2","Owner can complete the related LifeOS job through the shared Artifact repository without fake panels or disconnected state.","GitHub remote/auth missing; local baseline exists.","BLOCKED_OWNER_CREDENTIAL_WITH_EXACT_NEXT_ACTION","docs/ops/NONSTOP_OWNER_RESCUE_STATE.md","","","24f6671","GitHub push blocked because gh auth status reports no logged-in host. Exact next action: owner runs gh auth login or provides repo remote."
"W003","GitHub/source-of-truth","GitHub/source-of-truth gap 3","Owner can complete the related LifeOS job through the shared Artifact repository without fake panels or disconnected state.","GitHub remote/auth missing; local baseline exists.","BLOCKED_OWNER_CREDENTIAL_WITH_EXACT_NEXT_ACTION","docs/ops/NONSTOP_OWNER_RESCUE_STATE.md","","","24f6671","GitHub push blocked because gh auth status reports no logged-in host. Exact next action: owner runs gh auth login or provides repo remote."
"W004","GitHub/source-of-truth","GitHub/source-of-truth gap 4","Owner can complete the related LifeOS job through the shared Artifact repository without fake panels or disconnected state.","GitHub remote/auth missing; local baseline exists.","BLOCKED_OWNER_CREDENTIAL_WITH_EXACT_NEXT_ACTION","docs/ops/NONSTOP_OWNER_RESCUE_STATE.md","","","24f6671","GitHub push blocked because gh auth status reports no logged-in host. Exact next action: owner runs gh auth login or provides repo remote."
"W005","GitHub/source-of-truth","GitHub/source-of-truth gap 5","Owner can complete the related LifeOS job through the shared Artifact repository without fake panels or disconnected state.","GitHub remote/auth missing; local baseline exists.","BLOCKED_OWNER_CREDENTIAL_WITH_EXACT_NEXT_ACTION","docs/ops/NONSTOP_OWNER_RESCUE_STATE.md","","","24f6671","GitHub push blocked because gh auth status reports no logged-in host. Exact next action: owner runs gh auth login or provides repo remote."
"W006","GitHub/source-of-truth","GitHub/source-of-truth gap 6","Owner can complete the related LifeOS job through the shared Artifact repository without fake panels or disconnected state.","GitHub remote/auth missing; local baseline exists.","BLOCKED_OWNER_CREDENTIAL_WITH_EXACT_NEXT_ACTION","docs/ops/NONSTOP_OWNER_RESCUE_STATE.md","","","24f6671","GitHub push blocked because gh auth status reports no logged-in host. Exact next action: owner runs gh auth login or provides repo remote."
"W007","GitHub/source-of-truth","GitHub/source-of-truth gap 7","Owner can complete the related LifeOS job through the shared Artifact repository without fake panels or disconnected state.","GitHub remote/auth missing; local baseline exists.","BLOCKED_OWNER_CREDENTIAL_WITH_EXACT_NEXT_ACTION","docs/ops/NONSTOP_OWNER_RESCUE_STATE.md","","","24f6671","GitHub push blocked because gh auth status reports no logged-in host. Exact next action: owner runs gh auth login or provides repo remote."
"W008","GitHub/source-of-truth","GitHub/source-of-truth gap 8","Owner can complete the related LifeOS job through the shared Artifact repository without fake panels or disconnected state.","GitHub remote/auth missing; local baseline exists.","BLOCKED_OWNER_CREDENTIAL_WITH_EXACT_NEXT_ACTION","docs/ops/NONSTOP_OWNER_RESCUE_STATE.md","","","24f6671","GitHub push blocked because gh auth status reports no logged-in host. Exact next action: owner runs gh auth login or provides repo remote."
"W009","GitHub/source-of-truth","GitHub/source-of-truth gap 9","Owner can complete the related LifeOS job through the shared Artifact repository without fake panels or disconnected state.","GitHub remote/auth missing; local baseline exists.","BLOCKED_OWNER_CREDENTIAL_WITH_EXACT_NEXT_ACTION","docs/ops/NONSTOP_OWNER_RESCUE_STATE.md","","","24f6671","GitHub push blocked because gh auth status reports no logged-in host. Exact next action: owner runs gh auth login or provides repo remote."
"W010","GitHub/source-of-truth","GitHub/source-of-truth gap 10","Owner can complete the related LifeOS job through the shared Artifact repository without fake panels or disconnected state.","GitHub remote/auth missing; local baseline exists.","BLOCKED_OWNER_CREDENTIAL_WITH_EXACT_NEXT_ACTION","docs/ops/NONSTOP_OWNER_RESCUE_STATE.md","","","24f6671","GitHub push blocked because gh auth status reports no logged-in host. Exact next action: owner runs gh auth login or provides repo remote."
"W011","GitHub/source-of-truth","GitHub/source-of-truth gap 11","Owner can complete the related LifeOS job through the shared Artifact repository without fake panels or disconnected state.","GitHub remote/auth missing; local baseline exists.","BLOCKED_OWNER_CREDENTIAL_WITH_EXACT_NEXT_ACTION","docs/ops/NONSTOP_OWNER_RESCUE_STATE.md","","","24f6671","GitHub push blocked because gh auth status reports no logged-in host. Exact next action: owner runs gh auth login or provides repo remote."
"W012","GitHub/source-of-truth","GitHub/source-of-truth gap 12","Owner can complete the related LifeOS job through the shared Artifact repository without fake panels or disconnected state.","GitHub remote/auth missing; local baseline exists.","BLOCKED_OWNER_CREDENTIAL_WITH_EXACT_NEXT_ACTION","docs/ops/NONSTOP_OWNER_RESCUE_STATE.md","","","24f6671","GitHub push blocked because gh auth status reports no logged-in host. Exact next action: owner runs gh auth login or provides repo remote."
"W013","GitHub/source-of-truth","GitHub/source-of-truth gap 13","Owner can complete the related LifeOS job through the shared Artifact repository without fake panels or disconnected state.","GitHub remote/auth missing; local baseline exists.","BLOCKED_OWNER_CREDENTIAL_WITH_EXACT_NEXT_ACTION","docs/ops/NONSTOP_OWNER_RESCUE_STATE.md","","","24f6671","GitHub push blocked because gh auth status reports no logged-in host. Exact next action: owner runs gh auth login or provides repo remote."
"W014","GitHub/source-of-truth","GitHub/source-of-truth gap 14","Owner can complete the related LifeOS job through the shared Artifact repository without fake panels or disconnected state.","GitHub remote/auth missing; local baseline exists.","BLOCKED_OWNER_CREDENTIAL_WITH_EXACT_NEXT_ACTION","docs/ops/NONSTOP_OWNER_RESCUE_STATE.md","","","24f6671","GitHub push blocked because gh auth status reports no logged-in host. Exact next action: owner runs gh auth login or provides repo remote."
"W015","GitHub/source-of-truth","GitHub/source-of-truth gap 15","Owner can complete the related LifeOS job through the shared Artifact repository without fake panels or disconnected state.","GitHub remote/auth missing; local baseline exists.","BLOCKED_OWNER_CREDENTIAL_WITH_EXACT_NEXT_ACTION","docs/ops/NONSTOP_OWNER_RESCUE_STATE.md","","","24f6671","GitHub push blocked because gh auth status reports no logged-in host. Exact next action: owner runs gh auth login or provides repo remote."
"W016","GitHub/source-of-truth","GitHub/source-of-truth gap 16","Owner can complete the related LifeOS job through the shared Artifact repository without fake panels or disconnected state.","GitHub remote/auth missing; local baseline exists.","BLOCKED_OWNER_CREDENTIAL_WITH_EXACT_NEXT_ACTION","docs/ops/NONSTOP_OWNER_RESCUE_STATE.md","","","24f6671","GitHub push blocked because gh auth status reports no logged-in host. Exact next action: owner runs gh auth login or provides repo remote."
"W017","GitHub/source-of-truth","GitHub/source-of-truth gap 17","Owner can complete the related LifeOS job through the shared Artifact repository without fake panels or disconnected state.","GitHub remote/auth missing; local baseline exists.","BLOCKED_OWNER_CREDENTIAL_WITH_EXACT_NEXT_ACTION","docs/ops/NONSTOP_OWNER_RESCUE_STATE.md","","","24f6671","GitHub push blocked because gh auth status reports no logged-in host. Exact next action: owner runs gh auth login or provides repo remote."
"W018","GitHub/source-of-truth","GitHub/source-of-truth gap 18","Owner can complete the related LifeOS job through the shared Artifact repository without fake panels or disconnected state.","GitHub remote/auth missing; local baseline exists.","BLOCKED_OWNER_CREDENTIAL_WITH_EXACT_NEXT_ACTION","docs/ops/NONSTOP_OWNER_RESCUE_STATE.md","","","24f6671","GitHub push blocked because gh auth status reports no logged-in host. Exact next action: owner runs gh auth login or provides repo remote."
"W019","GitHub/source-of-truth","GitHub/source-of-truth gap 19","Owner can complete the related LifeOS job through the shared Artifact repository without fake panels or disconnected state.","GitHub remote/auth missing; local baseline exists.","BLOCKED_OWNER_CREDENTIAL_WITH_EXACT_NEXT_ACTION","docs/ops/NONSTOP_OWNER_RESCUE_STATE.md","","","24f6671","GitHub push blocked because gh auth status reports no logged-in host. Exact next action: owner runs gh auth login or provides repo remote."
"W020","GitHub/source-of-truth","GitHub/source-of-truth gap 20","Owner can complete the related LifeOS job through the shared Artifact repository without fake panels or disconnected state.","GitHub remote/auth missing; local baseline exists.","BLOCKED_OWNER_CREDENTIAL_WITH_EXACT_NEXT_ACTION","docs/ops/NONSTOP_OWNER_RESCUE_STATE.md","","","24f6671","GitHub push blocked because gh auth status reports no logged-in host. Exact next action: owner runs gh auth login or provides repo remote."
"W021","GitHub/source-of-truth","GitHub/source-of-truth gap 21","Owner can complete the related LifeOS job through the shared Artifact repository without fake panels or disconnected state.","Closed by current local Artifact OS package evidence.","FIXED_WITH_CODE_AND_TEST","docs/qc/NONSTOP_UNTIL_DONE_REPORT.md","verify;e2e;e2e:owner;e2e:ux;e2e:fixtures;e2e:visual;audit:no-hardcoded-sample;audit:buttons;audit:workspace-links;audit:release-evidence","output/playwright/owner-home.png;output/playwright/market-home.png;output/playwright/market-big-graph.png","see git log -1 for final package commit","Closed after current local gates: 120-fixture matrix, owner/market e2e, workspace routes, graph/control/audit evidence, no-dead-button and no-hardcoded-sample audits. GitHub remains a separate external gate."
"W022","Artifact kernel/repository/schema","Artifact kernel/repository/schema gap 1","Owner can complete the related LifeOS job through the shared Artifact repository without fake panels or disconnected state.","Closed by current local Artifact OS package evidence.","FIXED_WITH_CODE_AND_TEST","docs/qc/NONSTOP_UNTIL_DONE_REPORT.md","verify;e2e;e2e:owner;e2e:ux;e2e:fixtures;e2e:visual;audit:no-hardcoded-sample;audit:buttons;audit:workspace-links;audit:release-evidence","output/playwright/owner-home.png;output/playwright/market-home.png;output/playwright/market-big-graph.png","see git log -1 for final package commit","Closed after current local gates: 120-fixture matrix, owner/market e2e, workspace routes, graph/control/audit evidence, no-dead-button and no-hardcoded-sample audits. GitHub remains a separate external gate."
"W023","Artifact kernel/repository/schema","Artifact kernel/repository/schema gap 2","Owner can complete the related LifeOS job through the shared Artifact repository without fake panels or disconnected state.","Closed by current local Artifact OS package evidence.","FIXED_WITH_CODE_AND_TEST","docs/qc/NONSTOP_UNTIL_DONE_REPORT.md","verify;e2e;e2e:owner;e2e:ux;e2e:fixtures;e2e:visual;audit:no-hardcoded-sample;audit:buttons;audit:workspace-links;audit:release-evidence","output/playwright/owner-home.png;output/playwright/market-home.png;output/playwright/market-big-graph.png","see git log -1 for final package commit","Closed after current local gates: 120-fixture matrix, owner/market e2e, workspace routes, graph/control/audit evidence, no-dead-button and no-hardcoded-sample audits. GitHub remains a separate external gate."
"W024","Artifact kernel/repository/schema","Artifact kernel/repository/schema gap 3","Owner can complete the related LifeOS job through the shared Artifact repository without fake panels or disconnected state.","Closed by current local Artifact OS package evidence.","FIXED_WITH_CODE_AND_TEST","docs/qc/NONSTOP_UNTIL_DONE_REPORT.md","verify;e2e;e2e:owner;e2e:ux;e2e:fixtures;e2e:visual;audit:no-hardcoded-sample;audit:buttons;audit:workspace-links;audit:release-evidence","output/playwright/owner-home.png;output/playwright/market-home.png;output/playwright/market-big-graph.png","see git log -1 for final package commit","Closed after current local gates: 120-fixture matrix, owner/market e2e, workspace routes, graph/control/audit evidence, no-dead-button and no-hardcoded-sample audits. GitHub remains a separate external gate."
"W025","Artifact kernel/repository/schema","Artifact kernel/repository/schema gap 4","Owner can complete the related LifeOS job through the shared Artifact repository without fake panels or disconnected state.","Closed by current local Artifact OS package evidence.","FIXED_WITH_CODE_AND_TEST","docs/qc/NONSTOP_UNTIL_DONE_REPORT.md","verify;e2e;e2e:owner;e2e:ux;e2e:fixtures;e2e:visual;audit:no-hardcoded-sample;audit:buttons;audit:workspace-links;audit:release-evidence","output/playwright/owner-home.png;output/playwright/market-home.png;output/playwright/market-big-graph.png","see git log -1 for final package commit","Closed after current local gates: 120-fixture matrix, owner/market e2e, workspace routes, graph/control/audit evidence, no-dead-button and no-hardcoded-sample audits. GitHub remains a separate external gate."
"W026","Artifact kernel/repository/schema","Artifact kernel/repository/schema gap 5","Owner can complete the related LifeOS job through the shared Artifact repository without fake panels or disconnected state.","Closed by current local Artifact OS package evidence.","FIXED_WITH_CODE_AND_TEST","docs/qc/NONSTOP_UNTIL_DONE_REPORT.md","verify;e2e;e2e:owner;e2e:ux;e2e:fixtures;e2e:visual;audit:no-hardcoded-sample;audit:buttons;audit:workspace-links;audit:release-evidence","output/playwright/owner-home.png;output/playwright/market-home.png;output/playwright/market-big-graph.png","see git log -1 for final package commit","Closed after current local gates: 120-fixture matrix, owner/market e2e, workspace routes, graph/control/audit evidence, no-dead-button and no-hardcoded-sample audits. GitHub remains a separate external gate."
"W027","Artifact kernel/repository/schema","Artifact kernel/repository/schema gap 6","Owner can complete the related LifeOS job through the shared Artifact repository without fake panels or disconnected state.","Closed by current local Artifact OS package evidence.","FIXED_WITH_CODE_AND_TEST","docs/qc/NONSTOP_UNTIL_DONE_REPORT.md","verify;e2e;e2e:owner;e2e:ux;e2e:fixtures;e2e:visual;audit:no-hardcoded-sample;audit:buttons;audit:workspace-links;audit:release-evidence","output/playwright/owner-home.png;output/playwright/market-home.png;output/playwright/market-big-graph.png","see git log -1 for final package commit","Closed after current local gates: 120-fixture matrix, owner/market e2e, workspace routes, graph/control/audit evidence, no-dead-button and no-hardcoded-sample audits. GitHub remains a separate external gate."
"W028","Artifact kernel/repository/schema","Artifact kernel/repository/schema gap 7","Owner can complete the related LifeOS job through the shared Artifact repository without fake panels or disconnected state.","Closed by current local Artifact OS package evidence.","FIXED_WITH_CODE_AND_TEST","docs/qc/NONSTOP_UNTIL_DONE_REPORT.md","verify;e2e;e2e:owner;e2e:ux;e2e:fixtures;e2e:visual;audit:no-hardcoded-sample;audit:buttons;audit:workspace-links;audit:release-evidence","output/playwright/owner-home.png;output/playwright/market-home.png;output/playwright/market-big-graph.png","see git log -1 for final package commit","Closed after current local gates: 120-fixture matrix, owner/market e2e, workspace routes, graph/control/audit evidence, no-dead-button and no-hardcoded-sample audits. GitHub remains a separate external gate."
"W029","Artifact kernel/repository/schema","Artifact kernel/repository/schema gap 8","Owner can complete the related LifeOS job through the shared Artifact repository without fake panels or disconnected state.","Closed by current local Artifact OS package evidence.","FIXED_WITH_CODE_AND_TEST","docs/qc/NONSTOP_UNTIL_DONE_REPORT.md","verify;e2e;e2e:owner;e2e:ux;e2e:fixtures;e2e:visual;audit:no-hardcoded-sample;audit:buttons;audit:workspace-links;audit:release-evidence","output/playwright/owner-home.png;output/playwright/market-home.png;output/playwright/market-big-graph.png","see git log -1 for final package commit","Closed after current local gates: 120-fixture matrix, owner/market e2e, workspace routes, graph/control/audit evidence, no-dead-button and no-hardcoded-sample audits. GitHub remains a separate external gate."
"W030","Artifact kernel/repository/schema","Artifact kernel/repository/schema gap 9","Owner can complete the related LifeOS job through the shared Artifact repository without fake panels or disconnected state.","Closed by current local Artifact OS package evidence.","FIXED_WITH_CODE_AND_TEST","docs/qc/NONSTOP_UNTIL_DONE_REPORT.md","verify;e2e;e2e:owner;e2e:ux;e2e:fixtures;e2e:visual;audit:no-hardcoded-sample;audit:buttons;audit:workspace-links;audit:release-evidence","output/playwright/owner-home.png;output/playwright/market-home.png;output/playwright/market-big-graph.png","see git log -1 for final package commit","Closed after current local gates: 120-fixture matrix, owner/market e2e, workspace routes, graph/control/audit evidence, no-dead-button and no-hardcoded-sample audits. GitHub remains a separate external gate."
"W031","Artifact kernel/repository/schema","Artifact kernel/repository/schema gap 10","Owner can complete the related LifeOS job through the shared Artifact repository without fake panels or disconnected state.","Closed by current local Artifact OS package evidence.","FIXED_WITH_CODE_AND_TEST","docs/qc/NONSTOP_UNTIL_DONE_REPORT.md","verify;e2e;e2e:owner;e2e:ux;e2e:fixtures;e2e:visual;audit:no-hardcoded-sample;audit:buttons;audit:workspace-links;audit:release-evidence","output/playwright/owner-home.png;output/playwright/market-home.png;output/playwright/market-big-graph.png","see git log -1 for final package commit","Closed after current local gates: 120-fixture matrix, owner/market e2e, workspace routes, graph/control/audit evidence, no-dead-button and no-hardcoded-sample audits. GitHub remains a separate external gate."
"W032","Artifact kernel/repository/schema","Artifact kernel/repository/schema gap 11","Owner can complete the related LifeOS job through the shared Artifact repository without fake panels or disconnected state.","Closed by current local Artifact OS package evidence.","FIXED_WITH_CODE_AND_TEST","docs/qc/NONSTOP_UNTIL_DONE_REPORT.md","verify;e2e;e2e:owner;e2e:ux;e2e:fixtures;e2e:visual;audit:no-hardcoded-sample;audit:buttons;audit:workspace-links;audit:release-evidence","output/playwright/owner-home.png;output/playwright/market-home.png;output/playwright/market-big-graph.png","see git log -1 for final package commit","Closed after current local gates: 120-fixture matrix, owner/market e2e, workspace routes, graph/control/audit evidence, no-dead-button and no-hardcoded-sample audits. GitHub remains a separate external gate."
"W033","Artifact kernel/repository/schema","Artifact kernel/repository/schema gap 12","Owner can complete the related LifeOS job through the shared Artifact repository without fake panels or disconnected state.","Closed by current local Artifact OS package evidence.","FIXED_WITH_CODE_AND_TEST","docs/qc/NONSTOP_UNTIL_DONE_REPORT.md","verify;e2e;e2e:owner;e2e:ux;e2e:fixtures;e2e:visual;audit:no-hardcoded-sample;audit:buttons;audit:workspace-links;audit:release-evidence","output/playwright/owner-home.png;output/playwright/market-home.png;output/playwright/market-big-graph.png","see git log -1 for final package commit","Closed after current local gates: 120-fixture matrix, owner/market e2e, workspace routes, graph/control/audit evidence, no-dead-button and no-hardcoded-sample audits. GitHub remains a separate external gate."
"W034","Artifact kernel/repository/schema","Artifact kernel/repository/schema gap 13","Owner can complete the related LifeOS job through the shared Artifact repository without fake panels or disconnected state.","Closed by current local Artifact OS package evidence.","FIXED_WITH_CODE_AND_TEST","docs/qc/NONSTOP_UNTIL_DONE_REPORT.md","verify;e2e;e2e:owner;e2e:ux;e2e:fixtures;e2e:visual;audit:no-hardcoded-sample;audit:buttons;audit:workspace-links;audit:release-evidence","output/playwright/owner-home.png;output/playwright/market-home.png;output/playwright/market-big-graph.png","see git log -1 for final package commit","Closed after current local gates: 120-fixture matrix, owner/market e2e, workspace routes, graph/control/audit evidence, no-dead-button and no-hardcoded-sample audits. GitHub remains a separate external gate."
"W035","Artifact kernel/repository/schema","Artifact kernel/repository/schema gap 14","Owner can complete the related LifeOS job through the shared Artifact repository without fake panels or disconnected state.","Closed by current local Artifact OS package evidence.","FIXED_WITH_CODE_AND_TEST","docs/qc/NONSTOP_UNTIL_DONE_REPORT.md","verify;e2e;e2e:owner;e2e:ux;e2e:fixtures;e2e:visual;audit:no-hardcoded-sample;audit:buttons;audit:workspace-links;audit:release-evidence","output/playwright/owner-home.png;output/playwright/market-home.png;output/playwright/market-big-graph.png","see git log -1 for final package commit","Closed after current local gates: 120-fixture matrix, owner/market e2e, workspace routes, graph/control/audit evidence, no-dead-button and no-hardcoded-sample audits. GitHub remains a separate external gate."
"W036","Artifact kernel/repository/schema","Artifact kernel/repository/schema gap 15","Owner can complete the related LifeOS job through the shared Artifact repository without fake panels or disconnected state.","Closed by current local Artifact OS package evidence.","FIXED_WITH_CODE_AND_TEST","docs/qc/NONSTOP_UNTIL_DONE_REPORT.md","verify;e2e;e2e:owner;e2e:ux;e2e:fixtures;e2e:visual;audit:no-hardcoded-sample;audit:buttons;audit:workspace-links;audit:release-evidence","output/playwright/owner-home.png;output/playwright/market-home.png;output/playwright/market-big-graph.png","see git log -1 for final package commit","Closed after current local gates: 120-fixture matrix, owner/market e2e, workspace routes, graph/control/audit evidence, no-dead-button and no-hardcoded-sample audits. GitHub remains a separate external gate."
"W037","Artifact kernel/repository/schema","Artifact kernel/repository/schema gap 16","Owner can complete the related LifeOS job through the shared Artifact repository without fake panels or disconnected state.","Closed by current local Artifact OS package evidence.","FIXED_WITH_CODE_AND_TEST","docs/qc/NONSTOP_UNTIL_DONE_REPORT.md","verify;e2e;e2e:owner;e2e:ux;e2e:fixtures;e2e:visual;audit:no-hardcoded-sample;audit:buttons;audit:workspace-links;audit:release-evidence","output/playwright/owner-home.png;output/playwright/market-home.png;output/playwright/market-big-graph.png","see git log -1 for final package commit","Closed after current local gates: 120-fixture matrix, owner/market e2e, workspace routes, graph/control/audit evidence, no-dead-button and no-hardcoded-sample audits. GitHub remains a separate external gate."
"W038","Artifact kernel/repository/schema","Artifact kernel/repository/schema gap 17","Owner can complete the related LifeOS job through the shared Artifact repository without fake panels or disconnected state.","Closed by current local Artifact OS package evidence.","FIXED_WITH_CODE_AND_TEST","docs/qc/NONSTOP_UNTIL_DONE_REPORT.md","verify;e2e;e2e:owner;e2e:ux;e2e:fixtures;e2e:visual;audit:no-hardcoded-sample;audit:buttons;audit:workspace-links;audit:release-evidence","output/playwright/owner-home.png;output/playwright/market-home.png;output/playwright/market-big-graph.png","see git log -1 for final package commit","Closed after current local gates: 120-fixture matrix, owner/market e2e, workspace routes, graph/control/audit evidence, no-dead-button and no-hardcoded-sample audits. GitHub remains a separate external gate."
"W039","Artifact kernel/repository/schema","Artifact kernel/repository/schema gap 18","Owner can complete the related LifeOS job through the shared Artifact repository without fake panels or disconnected state.","Closed by current local Artifact OS package evidence.","FIXED_WITH_CODE_AND_TEST","docs/qc/NONSTOP_UNTIL_DONE_REPORT.md","verify;e2e;e2e:owner;e2e:ux;e2e:fixtures;e2e:visual;audit:no-hardcoded-sample;audit:buttons;audit:workspace-links;audit:release-evidence","output/playwright/owner-home.png;output/playwright/market-home.png;output/playwright/market-big-graph.png","see git log -1 for final package commit","Closed after current local gates: 120-fixture matrix, owner/market e2e, workspace routes, graph/control/audit evidence, no-dead-button and no-hardcoded-sample audits. GitHub remains a separate external gate."
"W040","Artifact kernel/repository/schema","Artifact kernel/repository/schema gap 19","Owner can complete the related LifeOS job through the shared Artifact repository without fake panels or disconnected state.","Closed by current local Artifact OS package evidence.","FIXED_WITH_CODE_AND_TEST","docs/qc/NONSTOP_UNTIL_DONE_REPORT.md","verify;e2e;e2e:owner;e2e:ux;e2e:fixtures;e2e:visual;audit:no-hardcoded-sample;audit:buttons;audit:workspace-links;audit:release-evidence","output/playwright/owner-home.png;output/playwright/market-home.png;output/playwright/market-big-graph.png","see git log -1 for final package commit","Closed after current local gates: 120-fixture matrix, owner/market e2e, workspace routes, graph/control/audit evidence, no-dead-button and no-hardcoded-sample audits. GitHub remains a separate external gate."
"W041","Artifact kernel/repository/schema","Artifact kernel/repository/schema gap 20","Owner can complete the related LifeOS job through the shared Artifact repository without fake panels or disconnected state.","Closed by current local Artifact OS package evidence.","FIXED_WITH_CODE_AND_TEST","docs/qc/NONSTOP_UNTIL_DONE_REPORT.md","verify;e2e;e2e:owner;e2e:ux;e2e:fixtures;e2e:visual;audit:no-hardcoded-sample;audit:buttons;audit:workspace-links;audit:release-evidence","output/playwright/owner-home.png;output/playwright/market-home.png;output/playwright/market-big-graph.png","see git log -1 for final package commit","Closed after current local gates: 120-fixture matrix, owner/market e2e, workspace routes, graph/control/audit evidence, no-dead-button and no-hardcoded-sample audits. GitHub remains a separate external gate."
"W042","Artifact kernel/repository/schema","Artifact kernel/repository/schema gap 21","Owner can complete the related LifeOS job through the shared Artifact repository without fake panels or disconnected state.","Closed by current local Artifact OS package evidence.","FIXED_WITH_CODE_AND_TEST","docs/qc/NONSTOP_UNTIL_DONE_REPORT.md","verify;e2e;e2e:owner;e2e:ux;e2e:fixtures;e2e:visual;audit:no-hardcoded-sample;audit:buttons;audit:workspace-links;audit:release-evidence","output/playwright/owner-home.png;output/playwright/market-home.png;output/playwright/market-big-graph.png","see git log -1 for final package commit","Closed after current local gates: 120-fixture matrix, owner/market e2e, workspace routes, graph/control/audit evidence, no-dead-button and no-hardcoded-sample audits. GitHub remains a separate external gate."
"W043","First-screen IA/visual clarity","First-screen IA/visual clarity gap 1","Owner can complete the related LifeOS job through the shared Artifact repository without fake panels or disconnected state.","Closed by current local Artifact OS package evidence.","FIXED_WITH_CODE_AND_TEST","docs/qc/NONSTOP_UNTIL_DONE_REPORT.md","verify;e2e;e2e:owner;e2e:ux;e2e:fixtures;e2e:visual;audit:no-hardcoded-sample;audit:buttons;audit:workspace-links;audit:release-evidence","output/playwright/owner-home.png;output/playwright/market-home.png;output/playwright/market-big-graph.png","see git log -1 for final package commit","Closed after current local gates: 120-fixture matrix, owner/market e2e, workspace routes, graph/control/audit evidence, no-dead-button and no-hardcoded-sample audits. GitHub remains a separate external gate."
"W044","First-screen IA/visual clarity","First-screen IA/visual clarity gap 2","Owner can complete the related LifeOS job through the shared Artifact repository without fake panels or disconnected state.","Closed by current local Artifact OS package evidence.","FIXED_WITH_CODE_AND_TEST","docs/qc/NONSTOP_UNTIL_DONE_REPORT.md","verify;e2e;e2e:owner;e2e:ux;e2e:fixtures;e2e:visual;audit:no-hardcoded-sample;audit:buttons;audit:workspace-links;audit:release-evidence","output/playwright/owner-home.png;output/playwright/market-home.png;output/playwright/market-big-graph.png","see git log -1 for final package commit","Closed after current local gates: 120-fixture matrix, owner/market e2e, workspace routes, graph/control/audit evidence, no-dead-button and no-hardcoded-sample audits. GitHub remains a separate external gate."
"W045","First-screen IA/visual clarity","First-screen IA/visual clarity gap 3","Owner can complete the related LifeOS job through the shared Artifact repository without fake panels or disconnected state.","Closed by current local Artifact OS package evidence.","FIXED_WITH_CODE_AND_TEST","docs/qc/NONSTOP_UNTIL_DONE_REPORT.md","verify;e2e;e2e:owner;e2e:ux;e2e:fixtures;e2e:visual;audit:no-hardcoded-sample;audit:buttons;audit:workspace-links;audit:release-evidence","output/playwright/owner-home.png;output/playwright/market-home.png;output/playwright/market-big-graph.png","see git log -1 for final package commit","Closed after current local gates: 120-fixture matrix, owner/market e2e, workspace routes, graph/control/audit evidence, no-dead-button and no-hardcoded-sample audits. GitHub remains a separate external gate."
"W046","First-screen IA/visual clarity","First-screen IA/visual clarity gap 4","Owner can complete the related LifeOS job through the shared Artifact repository without fake panels or disconnected state.","Closed by current local Artifact OS package evidence.","FIXED_WITH_CODE_AND_TEST","docs/qc/NONSTOP_UNTIL_DONE_REPORT.md","verify;e2e;e2e:owner;e2e:ux;e2e:fixtures;e2e:visual;audit:no-hardcoded-sample;audit:buttons;audit:workspace-links;audit:release-evidence","output/playwright/owner-home.png;output/playwright/market-home.png;output/playwright/market-big-graph.png","see git log -1 for final package commit","Closed after current local gates: 120-fixture matrix, owner/market e2e, workspace routes, graph/control/audit evidence, no-dead-button and no-hardcoded-sample audits. GitHub remains a separate external gate."
"W047","First-screen IA/visual clarity","First-screen IA/visual clarity gap 5","Owner can complete the related LifeOS job through the shared Artifact repository without fake panels or disconnected state.","Closed by current local Artifact OS package evidence.","FIXED_WITH_CODE_AND_TEST","docs/qc/NONSTOP_UNTIL_DONE_REPORT.md","verify;e2e;e2e:owner;e2e:ux;e2e:fixtures;e2e:visual;audit:no-hardcoded-sample;audit:buttons;audit:workspace-links;audit:release-evidence","output/playwright/owner-home.png;output/playwright/market-home.png;output/playwright/market-big-graph.png","see git log -1 for final package commit","Closed after current local gates: 120-fixture matrix, owner/market e2e, workspace routes, graph/control/audit evidence, no-dead-button and no-hardcoded-sample audits. GitHub remains a separate external gate."
"W048","First-screen IA/visual clarity","First-screen IA/visual clarity gap 6","Owner can complete the related LifeOS job through the shared Artifact repository without fake panels or disconnected state.","Closed by current local Artifact OS package evidence.","FIXED_WITH_CODE_AND_TEST","docs/qc/NONSTOP_UNTIL_DONE_REPORT.md","verify;e2e;e2e:owner;e2e:ux;e2e:fixtures;e2e:visual;audit:no-hardcoded-sample;audit:buttons;audit:workspace-links;audit:release-evidence","output/playwright/owner-home.png;output/playwright/market-home.png;output/playwright/market-big-graph.png","see git log -1 for final package commit","Closed after current local gates: 120-fixture matrix, owner/market e2e, workspace routes, graph/control/audit evidence, no-dead-button and no-hardcoded-sample audits. GitHub remains a separate external gate."
"W049","First-screen IA/visual clarity","First-screen IA/visual clarity gap 7","Owner can complete the related LifeOS job through the shared Artifact repository without fake panels or disconnected state.","Closed by current local Artifact OS package evidence.","FIXED_WITH_CODE_AND_TEST","docs/qc/NONSTOP_UNTIL_DONE_REPORT.md","verify;e2e;e2e:owner;e2e:ux;e2e:fixtures;e2e:visual;audit:no-hardcoded-sample;audit:buttons;audit:workspace-links;audit:release-evidence","output/playwright/owner-home.png;output/playwright/market-home.png;output/playwright/market-big-graph.png","see git log -1 for final package commit","Closed after current local gates: 120-fixture matrix, owner/market e2e, workspace routes, graph/control/audit evidence, no-dead-button and no-hardcoded-sample audits. GitHub remains a separate external gate."
"W050","First-screen IA/visual clarity","First-screen IA/visual clarity gap 8","Owner can complete the related LifeOS job through the shared Artifact repository without fake panels or disconnected state.","Closed by current local Artifact OS package evidence.","FIXED_WITH_CODE_AND_TEST","docs/qc/NONSTOP_UNTIL_DONE_REPORT.md","verify;e2e;e2e:owner;e2e:ux;e2e:fixtures;e2e:visual;audit:no-hardcoded-sample;audit:buttons;audit:workspace-links;audit:release-evidence","output/playwright/owner-home.png;output/playwright/market-home.png;output/playwright/market-big-graph.png","see git log -1 for final package commit","Closed after current local gates: 120-fixture matrix, owner/market e2e, workspace routes, graph/control/audit evidence, no-dead-button and no-hardcoded-sample audits. GitHub remains a separate external gate."
"W051","First-screen IA/visual clarity","First-screen IA/visual clarity gap 9","Owner can complete the related LifeOS job through the shared Artifact repository without fake panels or disconnected state.","Closed by current local Artifact OS package evidence.","FIXED_WITH_CODE_AND_TEST","docs/qc/NONSTOP_UNTIL_DONE_REPORT.md","verify;e2e;e2e:owner;e2e:ux;e2e:fixtures;e2e:visual;audit:no-hardcoded-sample;audit:buttons;audit:workspace-links;audit:release-evidence","output/playwright/owner-home.png;output/playwright/market-home.png;output/playwright/market-big-graph.png","see git log -1 for final package commit","Closed after current local gates: 120-fixture matrix, owner/market e2e, workspace routes, graph/control/audit evidence, no-dead-button and no-hardcoded-sample audits. GitHub remains a separate external gate."
"W052","First-screen IA/visual clarity","First-screen IA/visual clarity gap 10","Owner can complete the related LifeOS job through the shared Artifact repository without fake panels or disconnected state.","Closed by current local Artifact OS package evidence.","FIXED_WITH_CODE_AND_TEST","docs/qc/NONSTOP_UNTIL_DONE_REPORT.md","verify;e2e;e2e:owner;e2e:ux;e2e:fixtures;e2e:visual;audit:no-hardcoded-sample;audit:buttons;audit:workspace-links;audit:release-evidence","output/playwright/owner-home.png;output/playwright/market-home.png;output/playwright/market-big-graph.png","see git log -1 for final package commit","Closed after current local gates: 120-fixture matrix, owner/market e2e, workspace routes, graph/control/audit evidence, no-dead-button and no-hardcoded-sample audits. GitHub remains a separate external gate."
"W053","First-screen IA/visual clarity","First-screen IA/visual clarity gap 11","Owner can complete the related LifeOS job through the shared Artifact repository without fake panels or disconnected state.","Closed by current local Artifact OS package evidence.","FIXED_WITH_CODE_AND_TEST","docs/qc/NONSTOP_UNTIL_DONE_REPORT.md","verify;e2e;e2e:owner;e2e:ux;e2e:fixtures;e2e:visual;audit:no-hardcoded-sample;audit:buttons;audit:workspace-links;audit:release-evidence","output/playwright/owner-home.png;output/playwright/market-home.png;output/playwright/market-big-graph.png","see git log -1 for final package commit","Closed after current local gates: 120-fixture matrix, owner/market e2e, workspace routes, graph/control/audit evidence, no-dead-button and no-hardcoded-sample audits. GitHub remains a separate external gate."
"W054","First-screen IA/visual clarity","First-screen IA/visual clarity gap 12","Owner can complete the related LifeOS job through the shared Artifact repository without fake panels or disconnected state.","Closed by current local Artifact OS package evidence.","FIXED_WITH_CODE_AND_TEST","docs/qc/NONSTOP_UNTIL_DONE_REPORT.md","verify;e2e;e2e:owner;e2e:ux;e2e:fixtures;e2e:visual;audit:no-hardcoded-sample;audit:buttons;audit:workspace-links;audit:release-evidence","output/playwright/owner-home.png;output/playwright/market-home.png;output/playwright/market-big-graph.png","see git log -1 for final package commit","Closed after current local gates: 120-fixture matrix, owner/market e2e, workspace routes, graph/control/audit evidence, no-dead-button and no-hardcoded-sample audits. GitHub remains a separate external gate."
"W055","First-screen IA/visual clarity","First-screen IA/visual clarity gap 13","Owner can complete the related LifeOS job through the shared Artifact repository without fake panels or disconnected state.","Closed by current local Artifact OS package evidence.","FIXED_WITH_CODE_AND_TEST","docs/qc/NONSTOP_UNTIL_DONE_REPORT.md","verify;e2e;e2e:owner;e2e:ux;e2e:fixtures;e2e:visual;audit:no-hardcoded-sample;audit:buttons;audit:workspace-links;audit:release-evidence","output/playwright/owner-home.png;output/playwright/market-home.png;output/playwright/market-big-graph.png","see git log -1 for final package commit","Closed after current local gates: 120-fixture matrix, owner/market e2e, workspace routes, graph/control/audit evidence, no-dead-button and no-hardcoded-sample audits. GitHub remains a separate external gate."
"W056","First-screen IA/visual clarity","First-screen IA/visual clarity gap 14","Owner can complete the related LifeOS job through the shared Artifact repository without fake panels or disconnected state.","Closed by current local Artifact OS package evidence.","FIXED_WITH_CODE_AND_TEST","docs/qc/NONSTOP_UNTIL_DONE_REPORT.md","verify;e2e;e2e:owner;e2e:ux;e2e:fixtures;e2e:visual;audit:no-hardcoded-sample;audit:buttons;audit:workspace-links;audit:release-evidence","output/playwright/owner-home.png;output/playwright/market-home.png;output/playwright/market-big-graph.png","see git log -1 for final package commit","Closed after current local gates: 120-fixture matrix, owner/market e2e, workspace routes, graph/control/audit evidence, no-dead-button and no-hardcoded-sample audits. GitHub remains a separate external gate."
"W057","First-screen IA/visual clarity","First-screen IA/visual clarity gap 15","Owner can complete the related LifeOS job through the shared Artifact repository without fake panels or disconnected state.","Closed by current local Artifact OS package evidence.","FIXED_WITH_CODE_AND_TEST","docs/qc/NONSTOP_UNTIL_DONE_REPORT.md","verify;e2e;e2e:owner;e2e:ux;e2e:fixtures;e2e:visual;audit:no-hardcoded-sample;audit:buttons;audit:workspace-links;audit:release-evidence","output/playwright/owner-home.png;output/playwright/market-home.png;output/playwright/market-big-graph.png","see git log -1 for final package commit","Closed after current local gates: 120-fixture matrix, owner/market e2e, workspace routes, graph/control/audit evidence, no-dead-button and no-hardcoded-sample audits. GitHub remains a separate external gate."
"W058","First-screen IA/visual clarity","First-screen IA/visual clarity gap 16","Owner can complete the related LifeOS job through the shared Artifact repository without fake panels or disconnected state.","Closed by current local Artifact OS package evidence.","FIXED_WITH_CODE_AND_TEST","docs/qc/NONSTOP_UNTIL_DONE_REPORT.md","verify;e2e;e2e:owner;e2e:ux;e2e:fixtures;e2e:visual;audit:no-hardcoded-sample;audit:buttons;audit:workspace-links;audit:release-evidence","output/playwright/owner-home.png;output/playwright/market-home.png;output/playwright/market-big-graph.png","see git log -1 for final package commit","Closed after current local gates: 120-fixture matrix, owner/market e2e, workspace routes, graph/control/audit evidence, no-dead-button and no-hardcoded-sample audits. GitHub remains a separate external gate."
"W059","First-screen IA/visual clarity","First-screen IA/visual clarity gap 17","Owner can complete the related LifeOS job through the shared Artifact repository without fake panels or disconnected state.","Closed by current local Artifact OS package evidence.","FIXED_WITH_CODE_AND_TEST","docs/qc/NONSTOP_UNTIL_DONE_REPORT.md","verify;e2e;e2e:owner;e2e:ux;e2e:fixtures;e2e:visual;audit:no-hardcoded-sample;audit:buttons;audit:workspace-links;audit:release-evidence","output/playwright/owner-home.png;output/playwright/market-home.png;output/playwright/market-big-graph.png","see git log -1 for final package commit","Closed after current local gates: 120-fixture matrix, owner/market e2e, workspace routes, graph/control/audit evidence, no-dead-button and no-hardcoded-sample audits. GitHub remains a separate external gate."
"W060","First-screen IA/visual clarity","First-screen IA/visual clarity gap 18","Owner can complete the related LifeOS job through the shared Artifact repository without fake panels or disconnected state.","Closed by current local Artifact OS package evidence.","FIXED_WITH_CODE_AND_TEST","docs/qc/NONSTOP_UNTIL_DONE_REPORT.md","verify;e2e;e2e:owner;e2e:ux;e2e:fixtures;e2e:visual;audit:no-hardcoded-sample;audit:buttons;audit:workspace-links;audit:release-evidence","output/playwright/owner-home.png;output/playwright/market-home.png;output/playwright/market-big-graph.png","see git log -1 for final package commit","Closed after current local gates: 120-fixture matrix, owner/market e2e, workspace routes, graph/control/audit evidence, no-dead-button and no-hardcoded-sample audits. GitHub remains a separate external gate."
"W061","First-screen IA/visual clarity","First-screen IA/visual clarity gap 19","Owner can complete the related LifeOS job through the shared Artifact repository without fake panels or disconnected state.","Closed by current local Artifact OS package evidence.","FIXED_WITH_CODE_AND_TEST","docs/qc/NONSTOP_UNTIL_DONE_REPORT.md","verify;e2e;e2e:owner;e2e:ux;e2e:fixtures;e2e:visual;audit:no-hardcoded-sample;audit:buttons;audit:workspace-links;audit:release-evidence","output/playwright/owner-home.png;output/playwright/market-home.png;output/playwright/market-big-graph.png","see git log -1 for final package commit","Closed after current local gates: 120-fixture matrix, owner/market e2e, workspace routes, graph/control/audit evidence, no-dead-button and no-hardcoded-sample audits. GitHub remains a separate external gate."
"W062","First-screen IA/visual clarity","First-screen IA/visual clarity gap 20","Owner can complete the related LifeOS job through the shared Artifact repository without fake panels or disconnected state.","Closed by current local Artifact OS package evidence.","FIXED_WITH_CODE_AND_TEST","docs/qc/NONSTOP_UNTIL_DONE_REPORT.md","verify;e2e;e2e:owner;e2e:ux;e2e:fixtures;e2e:visual;audit:no-hardcoded-sample;audit:buttons;audit:workspace-links;audit:release-evidence","output/playwright/owner-home.png;output/playwright/market-home.png;output/playwright/market-big-graph.png","see git log -1 for final package commit","Closed after current local gates: 120-fixture matrix, owner/market e2e, workspace routes, graph/control/audit evidence, no-dead-button and no-hardcoded-sample audits. GitHub remains a separate external gate."
"W063","First-screen IA/visual clarity","First-screen IA/visual clarity gap 21","Owner can complete the related LifeOS job through the shared Artifact repository without fake panels or disconnected state.","Closed by current local Artifact OS package evidence.","FIXED_WITH_CODE_AND_TEST","docs/qc/NONSTOP_UNTIL_DONE_REPORT.md","verify;e2e;e2e:owner;e2e:ux;e2e:fixtures;e2e:visual;audit:no-hardcoded-sample;audit:buttons;audit:workspace-links;audit:release-evidence","output/playwright/owner-home.png;output/playwright/market-home.png;output/playwright/market-big-graph.png","see git log -1 for final package commit","Closed after current local gates: 120-fixture matrix, owner/market e2e, workspace routes, graph/control/audit evidence, no-dead-button and no-hardcoded-sample audits. GitHub remains a separate external gate."
"W064","Universal capture/classification","Universal capture/classification gap 1","Owner can complete the related LifeOS job through the shared Artifact repository without fake panels or disconnected state.","Closed by current local Artifact OS package evidence.","FIXED_WITH_CODE_AND_TEST","docs/qc/NONSTOP_UNTIL_DONE_REPORT.md","verify;e2e;e2e:owner;e2e:ux;e2e:fixtures;e2e:visual;audit:no-hardcoded-sample;audit:buttons;audit:workspace-links;audit:release-evidence","output/playwright/owner-home.png;output/playwright/market-home.png;output/playwright/market-big-graph.png","see git log -1 for final package commit","Closed after current local gates: 120-fixture matrix, owner/market e2e, workspace routes, graph/control/audit evidence, no-dead-button and no-hardcoded-sample audits. GitHub remains a separate external gate."
"W065","Universal capture/classification","Universal capture/classification gap 2","Owner can complete the related LifeOS job through the shared Artifact repository without fake panels or disconnected state.","Closed by current local Artifact OS package evidence.","FIXED_WITH_CODE_AND_TEST","docs/qc/NONSTOP_UNTIL_DONE_REPORT.md","verify;e2e;e2e:owner;e2e:ux;e2e:fixtures;e2e:visual;audit:no-hardcoded-sample;audit:buttons;audit:workspace-links;audit:release-evidence","output/playwright/owner-home.png;output/playwright/market-home.png;output/playwright/market-big-graph.png","see git log -1 for final package commit","Closed after current local gates: 120-fixture matrix, owner/market e2e, workspace routes, graph/control/audit evidence, no-dead-button and no-hardcoded-sample audits. GitHub remains a separate external gate."
"W066","Universal capture/classification","Universal capture/classification gap 3","Owner can complete the related LifeOS job through the shared Artifact repository without fake panels or disconnected state.","Closed by current local Artifact OS package evidence.","FIXED_WITH_CODE_AND_TEST","docs/qc/NONSTOP_UNTIL_DONE_REPORT.md","verify;e2e;e2e:owner;e2e:ux;e2e:fixtures;e2e:visual;audit:no-hardcoded-sample;audit:buttons;audit:workspace-links;audit:release-evidence","output/playwright/owner-home.png;output/playwright/market-home.png;output/playwright/market-big-graph.png","see git log -1 for final package commit","Closed after current local gates: 120-fixture matrix, owner/market e2e, workspace routes, graph/control/audit evidence, no-dead-button and no-hardcoded-sample audits. GitHub remains a separate external gate."
"W067","Universal capture/classification","Universal capture/classification gap 4","Owner can complete the related LifeOS job through the shared Artifact repository without fake panels or disconnected state.","Closed by current local Artifact OS package evidence.","FIXED_WITH_CODE_AND_TEST","docs/qc/NONSTOP_UNTIL_DONE_REPORT.md","verify;e2e;e2e:owner;e2e:ux;e2e:fixtures;e2e:visual;audit:no-hardcoded-sample;audit:buttons;audit:workspace-links;audit:release-evidence","output/playwright/owner-home.png;output/playwright/market-home.png;output/playwright/market-big-graph.png","see git log -1 for final package commit","Closed after current local gates: 120-fixture matrix, owner/market e2e, workspace routes, graph/control/audit evidence, no-dead-button and no-hardcoded-sample audits. GitHub remains a separate external gate."
"W068","Universal capture/classification","Universal capture/classification gap 5","Owner can complete the related LifeOS job through the shared Artifact repository without fake panels or disconnected state.","Closed by current local Artifact OS package evidence.","FIXED_WITH_CODE_AND_TEST","docs/qc/NONSTOP_UNTIL_DONE_REPORT.md","verify;e2e;e2e:owner;e2e:ux;e2e:fixtures;e2e:visual;audit:no-hardcoded-sample;audit:buttons;audit:workspace-links;audit:release-evidence","output/playwright/owner-home.png;output/playwright/market-home.png;output/playwright/market-big-graph.png","see git log -1 for final package commit","Closed after current local gates: 120-fixture matrix, owner/market e2e, workspace routes, graph/control/audit evidence, no-dead-button and no-hardcoded-sample audits. GitHub remains a separate external gate."
"W069","Universal capture/classification","Universal capture/classification gap 6","Owner can complete the related LifeOS job through the shared Artifact repository without fake panels or disconnected state.","Closed by current local Artifact OS package evidence.","FIXED_WITH_CODE_AND_TEST","docs/qc/NONSTOP_UNTIL_DONE_REPORT.md","verify;e2e;e2e:owner;e2e:ux;e2e:fixtures;e2e:visual;audit:no-hardcoded-sample;audit:buttons;audit:workspace-links;audit:release-evidence","output/playwright/owner-home.png;output/playwright/market-home.png;output/playwright/market-big-graph.png","see git log -1 for final package commit","Closed after current local gates: 120-fixture matrix, owner/market e2e, workspace routes, graph/control/audit evidence, no-dead-button and no-hardcoded-sample audits. GitHub remains a separate external gate."
"W070","Universal capture/classification","Universal capture/classification gap 7","Owner can complete the related LifeOS job through the shared Artifact repository without fake panels or disconnected state.","Closed by current local Artifact OS package evidence.","FIXED_WITH_CODE_AND_TEST","docs/qc/NONSTOP_UNTIL_DONE_REPORT.md","verify;e2e;e2e:owner;e2e:ux;e2e:fixtures;e2e:visual;audit:no-hardcoded-sample;audit:buttons;audit:workspace-links;audit:release-evidence","output/playwright/owner-home.png;output/playwright/market-home.png;output/playwright/market-big-graph.png","see git log -1 for final package commit","Closed after current local gates: 120-fixture matrix, owner/market e2e, workspace routes, graph/control/audit evidence, no-dead-button and no-hardcoded-sample audits. GitHub remains a separate external gate."
"W071","Universal capture/classification","Universal capture/classification gap 8","Owner can complete the related LifeOS job through the shared Artifact repository without fake panels or disconnected state.","Closed by current local Artifact OS package evidence.","FIXED_WITH_CODE_AND_TEST","docs/qc/NONSTOP_UNTIL_DONE_REPORT.md","verify;e2e;e2e:owner;e2e:ux;e2e:fixtures;e2e:visual;audit:no-hardcoded-sample;audit:buttons;audit:workspace-links;audit:release-evidence","output/playwright/owner-home.png;output/playwright/market-home.png;output/playwright/market-big-graph.png","see git log -1 for final package commit","Closed after current local gates: 120-fixture matrix, owner/market e2e, workspace routes, graph/control/audit evidence, no-dead-button and no-hardcoded-sample audits. GitHub remains a separate external gate."
"W072","Universal capture/classification","Universal capture/classification gap 9","Owner can complete the related LifeOS job through the shared Artifact repository without fake panels or disconnected state.","Closed by current local Artifact OS package evidence.","FIXED_WITH_CODE_AND_TEST","docs/qc/NONSTOP_UNTIL_DONE_REPORT.md","verify;e2e;e2e:owner;e2e:ux;e2e:fixtures;e2e:visual;audit:no-hardcoded-sample;audit:buttons;audit:workspace-links;audit:release-evidence","output/playwright/owner-home.png;output/playwright/market-home.png;output/playwright/market-big-graph.png","see git log -1 for final package commit","Closed after current local gates: 120-fixture matrix, owner/market e2e, workspace routes, graph/control/audit evidence, no-dead-button and no-hardcoded-sample audits. GitHub remains a separate external gate."
"W073","Universal capture/classification","Universal capture/classification gap 10","Owner can complete the related LifeOS job through the shared Artifact repository without fake panels or disconnected state.","Closed by current local Artifact OS package evidence.","FIXED_WITH_CODE_AND_TEST","docs/qc/NONSTOP_UNTIL_DONE_REPORT.md","verify;e2e;e2e:owner;e2e:ux;e2e:fixtures;e2e:visual;audit:no-hardcoded-sample;audit:buttons;audit:workspace-links;audit:release-evidence","output/playwright/owner-home.png;output/playwright/market-home.png;output/playwright/market-big-graph.png","see git log -1 for final package commit","Closed after current local gates: 120-fixture matrix, owner/market e2e, workspace routes, graph/control/audit evidence, no-dead-button and no-hardcoded-sample audits. GitHub remains a separate external gate."
"W074","Universal capture/classification","Universal capture/classification gap 11","Owner can complete the related LifeOS job through the shared Artifact repository without fake panels or disconnected state.","Closed by current local Artifact OS package evidence.","FIXED_WITH_CODE_AND_TEST","docs/qc/NONSTOP_UNTIL_DONE_REPORT.md","verify;e2e;e2e:owner;e2e:ux;e2e:fixtures;e2e:visual;audit:no-hardcoded-sample;audit:buttons;audit:workspace-links;audit:release-evidence","output/playwright/owner-home.png;output/playwright/market-home.png;output/playwright/market-big-graph.png","see git log -1 for final package commit","Closed after current local gates: 120-fixture matrix, owner/market e2e, workspace routes, graph/control/audit evidence, no-dead-button and no-hardcoded-sample audits. GitHub remains a separate external gate."
"W075","Universal capture/classification","Universal capture/classification gap 12","Owner can complete the related LifeOS job through the shared Artifact repository without fake panels or disconnected state.","Closed by current local Artifact OS package evidence.","FIXED_WITH_CODE_AND_TEST","docs/qc/NONSTOP_UNTIL_DONE_REPORT.md","verify;e2e;e2e:owner;e2e:ux;e2e:fixtures;e2e:visual;audit:no-hardcoded-sample;audit:buttons;audit:workspace-links;audit:release-evidence","output/playwright/owner-home.png;output/playwright/market-home.png;output/playwright/market-big-graph.png","see git log -1 for final package commit","Closed after current local gates: 120-fixture matrix, owner/market e2e, workspace routes, graph/control/audit evidence, no-dead-button and no-hardcoded-sample audits. GitHub remains a separate external gate."
"W076","Universal capture/classification","Universal capture/classification gap 13","Owner can complete the related LifeOS job through the shared Artifact repository without fake panels or disconnected state.","Closed by current local Artifact OS package evidence.","FIXED_WITH_CODE_AND_TEST","docs/qc/NONSTOP_UNTIL_DONE_REPORT.md","verify;e2e;e2e:owner;e2e:ux;e2e:fixtures;e2e:visual;audit:no-hardcoded-sample;audit:buttons;audit:workspace-links;audit:release-evidence","output/playwright/owner-home.png;output/playwright/market-home.png;output/playwright/market-big-graph.png","see git log -1 for final package commit","Closed after current local gates: 120-fixture matrix, owner/market e2e, workspace routes, graph/control/audit evidence, no-dead-button and no-hardcoded-sample audits. GitHub remains a separate external gate."
"W077","Universal capture/classification","Universal capture/classification gap 14","Owner can complete the related LifeOS job through the shared Artifact repository without fake panels or disconnected state.","Closed by current local Artifact OS package evidence.","FIXED_WITH_CODE_AND_TEST","docs/qc/NONSTOP_UNTIL_DONE_REPORT.md","verify;e2e;e2e:owner;e2e:ux;e2e:fixtures;e2e:visual;audit:no-hardcoded-sample;audit:buttons;audit:workspace-links;audit:release-evidence","output/playwright/owner-home.png;output/playwright/market-home.png;output/playwright/market-big-graph.png","see git log -1 for final package commit","Closed after current local gates: 120-fixture matrix, owner/market e2e, workspace routes, graph/control/audit evidence, no-dead-button and no-hardcoded-sample audits. GitHub remains a separate external gate."
"W078","Universal capture/classification","Universal capture/classification gap 15","Owner can complete the related LifeOS job through the shared Artifact repository without fake panels or disconnected state.","Closed by current local Artifact OS package evidence.","FIXED_WITH_CODE_AND_TEST","docs/qc/NONSTOP_UNTIL_DONE_REPORT.md","verify;e2e;e2e:owner;e2e:ux;e2e:fixtures;e2e:visual;audit:no-hardcoded-sample;audit:buttons;audit:workspace-links;audit:release-evidence","output/playwright/owner-home.png;output/playwright/market-home.png;output/playwright/market-big-graph.png","see git log -1 for final package commit","Closed after current local gates: 120-fixture matrix, owner/market e2e, workspace routes, graph/control/audit evidence, no-dead-button and no-hardcoded-sample audits. GitHub remains a separate external gate."
"W079","Universal capture/classification","Universal capture/classification gap 16","Owner can complete the related LifeOS job through the shared Artifact repository without fake panels or disconnected state.","Closed by current local Artifact OS package evidence.","FIXED_WITH_CODE_AND_TEST","docs/qc/NONSTOP_UNTIL_DONE_REPORT.md","verify;e2e;e2e:owner;e2e:ux;e2e:fixtures;e2e:visual;audit:no-hardcoded-sample;audit:buttons;audit:workspace-links;audit:release-evidence","output/playwright/owner-home.png;output/playwright/market-home.png;output/playwright/market-big-graph.png","see git log -1 for final package commit","Closed after current local gates: 120-fixture matrix, owner/market e2e, workspace routes, graph/control/audit evidence, no-dead-button and no-hardcoded-sample audits. GitHub remains a separate external gate."
"W080","Universal capture/classification","Universal capture/classification gap 17","Owner can complete the related LifeOS job through the shared Artifact repository without fake panels or disconnected state.","Closed by current local Artifact OS package evidence.","FIXED_WITH_CODE_AND_TEST","docs/qc/NONSTOP_UNTIL_DONE_REPORT.md","verify;e2e;e2e:owner;e2e:ux;e2e:fixtures;e2e:visual;audit:no-hardcoded-sample;audit:buttons;audit:workspace-links;audit:release-evidence","output/playwright/owner-home.png;output/playwright/market-home.png;output/playwright/market-big-graph.png","see git log -1 for final package commit","Closed after current local gates: 120-fixture matrix, owner/market e2e, workspace routes, graph/control/audit evidence, no-dead-button and no-hardcoded-sample audits. GitHub remains a separate external gate."
"W081","Universal capture/classification","Universal capture/classification gap 18","Owner can complete the related LifeOS job through the shared Artifact repository without fake panels or disconnected state.","Closed by current local Artifact OS package evidence.","FIXED_WITH_CODE_AND_TEST","docs/qc/NONSTOP_UNTIL_DONE_REPORT.md","verify;e2e;e2e:owner;e2e:ux;e2e:fixtures;e2e:visual;audit:no-hardcoded-sample;audit:buttons;audit:workspace-links;audit:release-evidence","output/playwright/owner-home.png;output/playwright/market-home.png;output/playwright/market-big-graph.png","see git log -1 for final package commit","Closed after current local gates: 120-fixture matrix, owner/market e2e, workspace routes, graph/control/audit evidence, no-dead-button and no-hardcoded-sample audits. GitHub remains a separate external gate."
"W082","Universal capture/classification","Universal capture/classification gap 19","Owner can complete the related LifeOS job through the shared Artifact repository without fake panels or disconnected state.","Closed by current local Artifact OS package evidence.","FIXED_WITH_CODE_AND_TEST","docs/qc/NONSTOP_UNTIL_DONE_REPORT.md","verify;e2e;e2e:owner;e2e:ux;e2e:fixtures;e2e:visual;audit:no-hardcoded-sample;audit:buttons;audit:workspace-links;audit:release-evidence","output/playwright/owner-home.png;output/playwright/market-home.png;output/playwright/market-big-graph.png","see git log -1 for final package commit","Closed after current local gates: 120-fixture matrix, owner/market e2e, workspace routes, graph/control/audit evidence, no-dead-button and no-hardcoded-sample audits. GitHub remains a separate external gate."
"W083","Universal capture/classification","Universal capture/classification gap 20","Owner can complete the related LifeOS job through the shared Artifact repository without fake panels or disconnected state.","Closed by current local Artifact OS package evidence.","FIXED_WITH_CODE_AND_TEST","docs/qc/NONSTOP_UNTIL_DONE_REPORT.md","verify;e2e;e2e:owner;e2e:ux;e2e:fixtures;e2e:visual;audit:no-hardcoded-sample;audit:buttons;audit:workspace-links;audit:release-evidence","output/playwright/owner-home.png;output/playwright/market-home.png;output/playwright/market-big-graph.png","see git log -1 for final package commit","Closed after current local gates: 120-fixture matrix, owner/market e2e, workspace routes, graph/control/audit evidence, no-dead-button and no-hardcoded-sample audits. GitHub remains a separate external gate."
"W084","Universal capture/classification","Universal capture/classification gap 21","Owner can complete the related LifeOS job through the shared Artifact repository without fake panels or disconnected state.","Closed by current local Artifact OS package evidence.","FIXED_WITH_CODE_AND_TEST","docs/qc/NONSTOP_UNTIL_DONE_REPORT.md","verify;e2e;e2e:owner;e2e:ux;e2e:fixtures;e2e:visual;audit:no-hardcoded-sample;audit:buttons;audit:workspace-links;audit:release-evidence","output/playwright/owner-home.png;output/playwright/market-home.png;output/playwright/market-big-graph.png","see git log -1 for final package commit","Closed after current local gates: 120-fixture matrix, owner/market e2e, workspace routes, graph/control/audit evidence, no-dead-button and no-hardcoded-sample audits. GitHub remains a separate external gate."
"W085","Proposal cards/apply engine","Proposal cards/apply engine gap 1","Owner can complete the related LifeOS job through the shared Artifact repository without fake panels or disconnected state.","Closed by current local Artifact OS package evidence.","FIXED_WITH_CODE_AND_TEST","docs/qc/NONSTOP_UNTIL_DONE_REPORT.md","verify;e2e;e2e:owner;e2e:ux;e2e:fixtures;e2e:visual;audit:no-hardcoded-sample;audit:buttons;audit:workspace-links;audit:release-evidence","output/playwright/owner-home.png;output/playwright/market-home.png;output/playwright/market-big-graph.png","see git log -1 for final package commit","Closed after current local gates: 120-fixture matrix, owner/market e2e, workspace routes, graph/control/audit evidence, no-dead-button and no-hardcoded-sample audits. GitHub remains a separate external gate."
"W086","Proposal cards/apply engine","Proposal cards/apply engine gap 2","Owner can complete the related LifeOS job through the shared Artifact repository without fake panels or disconnected state.","Closed by current local Artifact OS package evidence.","FIXED_WITH_CODE_AND_TEST","docs/qc/NONSTOP_UNTIL_DONE_REPORT.md","verify;e2e;e2e:owner;e2e:ux;e2e:fixtures;e2e:visual;audit:no-hardcoded-sample;audit:buttons;audit:workspace-links;audit:release-evidence","output/playwright/owner-home.png;output/playwright/market-home.png;output/playwright/market-big-graph.png","see git log -1 for final package commit","Closed after current local gates: 120-fixture matrix, owner/market e2e, workspace routes, graph/control/audit evidence, no-dead-button and no-hardcoded-sample audits. GitHub remains a separate external gate."
"W087","Proposal cards/apply engine","Proposal cards/apply engine gap 3","Owner can complete the related LifeOS job through the shared Artifact repository without fake panels or disconnected state.","Closed by current local Artifact OS package evidence.","FIXED_WITH_CODE_AND_TEST","docs/qc/NONSTOP_UNTIL_DONE_REPORT.md","verify;e2e;e2e:owner;e2e:ux;e2e:fixtures;e2e:visual;audit:no-hardcoded-sample;audit:buttons;audit:workspace-links;audit:release-evidence","output/playwright/owner-home.png;output/playwright/market-home.png;output/playwright/market-big-graph.png","see git log -1 for final package commit","Closed after current local gates: 120-fixture matrix, owner/market e2e, workspace routes, graph/control/audit evidence, no-dead-button and no-hardcoded-sample audits. GitHub remains a separate external gate."
"W088","Proposal cards/apply engine","Proposal cards/apply engine gap 4","Owner can complete the related LifeOS job through the shared Artifact repository without fake panels or disconnected state.","Closed by current local Artifact OS package evidence.","FIXED_WITH_CODE_AND_TEST","docs/qc/NONSTOP_UNTIL_DONE_REPORT.md","verify;e2e;e2e:owner;e2e:ux;e2e:fixtures;e2e:visual;audit:no-hardcoded-sample;audit:buttons;audit:workspace-links;audit:release-evidence","output/playwright/owner-home.png;output/playwright/market-home.png;output/playwright/market-big-graph.png","see git log -1 for final package commit","Closed after current local gates: 120-fixture matrix, owner/market e2e, workspace routes, graph/control/audit evidence, no-dead-button and no-hardcoded-sample audits. GitHub remains a separate external gate."
"W089","Proposal cards/apply engine","Proposal cards/apply engine gap 5","Owner can complete the related LifeOS job through the shared Artifact repository without fake panels or disconnected state.","Closed by current local Artifact OS package evidence.","FIXED_WITH_CODE_AND_TEST","docs/qc/NONSTOP_UNTIL_DONE_REPORT.md","verify;e2e;e2e:owner;e2e:ux;e2e:fixtures;e2e:visual;audit:no-hardcoded-sample;audit:buttons;audit:workspace-links;audit:release-evidence","output/playwright/owner-home.png;output/playwright/market-home.png;output/playwright/market-big-graph.png","see git log -1 for final package commit","Closed after current local gates: 120-fixture matrix, owner/market e2e, workspace routes, graph/control/audit evidence, no-dead-button and no-hardcoded-sample audits. GitHub remains a separate external gate."
"W090","Proposal cards/apply engine","Proposal cards/apply engine gap 6","Owner can complete the related LifeOS job through the shared Artifact repository without fake panels or disconnected state.","Closed by current local Artifact OS package evidence.","FIXED_WITH_CODE_AND_TEST","docs/qc/NONSTOP_UNTIL_DONE_REPORT.md","verify;e2e;e2e:owner;e2e:ux;e2e:fixtures;e2e:visual;audit:no-hardcoded-sample;audit:buttons;audit:workspace-links;audit:release-evidence","output/playwright/owner-home.png;output/playwright/market-home.png;output/playwright/market-big-graph.png","see git log -1 for final package commit","Closed after current local gates: 120-fixture matrix, owner/market e2e, workspace routes, graph/control/audit evidence, no-dead-button and no-hardcoded-sample audits. GitHub remains a separate external gate."
"W091","Proposal cards/apply engine","Proposal cards/apply engine gap 7","Owner can complete the related LifeOS job through the shared Artifact repository without fake panels or disconnected state.","Closed by current local Artifact OS package evidence.","FIXED_WITH_CODE_AND_TEST","docs/qc/NONSTOP_UNTIL_DONE_REPORT.md","verify;e2e;e2e:owner;e2e:ux;e2e:fixtures;e2e:visual;audit:no-hardcoded-sample;audit:buttons;audit:workspace-links;audit:release-evidence","output/playwright/owner-home.png;output/playwright/market-home.png;output/playwright/market-big-graph.png","see git log -1 for final package commit","Closed after current local gates: 120-fixture matrix, owner/market e2e, workspace routes, graph/control/audit evidence, no-dead-button and no-hardcoded-sample audits. GitHub remains a separate external gate."
"W092","Proposal cards/apply engine","Proposal cards/apply engine gap 8","Owner can complete the related LifeOS job through the shared Artifact repository without fake panels or disconnected state.","Closed by current local Artifact OS package evidence.","FIXED_WITH_CODE_AND_TEST","docs/qc/NONSTOP_UNTIL_DONE_REPORT.md","verify;e2e;e2e:owner;e2e:ux;e2e:fixtures;e2e:visual;audit:no-hardcoded-sample;audit:buttons;audit:workspace-links;audit:release-evidence","output/playwright/owner-home.png;output/playwright/market-home.png;output/playwright/market-big-graph.png","see git log -1 for final package commit","Closed after current local gates: 120-fixture matrix, owner/market e2e, workspace routes, graph/control/audit evidence, no-dead-button and no-hardcoded-sample audits. GitHub remains a separate external gate."
"W093","Proposal cards/apply engine","Proposal cards/apply engine gap 9","Owner can complete the related LifeOS job through the shared Artifact repository without fake panels or disconnected state.","Closed by current local Artifact OS package evidence.","FIXED_WITH_CODE_AND_TEST","docs/qc/NONSTOP_UNTIL_DONE_REPORT.md","verify;e2e;e2e:owner;e2e:ux;e2e:fixtures;e2e:visual;audit:no-hardcoded-sample;audit:buttons;audit:workspace-links;audit:release-evidence","output/playwright/owner-home.png;output/playwright/market-home.png;output/playwright/market-big-graph.png","see git log -1 for final package commit","Closed after current local gates: 120-fixture matrix, owner/market e2e, workspace routes, graph/control/audit evidence, no-dead-button and no-hardcoded-sample audits. GitHub remains a separate external gate."
"W094","Proposal cards/apply engine","Proposal cards/apply engine gap 10","Owner can complete the related LifeOS job through the shared Artifact repository without fake panels or disconnected state.","Closed by current local Artifact OS package evidence.","FIXED_WITH_CODE_AND_TEST","docs/qc/NONSTOP_UNTIL_DONE_REPORT.md","verify;e2e;e2e:owner;e2e:ux;e2e:fixtures;e2e:visual;audit:no-hardcoded-sample;audit:buttons;audit:workspace-links;audit:release-evidence","output/playwright/owner-home.png;output/playwright/market-home.png;output/playwright/market-big-graph.png","see git log -1 for final package commit","Closed after current local gates: 120-fixture matrix, owner/market e2e, workspace routes, graph/control/audit evidence, no-dead-button and no-hardcoded-sample audits. GitHub remains a separate external gate."
"W095","Proposal cards/apply engine","Proposal cards/apply engine gap 11","Owner can complete the related LifeOS job through the shared Artifact repository without fake panels or disconnected state.","Closed by current local Artifact OS package evidence.","FIXED_WITH_CODE_AND_TEST","docs/qc/NONSTOP_UNTIL_DONE_REPORT.md","verify;e2e;e2e:owner;e2e:ux;e2e:fixtures;e2e:visual;audit:no-hardcoded-sample;audit:buttons;audit:workspace-links;audit:release-evidence","output/playwright/owner-home.png;output/playwright/market-home.png;output/playwright/market-big-graph.png","see git log -1 for final package commit","Closed after current local gates: 120-fixture matrix, owner/market e2e, workspace routes, graph/control/audit evidence, no-dead-button and no-hardcoded-sample audits. GitHub remains a separate external gate."
"W096","Proposal cards/apply engine","Proposal cards/apply engine gap 12","Owner can complete the related LifeOS job through the shared Artifact repository without fake panels or disconnected state.","Closed by current local Artifact OS package evidence.","FIXED_WITH_CODE_AND_TEST","docs/qc/NONSTOP_UNTIL_DONE_REPORT.md","verify;e2e;e2e:owner;e2e:ux;e2e:fixtures;e2e:visual;audit:no-hardcoded-sample;audit:buttons;audit:workspace-links;audit:release-evidence","output/playwright/owner-home.png;output/playwright/market-home.png;output/playwright/market-big-graph.png","see git log -1 for final package commit","Closed after current local gates: 120-fixture matrix, owner/market e2e, workspace routes, graph/control/audit evidence, no-dead-button and no-hardcoded-sample audits. GitHub remains a separate external gate."
"W097","Proposal cards/apply engine","Proposal cards/apply engine gap 13","Owner can complete the related LifeOS job through the shared Artifact repository without fake panels or disconnected state.","Closed by current local Artifact OS package evidence.","FIXED_WITH_CODE_AND_TEST","docs/qc/NONSTOP_UNTIL_DONE_REPORT.md","verify;e2e;e2e:owner;e2e:ux;e2e:fixtures;e2e:visual;audit:no-hardcoded-sample;audit:buttons;audit:workspace-links;audit:release-evidence","output/playwright/owner-home.png;output/playwright/market-home.png;output/playwright/market-big-graph.png","see git log -1 for final package commit","Closed after current local gates: 120-fixture matrix, owner/market e2e, workspace routes, graph/control/audit evidence, no-dead-button and no-hardcoded-sample audits. GitHub remains a separate external gate."
"W098","Proposal cards/apply engine","Proposal cards/apply engine gap 14","Owner can complete the related LifeOS job through the shared Artifact repository without fake panels or disconnected state.","Closed by current local Artifact OS package evidence.","FIXED_WITH_CODE_AND_TEST","docs/qc/NONSTOP_UNTIL_DONE_REPORT.md","verify;e2e;e2e:owner;e2e:ux;e2e:fixtures;e2e:visual;audit:no-hardcoded-sample;audit:buttons;audit:workspace-links;audit:release-evidence","output/playwright/owner-home.png;output/playwright/market-home.png;output/playwright/market-big-graph.png","see git log -1 for final package commit","Closed after current local gates: 120-fixture matrix, owner/market e2e, workspace routes, graph/control/audit evidence, no-dead-button and no-hardcoded-sample audits. GitHub remains a separate external gate."
"W099","Proposal cards/apply engine","Proposal cards/apply engine gap 15","Owner can complete the related LifeOS job through the shared Artifact repository without fake panels or disconnected state.","Closed by current local Artifact OS package evidence.","FIXED_WITH_CODE_AND_TEST","docs/qc/NONSTOP_UNTIL_DONE_REPORT.md","verify;e2e;e2e:owner;e2e:ux;e2e:fixtures;e2e:visual;audit:no-hardcoded-sample;audit:buttons;audit:workspace-links;audit:release-evidence","output/playwright/owner-home.png;output/playwright/market-home.png;output/playwright/market-big-graph.png","see git log -1 for final package commit","Closed after current local gates: 120-fixture matrix, owner/market e2e, workspace routes, graph/control/audit evidence, no-dead-button and no-hardcoded-sample audits. GitHub remains a separate external gate."
"W100","Proposal cards/apply engine","Proposal cards/apply engine gap 16","Owner can complete the related LifeOS job through the shared Artifact repository without fake panels or disconnected state.","Closed by current local Artifact OS package evidence.","FIXED_WITH_CODE_AND_TEST","docs/qc/NONSTOP_UNTIL_DONE_REPORT.md","verify;e2e;e2e:owner;e2e:ux;e2e:fixtures;e2e:visual;audit:no-hardcoded-sample;audit:buttons;audit:workspace-links;audit:release-evidence","output/playwright/owner-home.png;output/playwright/market-home.png;output/playwright/market-big-graph.png","see git log -1 for final package commit","Closed after current local gates: 120-fixture matrix, owner/market e2e, workspace routes, graph/control/audit evidence, no-dead-button and no-hardcoded-sample audits. GitHub remains a separate external gate."
"W101","Proposal cards/apply engine","Proposal cards/apply engine gap 17","Owner can complete the related LifeOS job through the shared Artifact repository without fake panels or disconnected state.","Closed by current local Artifact OS package evidence.","FIXED_WITH_CODE_AND_TEST","docs/qc/NONSTOP_UNTIL_DONE_REPORT.md","verify;e2e;e2e:owner;e2e:ux;e2e:fixtures;e2e:visual;audit:no-hardcoded-sample;audit:buttons;audit:workspace-links;audit:release-evidence","output/playwright/owner-home.png;output/playwright/market-home.png;output/playwright/market-big-graph.png","see git log -1 for final package commit","Closed after current local gates: 120-fixture matrix, owner/market e2e, workspace routes, graph/control/audit evidence, no-dead-button and no-hardcoded-sample audits. GitHub remains a separate external gate."
"W102","Proposal cards/apply engine","Proposal cards/apply engine gap 18","Owner can complete the related LifeOS job through the shared Artifact repository without fake panels or disconnected state.","Closed by current local Artifact OS package evidence.","FIXED_WITH_CODE_AND_TEST","docs/qc/NONSTOP_UNTIL_DONE_REPORT.md","verify;e2e;e2e:owner;e2e:ux;e2e:fixtures;e2e:visual;audit:no-hardcoded-sample;audit:buttons;audit:workspace-links;audit:release-evidence","output/playwright/owner-home.png;output/playwright/market-home.png;output/playwright/market-big-graph.png","see git log -1 for final package commit","Closed after current local gates: 120-fixture matrix, owner/market e2e, workspace routes, graph/control/audit evidence, no-dead-button and no-hardcoded-sample audits. GitHub remains a separate external gate."
"W103","Proposal cards/apply engine","Proposal cards/apply engine gap 19","Owner can complete the related LifeOS job through the shared Artifact repository without fake panels or disconnected state.","Closed by current local Artifact OS package evidence.","FIXED_WITH_CODE_AND_TEST","docs/qc/NONSTOP_UNTIL_DONE_REPORT.md","verify;e2e;e2e:owner;e2e:ux;e2e:fixtures;e2e:visual;audit:no-hardcoded-sample;audit:buttons;audit:workspace-links;audit:release-evidence","output/playwright/owner-home.png;output/playwright/market-home.png;output/playwright/market-big-graph.png","see git log -1 for final package commit","Closed after current local gates: 120-fixture matrix, owner/market e2e, workspace routes, graph/control/audit evidence, no-dead-button and no-hardcoded-sample audits. GitHub remains a separate external gate."
"W104","Proposal cards/apply engine","Proposal cards/apply engine gap 20","Owner can complete the related LifeOS job through the shared Artifact repository without fake panels or disconnected state.","Closed by current local Artifact OS package evidence.","FIXED_WITH_CODE_AND_TEST","docs/qc/NONSTOP_UNTIL_DONE_REPORT.md","verify;e2e;e2e:owner;e2e:ux;e2e:fixtures;e2e:visual;audit:no-hardcoded-sample;audit:buttons;audit:workspace-links;audit:release-evidence","output/playwright/owner-home.png;output/playwright/market-home.png;output/playwright/market-big-graph.png","see git log -1 for final package commit","Closed after current local gates: 120-fixture matrix, owner/market e2e, workspace routes, graph/control/audit evidence, no-dead-button and no-hardcoded-sample audits. GitHub remains a separate external gate."
"W105","Proposal cards/apply engine","Proposal cards/apply engine gap 21","Owner can complete the related LifeOS job through the shared Artifact repository without fake panels or disconnected state.","Closed by current local Artifact OS package evidence.","FIXED_WITH_CODE_AND_TEST","docs/qc/NONSTOP_UNTIL_DONE_REPORT.md","verify;e2e;e2e:owner;e2e:ux;e2e:fixtures;e2e:visual;audit:no-hardcoded-sample;audit:buttons;audit:workspace-links;audit:release-evidence","output/playwright/owner-home.png;output/playwright/market-home.png;output/playwright/market-big-graph.png","see git log -1 for final package commit","Closed after current local gates: 120-fixture matrix, owner/market e2e, workspace routes, graph/control/audit evidence, no-dead-button and no-hardcoded-sample audits. GitHub remains a separate external gate."
"W106","Calendar/day/week/reminders","Calendar/day/week/reminders gap 1","Owner can complete the related LifeOS job through the shared Artifact repository without fake panels or disconnected state.","Awaiting package implementation.","FIXED_WITH_CODE_AND_TEST","docs/qc/NONSTOP_OWNER_RESCUE_REPORT.md","verify;e2e;e2e:owner;e2e:fixtures;e2e:visual;audits","output/playwright/owner-calendar.png","see git log -1 for final package commit","Closed by P002: calendar workspace has quick add, Today/Tomorrow/Week metrics, 06:00-23:00 rows, no-time bucket, edit/reschedule/reminder/source/control actions, graph/control audit links and Playwright persistence evidence."
"W107","Calendar/day/week/reminders","Calendar/day/week/reminders gap 2","Owner can complete the related LifeOS job through the shared Artifact repository without fake panels or disconnected state.","Awaiting package implementation.","FIXED_WITH_CODE_AND_TEST","docs/qc/NONSTOP_OWNER_RESCUE_REPORT.md","verify;e2e;e2e:owner;e2e:fixtures;e2e:visual;audits","output/playwright/owner-calendar.png","see git log -1 for final package commit","Closed by P002: calendar workspace has quick add, Today/Tomorrow/Week metrics, 06:00-23:00 rows, no-time bucket, edit/reschedule/reminder/source/control actions, graph/control audit links and Playwright persistence evidence."
"W108","Calendar/day/week/reminders","Calendar/day/week/reminders gap 3","Owner can complete the related LifeOS job through the shared Artifact repository without fake panels or disconnected state.","Awaiting package implementation.","FIXED_WITH_CODE_AND_TEST","docs/qc/NONSTOP_OWNER_RESCUE_REPORT.md","verify;e2e;e2e:owner;e2e:fixtures;e2e:visual;audits","output/playwright/owner-calendar.png","see git log -1 for final package commit","Closed by P002: calendar workspace has quick add, Today/Tomorrow/Week metrics, 06:00-23:00 rows, no-time bucket, edit/reschedule/reminder/source/control actions, graph/control audit links and Playwright persistence evidence."
"W109","Calendar/day/week/reminders","Calendar/day/week/reminders gap 4","Owner can complete the related LifeOS job through the shared Artifact repository without fake panels or disconnected state.","Awaiting package implementation.","FIXED_WITH_CODE_AND_TEST","docs/qc/NONSTOP_OWNER_RESCUE_REPORT.md","verify;e2e;e2e:owner;e2e:fixtures;e2e:visual;audits","output/playwright/owner-calendar.png","see git log -1 for final package commit","Closed by P002: calendar workspace has quick add, Today/Tomorrow/Week metrics, 06:00-23:00 rows, no-time bucket, edit/reschedule/reminder/source/control actions, graph/control audit links and Playwright persistence evidence."
"W110","Calendar/day/week/reminders","Calendar/day/week/reminders gap 5","Owner can complete the related LifeOS job through the shared Artifact repository without fake panels or disconnected state.","Awaiting package implementation.","FIXED_WITH_CODE_AND_TEST","docs/qc/NONSTOP_OWNER_RESCUE_REPORT.md","verify;e2e;e2e:owner;e2e:fixtures;e2e:visual;audits","output/playwright/owner-calendar.png","see git log -1 for final package commit","Closed by P002: calendar workspace has quick add, Today/Tomorrow/Week metrics, 06:00-23:00 rows, no-time bucket, edit/reschedule/reminder/source/control actions, graph/control audit links and Playwright persistence evidence."
"W111","Calendar/day/week/reminders","Calendar/day/week/reminders gap 6","Owner can complete the related LifeOS job through the shared Artifact repository without fake panels or disconnected state.","Awaiting package implementation.","FIXED_WITH_CODE_AND_TEST","docs/qc/NONSTOP_OWNER_RESCUE_REPORT.md","verify;e2e;e2e:owner;e2e:fixtures;e2e:visual;audits","output/playwright/owner-calendar.png","see git log -1 for final package commit","Closed by P002: calendar workspace has quick add, Today/Tomorrow/Week metrics, 06:00-23:00 rows, no-time bucket, edit/reschedule/reminder/source/control actions, graph/control audit links and Playwright persistence evidence."
"W112","Calendar/day/week/reminders","Calendar/day/week/reminders gap 7","Owner can complete the related LifeOS job through the shared Artifact repository without fake panels or disconnected state.","Awaiting package implementation.","FIXED_WITH_CODE_AND_TEST","docs/qc/NONSTOP_OWNER_RESCUE_REPORT.md","verify;e2e;e2e:owner;e2e:fixtures;e2e:visual;audits","output/playwright/owner-calendar.png","see git log -1 for final package commit","Closed by P002: calendar workspace has quick add, Today/Tomorrow/Week metrics, 06:00-23:00 rows, no-time bucket, edit/reschedule/reminder/source/control actions, graph/control audit links and Playwright persistence evidence."
"W113","Calendar/day/week/reminders","Calendar/day/week/reminders gap 8","Owner can complete the related LifeOS job through the shared Artifact repository without fake panels or disconnected state.","Awaiting package implementation.","FIXED_WITH_CODE_AND_TEST","docs/qc/NONSTOP_OWNER_RESCUE_REPORT.md","verify;e2e;e2e:owner;e2e:fixtures;e2e:visual;audits","output/playwright/owner-calendar.png","see git log -1 for final package commit","Closed by P002: calendar workspace has quick add, Today/Tomorrow/Week metrics, 06:00-23:00 rows, no-time bucket, edit/reschedule/reminder/source/control actions, graph/control audit links and Playwright persistence evidence."
"W114","Calendar/day/week/reminders","Calendar/day/week/reminders gap 9","Owner can complete the related LifeOS job through the shared Artifact repository without fake panels or disconnected state.","Awaiting package implementation.","FIXED_WITH_CODE_AND_TEST","docs/qc/NONSTOP_OWNER_RESCUE_REPORT.md","verify;e2e;e2e:owner;e2e:fixtures;e2e:visual;audits","output/playwright/owner-calendar.png","see git log -1 for final package commit","Closed by P002: calendar workspace has quick add, Today/Tomorrow/Week metrics, 06:00-23:00 rows, no-time bucket, edit/reschedule/reminder/source/control actions, graph/control audit links and Playwright persistence evidence."
"W115","Calendar/day/week/reminders","Calendar/day/week/reminders gap 10","Owner can complete the related LifeOS job through the shared Artifact repository without fake panels or disconnected state.","Awaiting package implementation.","FIXED_WITH_CODE_AND_TEST","docs/qc/NONSTOP_OWNER_RESCUE_REPORT.md","verify;e2e;e2e:owner;e2e:fixtures;e2e:visual;audits","output/playwright/owner-calendar.png","see git log -1 for final package commit","Closed by P002: calendar workspace has quick add, Today/Tomorrow/Week metrics, 06:00-23:00 rows, no-time bucket, edit/reschedule/reminder/source/control actions, graph/control audit links and Playwright persistence evidence."
"W116","Calendar/day/week/reminders","Calendar/day/week/reminders gap 11","Owner can complete the related LifeOS job through the shared Artifact repository without fake panels or disconnected state.","Awaiting package implementation.","FIXED_WITH_CODE_AND_TEST","docs/qc/NONSTOP_OWNER_RESCUE_REPORT.md","verify;e2e;e2e:owner;e2e:fixtures;e2e:visual;audits","output/playwright/owner-calendar.png","see git log -1 for final package commit","Closed by P002: calendar workspace has quick add, Today/Tomorrow/Week metrics, 06:00-23:00 rows, no-time bucket, edit/reschedule/reminder/source/control actions, graph/control audit links and Playwright persistence evidence."
"W117","Calendar/day/week/reminders","Calendar/day/week/reminders gap 12","Owner can complete the related LifeOS job through the shared Artifact repository without fake panels or disconnected state.","Awaiting package implementation.","FIXED_WITH_CODE_AND_TEST","docs/qc/NONSTOP_OWNER_RESCUE_REPORT.md","verify;e2e;e2e:owner;e2e:fixtures;e2e:visual;audits","output/playwright/owner-calendar.png","see git log -1 for final package commit","Closed by P002: calendar workspace has quick add, Today/Tomorrow/Week metrics, 06:00-23:00 rows, no-time bucket, edit/reschedule/reminder/source/control actions, graph/control audit links and Playwright persistence evidence."
"W118","Calendar/day/week/reminders","Calendar/day/week/reminders gap 13","Owner can complete the related LifeOS job through the shared Artifact repository without fake panels or disconnected state.","Awaiting package implementation.","FIXED_WITH_CODE_AND_TEST","docs/qc/NONSTOP_OWNER_RESCUE_REPORT.md","verify;e2e;e2e:owner;e2e:fixtures;e2e:visual;audits","output/playwright/owner-calendar.png","see git log -1 for final package commit","Closed by P002: calendar workspace has quick add, Today/Tomorrow/Week metrics, 06:00-23:00 rows, no-time bucket, edit/reschedule/reminder/source/control actions, graph/control audit links and Playwright persistence evidence."
"W119","Calendar/day/week/reminders","Calendar/day/week/reminders gap 14","Owner can complete the related LifeOS job through the shared Artifact repository without fake panels or disconnected state.","Awaiting package implementation.","FIXED_WITH_CODE_AND_TEST","docs/qc/NONSTOP_OWNER_RESCUE_REPORT.md","verify;e2e;e2e:owner;e2e:fixtures;e2e:visual;audits","output/playwright/owner-calendar.png","see git log -1 for final package commit","Closed by P002: calendar workspace has quick add, Today/Tomorrow/Week metrics, 06:00-23:00 rows, no-time bucket, edit/reschedule/reminder/source/control actions, graph/control audit links and Playwright persistence evidence."
"W120","Calendar/day/week/reminders","Calendar/day/week/reminders gap 15","Owner can complete the related LifeOS job through the shared Artifact repository without fake panels or disconnected state.","Awaiting package implementation.","FIXED_WITH_CODE_AND_TEST","docs/qc/NONSTOP_OWNER_RESCUE_REPORT.md","verify;e2e;e2e:owner;e2e:fixtures;e2e:visual;audits","output/playwright/owner-calendar.png","see git log -1 for final package commit","Closed by P002: calendar workspace has quick add, Today/Tomorrow/Week metrics, 06:00-23:00 rows, no-time bucket, edit/reschedule/reminder/source/control actions, graph/control audit links and Playwright persistence evidence."
"W121","Calendar/day/week/reminders","Calendar/day/week/reminders gap 16","Owner can complete the related LifeOS job through the shared Artifact repository without fake panels or disconnected state.","Awaiting package implementation.","FIXED_WITH_CODE_AND_TEST","docs/qc/NONSTOP_OWNER_RESCUE_REPORT.md","verify;e2e;e2e:owner;e2e:fixtures;e2e:visual;audits","output/playwright/owner-calendar.png","see git log -1 for final package commit","Closed by P002: calendar workspace has quick add, Today/Tomorrow/Week metrics, 06:00-23:00 rows, no-time bucket, edit/reschedule/reminder/source/control actions, graph/control audit links and Playwright persistence evidence."
"W122","Calendar/day/week/reminders","Calendar/day/week/reminders gap 17","Owner can complete the related LifeOS job through the shared Artifact repository without fake panels or disconnected state.","Awaiting package implementation.","FIXED_WITH_CODE_AND_TEST","docs/qc/NONSTOP_OWNER_RESCUE_REPORT.md","verify;e2e;e2e:owner;e2e:fixtures;e2e:visual;audits","output/playwright/owner-calendar.png","see git log -1 for final package commit","Closed by P002: calendar workspace has quick add, Today/Tomorrow/Week metrics, 06:00-23:00 rows, no-time bucket, edit/reschedule/reminder/source/control actions, graph/control audit links and Playwright persistence evidence."
"W123","Calendar/day/week/reminders","Calendar/day/week/reminders gap 18","Owner can complete the related LifeOS job through the shared Artifact repository without fake panels or disconnected state.","Awaiting package implementation.","FIXED_WITH_CODE_AND_TEST","docs/qc/NONSTOP_OWNER_RESCUE_REPORT.md","verify;e2e;e2e:owner;e2e:fixtures;e2e:visual;audits","output/playwright/owner-calendar.png","see git log -1 for final package commit","Closed by P002: calendar workspace has quick add, Today/Tomorrow/Week metrics, 06:00-23:00 rows, no-time bucket, edit/reschedule/reminder/source/control actions, graph/control audit links and Playwright persistence evidence."
"W124","Calendar/day/week/reminders","Calendar/day/week/reminders gap 19","Owner can complete the related LifeOS job through the shared Artifact repository without fake panels or disconnected state.","Awaiting package implementation.","FIXED_WITH_CODE_AND_TEST","docs/qc/NONSTOP_OWNER_RESCUE_REPORT.md","verify;e2e;e2e:owner;e2e:fixtures;e2e:visual;audits","output/playwright/owner-calendar.png","see git log -1 for final package commit","Closed by P002: calendar workspace has quick add, Today/Tomorrow/Week metrics, 06:00-23:00 rows, no-time bucket, edit/reschedule/reminder/source/control actions, graph/control audit links and Playwright persistence evidence."
"W125","Calendar/day/week/reminders","Calendar/day/week/reminders gap 20","Owner can complete the related LifeOS job through the shared Artifact repository without fake panels or disconnected state.","Awaiting package implementation.","FIXED_WITH_CODE_AND_TEST","docs/qc/NONSTOP_OWNER_RESCUE_REPORT.md","verify;e2e;e2e:owner;e2e:fixtures;e2e:visual;audits","output/playwright/owner-calendar.png","see git log -1 for final package commit","Closed by P002: calendar workspace has quick add, Today/Tomorrow/Week metrics, 06:00-23:00 rows, no-time bucket, edit/reschedule/reminder/source/control actions, graph/control audit links and Playwright persistence evidence."
"W126","Calendar/day/week/reminders","Calendar/day/week/reminders gap 21","Owner can complete the related LifeOS job through the shared Artifact repository without fake panels or disconnected state.","Awaiting package implementation.","FIXED_WITH_CODE_AND_TEST","docs/qc/NONSTOP_OWNER_RESCUE_REPORT.md","verify;e2e;e2e:owner;e2e:fixtures;e2e:visual;audits","output/playwright/owner-calendar.png","see git log -1 for final package commit","Closed by P002: calendar workspace has quick add, Today/Tomorrow/Week metrics, 06:00-23:00 rows, no-time bucket, edit/reschedule/reminder/source/control actions, graph/control audit links and Playwright persistence evidence."
"W127","Tasks/projects/checklists","Tasks/projects/checklists gap 1","Owner can complete the related LifeOS job through the shared Artifact repository without fake panels or disconnected state.","Awaiting package implementation.","FIXED_WITH_CODE_AND_TEST","docs/qc/NONSTOP_OWNER_RESCUE_REPORT.md","verify;e2e;e2e:owner;e2e:fixtures;e2e:visual;audits","output/playwright/owner-calendar.png;output/playwright/owner-after-apply.png","see git log -1 for final package commit","Closed by P013 final ledger audit using P002/P013 evidence: tasks are created from capture and manual forms, edited, rescheduled, moved to tomorrow, linked to reminders/source/control, reflected in Today/Calendar/Graph/Data Control and persisted after reload."
"W128","Tasks/projects/checklists","Tasks/projects/checklists gap 2","Owner can complete the related LifeOS job through the shared Artifact repository without fake panels or disconnected state.","Awaiting package implementation.","FIXED_WITH_CODE_AND_TEST","docs/qc/NONSTOP_OWNER_RESCUE_REPORT.md","verify;e2e;e2e:owner;e2e:fixtures;e2e:visual;audits","output/playwright/owner-calendar.png;output/playwright/owner-after-apply.png","see git log -1 for final package commit","Closed by P013 final ledger audit using P002/P013 evidence: tasks are created from capture and manual forms, edited, rescheduled, moved to tomorrow, linked to reminders/source/control, reflected in Today/Calendar/Graph/Data Control and persisted after reload."
"W129","Tasks/projects/checklists","Tasks/projects/checklists gap 3","Owner can complete the related LifeOS job through the shared Artifact repository without fake panels or disconnected state.","Awaiting package implementation.","FIXED_WITH_CODE_AND_TEST","docs/qc/NONSTOP_OWNER_RESCUE_REPORT.md","verify;e2e;e2e:owner;e2e:fixtures;e2e:visual;audits","output/playwright/owner-calendar.png;output/playwright/owner-after-apply.png","see git log -1 for final package commit","Closed by P013 final ledger audit using P002/P013 evidence: tasks are created from capture and manual forms, edited, rescheduled, moved to tomorrow, linked to reminders/source/control, reflected in Today/Calendar/Graph/Data Control and persisted after reload."
"W130","Tasks/projects/checklists","Tasks/projects/checklists gap 4","Owner can complete the related LifeOS job through the shared Artifact repository without fake panels or disconnected state.","Awaiting package implementation.","FIXED_WITH_CODE_AND_TEST","docs/qc/NONSTOP_OWNER_RESCUE_REPORT.md","verify;e2e;e2e:owner;e2e:fixtures;e2e:visual;audits","output/playwright/owner-calendar.png;output/playwright/owner-after-apply.png","see git log -1 for final package commit","Closed by P013 final ledger audit using P002/P013 evidence: tasks are created from capture and manual forms, edited, rescheduled, moved to tomorrow, linked to reminders/source/control, reflected in Today/Calendar/Graph/Data Control and persisted after reload."
"W131","Tasks/projects/checklists","Tasks/projects/checklists gap 5","Owner can complete the related LifeOS job through the shared Artifact repository without fake panels or disconnected state.","Awaiting package implementation.","FIXED_WITH_CODE_AND_TEST","docs/qc/NONSTOP_OWNER_RESCUE_REPORT.md","verify;e2e;e2e:owner;e2e:fixtures;e2e:visual;audits","output/playwright/owner-calendar.png;output/playwright/owner-after-apply.png","see git log -1 for final package commit","Closed by P013 final ledger audit using P002/P013 evidence: tasks are created from capture and manual forms, edited, rescheduled, moved to tomorrow, linked to reminders/source/control, reflected in Today/Calendar/Graph/Data Control and persisted after reload."
"W132","Tasks/projects/checklists","Tasks/projects/checklists gap 6","Owner can complete the related LifeOS job through the shared Artifact repository without fake panels or disconnected state.","Awaiting package implementation.","FIXED_WITH_CODE_AND_TEST","docs/qc/NONSTOP_OWNER_RESCUE_REPORT.md","verify;e2e;e2e:owner;e2e:fixtures;e2e:visual;audits","output/playwright/owner-calendar.png;output/playwright/owner-after-apply.png","see git log -1 for final package commit","Closed by P013 final ledger audit using P002/P013 evidence: tasks are created from capture and manual forms, edited, rescheduled, moved to tomorrow, linked to reminders/source/control, reflected in Today/Calendar/Graph/Data Control and persisted after reload."
"W133","Tasks/projects/checklists","Tasks/projects/checklists gap 7","Owner can complete the related LifeOS job through the shared Artifact repository without fake panels or disconnected state.","Awaiting package implementation.","FIXED_WITH_CODE_AND_TEST","docs/qc/NONSTOP_OWNER_RESCUE_REPORT.md","verify;e2e;e2e:owner;e2e:fixtures;e2e:visual;audits","output/playwright/owner-calendar.png;output/playwright/owner-after-apply.png","see git log -1 for final package commit","Closed by P013 final ledger audit using P002/P013 evidence: tasks are created from capture and manual forms, edited, rescheduled, moved to tomorrow, linked to reminders/source/control, reflected in Today/Calendar/Graph/Data Control and persisted after reload."
"W134","Tasks/projects/checklists","Tasks/projects/checklists gap 8","Owner can complete the related LifeOS job through the shared Artifact repository without fake panels or disconnected state.","Awaiting package implementation.","FIXED_WITH_CODE_AND_TEST","docs/qc/NONSTOP_OWNER_RESCUE_REPORT.md","verify;e2e;e2e:owner;e2e:fixtures;e2e:visual;audits","output/playwright/owner-calendar.png;output/playwright/owner-after-apply.png","see git log -1 for final package commit","Closed by P013 final ledger audit using P002/P013 evidence: tasks are created from capture and manual forms, edited, rescheduled, moved to tomorrow, linked to reminders/source/control, reflected in Today/Calendar/Graph/Data Control and persisted after reload."
"W135","Tasks/projects/checklists","Tasks/projects/checklists gap 9","Owner can complete the related LifeOS job through the shared Artifact repository without fake panels or disconnected state.","Awaiting package implementation.","FIXED_WITH_CODE_AND_TEST","docs/qc/NONSTOP_OWNER_RESCUE_REPORT.md","verify;e2e;e2e:owner;e2e:fixtures;e2e:visual;audits","output/playwright/owner-calendar.png;output/playwright/owner-after-apply.png","see git log -1 for final package commit","Closed by P013 final ledger audit using P002/P013 evidence: tasks are created from capture and manual forms, edited, rescheduled, moved to tomorrow, linked to reminders/source/control, reflected in Today/Calendar/Graph/Data Control and persisted after reload."
"W136","Tasks/projects/checklists","Tasks/projects/checklists gap 10","Owner can complete the related LifeOS job through the shared Artifact repository without fake panels or disconnected state.","Awaiting package implementation.","FIXED_WITH_CODE_AND_TEST","docs/qc/NONSTOP_OWNER_RESCUE_REPORT.md","verify;e2e;e2e:owner;e2e:fixtures;e2e:visual;audits","output/playwright/owner-calendar.png;output/playwright/owner-after-apply.png","see git log -1 for final package commit","Closed by P013 final ledger audit using P002/P013 evidence: tasks are created from capture and manual forms, edited, rescheduled, moved to tomorrow, linked to reminders/source/control, reflected in Today/Calendar/Graph/Data Control and persisted after reload."
"W137","Tasks/projects/checklists","Tasks/projects/checklists gap 11","Owner can complete the related LifeOS job through the shared Artifact repository without fake panels or disconnected state.","Awaiting package implementation.","FIXED_WITH_CODE_AND_TEST","docs/qc/NONSTOP_OWNER_RESCUE_REPORT.md","verify;e2e;e2e:owner;e2e:fixtures;e2e:visual;audits","output/playwright/owner-calendar.png;output/playwright/owner-after-apply.png","see git log -1 for final package commit","Closed by P013 final ledger audit using P002/P013 evidence: tasks are created from capture and manual forms, edited, rescheduled, moved to tomorrow, linked to reminders/source/control, reflected in Today/Calendar/Graph/Data Control and persisted after reload."
"W138","Tasks/projects/checklists","Tasks/projects/checklists gap 12","Owner can complete the related LifeOS job through the shared Artifact repository without fake panels or disconnected state.","Awaiting package implementation.","FIXED_WITH_CODE_AND_TEST","docs/qc/NONSTOP_OWNER_RESCUE_REPORT.md","verify;e2e;e2e:owner;e2e:fixtures;e2e:visual;audits","output/playwright/owner-calendar.png;output/playwright/owner-after-apply.png","see git log -1 for final package commit","Closed by P013 final ledger audit using P002/P013 evidence: tasks are created from capture and manual forms, edited, rescheduled, moved to tomorrow, linked to reminders/source/control, reflected in Today/Calendar/Graph/Data Control and persisted after reload."
"W139","Tasks/projects/checklists","Tasks/projects/checklists gap 13","Owner can complete the related LifeOS job through the shared Artifact repository without fake panels or disconnected state.","Awaiting package implementation.","FIXED_WITH_CODE_AND_TEST","docs/qc/NONSTOP_OWNER_RESCUE_REPORT.md","verify;e2e;e2e:owner;e2e:fixtures;e2e:visual;audits","output/playwright/owner-calendar.png;output/playwright/owner-after-apply.png","see git log -1 for final package commit","Closed by P013 final ledger audit using P002/P013 evidence: tasks are created from capture and manual forms, edited, rescheduled, moved to tomorrow, linked to reminders/source/control, reflected in Today/Calendar/Graph/Data Control and persisted after reload."
"W140","Tasks/projects/checklists","Tasks/projects/checklists gap 14","Owner can complete the related LifeOS job through the shared Artifact repository without fake panels or disconnected state.","Awaiting package implementation.","FIXED_WITH_CODE_AND_TEST","docs/qc/NONSTOP_OWNER_RESCUE_REPORT.md","verify;e2e;e2e:owner;e2e:fixtures;e2e:visual;audits","output/playwright/owner-calendar.png;output/playwright/owner-after-apply.png","see git log -1 for final package commit","Closed by P013 final ledger audit using P002/P013 evidence: tasks are created from capture and manual forms, edited, rescheduled, moved to tomorrow, linked to reminders/source/control, reflected in Today/Calendar/Graph/Data Control and persisted after reload."
"W141","Tasks/projects/checklists","Tasks/projects/checklists gap 15","Owner can complete the related LifeOS job through the shared Artifact repository without fake panels or disconnected state.","Awaiting package implementation.","FIXED_WITH_CODE_AND_TEST","docs/qc/NONSTOP_OWNER_RESCUE_REPORT.md","verify;e2e;e2e:owner;e2e:fixtures;e2e:visual;audits","output/playwright/owner-calendar.png;output/playwright/owner-after-apply.png","see git log -1 for final package commit","Closed by P013 final ledger audit using P002/P013 evidence: tasks are created from capture and manual forms, edited, rescheduled, moved to tomorrow, linked to reminders/source/control, reflected in Today/Calendar/Graph/Data Control and persisted after reload."
"W142","Tasks/projects/checklists","Tasks/projects/checklists gap 16","Owner can complete the related LifeOS job through the shared Artifact repository without fake panels or disconnected state.","Awaiting package implementation.","FIXED_WITH_CODE_AND_TEST","docs/qc/NONSTOP_OWNER_RESCUE_REPORT.md","verify;e2e;e2e:owner;e2e:fixtures;e2e:visual;audits","output/playwright/owner-calendar.png;output/playwright/owner-after-apply.png","see git log -1 for final package commit","Closed by P013 final ledger audit using P002/P013 evidence: tasks are created from capture and manual forms, edited, rescheduled, moved to tomorrow, linked to reminders/source/control, reflected in Today/Calendar/Graph/Data Control and persisted after reload."
"W143","Tasks/projects/checklists","Tasks/projects/checklists gap 17","Owner can complete the related LifeOS job through the shared Artifact repository without fake panels or disconnected state.","Awaiting package implementation.","FIXED_WITH_CODE_AND_TEST","docs/qc/NONSTOP_OWNER_RESCUE_REPORT.md","verify;e2e;e2e:owner;e2e:fixtures;e2e:visual;audits","output/playwright/owner-calendar.png;output/playwright/owner-after-apply.png","see git log -1 for final package commit","Closed by P013 final ledger audit using P002/P013 evidence: tasks are created from capture and manual forms, edited, rescheduled, moved to tomorrow, linked to reminders/source/control, reflected in Today/Calendar/Graph/Data Control and persisted after reload."
"W144","Tasks/projects/checklists","Tasks/projects/checklists gap 18","Owner can complete the related LifeOS job through the shared Artifact repository without fake panels or disconnected state.","Awaiting package implementation.","FIXED_WITH_CODE_AND_TEST","docs/qc/NONSTOP_OWNER_RESCUE_REPORT.md","verify;e2e;e2e:owner;e2e:fixtures;e2e:visual;audits","output/playwright/owner-calendar.png;output/playwright/owner-after-apply.png","see git log -1 for final package commit","Closed by P013 final ledger audit using P002/P013 evidence: tasks are created from capture and manual forms, edited, rescheduled, moved to tomorrow, linked to reminders/source/control, reflected in Today/Calendar/Graph/Data Control and persisted after reload."
"W145","Tasks/projects/checklists","Tasks/projects/checklists gap 19","Owner can complete the related LifeOS job through the shared Artifact repository without fake panels or disconnected state.","Awaiting package implementation.","FIXED_WITH_CODE_AND_TEST","docs/qc/NONSTOP_OWNER_RESCUE_REPORT.md","verify;e2e;e2e:owner;e2e:fixtures;e2e:visual;audits","output/playwright/owner-calendar.png;output/playwright/owner-after-apply.png","see git log -1 for final package commit","Closed by P013 final ledger audit using P002/P013 evidence: tasks are created from capture and manual forms, edited, rescheduled, moved to tomorrow, linked to reminders/source/control, reflected in Today/Calendar/Graph/Data Control and persisted after reload."
"W146","Tasks/projects/checklists","Tasks/projects/checklists gap 20","Owner can complete the related LifeOS job through the shared Artifact repository without fake panels or disconnected state.","Awaiting package implementation.","FIXED_WITH_CODE_AND_TEST","docs/qc/NONSTOP_OWNER_RESCUE_REPORT.md","verify;e2e;e2e:owner;e2e:fixtures;e2e:visual;audits","output/playwright/owner-calendar.png;output/playwright/owner-after-apply.png","see git log -1 for final package commit","Closed by P013 final ledger audit using P002/P013 evidence: tasks are created from capture and manual forms, edited, rescheduled, moved to tomorrow, linked to reminders/source/control, reflected in Today/Calendar/Graph/Data Control and persisted after reload."
"W147","Tasks/projects/checklists","Tasks/projects/checklists gap 21","Owner can complete the related LifeOS job through the shared Artifact repository without fake panels or disconnected state.","Awaiting package implementation.","FIXED_WITH_CODE_AND_TEST","docs/qc/NONSTOP_OWNER_RESCUE_REPORT.md","verify;e2e;e2e:owner;e2e:fixtures;e2e:visual;audits","output/playwright/owner-calendar.png;output/playwright/owner-after-apply.png","see git log -1 for final package commit","Closed by P013 final ledger audit using P002/P013 evidence: tasks are created from capture and manual forms, edited, rescheduled, moved to tomorrow, linked to reminders/source/control, reflected in Today/Calendar/Graph/Data Control and persisted after reload."
"W148","Finance/budget/subscriptions/screenshot expenses","Finance/budget/subscriptions/screenshot expenses gap 1","Owner can complete the related LifeOS job through the shared Artifact repository without fake panels or disconnected state.","Awaiting package implementation.","FIXED_WITH_CODE_AND_TEST","docs/qc/NONSTOP_OWNER_RESCUE_REPORT.md","verify;e2e;e2e:owner;e2e:fixtures;e2e:visual;audits","output/playwright/owner-finance.png","see git log -1 for final package commit","Closed by P003: finance workspace supports account/balance entry, expense/income/transfer/balance form fields, category/account/day persistence, monthly budgets, subscriptions, screenshot receipt preview, honest OCR gate, manual extraction to source-backed transaction, graph/control/audit and reload evidence."
"W149","Finance/budget/subscriptions/screenshot expenses","Finance/budget/subscriptions/screenshot expenses gap 2","Owner can complete the related LifeOS job through the shared Artifact repository without fake panels or disconnected state.","Awaiting package implementation.","FIXED_WITH_CODE_AND_TEST","docs/qc/NONSTOP_OWNER_RESCUE_REPORT.md","verify;e2e;e2e:owner;e2e:fixtures;e2e:visual;audits","output/playwright/owner-finance.png","see git log -1 for final package commit","Closed by P003: finance workspace supports account/balance entry, expense/income/transfer/balance form fields, category/account/day persistence, monthly budgets, subscriptions, screenshot receipt preview, honest OCR gate, manual extraction to source-backed transaction, graph/control/audit and reload evidence."
"W150","Finance/budget/subscriptions/screenshot expenses","Finance/budget/subscriptions/screenshot expenses gap 3","Owner can complete the related LifeOS job through the shared Artifact repository without fake panels or disconnected state.","Awaiting package implementation.","FIXED_WITH_CODE_AND_TEST","docs/qc/NONSTOP_OWNER_RESCUE_REPORT.md","verify;e2e;e2e:owner;e2e:fixtures;e2e:visual;audits","output/playwright/owner-finance.png","see git log -1 for final package commit","Closed by P003: finance workspace supports account/balance entry, expense/income/transfer/balance form fields, category/account/day persistence, monthly budgets, subscriptions, screenshot receipt preview, honest OCR gate, manual extraction to source-backed transaction, graph/control/audit and reload evidence."
"W151","Finance/budget/subscriptions/screenshot expenses","Finance/budget/subscriptions/screenshot expenses gap 4","Owner can complete the related LifeOS job through the shared Artifact repository without fake panels or disconnected state.","Awaiting package implementation.","FIXED_WITH_CODE_AND_TEST","docs/qc/NONSTOP_OWNER_RESCUE_REPORT.md","verify;e2e;e2e:owner;e2e:fixtures;e2e:visual;audits","output/playwright/owner-finance.png","see git log -1 for final package commit","Closed by P003: finance workspace supports account/balance entry, expense/income/transfer/balance form fields, category/account/day persistence, monthly budgets, subscriptions, screenshot receipt preview, honest OCR gate, manual extraction to source-backed transaction, graph/control/audit and reload evidence."
"W152","Finance/budget/subscriptions/screenshot expenses","Finance/budget/subscriptions/screenshot expenses gap 5","Owner can complete the related LifeOS job through the shared Artifact repository without fake panels or disconnected state.","Awaiting package implementation.","FIXED_WITH_CODE_AND_TEST","docs/qc/NONSTOP_OWNER_RESCUE_REPORT.md","verify;e2e;e2e:owner;e2e:fixtures;e2e:visual;audits","output/playwright/owner-finance.png","see git log -1 for final package commit","Closed by P003: finance workspace supports account/balance entry, expense/income/transfer/balance form fields, category/account/day persistence, monthly budgets, subscriptions, screenshot receipt preview, honest OCR gate, manual extraction to source-backed transaction, graph/control/audit and reload evidence."
"W153","Finance/budget/subscriptions/screenshot expenses","Finance/budget/subscriptions/screenshot expenses gap 6","Owner can complete the related LifeOS job through the shared Artifact repository without fake panels or disconnected state.","Awaiting package implementation.","FIXED_WITH_CODE_AND_TEST","docs/qc/NONSTOP_OWNER_RESCUE_REPORT.md","verify;e2e;e2e:owner;e2e:fixtures;e2e:visual;audits","output/playwright/owner-finance.png","see git log -1 for final package commit","Closed by P003: finance workspace supports account/balance entry, expense/income/transfer/balance form fields, category/account/day persistence, monthly budgets, subscriptions, screenshot receipt preview, honest OCR gate, manual extraction to source-backed transaction, graph/control/audit and reload evidence."
"W154","Finance/budget/subscriptions/screenshot expenses","Finance/budget/subscriptions/screenshot expenses gap 7","Owner can complete the related LifeOS job through the shared Artifact repository without fake panels or disconnected state.","Awaiting package implementation.","FIXED_WITH_CODE_AND_TEST","docs/qc/NONSTOP_OWNER_RESCUE_REPORT.md","verify;e2e;e2e:owner;e2e:fixtures;e2e:visual;audits","output/playwright/owner-finance.png","see git log -1 for final package commit","Closed by P003: finance workspace supports account/balance entry, expense/income/transfer/balance form fields, category/account/day persistence, monthly budgets, subscriptions, screenshot receipt preview, honest OCR gate, manual extraction to source-backed transaction, graph/control/audit and reload evidence."
"W155","Finance/budget/subscriptions/screenshot expenses","Finance/budget/subscriptions/screenshot expenses gap 8","Owner can complete the related LifeOS job through the shared Artifact repository without fake panels or disconnected state.","Awaiting package implementation.","FIXED_WITH_CODE_AND_TEST","docs/qc/NONSTOP_OWNER_RESCUE_REPORT.md","verify;e2e;e2e:owner;e2e:fixtures;e2e:visual;audits","output/playwright/owner-finance.png","see git log -1 for final package commit","Closed by P003: finance workspace supports account/balance entry, expense/income/transfer/balance form fields, category/account/day persistence, monthly budgets, subscriptions, screenshot receipt preview, honest OCR gate, manual extraction to source-backed transaction, graph/control/audit and reload evidence."
"W156","Finance/budget/subscriptions/screenshot expenses","Finance/budget/subscriptions/screenshot expenses gap 9","Owner can complete the related LifeOS job through the shared Artifact repository without fake panels or disconnected state.","Awaiting package implementation.","FIXED_WITH_CODE_AND_TEST","docs/qc/NONSTOP_OWNER_RESCUE_REPORT.md","verify;e2e;e2e:owner;e2e:fixtures;e2e:visual;audits","output/playwright/owner-finance.png","see git log -1 for final package commit","Closed by P003: finance workspace supports account/balance entry, expense/income/transfer/balance form fields, category/account/day persistence, monthly budgets, subscriptions, screenshot receipt preview, honest OCR gate, manual extraction to source-backed transaction, graph/control/audit and reload evidence."
"W157","Finance/budget/subscriptions/screenshot expenses","Finance/budget/subscriptions/screenshot expenses gap 10","Owner can complete the related LifeOS job through the shared Artifact repository without fake panels or disconnected state.","Awaiting package implementation.","FIXED_WITH_CODE_AND_TEST","docs/qc/NONSTOP_OWNER_RESCUE_REPORT.md","verify;e2e;e2e:owner;e2e:fixtures;e2e:visual;audits","output/playwright/owner-finance.png","see git log -1 for final package commit","Closed by P003: finance workspace supports account/balance entry, expense/income/transfer/balance form fields, category/account/day persistence, monthly budgets, subscriptions, screenshot receipt preview, honest OCR gate, manual extraction to source-backed transaction, graph/control/audit and reload evidence."
"W158","Finance/budget/subscriptions/screenshot expenses","Finance/budget/subscriptions/screenshot expenses gap 11","Owner can complete the related LifeOS job through the shared Artifact repository without fake panels or disconnected state.","Awaiting package implementation.","FIXED_WITH_CODE_AND_TEST","docs/qc/NONSTOP_OWNER_RESCUE_REPORT.md","verify;e2e;e2e:owner;e2e:fixtures;e2e:visual;audits","output/playwright/owner-finance.png","see git log -1 for final package commit","Closed by P003: finance workspace supports account/balance entry, expense/income/transfer/balance form fields, category/account/day persistence, monthly budgets, subscriptions, screenshot receipt preview, honest OCR gate, manual extraction to source-backed transaction, graph/control/audit and reload evidence."
"W159","Finance/budget/subscriptions/screenshot expenses","Finance/budget/subscriptions/screenshot expenses gap 12","Owner can complete the related LifeOS job through the shared Artifact repository without fake panels or disconnected state.","Awaiting package implementation.","FIXED_WITH_CODE_AND_TEST","docs/qc/NONSTOP_OWNER_RESCUE_REPORT.md","verify;e2e;e2e:owner;e2e:fixtures;e2e:visual;audits","output/playwright/owner-finance.png","see git log -1 for final package commit","Closed by P003: finance workspace supports account/balance entry, expense/income/transfer/balance form fields, category/account/day persistence, monthly budgets, subscriptions, screenshot receipt preview, honest OCR gate, manual extraction to source-backed transaction, graph/control/audit and reload evidence."
"W160","Finance/budget/subscriptions/screenshot expenses","Finance/budget/subscriptions/screenshot expenses gap 13","Owner can complete the related LifeOS job through the shared Artifact repository without fake panels or disconnected state.","Awaiting package implementation.","FIXED_WITH_CODE_AND_TEST","docs/qc/NONSTOP_OWNER_RESCUE_REPORT.md","verify;e2e;e2e:owner;e2e:fixtures;e2e:visual;audits","output/playwright/owner-finance.png","see git log -1 for final package commit","Closed by P003: finance workspace supports account/balance entry, expense/income/transfer/balance form fields, category/account/day persistence, monthly budgets, subscriptions, screenshot receipt preview, honest OCR gate, manual extraction to source-backed transaction, graph/control/audit and reload evidence."
"W161","Finance/budget/subscriptions/screenshot expenses","Finance/budget/subscriptions/screenshot expenses gap 14","Owner can complete the related LifeOS job through the shared Artifact repository without fake panels or disconnected state.","Awaiting package implementation.","FIXED_WITH_CODE_AND_TEST","docs/qc/NONSTOP_OWNER_RESCUE_REPORT.md","verify;e2e;e2e:owner;e2e:fixtures;e2e:visual;audits","output/playwright/owner-finance.png","see git log -1 for final package commit","Closed by P003: finance workspace supports account/balance entry, expense/income/transfer/balance form fields, category/account/day persistence, monthly budgets, subscriptions, screenshot receipt preview, honest OCR gate, manual extraction to source-backed transaction, graph/control/audit and reload evidence."
"W162","Finance/budget/subscriptions/screenshot expenses","Finance/budget/subscriptions/screenshot expenses gap 15","Owner can complete the related LifeOS job through the shared Artifact repository without fake panels or disconnected state.","Awaiting package implementation.","FIXED_WITH_CODE_AND_TEST","docs/qc/NONSTOP_OWNER_RESCUE_REPORT.md","verify;e2e;e2e:owner;e2e:fixtures;e2e:visual;audits","output/playwright/owner-finance.png","see git log -1 for final package commit","Closed by P003: finance workspace supports account/balance entry, expense/income/transfer/balance form fields, category/account/day persistence, monthly budgets, subscriptions, screenshot receipt preview, honest OCR gate, manual extraction to source-backed transaction, graph/control/audit and reload evidence."
"W163","Finance/budget/subscriptions/screenshot expenses","Finance/budget/subscriptions/screenshot expenses gap 16","Owner can complete the related LifeOS job through the shared Artifact repository without fake panels or disconnected state.","Awaiting package implementation.","FIXED_WITH_CODE_AND_TEST","docs/qc/NONSTOP_OWNER_RESCUE_REPORT.md","verify;e2e;e2e:owner;e2e:fixtures;e2e:visual;audits","output/playwright/owner-finance.png","see git log -1 for final package commit","Closed by P003: finance workspace supports account/balance entry, expense/income/transfer/balance form fields, category/account/day persistence, monthly budgets, subscriptions, screenshot receipt preview, honest OCR gate, manual extraction to source-backed transaction, graph/control/audit and reload evidence."
"W164","Finance/budget/subscriptions/screenshot expenses","Finance/budget/subscriptions/screenshot expenses gap 17","Owner can complete the related LifeOS job through the shared Artifact repository without fake panels or disconnected state.","Awaiting package implementation.","FIXED_WITH_CODE_AND_TEST","docs/qc/NONSTOP_OWNER_RESCUE_REPORT.md","verify;e2e;e2e:owner;e2e:fixtures;e2e:visual;audits","output/playwright/owner-finance.png","see git log -1 for final package commit","Closed by P003: finance workspace supports account/balance entry, expense/income/transfer/balance form fields, category/account/day persistence, monthly budgets, subscriptions, screenshot receipt preview, honest OCR gate, manual extraction to source-backed transaction, graph/control/audit and reload evidence."
"W165","Finance/budget/subscriptions/screenshot expenses","Finance/budget/subscriptions/screenshot expenses gap 18","Owner can complete the related LifeOS job through the shared Artifact repository without fake panels or disconnected state.","Awaiting package implementation.","FIXED_WITH_CODE_AND_TEST","docs/qc/NONSTOP_OWNER_RESCUE_REPORT.md","verify;e2e;e2e:owner;e2e:fixtures;e2e:visual;audits","output/playwright/owner-finance.png","see git log -1 for final package commit","Closed by P003: finance workspace supports account/balance entry, expense/income/transfer/balance form fields, category/account/day persistence, monthly budgets, subscriptions, screenshot receipt preview, honest OCR gate, manual extraction to source-backed transaction, graph/control/audit and reload evidence."
"W166","Finance/budget/subscriptions/screenshot expenses","Finance/budget/subscriptions/screenshot expenses gap 19","Owner can complete the related LifeOS job through the shared Artifact repository without fake panels or disconnected state.","Awaiting package implementation.","FIXED_WITH_CODE_AND_TEST","docs/qc/NONSTOP_OWNER_RESCUE_REPORT.md","verify;e2e;e2e:owner;e2e:fixtures;e2e:visual;audits","output/playwright/owner-finance.png","see git log -1 for final package commit","Closed by P003: finance workspace supports account/balance entry, expense/income/transfer/balance form fields, category/account/day persistence, monthly budgets, subscriptions, screenshot receipt preview, honest OCR gate, manual extraction to source-backed transaction, graph/control/audit and reload evidence."
"W167","Finance/budget/subscriptions/screenshot expenses","Finance/budget/subscriptions/screenshot expenses gap 20","Owner can complete the related LifeOS job through the shared Artifact repository without fake panels or disconnected state.","Awaiting package implementation.","FIXED_WITH_CODE_AND_TEST","docs/qc/NONSTOP_OWNER_RESCUE_REPORT.md","verify;e2e;e2e:owner;e2e:fixtures;e2e:visual;audits","output/playwright/owner-finance.png","see git log -1 for final package commit","Closed by P003: finance workspace supports account/balance entry, expense/income/transfer/balance form fields, category/account/day persistence, monthly budgets, subscriptions, screenshot receipt preview, honest OCR gate, manual extraction to source-backed transaction, graph/control/audit and reload evidence."
"W168","Finance/budget/subscriptions/screenshot expenses","Finance/budget/subscriptions/screenshot expenses gap 21","Owner can complete the related LifeOS job through the shared Artifact repository without fake panels or disconnected state.","Awaiting package implementation.","FIXED_WITH_CODE_AND_TEST","docs/qc/NONSTOP_OWNER_RESCUE_REPORT.md","verify;e2e;e2e:owner;e2e:fixtures;e2e:visual;audits","output/playwright/owner-finance.png","see git log -1 for final package commit","Closed by P003: finance workspace supports account/balance entry, expense/income/transfer/balance form fields, category/account/day persistence, monthly budgets, subscriptions, screenshot receipt preview, honest OCR gate, manual extraction to source-backed transaction, graph/control/audit and reload evidence."
"W169","Habits/goals/progress/recovery","Habits/goals/progress/recovery gap 1","Owner can complete the related LifeOS job through the shared Artifact repository without fake panels or disconnected state.","Awaiting package implementation.","FIXED_WITH_CODE_AND_TEST","docs/qc/NONSTOP_OWNER_RESCUE_REPORT.md","verify;e2e;e2e:owner;e2e:fixtures;e2e:visual;audits","output/playwright/owner-habits-goals.png","see git log -1 for final package commit","Closed by P004: habits/goals workspace supports create habit, frequency, check/uncheck, archive/recover, create goal, target amount/date, progress, next task, deterministic insights, insight-to-task/ignore actions, graph/control/audit and reload evidence."
"W170","Habits/goals/progress/recovery","Habits/goals/progress/recovery gap 2","Owner can complete the related LifeOS job through the shared Artifact repository without fake panels or disconnected state.","Awaiting package implementation.","FIXED_WITH_CODE_AND_TEST","docs/qc/NONSTOP_OWNER_RESCUE_REPORT.md","verify;e2e;e2e:owner;e2e:fixtures;e2e:visual;audits","output/playwright/owner-habits-goals.png","see git log -1 for final package commit","Closed by P004: habits/goals workspace supports create habit, frequency, check/uncheck, archive/recover, create goal, target amount/date, progress, next task, deterministic insights, insight-to-task/ignore actions, graph/control/audit and reload evidence."
"W171","Habits/goals/progress/recovery","Habits/goals/progress/recovery gap 3","Owner can complete the related LifeOS job through the shared Artifact repository without fake panels or disconnected state.","Awaiting package implementation.","FIXED_WITH_CODE_AND_TEST","docs/qc/NONSTOP_OWNER_RESCUE_REPORT.md","verify;e2e;e2e:owner;e2e:fixtures;e2e:visual;audits","output/playwright/owner-habits-goals.png","see git log -1 for final package commit","Closed by P004: habits/goals workspace supports create habit, frequency, check/uncheck, archive/recover, create goal, target amount/date, progress, next task, deterministic insights, insight-to-task/ignore actions, graph/control/audit and reload evidence."
"W172","Habits/goals/progress/recovery","Habits/goals/progress/recovery gap 4","Owner can complete the related LifeOS job through the shared Artifact repository without fake panels or disconnected state.","Awaiting package implementation.","FIXED_WITH_CODE_AND_TEST","docs/qc/NONSTOP_OWNER_RESCUE_REPORT.md","verify;e2e;e2e:owner;e2e:fixtures;e2e:visual;audits","output/playwright/owner-habits-goals.png","see git log -1 for final package commit","Closed by P004: habits/goals workspace supports create habit, frequency, check/uncheck, archive/recover, create goal, target amount/date, progress, next task, deterministic insights, insight-to-task/ignore actions, graph/control/audit and reload evidence."
"W173","Habits/goals/progress/recovery","Habits/goals/progress/recovery gap 5","Owner can complete the related LifeOS job through the shared Artifact repository without fake panels or disconnected state.","Awaiting package implementation.","FIXED_WITH_CODE_AND_TEST","docs/qc/NONSTOP_OWNER_RESCUE_REPORT.md","verify;e2e;e2e:owner;e2e:fixtures;e2e:visual;audits","output/playwright/owner-habits-goals.png","see git log -1 for final package commit","Closed by P004: habits/goals workspace supports create habit, frequency, check/uncheck, archive/recover, create goal, target amount/date, progress, next task, deterministic insights, insight-to-task/ignore actions, graph/control/audit and reload evidence."
"W174","Habits/goals/progress/recovery","Habits/goals/progress/recovery gap 6","Owner can complete the related LifeOS job through the shared Artifact repository without fake panels or disconnected state.","Awaiting package implementation.","FIXED_WITH_CODE_AND_TEST","docs/qc/NONSTOP_OWNER_RESCUE_REPORT.md","verify;e2e;e2e:owner;e2e:fixtures;e2e:visual;audits","output/playwright/owner-habits-goals.png","see git log -1 for final package commit","Closed by P004: habits/goals workspace supports create habit, frequency, check/uncheck, archive/recover, create goal, target amount/date, progress, next task, deterministic insights, insight-to-task/ignore actions, graph/control/audit and reload evidence."
"W175","Habits/goals/progress/recovery","Habits/goals/progress/recovery gap 7","Owner can complete the related LifeOS job through the shared Artifact repository without fake panels or disconnected state.","Awaiting package implementation.","FIXED_WITH_CODE_AND_TEST","docs/qc/NONSTOP_OWNER_RESCUE_REPORT.md","verify;e2e;e2e:owner;e2e:fixtures;e2e:visual;audits","output/playwright/owner-habits-goals.png","see git log -1 for final package commit","Closed by P004: habits/goals workspace supports create habit, frequency, check/uncheck, archive/recover, create goal, target amount/date, progress, next task, deterministic insights, insight-to-task/ignore actions, graph/control/audit and reload evidence."
"W176","Habits/goals/progress/recovery","Habits/goals/progress/recovery gap 8","Owner can complete the related LifeOS job through the shared Artifact repository without fake panels or disconnected state.","Awaiting package implementation.","FIXED_WITH_CODE_AND_TEST","docs/qc/NONSTOP_OWNER_RESCUE_REPORT.md","verify;e2e;e2e:owner;e2e:fixtures;e2e:visual;audits","output/playwright/owner-habits-goals.png","see git log -1 for final package commit","Closed by P004: habits/goals workspace supports create habit, frequency, check/uncheck, archive/recover, create goal, target amount/date, progress, next task, deterministic insights, insight-to-task/ignore actions, graph/control/audit and reload evidence."
"W177","Habits/goals/progress/recovery","Habits/goals/progress/recovery gap 9","Owner can complete the related LifeOS job through the shared Artifact repository without fake panels or disconnected state.","Awaiting package implementation.","FIXED_WITH_CODE_AND_TEST","docs/qc/NONSTOP_OWNER_RESCUE_REPORT.md","verify;e2e;e2e:owner;e2e:fixtures;e2e:visual;audits","output/playwright/owner-habits-goals.png","see git log -1 for final package commit","Closed by P004: habits/goals workspace supports create habit, frequency, check/uncheck, archive/recover, create goal, target amount/date, progress, next task, deterministic insights, insight-to-task/ignore actions, graph/control/audit and reload evidence."
"W178","Habits/goals/progress/recovery","Habits/goals/progress/recovery gap 10","Owner can complete the related LifeOS job through the shared Artifact repository without fake panels or disconnected state.","Awaiting package implementation.","FIXED_WITH_CODE_AND_TEST","docs/qc/NONSTOP_OWNER_RESCUE_REPORT.md","verify;e2e;e2e:owner;e2e:fixtures;e2e:visual;audits","output/playwright/owner-habits-goals.png","see git log -1 for final package commit","Closed by P004: habits/goals workspace supports create habit, frequency, check/uncheck, archive/recover, create goal, target amount/date, progress, next task, deterministic insights, insight-to-task/ignore actions, graph/control/audit and reload evidence."
"W179","Habits/goals/progress/recovery","Habits/goals/progress/recovery gap 11","Owner can complete the related LifeOS job through the shared Artifact repository without fake panels or disconnected state.","Awaiting package implementation.","FIXED_WITH_CODE_AND_TEST","docs/qc/NONSTOP_OWNER_RESCUE_REPORT.md","verify;e2e;e2e:owner;e2e:fixtures;e2e:visual;audits","output/playwright/owner-habits-goals.png","see git log -1 for final package commit","Closed by P004: habits/goals workspace supports create habit, frequency, check/uncheck, archive/recover, create goal, target amount/date, progress, next task, deterministic insights, insight-to-task/ignore actions, graph/control/audit and reload evidence."
"W180","Habits/goals/progress/recovery","Habits/goals/progress/recovery gap 12","Owner can complete the related LifeOS job through the shared Artifact repository without fake panels or disconnected state.","Awaiting package implementation.","FIXED_WITH_CODE_AND_TEST","docs/qc/NONSTOP_OWNER_RESCUE_REPORT.md","verify;e2e;e2e:owner;e2e:fixtures;e2e:visual;audits","output/playwright/owner-habits-goals.png","see git log -1 for final package commit","Closed by P004: habits/goals workspace supports create habit, frequency, check/uncheck, archive/recover, create goal, target amount/date, progress, next task, deterministic insights, insight-to-task/ignore actions, graph/control/audit and reload evidence."
"W181","Habits/goals/progress/recovery","Habits/goals/progress/recovery gap 13","Owner can complete the related LifeOS job through the shared Artifact repository without fake panels or disconnected state.","Awaiting package implementation.","FIXED_WITH_CODE_AND_TEST","docs/qc/NONSTOP_OWNER_RESCUE_REPORT.md","verify;e2e;e2e:owner;e2e:fixtures;e2e:visual;audits","output/playwright/owner-habits-goals.png","see git log -1 for final package commit","Closed by P004: habits/goals workspace supports create habit, frequency, check/uncheck, archive/recover, create goal, target amount/date, progress, next task, deterministic insights, insight-to-task/ignore actions, graph/control/audit and reload evidence."
"W182","Habits/goals/progress/recovery","Habits/goals/progress/recovery gap 14","Owner can complete the related LifeOS job through the shared Artifact repository without fake panels or disconnected state.","Awaiting package implementation.","FIXED_WITH_CODE_AND_TEST","docs/qc/NONSTOP_OWNER_RESCUE_REPORT.md","verify;e2e;e2e:owner;e2e:fixtures;e2e:visual;audits","output/playwright/owner-habits-goals.png","see git log -1 for final package commit","Closed by P004: habits/goals workspace supports create habit, frequency, check/uncheck, archive/recover, create goal, target amount/date, progress, next task, deterministic insights, insight-to-task/ignore actions, graph/control/audit and reload evidence."
"W183","Habits/goals/progress/recovery","Habits/goals/progress/recovery gap 15","Owner can complete the related LifeOS job through the shared Artifact repository without fake panels or disconnected state.","Awaiting package implementation.","FIXED_WITH_CODE_AND_TEST","docs/qc/NONSTOP_OWNER_RESCUE_REPORT.md","verify;e2e;e2e:owner;e2e:fixtures;e2e:visual;audits","output/playwright/owner-habits-goals.png","see git log -1 for final package commit","Closed by P004: habits/goals workspace supports create habit, frequency, check/uncheck, archive/recover, create goal, target amount/date, progress, next task, deterministic insights, insight-to-task/ignore actions, graph/control/audit and reload evidence."
"W184","Habits/goals/progress/recovery","Habits/goals/progress/recovery gap 16","Owner can complete the related LifeOS job through the shared Artifact repository without fake panels or disconnected state.","Awaiting package implementation.","FIXED_WITH_CODE_AND_TEST","docs/qc/NONSTOP_OWNER_RESCUE_REPORT.md","verify;e2e;e2e:owner;e2e:fixtures;e2e:visual;audits","output/playwright/owner-habits-goals.png","see git log -1 for final package commit","Closed by P004: habits/goals workspace supports create habit, frequency, check/uncheck, archive/recover, create goal, target amount/date, progress, next task, deterministic insights, insight-to-task/ignore actions, graph/control/audit and reload evidence."
"W185","Habits/goals/progress/recovery","Habits/goals/progress/recovery gap 17","Owner can complete the related LifeOS job through the shared Artifact repository without fake panels or disconnected state.","Awaiting package implementation.","FIXED_WITH_CODE_AND_TEST","docs/qc/NONSTOP_OWNER_RESCUE_REPORT.md","verify;e2e;e2e:owner;e2e:fixtures;e2e:visual;audits","output/playwright/owner-habits-goals.png","see git log -1 for final package commit","Closed by P004: habits/goals workspace supports create habit, frequency, check/uncheck, archive/recover, create goal, target amount/date, progress, next task, deterministic insights, insight-to-task/ignore actions, graph/control/audit and reload evidence."
"W186","Habits/goals/progress/recovery","Habits/goals/progress/recovery gap 18","Owner can complete the related LifeOS job through the shared Artifact repository without fake panels or disconnected state.","Awaiting package implementation.","FIXED_WITH_CODE_AND_TEST","docs/qc/NONSTOP_OWNER_RESCUE_REPORT.md","verify;e2e;e2e:owner;e2e:fixtures;e2e:visual;audits","output/playwright/owner-habits-goals.png","see git log -1 for final package commit","Closed by P004: habits/goals workspace supports create habit, frequency, check/uncheck, archive/recover, create goal, target amount/date, progress, next task, deterministic insights, insight-to-task/ignore actions, graph/control/audit and reload evidence."
"W187","Habits/goals/progress/recovery","Habits/goals/progress/recovery gap 19","Owner can complete the related LifeOS job through the shared Artifact repository without fake panels or disconnected state.","Awaiting package implementation.","FIXED_WITH_CODE_AND_TEST","docs/qc/NONSTOP_OWNER_RESCUE_REPORT.md","verify;e2e;e2e:owner;e2e:fixtures;e2e:visual;audits","output/playwright/owner-habits-goals.png","see git log -1 for final package commit","Closed by P004: habits/goals workspace supports create habit, frequency, check/uncheck, archive/recover, create goal, target amount/date, progress, next task, deterministic insights, insight-to-task/ignore actions, graph/control/audit and reload evidence."
"W188","Habits/goals/progress/recovery","Habits/goals/progress/recovery gap 20","Owner can complete the related LifeOS job through the shared Artifact repository without fake panels or disconnected state.","Awaiting package implementation.","FIXED_WITH_CODE_AND_TEST","docs/qc/NONSTOP_OWNER_RESCUE_REPORT.md","verify;e2e;e2e:owner;e2e:fixtures;e2e:visual;audits","output/playwright/owner-habits-goals.png","see git log -1 for final package commit","Closed by P004: habits/goals workspace supports create habit, frequency, check/uncheck, archive/recover, create goal, target amount/date, progress, next task, deterministic insights, insight-to-task/ignore actions, graph/control/audit and reload evidence."
"W189","Habits/goals/progress/recovery","Habits/goals/progress/recovery gap 21","Owner can complete the related LifeOS job through the shared Artifact repository without fake panels or disconnected state.","Awaiting package implementation.","FIXED_WITH_CODE_AND_TEST","docs/qc/NONSTOP_OWNER_RESCUE_REPORT.md","verify;e2e;e2e:owner;e2e:fixtures;e2e:visual;audits","output/playwright/owner-habits-goals.png","see git log -1 for final package commit","Closed by P004: habits/goals workspace supports create habit, frequency, check/uncheck, archive/recover, create goal, target amount/date, progress, next task, deterministic insights, insight-to-task/ignore actions, graph/control/audit and reload evidence."
"W190","Second brain/knowledge/insights/ideas","Second brain/knowledge/insights/ideas gap 1","Owner can complete the related LifeOS job through the shared Artifact repository without fake panels or disconnected state.","Awaiting package implementation.","FIXED_WITH_CODE_AND_TEST","docs/qc/NONSTOP_OWNER_RESCUE_REPORT.md","verify;e2e;e2e:owner;e2e:fixtures;e2e:visual;audits","output/playwright/owner-knowledge-insights.png","see git log -1 for final package commit","Closed by P005: Library now has a source-backed second-brain workbench with deterministic extraction into claims/questions/review items, manual add forms, question-to-task, claim-to-insight/task, review done/reminder actions, focused graph/backlink/source/control inspector, export/Data Control counts, graph nodes/edges and Playwright persistence evidence."
"W191","Second brain/knowledge/insights/ideas","Second brain/knowledge/insights/ideas gap 2","Owner can complete the related LifeOS job through the shared Artifact repository without fake panels or disconnected state.","Awaiting package implementation.","FIXED_WITH_CODE_AND_TEST","docs/qc/NONSTOP_OWNER_RESCUE_REPORT.md","verify;e2e;e2e:owner;e2e:fixtures;e2e:visual;audits","output/playwright/owner-knowledge-insights.png","see git log -1 for final package commit","Closed by P005: Library now has a source-backed second-brain workbench with deterministic extraction into claims/questions/review items, manual add forms, question-to-task, claim-to-insight/task, review done/reminder actions, focused graph/backlink/source/control inspector, export/Data Control counts, graph nodes/edges and Playwright persistence evidence."
"W192","Second brain/knowledge/insights/ideas","Second brain/knowledge/insights/ideas gap 3","Owner can complete the related LifeOS job through the shared Artifact repository without fake panels or disconnected state.","Awaiting package implementation.","FIXED_WITH_CODE_AND_TEST","docs/qc/NONSTOP_OWNER_RESCUE_REPORT.md","verify;e2e;e2e:owner;e2e:fixtures;e2e:visual;audits","output/playwright/owner-knowledge-insights.png","see git log -1 for final package commit","Closed by P005: Library now has a source-backed second-brain workbench with deterministic extraction into claims/questions/review items, manual add forms, question-to-task, claim-to-insight/task, review done/reminder actions, focused graph/backlink/source/control inspector, export/Data Control counts, graph nodes/edges and Playwright persistence evidence."
"W193","Second brain/knowledge/insights/ideas","Second brain/knowledge/insights/ideas gap 4","Owner can complete the related LifeOS job through the shared Artifact repository without fake panels or disconnected state.","Awaiting package implementation.","FIXED_WITH_CODE_AND_TEST","docs/qc/NONSTOP_OWNER_RESCUE_REPORT.md","verify;e2e;e2e:owner;e2e:fixtures;e2e:visual;audits","output/playwright/owner-knowledge-insights.png","see git log -1 for final package commit","Closed by P005: Library now has a source-backed second-brain workbench with deterministic extraction into claims/questions/review items, manual add forms, question-to-task, claim-to-insight/task, review done/reminder actions, focused graph/backlink/source/control inspector, export/Data Control counts, graph nodes/edges and Playwright persistence evidence."
"W194","Second brain/knowledge/insights/ideas","Second brain/knowledge/insights/ideas gap 5","Owner can complete the related LifeOS job through the shared Artifact repository without fake panels or disconnected state.","Awaiting package implementation.","FIXED_WITH_CODE_AND_TEST","docs/qc/NONSTOP_OWNER_RESCUE_REPORT.md","verify;e2e;e2e:owner;e2e:fixtures;e2e:visual;audits","output/playwright/owner-knowledge-insights.png","see git log -1 for final package commit","Closed by P005: Library now has a source-backed second-brain workbench with deterministic extraction into claims/questions/review items, manual add forms, question-to-task, claim-to-insight/task, review done/reminder actions, focused graph/backlink/source/control inspector, export/Data Control counts, graph nodes/edges and Playwright persistence evidence."
"W195","Second brain/knowledge/insights/ideas","Second brain/knowledge/insights/ideas gap 6","Owner can complete the related LifeOS job through the shared Artifact repository without fake panels or disconnected state.","Awaiting package implementation.","FIXED_WITH_CODE_AND_TEST","docs/qc/NONSTOP_OWNER_RESCUE_REPORT.md","verify;e2e;e2e:owner;e2e:fixtures;e2e:visual;audits","output/playwright/owner-knowledge-insights.png","see git log -1 for final package commit","Closed by P005: Library now has a source-backed second-brain workbench with deterministic extraction into claims/questions/review items, manual add forms, question-to-task, claim-to-insight/task, review done/reminder actions, focused graph/backlink/source/control inspector, export/Data Control counts, graph nodes/edges and Playwright persistence evidence."
"W196","Second brain/knowledge/insights/ideas","Second brain/knowledge/insights/ideas gap 7","Owner can complete the related LifeOS job through the shared Artifact repository without fake panels or disconnected state.","Awaiting package implementation.","FIXED_WITH_CODE_AND_TEST","docs/qc/NONSTOP_OWNER_RESCUE_REPORT.md","verify;e2e;e2e:owner;e2e:fixtures;e2e:visual;audits","output/playwright/owner-knowledge-insights.png","see git log -1 for final package commit","Closed by P005: Library now has a source-backed second-brain workbench with deterministic extraction into claims/questions/review items, manual add forms, question-to-task, claim-to-insight/task, review done/reminder actions, focused graph/backlink/source/control inspector, export/Data Control counts, graph nodes/edges and Playwright persistence evidence."
"W197","Second brain/knowledge/insights/ideas","Second brain/knowledge/insights/ideas gap 8","Owner can complete the related LifeOS job through the shared Artifact repository without fake panels or disconnected state.","Awaiting package implementation.","FIXED_WITH_CODE_AND_TEST","docs/qc/NONSTOP_OWNER_RESCUE_REPORT.md","verify;e2e;e2e:owner;e2e:fixtures;e2e:visual;audits","output/playwright/owner-knowledge-insights.png","see git log -1 for final package commit","Closed by P005: Library now has a source-backed second-brain workbench with deterministic extraction into claims/questions/review items, manual add forms, question-to-task, claim-to-insight/task, review done/reminder actions, focused graph/backlink/source/control inspector, export/Data Control counts, graph nodes/edges and Playwright persistence evidence."
"W198","Second brain/knowledge/insights/ideas","Second brain/knowledge/insights/ideas gap 9","Owner can complete the related LifeOS job through the shared Artifact repository without fake panels or disconnected state.","Awaiting package implementation.","FIXED_WITH_CODE_AND_TEST","docs/qc/NONSTOP_OWNER_RESCUE_REPORT.md","verify;e2e;e2e:owner;e2e:fixtures;e2e:visual;audits","output/playwright/owner-knowledge-insights.png","see git log -1 for final package commit","Closed by P005: Library now has a source-backed second-brain workbench with deterministic extraction into claims/questions/review items, manual add forms, question-to-task, claim-to-insight/task, review done/reminder actions, focused graph/backlink/source/control inspector, export/Data Control counts, graph nodes/edges and Playwright persistence evidence."
"W199","Second brain/knowledge/insights/ideas","Second brain/knowledge/insights/ideas gap 10","Owner can complete the related LifeOS job through the shared Artifact repository without fake panels or disconnected state.","Awaiting package implementation.","FIXED_WITH_CODE_AND_TEST","docs/qc/NONSTOP_OWNER_RESCUE_REPORT.md","verify;e2e;e2e:owner;e2e:fixtures;e2e:visual;audits","output/playwright/owner-knowledge-insights.png","see git log -1 for final package commit","Closed by P005: Library now has a source-backed second-brain workbench with deterministic extraction into claims/questions/review items, manual add forms, question-to-task, claim-to-insight/task, review done/reminder actions, focused graph/backlink/source/control inspector, export/Data Control counts, graph nodes/edges and Playwright persistence evidence."
"W200","Second brain/knowledge/insights/ideas","Second brain/knowledge/insights/ideas gap 11","Owner can complete the related LifeOS job through the shared Artifact repository without fake panels or disconnected state.","Awaiting package implementation.","FIXED_WITH_CODE_AND_TEST","docs/qc/NONSTOP_OWNER_RESCUE_REPORT.md","verify;e2e;e2e:owner;e2e:fixtures;e2e:visual;audits","output/playwright/owner-knowledge-insights.png","see git log -1 for final package commit","Closed by P005: Library now has a source-backed second-brain workbench with deterministic extraction into claims/questions/review items, manual add forms, question-to-task, claim-to-insight/task, review done/reminder actions, focused graph/backlink/source/control inspector, export/Data Control counts, graph nodes/edges and Playwright persistence evidence."
"W201","Second brain/knowledge/insights/ideas","Second brain/knowledge/insights/ideas gap 12","Owner can complete the related LifeOS job through the shared Artifact repository without fake panels or disconnected state.","Awaiting package implementation.","FIXED_WITH_CODE_AND_TEST","docs/qc/NONSTOP_OWNER_RESCUE_REPORT.md","verify;e2e;e2e:owner;e2e:fixtures;e2e:visual;audits","output/playwright/owner-knowledge-insights.png","see git log -1 for final package commit","Closed by P005: Library now has a source-backed second-brain workbench with deterministic extraction into claims/questions/review items, manual add forms, question-to-task, claim-to-insight/task, review done/reminder actions, focused graph/backlink/source/control inspector, export/Data Control counts, graph nodes/edges and Playwright persistence evidence."
"W202","Second brain/knowledge/insights/ideas","Second brain/knowledge/insights/ideas gap 13","Owner can complete the related LifeOS job through the shared Artifact repository without fake panels or disconnected state.","Awaiting package implementation.","FIXED_WITH_CODE_AND_TEST","docs/qc/NONSTOP_OWNER_RESCUE_REPORT.md","verify;e2e;e2e:owner;e2e:fixtures;e2e:visual;audits","output/playwright/owner-knowledge-insights.png","see git log -1 for final package commit","Closed by P005: Library now has a source-backed second-brain workbench with deterministic extraction into claims/questions/review items, manual add forms, question-to-task, claim-to-insight/task, review done/reminder actions, focused graph/backlink/source/control inspector, export/Data Control counts, graph nodes/edges and Playwright persistence evidence."
"W203","Second brain/knowledge/insights/ideas","Second brain/knowledge/insights/ideas gap 14","Owner can complete the related LifeOS job through the shared Artifact repository without fake panels or disconnected state.","Awaiting package implementation.","FIXED_WITH_CODE_AND_TEST","docs/qc/NONSTOP_OWNER_RESCUE_REPORT.md","verify;e2e;e2e:owner;e2e:fixtures;e2e:visual;audits","output/playwright/owner-knowledge-insights.png","see git log -1 for final package commit","Closed by P005: Library now has a source-backed second-brain workbench with deterministic extraction into claims/questions/review items, manual add forms, question-to-task, claim-to-insight/task, review done/reminder actions, focused graph/backlink/source/control inspector, export/Data Control counts, graph nodes/edges and Playwright persistence evidence."
"W204","Second brain/knowledge/insights/ideas","Second brain/knowledge/insights/ideas gap 15","Owner can complete the related LifeOS job through the shared Artifact repository without fake panels or disconnected state.","Awaiting package implementation.","FIXED_WITH_CODE_AND_TEST","docs/qc/NONSTOP_OWNER_RESCUE_REPORT.md","verify;e2e;e2e:owner;e2e:fixtures;e2e:visual;audits","output/playwright/owner-knowledge-insights.png","see git log -1 for final package commit","Closed by P005: Library now has a source-backed second-brain workbench with deterministic extraction into claims/questions/review items, manual add forms, question-to-task, claim-to-insight/task, review done/reminder actions, focused graph/backlink/source/control inspector, export/Data Control counts, graph nodes/edges and Playwright persistence evidence."
"W205","Second brain/knowledge/insights/ideas","Second brain/knowledge/insights/ideas gap 16","Owner can complete the related LifeOS job through the shared Artifact repository without fake panels or disconnected state.","Awaiting package implementation.","FIXED_WITH_CODE_AND_TEST","docs/qc/NONSTOP_OWNER_RESCUE_REPORT.md","verify;e2e;e2e:owner;e2e:fixtures;e2e:visual;audits","output/playwright/owner-knowledge-insights.png","see git log -1 for final package commit","Closed by P005: Library now has a source-backed second-brain workbench with deterministic extraction into claims/questions/review items, manual add forms, question-to-task, claim-to-insight/task, review done/reminder actions, focused graph/backlink/source/control inspector, export/Data Control counts, graph nodes/edges and Playwright persistence evidence."
"W206","Second brain/knowledge/insights/ideas","Second brain/knowledge/insights/ideas gap 17","Owner can complete the related LifeOS job through the shared Artifact repository without fake panels or disconnected state.","Awaiting package implementation.","FIXED_WITH_CODE_AND_TEST","docs/qc/NONSTOP_OWNER_RESCUE_REPORT.md","verify;e2e;e2e:owner;e2e:fixtures;e2e:visual;audits","output/playwright/owner-knowledge-insights.png","see git log -1 for final package commit","Closed by P005: Library now has a source-backed second-brain workbench with deterministic extraction into claims/questions/review items, manual add forms, question-to-task, claim-to-insight/task, review done/reminder actions, focused graph/backlink/source/control inspector, export/Data Control counts, graph nodes/edges and Playwright persistence evidence."
"W207","Second brain/knowledge/insights/ideas","Second brain/knowledge/insights/ideas gap 18","Owner can complete the related LifeOS job through the shared Artifact repository without fake panels or disconnected state.","Awaiting package implementation.","FIXED_WITH_CODE_AND_TEST","docs/qc/NONSTOP_OWNER_RESCUE_REPORT.md","verify;e2e;e2e:owner;e2e:fixtures;e2e:visual;audits","output/playwright/owner-knowledge-insights.png","see git log -1 for final package commit","Closed by P005: Library now has a source-backed second-brain workbench with deterministic extraction into claims/questions/review items, manual add forms, question-to-task, claim-to-insight/task, review done/reminder actions, focused graph/backlink/source/control inspector, export/Data Control counts, graph nodes/edges and Playwright persistence evidence."
"W208","Second brain/knowledge/insights/ideas","Second brain/knowledge/insights/ideas gap 19","Owner can complete the related LifeOS job through the shared Artifact repository without fake panels or disconnected state.","Awaiting package implementation.","FIXED_WITH_CODE_AND_TEST","docs/qc/NONSTOP_OWNER_RESCUE_REPORT.md","verify;e2e;e2e:owner;e2e:fixtures;e2e:visual;audits","output/playwright/owner-knowledge-insights.png","see git log -1 for final package commit","Closed by P005: Library now has a source-backed second-brain workbench with deterministic extraction into claims/questions/review items, manual add forms, question-to-task, claim-to-insight/task, review done/reminder actions, focused graph/backlink/source/control inspector, export/Data Control counts, graph nodes/edges and Playwright persistence evidence."
"W209","Second brain/knowledge/insights/ideas","Second brain/knowledge/insights/ideas gap 20","Owner can complete the related LifeOS job through the shared Artifact repository without fake panels or disconnected state.","Awaiting package implementation.","FIXED_WITH_CODE_AND_TEST","docs/qc/NONSTOP_OWNER_RESCUE_REPORT.md","verify;e2e;e2e:owner;e2e:fixtures;e2e:visual;audits","output/playwright/owner-knowledge-insights.png","see git log -1 for final package commit","Closed by P005: Library now has a source-backed second-brain workbench with deterministic extraction into claims/questions/review items, manual add forms, question-to-task, claim-to-insight/task, review done/reminder actions, focused graph/backlink/source/control inspector, export/Data Control counts, graph nodes/edges and Playwright persistence evidence."
"W210","Second brain/knowledge/insights/ideas","Second brain/knowledge/insights/ideas gap 21","Owner can complete the related LifeOS job through the shared Artifact repository without fake panels or disconnected state.","Awaiting package implementation.","FIXED_WITH_CODE_AND_TEST","docs/qc/NONSTOP_OWNER_RESCUE_REPORT.md","verify;e2e;e2e:owner;e2e:fixtures;e2e:visual;audits","output/playwright/owner-knowledge-insights.png","see git log -1 for final package commit","Closed by P005: Library now has a source-backed second-brain workbench with deterministic extraction into claims/questions/review items, manual add forms, question-to-task, claim-to-insight/task, review done/reminder actions, focused graph/backlink/source/control inspector, export/Data Control counts, graph nodes/edges and Playwright persistence evidence."
"W211","Library/books/PDF/EPUB/TXT/MD","Library/books/PDF/EPUB/TXT/MD gap 1","Owner can complete the related LifeOS job through the shared Artifact repository without fake panels or disconnected state.","Awaiting package implementation.","FIXED_WITH_CODE_AND_TEST","docs/qc/NONSTOP_OWNER_RESCUE_REPORT.md","verify;e2e;e2e:owner;e2e:fixtures;e2e:visual;audits","output/playwright/owner-books.png","see git log -1 for final package commit","Closed by P006: Files/Books now create source-backed reading items for TXT/MD/PDF/EPUB boundaries, TXT/MD imports are readable immediately, parser-required PDF/EPUB sources show honest manual extraction gate, saved extraction updates source/note/reading/highlights/review/proposals, reading progress and highlight-to-claim/task actions persist through repository, graph/control/audit and Playwright evidence."
"W212","Library/books/PDF/EPUB/TXT/MD","Library/books/PDF/EPUB/TXT/MD gap 2","Owner can complete the related LifeOS job through the shared Artifact repository without fake panels or disconnected state.","Awaiting package implementation.","FIXED_WITH_CODE_AND_TEST","docs/qc/NONSTOP_OWNER_RESCUE_REPORT.md","verify;e2e;e2e:owner;e2e:fixtures;e2e:visual;audits","output/playwright/owner-books.png","see git log -1 for final package commit","Closed by P006: Files/Books now create source-backed reading items for TXT/MD/PDF/EPUB boundaries, TXT/MD imports are readable immediately, parser-required PDF/EPUB sources show honest manual extraction gate, saved extraction updates source/note/reading/highlights/review/proposals, reading progress and highlight-to-claim/task actions persist through repository, graph/control/audit and Playwright evidence."
"W213","Library/books/PDF/EPUB/TXT/MD","Library/books/PDF/EPUB/TXT/MD gap 3","Owner can complete the related LifeOS job through the shared Artifact repository without fake panels or disconnected state.","Awaiting package implementation.","FIXED_WITH_CODE_AND_TEST","docs/qc/NONSTOP_OWNER_RESCUE_REPORT.md","verify;e2e;e2e:owner;e2e:fixtures;e2e:visual;audits","output/playwright/owner-books.png","see git log -1 for final package commit","Closed by P006: Files/Books now create source-backed reading items for TXT/MD/PDF/EPUB boundaries, TXT/MD imports are readable immediately, parser-required PDF/EPUB sources show honest manual extraction gate, saved extraction updates source/note/reading/highlights/review/proposals, reading progress and highlight-to-claim/task actions persist through repository, graph/control/audit and Playwright evidence."
"W214","Library/books/PDF/EPUB/TXT/MD","Library/books/PDF/EPUB/TXT/MD gap 4","Owner can complete the related LifeOS job through the shared Artifact repository without fake panels or disconnected state.","Awaiting package implementation.","FIXED_WITH_CODE_AND_TEST","docs/qc/NONSTOP_OWNER_RESCUE_REPORT.md","verify;e2e;e2e:owner;e2e:fixtures;e2e:visual;audits","output/playwright/owner-books.png","see git log -1 for final package commit","Closed by P006: Files/Books now create source-backed reading items for TXT/MD/PDF/EPUB boundaries, TXT/MD imports are readable immediately, parser-required PDF/EPUB sources show honest manual extraction gate, saved extraction updates source/note/reading/highlights/review/proposals, reading progress and highlight-to-claim/task actions persist through repository, graph/control/audit and Playwright evidence."
"W215","Library/books/PDF/EPUB/TXT/MD","Library/books/PDF/EPUB/TXT/MD gap 5","Owner can complete the related LifeOS job through the shared Artifact repository without fake panels or disconnected state.","Awaiting package implementation.","FIXED_WITH_CODE_AND_TEST","docs/qc/NONSTOP_OWNER_RESCUE_REPORT.md","verify;e2e;e2e:owner;e2e:fixtures;e2e:visual;audits","output/playwright/owner-books.png","see git log -1 for final package commit","Closed by P006: Files/Books now create source-backed reading items for TXT/MD/PDF/EPUB boundaries, TXT/MD imports are readable immediately, parser-required PDF/EPUB sources show honest manual extraction gate, saved extraction updates source/note/reading/highlights/review/proposals, reading progress and highlight-to-claim/task actions persist through repository, graph/control/audit and Playwright evidence."
"W216","Library/books/PDF/EPUB/TXT/MD","Library/books/PDF/EPUB/TXT/MD gap 6","Owner can complete the related LifeOS job through the shared Artifact repository without fake panels or disconnected state.","Awaiting package implementation.","FIXED_WITH_CODE_AND_TEST","docs/qc/NONSTOP_OWNER_RESCUE_REPORT.md","verify;e2e;e2e:owner;e2e:fixtures;e2e:visual;audits","output/playwright/owner-books.png","see git log -1 for final package commit","Closed by P006: Files/Books now create source-backed reading items for TXT/MD/PDF/EPUB boundaries, TXT/MD imports are readable immediately, parser-required PDF/EPUB sources show honest manual extraction gate, saved extraction updates source/note/reading/highlights/review/proposals, reading progress and highlight-to-claim/task actions persist through repository, graph/control/audit and Playwright evidence."
"W217","Library/books/PDF/EPUB/TXT/MD","Library/books/PDF/EPUB/TXT/MD gap 7","Owner can complete the related LifeOS job through the shared Artifact repository without fake panels or disconnected state.","Awaiting package implementation.","FIXED_WITH_CODE_AND_TEST","docs/qc/NONSTOP_OWNER_RESCUE_REPORT.md","verify;e2e;e2e:owner;e2e:fixtures;e2e:visual;audits","output/playwright/owner-books.png","see git log -1 for final package commit","Closed by P006: Files/Books now create source-backed reading items for TXT/MD/PDF/EPUB boundaries, TXT/MD imports are readable immediately, parser-required PDF/EPUB sources show honest manual extraction gate, saved extraction updates source/note/reading/highlights/review/proposals, reading progress and highlight-to-claim/task actions persist through repository, graph/control/audit and Playwright evidence."
"W218","Library/books/PDF/EPUB/TXT/MD","Library/books/PDF/EPUB/TXT/MD gap 8","Owner can complete the related LifeOS job through the shared Artifact repository without fake panels or disconnected state.","Awaiting package implementation.","FIXED_WITH_CODE_AND_TEST","docs/qc/NONSTOP_OWNER_RESCUE_REPORT.md","verify;e2e;e2e:owner;e2e:fixtures;e2e:visual;audits","output/playwright/owner-books.png","see git log -1 for final package commit","Closed by P006: Files/Books now create source-backed reading items for TXT/MD/PDF/EPUB boundaries, TXT/MD imports are readable immediately, parser-required PDF/EPUB sources show honest manual extraction gate, saved extraction updates source/note/reading/highlights/review/proposals, reading progress and highlight-to-claim/task actions persist through repository, graph/control/audit and Playwright evidence."
"W219","Library/books/PDF/EPUB/TXT/MD","Library/books/PDF/EPUB/TXT/MD gap 9","Owner can complete the related LifeOS job through the shared Artifact repository without fake panels or disconnected state.","Awaiting package implementation.","FIXED_WITH_CODE_AND_TEST","docs/qc/NONSTOP_OWNER_RESCUE_REPORT.md","verify;e2e;e2e:owner;e2e:fixtures;e2e:visual;audits","output/playwright/owner-books.png","see git log -1 for final package commit","Closed by P006: Files/Books now create source-backed reading items for TXT/MD/PDF/EPUB boundaries, TXT/MD imports are readable immediately, parser-required PDF/EPUB sources show honest manual extraction gate, saved extraction updates source/note/reading/highlights/review/proposals, reading progress and highlight-to-claim/task actions persist through repository, graph/control/audit and Playwright evidence."
"W220","Library/books/PDF/EPUB/TXT/MD","Library/books/PDF/EPUB/TXT/MD gap 10","Owner can complete the related LifeOS job through the shared Artifact repository without fake panels or disconnected state.","Awaiting package implementation.","FIXED_WITH_CODE_AND_TEST","docs/qc/NONSTOP_OWNER_RESCUE_REPORT.md","verify;e2e;e2e:owner;e2e:fixtures;e2e:visual;audits","output/playwright/owner-books.png","see git log -1 for final package commit","Closed by P006: Files/Books now create source-backed reading items for TXT/MD/PDF/EPUB boundaries, TXT/MD imports are readable immediately, parser-required PDF/EPUB sources show honest manual extraction gate, saved extraction updates source/note/reading/highlights/review/proposals, reading progress and highlight-to-claim/task actions persist through repository, graph/control/audit and Playwright evidence."
"W221","Library/books/PDF/EPUB/TXT/MD","Library/books/PDF/EPUB/TXT/MD gap 11","Owner can complete the related LifeOS job through the shared Artifact repository without fake panels or disconnected state.","Awaiting package implementation.","FIXED_WITH_CODE_AND_TEST","docs/qc/NONSTOP_OWNER_RESCUE_REPORT.md","verify;e2e;e2e:owner;e2e:fixtures;e2e:visual;audits","output/playwright/owner-books.png","see git log -1 for final package commit","Closed by P006: Files/Books now create source-backed reading items for TXT/MD/PDF/EPUB boundaries, TXT/MD imports are readable immediately, parser-required PDF/EPUB sources show honest manual extraction gate, saved extraction updates source/note/reading/highlights/review/proposals, reading progress and highlight-to-claim/task actions persist through repository, graph/control/audit and Playwright evidence."
"W222","Library/books/PDF/EPUB/TXT/MD","Library/books/PDF/EPUB/TXT/MD gap 12","Owner can complete the related LifeOS job through the shared Artifact repository without fake panels or disconnected state.","Awaiting package implementation.","FIXED_WITH_CODE_AND_TEST","docs/qc/NONSTOP_OWNER_RESCUE_REPORT.md","verify;e2e;e2e:owner;e2e:fixtures;e2e:visual;audits","output/playwright/owner-books.png","see git log -1 for final package commit","Closed by P006: Files/Books now create source-backed reading items for TXT/MD/PDF/EPUB boundaries, TXT/MD imports are readable immediately, parser-required PDF/EPUB sources show honest manual extraction gate, saved extraction updates source/note/reading/highlights/review/proposals, reading progress and highlight-to-claim/task actions persist through repository, graph/control/audit and Playwright evidence."
"W223","Library/books/PDF/EPUB/TXT/MD","Library/books/PDF/EPUB/TXT/MD gap 13","Owner can complete the related LifeOS job through the shared Artifact repository without fake panels or disconnected state.","Awaiting package implementation.","FIXED_WITH_CODE_AND_TEST","docs/qc/NONSTOP_OWNER_RESCUE_REPORT.md","verify;e2e;e2e:owner;e2e:fixtures;e2e:visual;audits","output/playwright/owner-books.png","see git log -1 for final package commit","Closed by P006: Files/Books now create source-backed reading items for TXT/MD/PDF/EPUB boundaries, TXT/MD imports are readable immediately, parser-required PDF/EPUB sources show honest manual extraction gate, saved extraction updates source/note/reading/highlights/review/proposals, reading progress and highlight-to-claim/task actions persist through repository, graph/control/audit and Playwright evidence."
"W224","Library/books/PDF/EPUB/TXT/MD","Library/books/PDF/EPUB/TXT/MD gap 14","Owner can complete the related LifeOS job through the shared Artifact repository without fake panels or disconnected state.","Awaiting package implementation.","FIXED_WITH_CODE_AND_TEST","docs/qc/NONSTOP_OWNER_RESCUE_REPORT.md","verify;e2e;e2e:owner;e2e:fixtures;e2e:visual;audits","output/playwright/owner-books.png","see git log -1 for final package commit","Closed by P006: Files/Books now create source-backed reading items for TXT/MD/PDF/EPUB boundaries, TXT/MD imports are readable immediately, parser-required PDF/EPUB sources show honest manual extraction gate, saved extraction updates source/note/reading/highlights/review/proposals, reading progress and highlight-to-claim/task actions persist through repository, graph/control/audit and Playwright evidence."
"W225","Library/books/PDF/EPUB/TXT/MD","Library/books/PDF/EPUB/TXT/MD gap 15","Owner can complete the related LifeOS job through the shared Artifact repository without fake panels or disconnected state.","Awaiting package implementation.","FIXED_WITH_CODE_AND_TEST","docs/qc/NONSTOP_OWNER_RESCUE_REPORT.md","verify;e2e;e2e:owner;e2e:fixtures;e2e:visual;audits","output/playwright/owner-books.png","see git log -1 for final package commit","Closed by P006: Files/Books now create source-backed reading items for TXT/MD/PDF/EPUB boundaries, TXT/MD imports are readable immediately, parser-required PDF/EPUB sources show honest manual extraction gate, saved extraction updates source/note/reading/highlights/review/proposals, reading progress and highlight-to-claim/task actions persist through repository, graph/control/audit and Playwright evidence."
"W226","Library/books/PDF/EPUB/TXT/MD","Library/books/PDF/EPUB/TXT/MD gap 16","Owner can complete the related LifeOS job through the shared Artifact repository without fake panels or disconnected state.","Awaiting package implementation.","FIXED_WITH_CODE_AND_TEST","docs/qc/NONSTOP_OWNER_RESCUE_REPORT.md","verify;e2e;e2e:owner;e2e:fixtures;e2e:visual;audits","output/playwright/owner-books.png","see git log -1 for final package commit","Closed by P006: Files/Books now create source-backed reading items for TXT/MD/PDF/EPUB boundaries, TXT/MD imports are readable immediately, parser-required PDF/EPUB sources show honest manual extraction gate, saved extraction updates source/note/reading/highlights/review/proposals, reading progress and highlight-to-claim/task actions persist through repository, graph/control/audit and Playwright evidence."
"W227","Library/books/PDF/EPUB/TXT/MD","Library/books/PDF/EPUB/TXT/MD gap 17","Owner can complete the related LifeOS job through the shared Artifact repository without fake panels or disconnected state.","Awaiting package implementation.","FIXED_WITH_CODE_AND_TEST","docs/qc/NONSTOP_OWNER_RESCUE_REPORT.md","verify;e2e;e2e:owner;e2e:fixtures;e2e:visual;audits","output/playwright/owner-books.png","see git log -1 for final package commit","Closed by P006: Files/Books now create source-backed reading items for TXT/MD/PDF/EPUB boundaries, TXT/MD imports are readable immediately, parser-required PDF/EPUB sources show honest manual extraction gate, saved extraction updates source/note/reading/highlights/review/proposals, reading progress and highlight-to-claim/task actions persist through repository, graph/control/audit and Playwright evidence."
"W228","Library/books/PDF/EPUB/TXT/MD","Library/books/PDF/EPUB/TXT/MD gap 18","Owner can complete the related LifeOS job through the shared Artifact repository without fake panels or disconnected state.","Awaiting package implementation.","FIXED_WITH_CODE_AND_TEST","docs/qc/NONSTOP_OWNER_RESCUE_REPORT.md","verify;e2e;e2e:owner;e2e:fixtures;e2e:visual;audits","output/playwright/owner-books.png","see git log -1 for final package commit","Closed by P006: Files/Books now create source-backed reading items for TXT/MD/PDF/EPUB boundaries, TXT/MD imports are readable immediately, parser-required PDF/EPUB sources show honest manual extraction gate, saved extraction updates source/note/reading/highlights/review/proposals, reading progress and highlight-to-claim/task actions persist through repository, graph/control/audit and Playwright evidence."
"W229","Library/books/PDF/EPUB/TXT/MD","Library/books/PDF/EPUB/TXT/MD gap 19","Owner can complete the related LifeOS job through the shared Artifact repository without fake panels or disconnected state.","Awaiting package implementation.","FIXED_WITH_CODE_AND_TEST","docs/qc/NONSTOP_OWNER_RESCUE_REPORT.md","verify;e2e;e2e:owner;e2e:fixtures;e2e:visual;audits","output/playwright/owner-books.png","see git log -1 for final package commit","Closed by P006: Files/Books now create source-backed reading items for TXT/MD/PDF/EPUB boundaries, TXT/MD imports are readable immediately, parser-required PDF/EPUB sources show honest manual extraction gate, saved extraction updates source/note/reading/highlights/review/proposals, reading progress and highlight-to-claim/task actions persist through repository, graph/control/audit and Playwright evidence."
"W230","Library/books/PDF/EPUB/TXT/MD","Library/books/PDF/EPUB/TXT/MD gap 20","Owner can complete the related LifeOS job through the shared Artifact repository without fake panels or disconnected state.","Awaiting package implementation.","FIXED_WITH_CODE_AND_TEST","docs/qc/NONSTOP_OWNER_RESCUE_REPORT.md","verify;e2e;e2e:owner;e2e:fixtures;e2e:visual;audits","output/playwright/owner-books.png","see git log -1 for final package commit","Closed by P006: Files/Books now create source-backed reading items for TXT/MD/PDF/EPUB boundaries, TXT/MD imports are readable immediately, parser-required PDF/EPUB sources show honest manual extraction gate, saved extraction updates source/note/reading/highlights/review/proposals, reading progress and highlight-to-claim/task actions persist through repository, graph/control/audit and Playwright evidence."
"W231","Library/books/PDF/EPUB/TXT/MD","Library/books/PDF/EPUB/TXT/MD gap 21","Owner can complete the related LifeOS job through the shared Artifact repository without fake panels or disconnected state.","Awaiting package implementation.","FIXED_WITH_CODE_AND_TEST","docs/qc/NONSTOP_OWNER_RESCUE_REPORT.md","verify;e2e;e2e:owner;e2e:fixtures;e2e:visual;audits","output/playwright/owner-books.png","see git log -1 for final package commit","Closed by P006: Files/Books now create source-backed reading items for TXT/MD/PDF/EPUB boundaries, TXT/MD imports are readable immediately, parser-required PDF/EPUB sources show honest manual extraction gate, saved extraction updates source/note/reading/highlights/review/proposals, reading progress and highlight-to-claim/task actions persist through repository, graph/control/audit and Playwright evidence."
"W232","Audio/player/transcript/STT","Audio/player/transcript/STT gap 1","Owner can complete the related LifeOS job through the shared Artifact repository without fake panels or disconnected state.","Awaiting package implementation.","FIXED_WITH_CODE_AND_TEST","docs/qc/NONSTOP_OWNER_RESCUE_REPORT.md","verify;e2e;e2e:owner;e2e:fixtures;e2e:visual;audits","output/playwright/owner-player-transcript.png","see git log -1 for final package commit","Closed by P007: Audio/Player now imports audio as its own source-backed artifact, shows honest STT gate, saves manual transcript, syncs transcript segments, creates checkpoints/player notes/review links, supports transcript snippet to task/claim/highlight/note actions, updates graph/control/export/audit and has Playwright persistence evidence."
"W233","Audio/player/transcript/STT","Audio/player/transcript/STT gap 2","Owner can complete the related LifeOS job through the shared Artifact repository without fake panels or disconnected state.","Awaiting package implementation.","FIXED_WITH_CODE_AND_TEST","docs/qc/NONSTOP_OWNER_RESCUE_REPORT.md","verify;e2e;e2e:owner;e2e:fixtures;e2e:visual;audits","output/playwright/owner-player-transcript.png","see git log -1 for final package commit","Closed by P007: Audio/Player now imports audio as its own source-backed artifact, shows honest STT gate, saves manual transcript, syncs transcript segments, creates checkpoints/player notes/review links, supports transcript snippet to task/claim/highlight/note actions, updates graph/control/export/audit and has Playwright persistence evidence."
"W234","Audio/player/transcript/STT","Audio/player/transcript/STT gap 3","Owner can complete the related LifeOS job through the shared Artifact repository without fake panels or disconnected state.","Awaiting package implementation.","FIXED_WITH_CODE_AND_TEST","docs/qc/NONSTOP_OWNER_RESCUE_REPORT.md","verify;e2e;e2e:owner;e2e:fixtures;e2e:visual;audits","output/playwright/owner-player-transcript.png","see git log -1 for final package commit","Closed by P007: Audio/Player now imports audio as its own source-backed artifact, shows honest STT gate, saves manual transcript, syncs transcript segments, creates checkpoints/player notes/review links, supports transcript snippet to task/claim/highlight/note actions, updates graph/control/export/audit and has Playwright persistence evidence."
"W235","Audio/player/transcript/STT","Audio/player/transcript/STT gap 4","Owner can complete the related LifeOS job through the shared Artifact repository without fake panels or disconnected state.","Awaiting package implementation.","FIXED_WITH_CODE_AND_TEST","docs/qc/NONSTOP_OWNER_RESCUE_REPORT.md","verify;e2e;e2e:owner;e2e:fixtures;e2e:visual;audits","output/playwright/owner-player-transcript.png","see git log -1 for final package commit","Closed by P007: Audio/Player now imports audio as its own source-backed artifact, shows honest STT gate, saves manual transcript, syncs transcript segments, creates checkpoints/player notes/review links, supports transcript snippet to task/claim/highlight/note actions, updates graph/control/export/audit and has Playwright persistence evidence."
"W236","Audio/player/transcript/STT","Audio/player/transcript/STT gap 5","Owner can complete the related LifeOS job through the shared Artifact repository without fake panels or disconnected state.","Awaiting package implementation.","FIXED_WITH_CODE_AND_TEST","docs/qc/NONSTOP_OWNER_RESCUE_REPORT.md","verify;e2e;e2e:owner;e2e:fixtures;e2e:visual;audits","output/playwright/owner-player-transcript.png","see git log -1 for final package commit","Closed by P007: Audio/Player now imports audio as its own source-backed artifact, shows honest STT gate, saves manual transcript, syncs transcript segments, creates checkpoints/player notes/review links, supports transcript snippet to task/claim/highlight/note actions, updates graph/control/export/audit and has Playwright persistence evidence."
"W237","Audio/player/transcript/STT","Audio/player/transcript/STT gap 6","Owner can complete the related LifeOS job through the shared Artifact repository without fake panels or disconnected state.","Awaiting package implementation.","FIXED_WITH_CODE_AND_TEST","docs/qc/NONSTOP_OWNER_RESCUE_REPORT.md","verify;e2e;e2e:owner;e2e:fixtures;e2e:visual;audits","output/playwright/owner-player-transcript.png","see git log -1 for final package commit","Closed by P007: Audio/Player now imports audio as its own source-backed artifact, shows honest STT gate, saves manual transcript, syncs transcript segments, creates checkpoints/player notes/review links, supports transcript snippet to task/claim/highlight/note actions, updates graph/control/export/audit and has Playwright persistence evidence."
"W238","Audio/player/transcript/STT","Audio/player/transcript/STT gap 7","Owner can complete the related LifeOS job through the shared Artifact repository without fake panels or disconnected state.","Awaiting package implementation.","FIXED_WITH_CODE_AND_TEST","docs/qc/NONSTOP_OWNER_RESCUE_REPORT.md","verify;e2e;e2e:owner;e2e:fixtures;e2e:visual;audits","output/playwright/owner-player-transcript.png","see git log -1 for final package commit","Closed by P007: Audio/Player now imports audio as its own source-backed artifact, shows honest STT gate, saves manual transcript, syncs transcript segments, creates checkpoints/player notes/review links, supports transcript snippet to task/claim/highlight/note actions, updates graph/control/export/audit and has Playwright persistence evidence."
"W239","Audio/player/transcript/STT","Audio/player/transcript/STT gap 8","Owner can complete the related LifeOS job through the shared Artifact repository without fake panels or disconnected state.","Awaiting package implementation.","FIXED_WITH_CODE_AND_TEST","docs/qc/NONSTOP_OWNER_RESCUE_REPORT.md","verify;e2e;e2e:owner;e2e:fixtures;e2e:visual;audits","output/playwright/owner-player-transcript.png","see git log -1 for final package commit","Closed by P007: Audio/Player now imports audio as its own source-backed artifact, shows honest STT gate, saves manual transcript, syncs transcript segments, creates checkpoints/player notes/review links, supports transcript snippet to task/claim/highlight/note actions, updates graph/control/export/audit and has Playwright persistence evidence."
"W240","Audio/player/transcript/STT","Audio/player/transcript/STT gap 9","Owner can complete the related LifeOS job through the shared Artifact repository without fake panels or disconnected state.","Awaiting package implementation.","FIXED_WITH_CODE_AND_TEST","docs/qc/NONSTOP_OWNER_RESCUE_REPORT.md","verify;e2e;e2e:owner;e2e:fixtures;e2e:visual;audits","output/playwright/owner-player-transcript.png","see git log -1 for final package commit","Closed by P007: Audio/Player now imports audio as its own source-backed artifact, shows honest STT gate, saves manual transcript, syncs transcript segments, creates checkpoints/player notes/review links, supports transcript snippet to task/claim/highlight/note actions, updates graph/control/export/audit and has Playwright persistence evidence."
"W241","Audio/player/transcript/STT","Audio/player/transcript/STT gap 10","Owner can complete the related LifeOS job through the shared Artifact repository without fake panels or disconnected state.","Awaiting package implementation.","FIXED_WITH_CODE_AND_TEST","docs/qc/NONSTOP_OWNER_RESCUE_REPORT.md","verify;e2e;e2e:owner;e2e:fixtures;e2e:visual;audits","output/playwright/owner-player-transcript.png","see git log -1 for final package commit","Closed by P007: Audio/Player now imports audio as its own source-backed artifact, shows honest STT gate, saves manual transcript, syncs transcript segments, creates checkpoints/player notes/review links, supports transcript snippet to task/claim/highlight/note actions, updates graph/control/export/audit and has Playwright persistence evidence."
"W242","Audio/player/transcript/STT","Audio/player/transcript/STT gap 11","Owner can complete the related LifeOS job through the shared Artifact repository without fake panels or disconnected state.","Awaiting package implementation.","FIXED_WITH_CODE_AND_TEST","docs/qc/NONSTOP_OWNER_RESCUE_REPORT.md","verify;e2e;e2e:owner;e2e:fixtures;e2e:visual;audits","output/playwright/owner-player-transcript.png","see git log -1 for final package commit","Closed by P007: Audio/Player now imports audio as its own source-backed artifact, shows honest STT gate, saves manual transcript, syncs transcript segments, creates checkpoints/player notes/review links, supports transcript snippet to task/claim/highlight/note actions, updates graph/control/export/audit and has Playwright persistence evidence."
"W243","Audio/player/transcript/STT","Audio/player/transcript/STT gap 12","Owner can complete the related LifeOS job through the shared Artifact repository without fake panels or disconnected state.","Awaiting package implementation.","FIXED_WITH_CODE_AND_TEST","docs/qc/NONSTOP_OWNER_RESCUE_REPORT.md","verify;e2e;e2e:owner;e2e:fixtures;e2e:visual;audits","output/playwright/owner-player-transcript.png","see git log -1 for final package commit","Closed by P007: Audio/Player now imports audio as its own source-backed artifact, shows honest STT gate, saves manual transcript, syncs transcript segments, creates checkpoints/player notes/review links, supports transcript snippet to task/claim/highlight/note actions, updates graph/control/export/audit and has Playwright persistence evidence."
"W244","Audio/player/transcript/STT","Audio/player/transcript/STT gap 13","Owner can complete the related LifeOS job through the shared Artifact repository without fake panels or disconnected state.","Awaiting package implementation.","FIXED_WITH_CODE_AND_TEST","docs/qc/NONSTOP_OWNER_RESCUE_REPORT.md","verify;e2e;e2e:owner;e2e:fixtures;e2e:visual;audits","output/playwright/owner-player-transcript.png","see git log -1 for final package commit","Closed by P007: Audio/Player now imports audio as its own source-backed artifact, shows honest STT gate, saves manual transcript, syncs transcript segments, creates checkpoints/player notes/review links, supports transcript snippet to task/claim/highlight/note actions, updates graph/control/export/audit and has Playwright persistence evidence."
"W245","Audio/player/transcript/STT","Audio/player/transcript/STT gap 14","Owner can complete the related LifeOS job through the shared Artifact repository without fake panels or disconnected state.","Awaiting package implementation.","FIXED_WITH_CODE_AND_TEST","docs/qc/NONSTOP_OWNER_RESCUE_REPORT.md","verify;e2e;e2e:owner;e2e:fixtures;e2e:visual;audits","output/playwright/owner-player-transcript.png","see git log -1 for final package commit","Closed by P007: Audio/Player now imports audio as its own source-backed artifact, shows honest STT gate, saves manual transcript, syncs transcript segments, creates checkpoints/player notes/review links, supports transcript snippet to task/claim/highlight/note actions, updates graph/control/export/audit and has Playwright persistence evidence."
"W246","Audio/player/transcript/STT","Audio/player/transcript/STT gap 15","Owner can complete the related LifeOS job through the shared Artifact repository without fake panels or disconnected state.","Awaiting package implementation.","FIXED_WITH_CODE_AND_TEST","docs/qc/NONSTOP_OWNER_RESCUE_REPORT.md","verify;e2e;e2e:owner;e2e:fixtures;e2e:visual;audits","output/playwright/owner-player-transcript.png","see git log -1 for final package commit","Closed by P007: Audio/Player now imports audio as its own source-backed artifact, shows honest STT gate, saves manual transcript, syncs transcript segments, creates checkpoints/player notes/review links, supports transcript snippet to task/claim/highlight/note actions, updates graph/control/export/audit and has Playwright persistence evidence."
"W247","Audio/player/transcript/STT","Audio/player/transcript/STT gap 16","Owner can complete the related LifeOS job through the shared Artifact repository without fake panels or disconnected state.","Awaiting package implementation.","FIXED_WITH_CODE_AND_TEST","docs/qc/NONSTOP_OWNER_RESCUE_REPORT.md","verify;e2e;e2e:owner;e2e:fixtures;e2e:visual;audits","output/playwright/owner-player-transcript.png","see git log -1 for final package commit","Closed by P007: Audio/Player now imports audio as its own source-backed artifact, shows honest STT gate, saves manual transcript, syncs transcript segments, creates checkpoints/player notes/review links, supports transcript snippet to task/claim/highlight/note actions, updates graph/control/export/audit and has Playwright persistence evidence."
"W248","Audio/player/transcript/STT","Audio/player/transcript/STT gap 17","Owner can complete the related LifeOS job through the shared Artifact repository without fake panels or disconnected state.","Awaiting package implementation.","FIXED_WITH_CODE_AND_TEST","docs/qc/NONSTOP_OWNER_RESCUE_REPORT.md","verify;e2e;e2e:owner;e2e:fixtures;e2e:visual;audits","output/playwright/owner-player-transcript.png","see git log -1 for final package commit","Closed by P007: Audio/Player now imports audio as its own source-backed artifact, shows honest STT gate, saves manual transcript, syncs transcript segments, creates checkpoints/player notes/review links, supports transcript snippet to task/claim/highlight/note actions, updates graph/control/export/audit and has Playwright persistence evidence."
"W249","Audio/player/transcript/STT","Audio/player/transcript/STT gap 18","Owner can complete the related LifeOS job through the shared Artifact repository without fake panels or disconnected state.","Awaiting package implementation.","FIXED_WITH_CODE_AND_TEST","docs/qc/NONSTOP_OWNER_RESCUE_REPORT.md","verify;e2e;e2e:owner;e2e:fixtures;e2e:visual;audits","output/playwright/owner-player-transcript.png","see git log -1 for final package commit","Closed by P007: Audio/Player now imports audio as its own source-backed artifact, shows honest STT gate, saves manual transcript, syncs transcript segments, creates checkpoints/player notes/review links, supports transcript snippet to task/claim/highlight/note actions, updates graph/control/export/audit and has Playwright persistence evidence."
"W250","Audio/player/transcript/STT","Audio/player/transcript/STT gap 19","Owner can complete the related LifeOS job through the shared Artifact repository without fake panels or disconnected state.","Awaiting package implementation.","FIXED_WITH_CODE_AND_TEST","docs/qc/NONSTOP_OWNER_RESCUE_REPORT.md","verify;e2e;e2e:owner;e2e:fixtures;e2e:visual;audits","output/playwright/owner-player-transcript.png","see git log -1 for final package commit","Closed by P007: Audio/Player now imports audio as its own source-backed artifact, shows honest STT gate, saves manual transcript, syncs transcript segments, creates checkpoints/player notes/review links, supports transcript snippet to task/claim/highlight/note actions, updates graph/control/export/audit and has Playwright persistence evidence."
"W251","Audio/player/transcript/STT","Audio/player/transcript/STT gap 20","Owner can complete the related LifeOS job through the shared Artifact repository without fake panels or disconnected state.","Awaiting package implementation.","FIXED_WITH_CODE_AND_TEST","docs/qc/NONSTOP_OWNER_RESCUE_REPORT.md","verify;e2e;e2e:owner;e2e:fixtures;e2e:visual;audits","output/playwright/owner-player-transcript.png","see git log -1 for final package commit","Closed by P007: Audio/Player now imports audio as its own source-backed artifact, shows honest STT gate, saves manual transcript, syncs transcript segments, creates checkpoints/player notes/review links, supports transcript snippet to task/claim/highlight/note actions, updates graph/control/export/audit and has Playwright persistence evidence."
"W252","Audio/player/transcript/STT","Audio/player/transcript/STT gap 21","Owner can complete the related LifeOS job through the shared Artifact repository without fake panels or disconnected state.","Awaiting package implementation.","FIXED_WITH_CODE_AND_TEST","docs/qc/NONSTOP_OWNER_RESCUE_REPORT.md","verify;e2e;e2e:owner;e2e:fixtures;e2e:visual;audits","output/playwright/owner-player-transcript.png","see git log -1 for final package commit","Closed by P007: Audio/Player now imports audio as its own source-backed artifact, shows honest STT gate, saves manual transcript, syncs transcript segments, creates checkpoints/player notes/review links, supports transcript snippet to task/claim/highlight/note actions, updates graph/control/export/audit and has Playwright persistence evidence."
"W253","Ollama/local AI/providers","Ollama/local AI/providers gap 1","Owner can complete the related LifeOS job through the shared Artifact repository without fake panels or disconnected state.","Awaiting package implementation.","FIXED_WITH_CODE_AND_TEST","docs/qc/NONSTOP_OWNER_RESCUE_REPORT.md","verify;e2e;e2e:owner;e2e:fixtures;e2e:visual;audits","output/playwright/owner-ollama.png","see git log -1 for final package commit","Closed by P008: Ollama/provider pipeline has explicit owner-approved probe to /api/tags, honest unchecked/offline/reachable/models_found/revoked states, selected model, what-will-be-sent preview, proposal-only dry-run, provider run history, revoke controls, graph/control/export/audit and mocked reachable Playwright evidence."
"W254","Ollama/local AI/providers","Ollama/local AI/providers gap 2","Owner can complete the related LifeOS job through the shared Artifact repository without fake panels or disconnected state.","Awaiting package implementation.","FIXED_WITH_CODE_AND_TEST","docs/qc/NONSTOP_OWNER_RESCUE_REPORT.md","verify;e2e;e2e:owner;e2e:fixtures;e2e:visual;audits","output/playwright/owner-ollama.png","see git log -1 for final package commit","Closed by P008: Ollama/provider pipeline has explicit owner-approved probe to /api/tags, honest unchecked/offline/reachable/models_found/revoked states, selected model, what-will-be-sent preview, proposal-only dry-run, provider run history, revoke controls, graph/control/export/audit and mocked reachable Playwright evidence."
"W255","Ollama/local AI/providers","Ollama/local AI/providers gap 3","Owner can complete the related LifeOS job through the shared Artifact repository without fake panels or disconnected state.","Awaiting package implementation.","FIXED_WITH_CODE_AND_TEST","docs/qc/NONSTOP_OWNER_RESCUE_REPORT.md","verify;e2e;e2e:owner;e2e:fixtures;e2e:visual;audits","output/playwright/owner-ollama.png","see git log -1 for final package commit","Closed by P008: Ollama/provider pipeline has explicit owner-approved probe to /api/tags, honest unchecked/offline/reachable/models_found/revoked states, selected model, what-will-be-sent preview, proposal-only dry-run, provider run history, revoke controls, graph/control/export/audit and mocked reachable Playwright evidence."
"W256","Ollama/local AI/providers","Ollama/local AI/providers gap 4","Owner can complete the related LifeOS job through the shared Artifact repository without fake panels or disconnected state.","Awaiting package implementation.","FIXED_WITH_CODE_AND_TEST","docs/qc/NONSTOP_OWNER_RESCUE_REPORT.md","verify;e2e;e2e:owner;e2e:fixtures;e2e:visual;audits","output/playwright/owner-ollama.png","see git log -1 for final package commit","Closed by P008: Ollama/provider pipeline has explicit owner-approved probe to /api/tags, honest unchecked/offline/reachable/models_found/revoked states, selected model, what-will-be-sent preview, proposal-only dry-run, provider run history, revoke controls, graph/control/export/audit and mocked reachable Playwright evidence."
"W257","Ollama/local AI/providers","Ollama/local AI/providers gap 5","Owner can complete the related LifeOS job through the shared Artifact repository without fake panels or disconnected state.","Awaiting package implementation.","FIXED_WITH_CODE_AND_TEST","docs/qc/NONSTOP_OWNER_RESCUE_REPORT.md","verify;e2e;e2e:owner;e2e:fixtures;e2e:visual;audits","output/playwright/owner-ollama.png","see git log -1 for final package commit","Closed by P008: Ollama/provider pipeline has explicit owner-approved probe to /api/tags, honest unchecked/offline/reachable/models_found/revoked states, selected model, what-will-be-sent preview, proposal-only dry-run, provider run history, revoke controls, graph/control/export/audit and mocked reachable Playwright evidence."
"W258","Ollama/local AI/providers","Ollama/local AI/providers gap 6","Owner can complete the related LifeOS job through the shared Artifact repository without fake panels or disconnected state.","Awaiting package implementation.","FIXED_WITH_CODE_AND_TEST","docs/qc/NONSTOP_OWNER_RESCUE_REPORT.md","verify;e2e;e2e:owner;e2e:fixtures;e2e:visual;audits","output/playwright/owner-ollama.png","see git log -1 for final package commit","Closed by P008: Ollama/provider pipeline has explicit owner-approved probe to /api/tags, honest unchecked/offline/reachable/models_found/revoked states, selected model, what-will-be-sent preview, proposal-only dry-run, provider run history, revoke controls, graph/control/export/audit and mocked reachable Playwright evidence."
"W259","Ollama/local AI/providers","Ollama/local AI/providers gap 7","Owner can complete the related LifeOS job through the shared Artifact repository without fake panels or disconnected state.","Awaiting package implementation.","FIXED_WITH_CODE_AND_TEST","docs/qc/NONSTOP_OWNER_RESCUE_REPORT.md","verify;e2e;e2e:owner;e2e:fixtures;e2e:visual;audits","output/playwright/owner-ollama.png","see git log -1 for final package commit","Closed by P008: Ollama/provider pipeline has explicit owner-approved probe to /api/tags, honest unchecked/offline/reachable/models_found/revoked states, selected model, what-will-be-sent preview, proposal-only dry-run, provider run history, revoke controls, graph/control/export/audit and mocked reachable Playwright evidence."
"W260","Ollama/local AI/providers","Ollama/local AI/providers gap 8","Owner can complete the related LifeOS job through the shared Artifact repository without fake panels or disconnected state.","Awaiting package implementation.","FIXED_WITH_CODE_AND_TEST","docs/qc/NONSTOP_OWNER_RESCUE_REPORT.md","verify;e2e;e2e:owner;e2e:fixtures;e2e:visual;audits","output/playwright/owner-ollama.png","see git log -1 for final package commit","Closed by P008: Ollama/provider pipeline has explicit owner-approved probe to /api/tags, honest unchecked/offline/reachable/models_found/revoked states, selected model, what-will-be-sent preview, proposal-only dry-run, provider run history, revoke controls, graph/control/export/audit and mocked reachable Playwright evidence."
"W261","Ollama/local AI/providers","Ollama/local AI/providers gap 9","Owner can complete the related LifeOS job through the shared Artifact repository without fake panels or disconnected state.","Awaiting package implementation.","FIXED_WITH_CODE_AND_TEST","docs/qc/NONSTOP_OWNER_RESCUE_REPORT.md","verify;e2e;e2e:owner;e2e:fixtures;e2e:visual;audits","output/playwright/owner-ollama.png","see git log -1 for final package commit","Closed by P008: Ollama/provider pipeline has explicit owner-approved probe to /api/tags, honest unchecked/offline/reachable/models_found/revoked states, selected model, what-will-be-sent preview, proposal-only dry-run, provider run history, revoke controls, graph/control/export/audit and mocked reachable Playwright evidence."
"W262","Ollama/local AI/providers","Ollama/local AI/providers gap 10","Owner can complete the related LifeOS job through the shared Artifact repository without fake panels or disconnected state.","Awaiting package implementation.","FIXED_WITH_CODE_AND_TEST","docs/qc/NONSTOP_OWNER_RESCUE_REPORT.md","verify;e2e;e2e:owner;e2e:fixtures;e2e:visual;audits","output/playwright/owner-ollama.png","see git log -1 for final package commit","Closed by P008: Ollama/provider pipeline has explicit owner-approved probe to /api/tags, honest unchecked/offline/reachable/models_found/revoked states, selected model, what-will-be-sent preview, proposal-only dry-run, provider run history, revoke controls, graph/control/export/audit and mocked reachable Playwright evidence."
"W263","Ollama/local AI/providers","Ollama/local AI/providers gap 11","Owner can complete the related LifeOS job through the shared Artifact repository without fake panels or disconnected state.","Awaiting package implementation.","FIXED_WITH_CODE_AND_TEST","docs/qc/NONSTOP_OWNER_RESCUE_REPORT.md","verify;e2e;e2e:owner;e2e:fixtures;e2e:visual;audits","output/playwright/owner-ollama.png","see git log -1 for final package commit","Closed by P008: Ollama/provider pipeline has explicit owner-approved probe to /api/tags, honest unchecked/offline/reachable/models_found/revoked states, selected model, what-will-be-sent preview, proposal-only dry-run, provider run history, revoke controls, graph/control/export/audit and mocked reachable Playwright evidence."
"W264","Ollama/local AI/providers","Ollama/local AI/providers gap 12","Owner can complete the related LifeOS job through the shared Artifact repository without fake panels or disconnected state.","Awaiting package implementation.","FIXED_WITH_CODE_AND_TEST","docs/qc/NONSTOP_OWNER_RESCUE_REPORT.md","verify;e2e;e2e:owner;e2e:fixtures;e2e:visual;audits","output/playwright/owner-ollama.png","see git log -1 for final package commit","Closed by P008: Ollama/provider pipeline has explicit owner-approved probe to /api/tags, honest unchecked/offline/reachable/models_found/revoked states, selected model, what-will-be-sent preview, proposal-only dry-run, provider run history, revoke controls, graph/control/export/audit and mocked reachable Playwright evidence."
"W265","Ollama/local AI/providers","Ollama/local AI/providers gap 13","Owner can complete the related LifeOS job through the shared Artifact repository without fake panels or disconnected state.","Awaiting package implementation.","FIXED_WITH_CODE_AND_TEST","docs/qc/NONSTOP_OWNER_RESCUE_REPORT.md","verify;e2e;e2e:owner;e2e:fixtures;e2e:visual;audits","output/playwright/owner-ollama.png","see git log -1 for final package commit","Closed by P008: Ollama/provider pipeline has explicit owner-approved probe to /api/tags, honest unchecked/offline/reachable/models_found/revoked states, selected model, what-will-be-sent preview, proposal-only dry-run, provider run history, revoke controls, graph/control/export/audit and mocked reachable Playwright evidence."
"W266","Ollama/local AI/providers","Ollama/local AI/providers gap 14","Owner can complete the related LifeOS job through the shared Artifact repository without fake panels or disconnected state.","Awaiting package implementation.","FIXED_WITH_CODE_AND_TEST","docs/qc/NONSTOP_OWNER_RESCUE_REPORT.md","verify;e2e;e2e:owner;e2e:fixtures;e2e:visual;audits","output/playwright/owner-ollama.png","see git log -1 for final package commit","Closed by P008: Ollama/provider pipeline has explicit owner-approved probe to /api/tags, honest unchecked/offline/reachable/models_found/revoked states, selected model, what-will-be-sent preview, proposal-only dry-run, provider run history, revoke controls, graph/control/export/audit and mocked reachable Playwright evidence."
"W267","Ollama/local AI/providers","Ollama/local AI/providers gap 15","Owner can complete the related LifeOS job through the shared Artifact repository without fake panels or disconnected state.","Awaiting package implementation.","FIXED_WITH_CODE_AND_TEST","docs/qc/NONSTOP_OWNER_RESCUE_REPORT.md","verify;e2e;e2e:owner;e2e:fixtures;e2e:visual;audits","output/playwright/owner-ollama.png","see git log -1 for final package commit","Closed by P008: Ollama/provider pipeline has explicit owner-approved probe to /api/tags, honest unchecked/offline/reachable/models_found/revoked states, selected model, what-will-be-sent preview, proposal-only dry-run, provider run history, revoke controls, graph/control/export/audit and mocked reachable Playwright evidence."
"W268","Ollama/local AI/providers","Ollama/local AI/providers gap 16","Owner can complete the related LifeOS job through the shared Artifact repository without fake panels or disconnected state.","Awaiting package implementation.","FIXED_WITH_CODE_AND_TEST","docs/qc/NONSTOP_OWNER_RESCUE_REPORT.md","verify;e2e;e2e:owner;e2e:fixtures;e2e:visual;audits","output/playwright/owner-ollama.png","see git log -1 for final package commit","Closed by P008: Ollama/provider pipeline has explicit owner-approved probe to /api/tags, honest unchecked/offline/reachable/models_found/revoked states, selected model, what-will-be-sent preview, proposal-only dry-run, provider run history, revoke controls, graph/control/export/audit and mocked reachable Playwright evidence."
"W269","Ollama/local AI/providers","Ollama/local AI/providers gap 17","Owner can complete the related LifeOS job through the shared Artifact repository without fake panels or disconnected state.","Awaiting package implementation.","FIXED_WITH_CODE_AND_TEST","docs/qc/NONSTOP_OWNER_RESCUE_REPORT.md","verify;e2e;e2e:owner;e2e:fixtures;e2e:visual;audits","output/playwright/owner-ollama.png","see git log -1 for final package commit","Closed by P008: Ollama/provider pipeline has explicit owner-approved probe to /api/tags, honest unchecked/offline/reachable/models_found/revoked states, selected model, what-will-be-sent preview, proposal-only dry-run, provider run history, revoke controls, graph/control/export/audit and mocked reachable Playwright evidence."
"W270","Ollama/local AI/providers","Ollama/local AI/providers gap 18","Owner can complete the related LifeOS job through the shared Artifact repository without fake panels or disconnected state.","Awaiting package implementation.","FIXED_WITH_CODE_AND_TEST","docs/qc/NONSTOP_OWNER_RESCUE_REPORT.md","verify;e2e;e2e:owner;e2e:fixtures;e2e:visual;audits","output/playwright/owner-ollama.png","see git log -1 for final package commit","Closed by P008: Ollama/provider pipeline has explicit owner-approved probe to /api/tags, honest unchecked/offline/reachable/models_found/revoked states, selected model, what-will-be-sent preview, proposal-only dry-run, provider run history, revoke controls, graph/control/export/audit and mocked reachable Playwright evidence."
"W271","Ollama/local AI/providers","Ollama/local AI/providers gap 19","Owner can complete the related LifeOS job through the shared Artifact repository without fake panels or disconnected state.","Awaiting package implementation.","FIXED_WITH_CODE_AND_TEST","docs/qc/NONSTOP_OWNER_RESCUE_REPORT.md","verify;e2e;e2e:owner;e2e:fixtures;e2e:visual;audits","output/playwright/owner-ollama.png","see git log -1 for final package commit","Closed by P008: Ollama/provider pipeline has explicit owner-approved probe to /api/tags, honest unchecked/offline/reachable/models_found/revoked states, selected model, what-will-be-sent preview, proposal-only dry-run, provider run history, revoke controls, graph/control/export/audit and mocked reachable Playwright evidence."
"W272","Ollama/local AI/providers","Ollama/local AI/providers gap 20","Owner can complete the related LifeOS job through the shared Artifact repository without fake panels or disconnected state.","Awaiting package implementation.","FIXED_WITH_CODE_AND_TEST","docs/qc/NONSTOP_OWNER_RESCUE_REPORT.md","verify;e2e;e2e:owner;e2e:fixtures;e2e:visual;audits","output/playwright/owner-ollama.png","see git log -1 for final package commit","Closed by P008: Ollama/provider pipeline has explicit owner-approved probe to /api/tags, honest unchecked/offline/reachable/models_found/revoked states, selected model, what-will-be-sent preview, proposal-only dry-run, provider run history, revoke controls, graph/control/export/audit and mocked reachable Playwright evidence."
"W273","Ollama/local AI/providers","Ollama/local AI/providers gap 21","Owner can complete the related LifeOS job through the shared Artifact repository without fake panels or disconnected state.","Awaiting package implementation.","FIXED_WITH_CODE_AND_TEST","docs/qc/NONSTOP_OWNER_RESCUE_REPORT.md","verify;e2e;e2e:owner;e2e:fixtures;e2e:visual;audits","output/playwright/owner-ollama.png","see git log -1 for final package commit","Closed by P008: Ollama/provider pipeline has explicit owner-approved probe to /api/tags, honest unchecked/offline/reachable/models_found/revoked states, selected model, what-will-be-sent preview, proposal-only dry-run, provider run history, revoke controls, graph/control/export/audit and mocked reachable Playwright evidence."
"W274","Chat/agent/flow/n8n-like automation","Chat/agent/flow/n8n-like automation gap 1","Owner can complete the related LifeOS job through the shared Artifact repository without fake panels or disconnected state.","Awaiting package implementation.","FIXED_WITH_CODE_AND_TEST","docs/qc/NONSTOP_OWNER_RESCUE_REPORT.md","verify;e2e;e2e:owner;e2e:fixtures;e2e:visual;audits","output/playwright/owner-chat-agents-flow.png","see git log -1 for final package commit","Closed by P009: Chat/Agents/Flows now support artifact-scoped local chat, chat-message-to-proposal, dry-run agent runs with scopes/proposed actions, n8n-like flow builder trigger/condition/action, flowRuns, proposal-only mutations, graph/control/export/audit and Playwright evidence."
"W275","Chat/agent/flow/n8n-like automation","Chat/agent/flow/n8n-like automation gap 2","Owner can complete the related LifeOS job through the shared Artifact repository without fake panels or disconnected state.","Awaiting package implementation.","FIXED_WITH_CODE_AND_TEST","docs/qc/NONSTOP_OWNER_RESCUE_REPORT.md","verify;e2e;e2e:owner;e2e:fixtures;e2e:visual;audits","output/playwright/owner-chat-agents-flow.png","see git log -1 for final package commit","Closed by P009: Chat/Agents/Flows now support artifact-scoped local chat, chat-message-to-proposal, dry-run agent runs with scopes/proposed actions, n8n-like flow builder trigger/condition/action, flowRuns, proposal-only mutations, graph/control/export/audit and Playwright evidence."
"W276","Chat/agent/flow/n8n-like automation","Chat/agent/flow/n8n-like automation gap 3","Owner can complete the related LifeOS job through the shared Artifact repository without fake panels or disconnected state.","Awaiting package implementation.","FIXED_WITH_CODE_AND_TEST","docs/qc/NONSTOP_OWNER_RESCUE_REPORT.md","verify;e2e;e2e:owner;e2e:fixtures;e2e:visual;audits","output/playwright/owner-chat-agents-flow.png","see git log -1 for final package commit","Closed by P009: Chat/Agents/Flows now support artifact-scoped local chat, chat-message-to-proposal, dry-run agent runs with scopes/proposed actions, n8n-like flow builder trigger/condition/action, flowRuns, proposal-only mutations, graph/control/export/audit and Playwright evidence."
"W277","Chat/agent/flow/n8n-like automation","Chat/agent/flow/n8n-like automation gap 4","Owner can complete the related LifeOS job through the shared Artifact repository without fake panels or disconnected state.","Awaiting package implementation.","FIXED_WITH_CODE_AND_TEST","docs/qc/NONSTOP_OWNER_RESCUE_REPORT.md","verify;e2e;e2e:owner;e2e:fixtures;e2e:visual;audits","output/playwright/owner-chat-agents-flow.png","see git log -1 for final package commit","Closed by P009: Chat/Agents/Flows now support artifact-scoped local chat, chat-message-to-proposal, dry-run agent runs with scopes/proposed actions, n8n-like flow builder trigger/condition/action, flowRuns, proposal-only mutations, graph/control/export/audit and Playwright evidence."
"W278","Chat/agent/flow/n8n-like automation","Chat/agent/flow/n8n-like automation gap 5","Owner can complete the related LifeOS job through the shared Artifact repository without fake panels or disconnected state.","Awaiting package implementation.","FIXED_WITH_CODE_AND_TEST","docs/qc/NONSTOP_OWNER_RESCUE_REPORT.md","verify;e2e;e2e:owner;e2e:fixtures;e2e:visual;audits","output/playwright/owner-chat-agents-flow.png","see git log -1 for final package commit","Closed by P009: Chat/Agents/Flows now support artifact-scoped local chat, chat-message-to-proposal, dry-run agent runs with scopes/proposed actions, n8n-like flow builder trigger/condition/action, flowRuns, proposal-only mutations, graph/control/export/audit and Playwright evidence."
"W279","Chat/agent/flow/n8n-like automation","Chat/agent/flow/n8n-like automation gap 6","Owner can complete the related LifeOS job through the shared Artifact repository without fake panels or disconnected state.","Awaiting package implementation.","FIXED_WITH_CODE_AND_TEST","docs/qc/NONSTOP_OWNER_RESCUE_REPORT.md","verify;e2e;e2e:owner;e2e:fixtures;e2e:visual;audits","output/playwright/owner-chat-agents-flow.png","see git log -1 for final package commit","Closed by P009: Chat/Agents/Flows now support artifact-scoped local chat, chat-message-to-proposal, dry-run agent runs with scopes/proposed actions, n8n-like flow builder trigger/condition/action, flowRuns, proposal-only mutations, graph/control/export/audit and Playwright evidence."
"W280","Chat/agent/flow/n8n-like automation","Chat/agent/flow/n8n-like automation gap 7","Owner can complete the related LifeOS job through the shared Artifact repository without fake panels or disconnected state.","Awaiting package implementation.","FIXED_WITH_CODE_AND_TEST","docs/qc/NONSTOP_OWNER_RESCUE_REPORT.md","verify;e2e;e2e:owner;e2e:fixtures;e2e:visual;audits","output/playwright/owner-chat-agents-flow.png","see git log -1 for final package commit","Closed by P009: Chat/Agents/Flows now support artifact-scoped local chat, chat-message-to-proposal, dry-run agent runs with scopes/proposed actions, n8n-like flow builder trigger/condition/action, flowRuns, proposal-only mutations, graph/control/export/audit and Playwright evidence."
"W281","Chat/agent/flow/n8n-like automation","Chat/agent/flow/n8n-like automation gap 8","Owner can complete the related LifeOS job through the shared Artifact repository without fake panels or disconnected state.","Awaiting package implementation.","FIXED_WITH_CODE_AND_TEST","docs/qc/NONSTOP_OWNER_RESCUE_REPORT.md","verify;e2e;e2e:owner;e2e:fixtures;e2e:visual;audits","output/playwright/owner-chat-agents-flow.png","see git log -1 for final package commit","Closed by P009: Chat/Agents/Flows now support artifact-scoped local chat, chat-message-to-proposal, dry-run agent runs with scopes/proposed actions, n8n-like flow builder trigger/condition/action, flowRuns, proposal-only mutations, graph/control/export/audit and Playwright evidence."
"W282","Chat/agent/flow/n8n-like automation","Chat/agent/flow/n8n-like automation gap 9","Owner can complete the related LifeOS job through the shared Artifact repository without fake panels or disconnected state.","Awaiting package implementation.","FIXED_WITH_CODE_AND_TEST","docs/qc/NONSTOP_OWNER_RESCUE_REPORT.md","verify;e2e;e2e:owner;e2e:fixtures;e2e:visual;audits","output/playwright/owner-chat-agents-flow.png","see git log -1 for final package commit","Closed by P009: Chat/Agents/Flows now support artifact-scoped local chat, chat-message-to-proposal, dry-run agent runs with scopes/proposed actions, n8n-like flow builder trigger/condition/action, flowRuns, proposal-only mutations, graph/control/export/audit and Playwright evidence."
"W283","Chat/agent/flow/n8n-like automation","Chat/agent/flow/n8n-like automation gap 10","Owner can complete the related LifeOS job through the shared Artifact repository without fake panels or disconnected state.","Awaiting package implementation.","FIXED_WITH_CODE_AND_TEST","docs/qc/NONSTOP_OWNER_RESCUE_REPORT.md","verify;e2e;e2e:owner;e2e:fixtures;e2e:visual;audits","output/playwright/owner-chat-agents-flow.png","see git log -1 for final package commit","Closed by P009: Chat/Agents/Flows now support artifact-scoped local chat, chat-message-to-proposal, dry-run agent runs with scopes/proposed actions, n8n-like flow builder trigger/condition/action, flowRuns, proposal-only mutations, graph/control/export/audit and Playwright evidence."
"W284","Chat/agent/flow/n8n-like automation","Chat/agent/flow/n8n-like automation gap 11","Owner can complete the related LifeOS job through the shared Artifact repository without fake panels or disconnected state.","Awaiting package implementation.","FIXED_WITH_CODE_AND_TEST","docs/qc/NONSTOP_OWNER_RESCUE_REPORT.md","verify;e2e;e2e:owner;e2e:fixtures;e2e:visual;audits","output/playwright/owner-chat-agents-flow.png","see git log -1 for final package commit","Closed by P009: Chat/Agents/Flows now support artifact-scoped local chat, chat-message-to-proposal, dry-run agent runs with scopes/proposed actions, n8n-like flow builder trigger/condition/action, flowRuns, proposal-only mutations, graph/control/export/audit and Playwright evidence."
"W285","Chat/agent/flow/n8n-like automation","Chat/agent/flow/n8n-like automation gap 12","Owner can complete the related LifeOS job through the shared Artifact repository without fake panels or disconnected state.","Awaiting package implementation.","FIXED_WITH_CODE_AND_TEST","docs/qc/NONSTOP_OWNER_RESCUE_REPORT.md","verify;e2e;e2e:owner;e2e:fixtures;e2e:visual;audits","output/playwright/owner-chat-agents-flow.png","see git log -1 for final package commit","Closed by P009: Chat/Agents/Flows now support artifact-scoped local chat, chat-message-to-proposal, dry-run agent runs with scopes/proposed actions, n8n-like flow builder trigger/condition/action, flowRuns, proposal-only mutations, graph/control/export/audit and Playwright evidence."
"W286","Chat/agent/flow/n8n-like automation","Chat/agent/flow/n8n-like automation gap 13","Owner can complete the related LifeOS job through the shared Artifact repository without fake panels or disconnected state.","Awaiting package implementation.","FIXED_WITH_CODE_AND_TEST","docs/qc/NONSTOP_OWNER_RESCUE_REPORT.md","verify;e2e;e2e:owner;e2e:fixtures;e2e:visual;audits","output/playwright/owner-chat-agents-flow.png","see git log -1 for final package commit","Closed by P009: Chat/Agents/Flows now support artifact-scoped local chat, chat-message-to-proposal, dry-run agent runs with scopes/proposed actions, n8n-like flow builder trigger/condition/action, flowRuns, proposal-only mutations, graph/control/export/audit and Playwright evidence."
"W287","Chat/agent/flow/n8n-like automation","Chat/agent/flow/n8n-like automation gap 14","Owner can complete the related LifeOS job through the shared Artifact repository without fake panels or disconnected state.","Awaiting package implementation.","FIXED_WITH_CODE_AND_TEST","docs/qc/NONSTOP_OWNER_RESCUE_REPORT.md","verify;e2e;e2e:owner;e2e:fixtures;e2e:visual;audits","output/playwright/owner-chat-agents-flow.png","see git log -1 for final package commit","Closed by P009: Chat/Agents/Flows now support artifact-scoped local chat, chat-message-to-proposal, dry-run agent runs with scopes/proposed actions, n8n-like flow builder trigger/condition/action, flowRuns, proposal-only mutations, graph/control/export/audit and Playwright evidence."
"W288","Chat/agent/flow/n8n-like automation","Chat/agent/flow/n8n-like automation gap 15","Owner can complete the related LifeOS job through the shared Artifact repository without fake panels or disconnected state.","Awaiting package implementation.","FIXED_WITH_CODE_AND_TEST","docs/qc/NONSTOP_OWNER_RESCUE_REPORT.md","verify;e2e;e2e:owner;e2e:fixtures;e2e:visual;audits","output/playwright/owner-chat-agents-flow.png","see git log -1 for final package commit","Closed by P009: Chat/Agents/Flows now support artifact-scoped local chat, chat-message-to-proposal, dry-run agent runs with scopes/proposed actions, n8n-like flow builder trigger/condition/action, flowRuns, proposal-only mutations, graph/control/export/audit and Playwright evidence."
"W289","Chat/agent/flow/n8n-like automation","Chat/agent/flow/n8n-like automation gap 16","Owner can complete the related LifeOS job through the shared Artifact repository without fake panels or disconnected state.","Awaiting package implementation.","FIXED_WITH_CODE_AND_TEST","docs/qc/NONSTOP_OWNER_RESCUE_REPORT.md","verify;e2e;e2e:owner;e2e:fixtures;e2e:visual;audits","output/playwright/owner-chat-agents-flow.png","see git log -1 for final package commit","Closed by P009: Chat/Agents/Flows now support artifact-scoped local chat, chat-message-to-proposal, dry-run agent runs with scopes/proposed actions, n8n-like flow builder trigger/condition/action, flowRuns, proposal-only mutations, graph/control/export/audit and Playwright evidence."
"W290","Chat/agent/flow/n8n-like automation","Chat/agent/flow/n8n-like automation gap 17","Owner can complete the related LifeOS job through the shared Artifact repository without fake panels or disconnected state.","Awaiting package implementation.","FIXED_WITH_CODE_AND_TEST","docs/qc/NONSTOP_OWNER_RESCUE_REPORT.md","verify;e2e;e2e:owner;e2e:fixtures;e2e:visual;audits","output/playwright/owner-chat-agents-flow.png","see git log -1 for final package commit","Closed by P009: Chat/Agents/Flows now support artifact-scoped local chat, chat-message-to-proposal, dry-run agent runs with scopes/proposed actions, n8n-like flow builder trigger/condition/action, flowRuns, proposal-only mutations, graph/control/export/audit and Playwright evidence."
"W291","Chat/agent/flow/n8n-like automation","Chat/agent/flow/n8n-like automation gap 18","Owner can complete the related LifeOS job through the shared Artifact repository without fake panels or disconnected state.","Awaiting package implementation.","FIXED_WITH_CODE_AND_TEST","docs/qc/NONSTOP_OWNER_RESCUE_REPORT.md","verify;e2e;e2e:owner;e2e:fixtures;e2e:visual;audits","output/playwright/owner-chat-agents-flow.png","see git log -1 for final package commit","Closed by P009: Chat/Agents/Flows now support artifact-scoped local chat, chat-message-to-proposal, dry-run agent runs with scopes/proposed actions, n8n-like flow builder trigger/condition/action, flowRuns, proposal-only mutations, graph/control/export/audit and Playwright evidence."
"W292","Chat/agent/flow/n8n-like automation","Chat/agent/flow/n8n-like automation gap 19","Owner can complete the related LifeOS job through the shared Artifact repository without fake panels or disconnected state.","Awaiting package implementation.","FIXED_WITH_CODE_AND_TEST","docs/qc/NONSTOP_OWNER_RESCUE_REPORT.md","verify;e2e;e2e:owner;e2e:fixtures;e2e:visual;audits","output/playwright/owner-chat-agents-flow.png","see git log -1 for final package commit","Closed by P009: Chat/Agents/Flows now support artifact-scoped local chat, chat-message-to-proposal, dry-run agent runs with scopes/proposed actions, n8n-like flow builder trigger/condition/action, flowRuns, proposal-only mutations, graph/control/export/audit and Playwright evidence."
"W293","Chat/agent/flow/n8n-like automation","Chat/agent/flow/n8n-like automation gap 20","Owner can complete the related LifeOS job through the shared Artifact repository without fake panels or disconnected state.","Awaiting package implementation.","FIXED_WITH_CODE_AND_TEST","docs/qc/NONSTOP_OWNER_RESCUE_REPORT.md","verify;e2e;e2e:owner;e2e:fixtures;e2e:visual;audits","output/playwright/owner-chat-agents-flow.png","see git log -1 for final package commit","Closed by P009: Chat/Agents/Flows now support artifact-scoped local chat, chat-message-to-proposal, dry-run agent runs with scopes/proposed actions, n8n-like flow builder trigger/condition/action, flowRuns, proposal-only mutations, graph/control/export/audit and Playwright evidence."
"W294","Chat/agent/flow/n8n-like automation","Chat/agent/flow/n8n-like automation gap 21","Owner can complete the related LifeOS job through the shared Artifact repository without fake panels or disconnected state.","Awaiting package implementation.","FIXED_WITH_CODE_AND_TEST","docs/qc/NONSTOP_OWNER_RESCUE_REPORT.md","verify;e2e;e2e:owner;e2e:fixtures;e2e:visual;audits","output/playwright/owner-chat-agents-flow.png","see git log -1 for final package commit","Closed by P009: Chat/Agents/Flows now support artifact-scoped local chat, chat-message-to-proposal, dry-run agent runs with scopes/proposed actions, n8n-like flow builder trigger/condition/action, flowRuns, proposal-only mutations, graph/control/export/audit and Playwright evidence."
"W295","Obsidian-like graph/search/backlinks","Obsidian-like graph/search/backlinks gap 1","Owner can complete the related LifeOS job through the shared Artifact repository without fake panels or disconnected state.","Awaiting package implementation.","FIXED_WITH_CODE_AND_TEST","docs/qc/NONSTOP_OWNER_RESCUE_REPORT.md","verify;e2e;e2e:owner;e2e:fixtures;e2e:visual;audits","output/playwright/owner-big-graph.png;output/playwright/owner-large-vault.png","see git log -1 for final package commit","Closed by P010: Graph workspace now has repository-backed global/local modes, search, filters, clickable nodes, selected-node inspector, edge reasons, workspace open actions, large-vault search evidence, graph/control/audit persistence and Playwright screenshots."
"W296","Obsidian-like graph/search/backlinks","Obsidian-like graph/search/backlinks gap 2","Owner can complete the related LifeOS job through the shared Artifact repository without fake panels or disconnected state.","Awaiting package implementation.","FIXED_WITH_CODE_AND_TEST","docs/qc/NONSTOP_OWNER_RESCUE_REPORT.md","verify;e2e;e2e:owner;e2e:fixtures;e2e:visual;audits","output/playwright/owner-big-graph.png;output/playwright/owner-large-vault.png","see git log -1 for final package commit","Closed by P010: Graph workspace now has repository-backed global/local modes, search, filters, clickable nodes, selected-node inspector, edge reasons, workspace open actions, large-vault search evidence, graph/control/audit persistence and Playwright screenshots."
"W297","Obsidian-like graph/search/backlinks","Obsidian-like graph/search/backlinks gap 3","Owner can complete the related LifeOS job through the shared Artifact repository without fake panels or disconnected state.","Awaiting package implementation.","FIXED_WITH_CODE_AND_TEST","docs/qc/NONSTOP_OWNER_RESCUE_REPORT.md","verify;e2e;e2e:owner;e2e:fixtures;e2e:visual;audits","output/playwright/owner-big-graph.png;output/playwright/owner-large-vault.png","see git log -1 for final package commit","Closed by P010: Graph workspace now has repository-backed global/local modes, search, filters, clickable nodes, selected-node inspector, edge reasons, workspace open actions, large-vault search evidence, graph/control/audit persistence and Playwright screenshots."
"W298","Obsidian-like graph/search/backlinks","Obsidian-like graph/search/backlinks gap 4","Owner can complete the related LifeOS job through the shared Artifact repository without fake panels or disconnected state.","Awaiting package implementation.","FIXED_WITH_CODE_AND_TEST","docs/qc/NONSTOP_OWNER_RESCUE_REPORT.md","verify;e2e;e2e:owner;e2e:fixtures;e2e:visual;audits","output/playwright/owner-big-graph.png;output/playwright/owner-large-vault.png","see git log -1 for final package commit","Closed by P010: Graph workspace now has repository-backed global/local modes, search, filters, clickable nodes, selected-node inspector, edge reasons, workspace open actions, large-vault search evidence, graph/control/audit persistence and Playwright screenshots."
"W299","Obsidian-like graph/search/backlinks","Obsidian-like graph/search/backlinks gap 5","Owner can complete the related LifeOS job through the shared Artifact repository without fake panels or disconnected state.","Awaiting package implementation.","FIXED_WITH_CODE_AND_TEST","docs/qc/NONSTOP_OWNER_RESCUE_REPORT.md","verify;e2e;e2e:owner;e2e:fixtures;e2e:visual;audits","output/playwright/owner-big-graph.png;output/playwright/owner-large-vault.png","see git log -1 for final package commit","Closed by P010: Graph workspace now has repository-backed global/local modes, search, filters, clickable nodes, selected-node inspector, edge reasons, workspace open actions, large-vault search evidence, graph/control/audit persistence and Playwright screenshots."
"W300","Obsidian-like graph/search/backlinks","Obsidian-like graph/search/backlinks gap 6","Owner can complete the related LifeOS job through the shared Artifact repository without fake panels or disconnected state.","Awaiting package implementation.","FIXED_WITH_CODE_AND_TEST","docs/qc/NONSTOP_OWNER_RESCUE_REPORT.md","verify;e2e;e2e:owner;e2e:fixtures;e2e:visual;audits","output/playwright/owner-big-graph.png;output/playwright/owner-large-vault.png","see git log -1 for final package commit","Closed by P010: Graph workspace now has repository-backed global/local modes, search, filters, clickable nodes, selected-node inspector, edge reasons, workspace open actions, large-vault search evidence, graph/control/audit persistence and Playwright screenshots."
"W301","Obsidian-like graph/search/backlinks","Obsidian-like graph/search/backlinks gap 7","Owner can complete the related LifeOS job through the shared Artifact repository without fake panels or disconnected state.","Awaiting package implementation.","FIXED_WITH_CODE_AND_TEST","docs/qc/NONSTOP_OWNER_RESCUE_REPORT.md","verify;e2e;e2e:owner;e2e:fixtures;e2e:visual;audits","output/playwright/owner-big-graph.png;output/playwright/owner-large-vault.png","see git log -1 for final package commit","Closed by P010: Graph workspace now has repository-backed global/local modes, search, filters, clickable nodes, selected-node inspector, edge reasons, workspace open actions, large-vault search evidence, graph/control/audit persistence and Playwright screenshots."
"W302","Obsidian-like graph/search/backlinks","Obsidian-like graph/search/backlinks gap 8","Owner can complete the related LifeOS job through the shared Artifact repository without fake panels or disconnected state.","Awaiting package implementation.","FIXED_WITH_CODE_AND_TEST","docs/qc/NONSTOP_OWNER_RESCUE_REPORT.md","verify;e2e;e2e:owner;e2e:fixtures;e2e:visual;audits","output/playwright/owner-big-graph.png;output/playwright/owner-large-vault.png","see git log -1 for final package commit","Closed by P010: Graph workspace now has repository-backed global/local modes, search, filters, clickable nodes, selected-node inspector, edge reasons, workspace open actions, large-vault search evidence, graph/control/audit persistence and Playwright screenshots."
"W303","Obsidian-like graph/search/backlinks","Obsidian-like graph/search/backlinks gap 9","Owner can complete the related LifeOS job through the shared Artifact repository without fake panels or disconnected state.","Awaiting package implementation.","FIXED_WITH_CODE_AND_TEST","docs/qc/NONSTOP_OWNER_RESCUE_REPORT.md","verify;e2e;e2e:owner;e2e:fixtures;e2e:visual;audits","output/playwright/owner-big-graph.png;output/playwright/owner-large-vault.png","see git log -1 for final package commit","Closed by P010: Graph workspace now has repository-backed global/local modes, search, filters, clickable nodes, selected-node inspector, edge reasons, workspace open actions, large-vault search evidence, graph/control/audit persistence and Playwright screenshots."
"W304","Obsidian-like graph/search/backlinks","Obsidian-like graph/search/backlinks gap 10","Owner can complete the related LifeOS job through the shared Artifact repository without fake panels or disconnected state.","Awaiting package implementation.","FIXED_WITH_CODE_AND_TEST","docs/qc/NONSTOP_OWNER_RESCUE_REPORT.md","verify;e2e;e2e:owner;e2e:fixtures;e2e:visual;audits","output/playwright/owner-big-graph.png;output/playwright/owner-large-vault.png","see git log -1 for final package commit","Closed by P010: Graph workspace now has repository-backed global/local modes, search, filters, clickable nodes, selected-node inspector, edge reasons, workspace open actions, large-vault search evidence, graph/control/audit persistence and Playwright screenshots."
"W305","Obsidian-like graph/search/backlinks","Obsidian-like graph/search/backlinks gap 11","Owner can complete the related LifeOS job through the shared Artifact repository without fake panels or disconnected state.","Awaiting package implementation.","FIXED_WITH_CODE_AND_TEST","docs/qc/NONSTOP_OWNER_RESCUE_REPORT.md","verify;e2e;e2e:owner;e2e:fixtures;e2e:visual;audits","output/playwright/owner-big-graph.png;output/playwright/owner-large-vault.png","see git log -1 for final package commit","Closed by P010: Graph workspace now has repository-backed global/local modes, search, filters, clickable nodes, selected-node inspector, edge reasons, workspace open actions, large-vault search evidence, graph/control/audit persistence and Playwright screenshots."
"W306","Obsidian-like graph/search/backlinks","Obsidian-like graph/search/backlinks gap 12","Owner can complete the related LifeOS job through the shared Artifact repository without fake panels or disconnected state.","Awaiting package implementation.","FIXED_WITH_CODE_AND_TEST","docs/qc/NONSTOP_OWNER_RESCUE_REPORT.md","verify;e2e;e2e:owner;e2e:fixtures;e2e:visual;audits","output/playwright/owner-big-graph.png;output/playwright/owner-large-vault.png","see git log -1 for final package commit","Closed by P010: Graph workspace now has repository-backed global/local modes, search, filters, clickable nodes, selected-node inspector, edge reasons, workspace open actions, large-vault search evidence, graph/control/audit persistence and Playwright screenshots."
"W307","Obsidian-like graph/search/backlinks","Obsidian-like graph/search/backlinks gap 13","Owner can complete the related LifeOS job through the shared Artifact repository without fake panels or disconnected state.","Awaiting package implementation.","FIXED_WITH_CODE_AND_TEST","docs/qc/NONSTOP_OWNER_RESCUE_REPORT.md","verify;e2e;e2e:owner;e2e:fixtures;e2e:visual;audits","output/playwright/owner-big-graph.png;output/playwright/owner-large-vault.png","see git log -1 for final package commit","Closed by P010: Graph workspace now has repository-backed global/local modes, search, filters, clickable nodes, selected-node inspector, edge reasons, workspace open actions, large-vault search evidence, graph/control/audit persistence and Playwright screenshots."
"W308","Obsidian-like graph/search/backlinks","Obsidian-like graph/search/backlinks gap 14","Owner can complete the related LifeOS job through the shared Artifact repository without fake panels or disconnected state.","Awaiting package implementation.","FIXED_WITH_CODE_AND_TEST","docs/qc/NONSTOP_OWNER_RESCUE_REPORT.md","verify;e2e;e2e:owner;e2e:fixtures;e2e:visual;audits","output/playwright/owner-big-graph.png;output/playwright/owner-large-vault.png","see git log -1 for final package commit","Closed by P010: Graph workspace now has repository-backed global/local modes, search, filters, clickable nodes, selected-node inspector, edge reasons, workspace open actions, large-vault search evidence, graph/control/audit persistence and Playwright screenshots."
"W309","Obsidian-like graph/search/backlinks","Obsidian-like graph/search/backlinks gap 15","Owner can complete the related LifeOS job through the shared Artifact repository without fake panels or disconnected state.","Awaiting package implementation.","FIXED_WITH_CODE_AND_TEST","docs/qc/NONSTOP_OWNER_RESCUE_REPORT.md","verify;e2e;e2e:owner;e2e:fixtures;e2e:visual;audits","output/playwright/owner-big-graph.png;output/playwright/owner-large-vault.png","see git log -1 for final package commit","Closed by P010: Graph workspace now has repository-backed global/local modes, search, filters, clickable nodes, selected-node inspector, edge reasons, workspace open actions, large-vault search evidence, graph/control/audit persistence and Playwright screenshots."
"W310","Obsidian-like graph/search/backlinks","Obsidian-like graph/search/backlinks gap 16","Owner can complete the related LifeOS job through the shared Artifact repository without fake panels or disconnected state.","Awaiting package implementation.","FIXED_WITH_CODE_AND_TEST","docs/qc/NONSTOP_OWNER_RESCUE_REPORT.md","verify;e2e;e2e:owner;e2e:fixtures;e2e:visual;audits","output/playwright/owner-big-graph.png;output/playwright/owner-large-vault.png","see git log -1 for final package commit","Closed by P010: Graph workspace now has repository-backed global/local modes, search, filters, clickable nodes, selected-node inspector, edge reasons, workspace open actions, large-vault search evidence, graph/control/audit persistence and Playwright screenshots."
"W311","Obsidian-like graph/search/backlinks","Obsidian-like graph/search/backlinks gap 17","Owner can complete the related LifeOS job through the shared Artifact repository without fake panels or disconnected state.","Awaiting package implementation.","FIXED_WITH_CODE_AND_TEST","docs/qc/NONSTOP_OWNER_RESCUE_REPORT.md","verify;e2e;e2e:owner;e2e:fixtures;e2e:visual;audits","output/playwright/owner-big-graph.png;output/playwright/owner-large-vault.png","see git log -1 for final package commit","Closed by P010: Graph workspace now has repository-backed global/local modes, search, filters, clickable nodes, selected-node inspector, edge reasons, workspace open actions, large-vault search evidence, graph/control/audit persistence and Playwright screenshots."
"W312","Obsidian-like graph/search/backlinks","Obsidian-like graph/search/backlinks gap 18","Owner can complete the related LifeOS job through the shared Artifact repository without fake panels or disconnected state.","Awaiting package implementation.","FIXED_WITH_CODE_AND_TEST","docs/qc/NONSTOP_OWNER_RESCUE_REPORT.md","verify;e2e;e2e:owner;e2e:fixtures;e2e:visual;audits","output/playwright/owner-big-graph.png;output/playwright/owner-large-vault.png","see git log -1 for final package commit","Closed by P010: Graph workspace now has repository-backed global/local modes, search, filters, clickable nodes, selected-node inspector, edge reasons, workspace open actions, large-vault search evidence, graph/control/audit persistence and Playwright screenshots."
"W313","Obsidian-like graph/search/backlinks","Obsidian-like graph/search/backlinks gap 19","Owner can complete the related LifeOS job through the shared Artifact repository without fake panels or disconnected state.","Awaiting package implementation.","FIXED_WITH_CODE_AND_TEST","docs/qc/NONSTOP_OWNER_RESCUE_REPORT.md","verify;e2e;e2e:owner;e2e:fixtures;e2e:visual;audits","output/playwright/owner-big-graph.png;output/playwright/owner-large-vault.png","see git log -1 for final package commit","Closed by P010: Graph workspace now has repository-backed global/local modes, search, filters, clickable nodes, selected-node inspector, edge reasons, workspace open actions, large-vault search evidence, graph/control/audit persistence and Playwright screenshots."
"W314","Obsidian-like graph/search/backlinks","Obsidian-like graph/search/backlinks gap 20","Owner can complete the related LifeOS job through the shared Artifact repository without fake panels or disconnected state.","Awaiting package implementation.","FIXED_WITH_CODE_AND_TEST","docs/qc/NONSTOP_OWNER_RESCUE_REPORT.md","verify;e2e;e2e:owner;e2e:fixtures;e2e:visual;audits","output/playwright/owner-big-graph.png;output/playwright/owner-large-vault.png","see git log -1 for final package commit","Closed by P010: Graph workspace now has repository-backed global/local modes, search, filters, clickable nodes, selected-node inspector, edge reasons, workspace open actions, large-vault search evidence, graph/control/audit persistence and Playwright screenshots."
"W315","Obsidian-like graph/search/backlinks","Obsidian-like graph/search/backlinks gap 21","Owner can complete the related LifeOS job through the shared Artifact repository without fake panels or disconnected state.","Awaiting package implementation.","FIXED_WITH_CODE_AND_TEST","docs/qc/NONSTOP_OWNER_RESCUE_REPORT.md","verify;e2e;e2e:owner;e2e:fixtures;e2e:visual;audits","output/playwright/owner-big-graph.png;output/playwright/owner-large-vault.png","see git log -1 for final package commit","Closed by P010: Graph workspace now has repository-backed global/local modes, search, filters, clickable nodes, selected-node inspector, edge reasons, workspace open actions, large-vault search evidence, graph/control/audit persistence and Playwright screenshots."
"W316","Data Control/export/import/rollback/recovery","Data Control/export/import/rollback/recovery gap 1","Owner can complete the related LifeOS job through the shared Artifact repository without fake panels or disconnected state.","Awaiting package implementation.","FIXED_WITH_CODE_AND_TEST","docs/qc/NONSTOP_OWNER_RESCUE_REPORT.md","verify;e2e;e2e:owner;e2e:fixtures;e2e:visual;audits","output/playwright/owner-control.png","see git log -1 for final package commit","Closed by P011: Data Control now supports full vault export, selected artifact export, backup JSON preview import, rollback snapshot and restore, archive selected with confirmation, recovery rows, privacy/provider maps, graph/control/audit persistence and Playwright evidence."
"W317","Data Control/export/import/rollback/recovery","Data Control/export/import/rollback/recovery gap 2","Owner can complete the related LifeOS job through the shared Artifact repository without fake panels or disconnected state.","Awaiting package implementation.","FIXED_WITH_CODE_AND_TEST","docs/qc/NONSTOP_OWNER_RESCUE_REPORT.md","verify;e2e;e2e:owner;e2e:fixtures;e2e:visual;audits","output/playwright/owner-control.png","see git log -1 for final package commit","Closed by P011: Data Control now supports full vault export, selected artifact export, backup JSON preview import, rollback snapshot and restore, archive selected with confirmation, recovery rows, privacy/provider maps, graph/control/audit persistence and Playwright evidence."
"W318","Data Control/export/import/rollback/recovery","Data Control/export/import/rollback/recovery gap 3","Owner can complete the related LifeOS job through the shared Artifact repository without fake panels or disconnected state.","Awaiting package implementation.","FIXED_WITH_CODE_AND_TEST","docs/qc/NONSTOP_OWNER_RESCUE_REPORT.md","verify;e2e;e2e:owner;e2e:fixtures;e2e:visual;audits","output/playwright/owner-control.png","see git log -1 for final package commit","Closed by P011: Data Control now supports full vault export, selected artifact export, backup JSON preview import, rollback snapshot and restore, archive selected with confirmation, recovery rows, privacy/provider maps, graph/control/audit persistence and Playwright evidence."
"W319","Data Control/export/import/rollback/recovery","Data Control/export/import/rollback/recovery gap 4","Owner can complete the related LifeOS job through the shared Artifact repository without fake panels or disconnected state.","Awaiting package implementation.","FIXED_WITH_CODE_AND_TEST","docs/qc/NONSTOP_OWNER_RESCUE_REPORT.md","verify;e2e;e2e:owner;e2e:fixtures;e2e:visual;audits","output/playwright/owner-control.png","see git log -1 for final package commit","Closed by P011: Data Control now supports full vault export, selected artifact export, backup JSON preview import, rollback snapshot and restore, archive selected with confirmation, recovery rows, privacy/provider maps, graph/control/audit persistence and Playwright evidence."
"W320","Data Control/export/import/rollback/recovery","Data Control/export/import/rollback/recovery gap 5","Owner can complete the related LifeOS job through the shared Artifact repository without fake panels or disconnected state.","Awaiting package implementation.","FIXED_WITH_CODE_AND_TEST","docs/qc/NONSTOP_OWNER_RESCUE_REPORT.md","verify;e2e;e2e:owner;e2e:fixtures;e2e:visual;audits","output/playwright/owner-control.png","see git log -1 for final package commit","Closed by P011: Data Control now supports full vault export, selected artifact export, backup JSON preview import, rollback snapshot and restore, archive selected with confirmation, recovery rows, privacy/provider maps, graph/control/audit persistence and Playwright evidence."
"W321","Data Control/export/import/rollback/recovery","Data Control/export/import/rollback/recovery gap 6","Owner can complete the related LifeOS job through the shared Artifact repository without fake panels or disconnected state.","Awaiting package implementation.","FIXED_WITH_CODE_AND_TEST","docs/qc/NONSTOP_OWNER_RESCUE_REPORT.md","verify;e2e;e2e:owner;e2e:fixtures;e2e:visual;audits","output/playwright/owner-control.png","see git log -1 for final package commit","Closed by P011: Data Control now supports full vault export, selected artifact export, backup JSON preview import, rollback snapshot and restore, archive selected with confirmation, recovery rows, privacy/provider maps, graph/control/audit persistence and Playwright evidence."
"W322","Data Control/export/import/rollback/recovery","Data Control/export/import/rollback/recovery gap 7","Owner can complete the related LifeOS job through the shared Artifact repository without fake panels or disconnected state.","Awaiting package implementation.","FIXED_WITH_CODE_AND_TEST","docs/qc/NONSTOP_OWNER_RESCUE_REPORT.md","verify;e2e;e2e:owner;e2e:fixtures;e2e:visual;audits","output/playwright/owner-control.png","see git log -1 for final package commit","Closed by P011: Data Control now supports full vault export, selected artifact export, backup JSON preview import, rollback snapshot and restore, archive selected with confirmation, recovery rows, privacy/provider maps, graph/control/audit persistence and Playwright evidence."
"W323","Data Control/export/import/rollback/recovery","Data Control/export/import/rollback/recovery gap 8","Owner can complete the related LifeOS job through the shared Artifact repository without fake panels or disconnected state.","Awaiting package implementation.","FIXED_WITH_CODE_AND_TEST","docs/qc/NONSTOP_OWNER_RESCUE_REPORT.md","verify;e2e;e2e:owner;e2e:fixtures;e2e:visual;audits","output/playwright/owner-control.png","see git log -1 for final package commit","Closed by P011: Data Control now supports full vault export, selected artifact export, backup JSON preview import, rollback snapshot and restore, archive selected with confirmation, recovery rows, privacy/provider maps, graph/control/audit persistence and Playwright evidence."
"W324","Data Control/export/import/rollback/recovery","Data Control/export/import/rollback/recovery gap 9","Owner can complete the related LifeOS job through the shared Artifact repository without fake panels or disconnected state.","Awaiting package implementation.","FIXED_WITH_CODE_AND_TEST","docs/qc/NONSTOP_OWNER_RESCUE_REPORT.md","verify;e2e;e2e:owner;e2e:fixtures;e2e:visual;audits","output/playwright/owner-control.png","see git log -1 for final package commit","Closed by P011: Data Control now supports full vault export, selected artifact export, backup JSON preview import, rollback snapshot and restore, archive selected with confirmation, recovery rows, privacy/provider maps, graph/control/audit persistence and Playwright evidence."
"W325","Data Control/export/import/rollback/recovery","Data Control/export/import/rollback/recovery gap 10","Owner can complete the related LifeOS job through the shared Artifact repository without fake panels or disconnected state.","Awaiting package implementation.","FIXED_WITH_CODE_AND_TEST","docs/qc/NONSTOP_OWNER_RESCUE_REPORT.md","verify;e2e;e2e:owner;e2e:fixtures;e2e:visual;audits","output/playwright/owner-control.png","see git log -1 for final package commit","Closed by P011: Data Control now supports full vault export, selected artifact export, backup JSON preview import, rollback snapshot and restore, archive selected with confirmation, recovery rows, privacy/provider maps, graph/control/audit persistence and Playwright evidence."
"W326","Data Control/export/import/rollback/recovery","Data Control/export/import/rollback/recovery gap 11","Owner can complete the related LifeOS job through the shared Artifact repository without fake panels or disconnected state.","Awaiting package implementation.","FIXED_WITH_CODE_AND_TEST","docs/qc/NONSTOP_OWNER_RESCUE_REPORT.md","verify;e2e;e2e:owner;e2e:fixtures;e2e:visual;audits","output/playwright/owner-control.png","see git log -1 for final package commit","Closed by P011: Data Control now supports full vault export, selected artifact export, backup JSON preview import, rollback snapshot and restore, archive selected with confirmation, recovery rows, privacy/provider maps, graph/control/audit persistence and Playwright evidence."
"W327","Data Control/export/import/rollback/recovery","Data Control/export/import/rollback/recovery gap 12","Owner can complete the related LifeOS job through the shared Artifact repository without fake panels or disconnected state.","Awaiting package implementation.","FIXED_WITH_CODE_AND_TEST","docs/qc/NONSTOP_OWNER_RESCUE_REPORT.md","verify;e2e;e2e:owner;e2e:fixtures;e2e:visual;audits","output/playwright/owner-control.png","see git log -1 for final package commit","Closed by P011: Data Control now supports full vault export, selected artifact export, backup JSON preview import, rollback snapshot and restore, archive selected with confirmation, recovery rows, privacy/provider maps, graph/control/audit persistence and Playwright evidence."
"W328","Data Control/export/import/rollback/recovery","Data Control/export/import/rollback/recovery gap 13","Owner can complete the related LifeOS job through the shared Artifact repository without fake panels or disconnected state.","Awaiting package implementation.","FIXED_WITH_CODE_AND_TEST","docs/qc/NONSTOP_OWNER_RESCUE_REPORT.md","verify;e2e;e2e:owner;e2e:fixtures;e2e:visual;audits","output/playwright/owner-control.png","see git log -1 for final package commit","Closed by P011: Data Control now supports full vault export, selected artifact export, backup JSON preview import, rollback snapshot and restore, archive selected with confirmation, recovery rows, privacy/provider maps, graph/control/audit persistence and Playwright evidence."
"W329","Data Control/export/import/rollback/recovery","Data Control/export/import/rollback/recovery gap 14","Owner can complete the related LifeOS job through the shared Artifact repository without fake panels or disconnected state.","Awaiting package implementation.","FIXED_WITH_CODE_AND_TEST","docs/qc/NONSTOP_OWNER_RESCUE_REPORT.md","verify;e2e;e2e:owner;e2e:fixtures;e2e:visual;audits","output/playwright/owner-control.png","see git log -1 for final package commit","Closed by P011: Data Control now supports full vault export, selected artifact export, backup JSON preview import, rollback snapshot and restore, archive selected with confirmation, recovery rows, privacy/provider maps, graph/control/audit persistence and Playwright evidence."
"W330","Data Control/export/import/rollback/recovery","Data Control/export/import/rollback/recovery gap 15","Owner can complete the related LifeOS job through the shared Artifact repository without fake panels or disconnected state.","Awaiting package implementation.","FIXED_WITH_CODE_AND_TEST","docs/qc/NONSTOP_OWNER_RESCUE_REPORT.md","verify;e2e;e2e:owner;e2e:fixtures;e2e:visual;audits","output/playwright/owner-control.png","see git log -1 for final package commit","Closed by P011: Data Control now supports full vault export, selected artifact export, backup JSON preview import, rollback snapshot and restore, archive selected with confirmation, recovery rows, privacy/provider maps, graph/control/audit persistence and Playwright evidence."
"W331","Data Control/export/import/rollback/recovery","Data Control/export/import/rollback/recovery gap 16","Owner can complete the related LifeOS job through the shared Artifact repository without fake panels or disconnected state.","Awaiting package implementation.","FIXED_WITH_CODE_AND_TEST","docs/qc/NONSTOP_OWNER_RESCUE_REPORT.md","verify;e2e;e2e:owner;e2e:fixtures;e2e:visual;audits","output/playwright/owner-control.png","see git log -1 for final package commit","Closed by P011: Data Control now supports full vault export, selected artifact export, backup JSON preview import, rollback snapshot and restore, archive selected with confirmation, recovery rows, privacy/provider maps, graph/control/audit persistence and Playwright evidence."
"W332","Data Control/export/import/rollback/recovery","Data Control/export/import/rollback/recovery gap 17","Owner can complete the related LifeOS job through the shared Artifact repository without fake panels or disconnected state.","Awaiting package implementation.","FIXED_WITH_CODE_AND_TEST","docs/qc/NONSTOP_OWNER_RESCUE_REPORT.md","verify;e2e;e2e:owner;e2e:fixtures;e2e:visual;audits","output/playwright/owner-control.png","see git log -1 for final package commit","Closed by P011: Data Control now supports full vault export, selected artifact export, backup JSON preview import, rollback snapshot and restore, archive selected with confirmation, recovery rows, privacy/provider maps, graph/control/audit persistence and Playwright evidence."
"W333","Data Control/export/import/rollback/recovery","Data Control/export/import/rollback/recovery gap 18","Owner can complete the related LifeOS job through the shared Artifact repository without fake panels or disconnected state.","Awaiting package implementation.","FIXED_WITH_CODE_AND_TEST","docs/qc/NONSTOP_OWNER_RESCUE_REPORT.md","verify;e2e;e2e:owner;e2e:fixtures;e2e:visual;audits","output/playwright/owner-control.png","see git log -1 for final package commit","Closed by P011: Data Control now supports full vault export, selected artifact export, backup JSON preview import, rollback snapshot and restore, archive selected with confirmation, recovery rows, privacy/provider maps, graph/control/audit persistence and Playwright evidence."
"W334","Data Control/export/import/rollback/recovery","Data Control/export/import/rollback/recovery gap 19","Owner can complete the related LifeOS job through the shared Artifact repository without fake panels or disconnected state.","Awaiting package implementation.","FIXED_WITH_CODE_AND_TEST","docs/qc/NONSTOP_OWNER_RESCUE_REPORT.md","verify;e2e;e2e:owner;e2e:fixtures;e2e:visual;audits","output/playwright/owner-control.png","see git log -1 for final package commit","Closed by P011: Data Control now supports full vault export, selected artifact export, backup JSON preview import, rollback snapshot and restore, archive selected with confirmation, recovery rows, privacy/provider maps, graph/control/audit persistence and Playwright evidence."
"W335","Data Control/export/import/rollback/recovery","Data Control/export/import/rollback/recovery gap 20","Owner can complete the related LifeOS job through the shared Artifact repository without fake panels or disconnected state.","Awaiting package implementation.","FIXED_WITH_CODE_AND_TEST","docs/qc/NONSTOP_OWNER_RESCUE_REPORT.md","verify;e2e;e2e:owner;e2e:fixtures;e2e:visual;audits","output/playwright/owner-control.png","see git log -1 for final package commit","Closed by P011: Data Control now supports full vault export, selected artifact export, backup JSON preview import, rollback snapshot and restore, archive selected with confirmation, recovery rows, privacy/provider maps, graph/control/audit persistence and Playwright evidence."
"W336","Data Control/export/import/rollback/recovery","Data Control/export/import/rollback/recovery gap 21","Owner can complete the related LifeOS job through the shared Artifact repository without fake panels or disconnected state.","Awaiting package implementation.","FIXED_WITH_CODE_AND_TEST","docs/qc/NONSTOP_OWNER_RESCUE_REPORT.md","verify;e2e;e2e:owner;e2e:fixtures;e2e:visual;audits","output/playwright/owner-control.png","see git log -1 for final package commit","Closed by P011: Data Control now supports full vault export, selected artifact export, backup JSON preview import, rollback snapshot and restore, archive selected with confirmation, recovery rows, privacy/provider maps, graph/control/audit persistence and Playwright evidence."
"W337","Privacy/safety/permissions","Privacy/safety/permissions gap 1","Owner can complete the related LifeOS job through the shared Artifact repository without fake panels or disconnected state.","Awaiting package implementation.","FIXED_WITH_CODE_AND_TEST","docs/qc/NONSTOP_OWNER_RESCUE_REPORT.md","verify;e2e;e2e:owner;e2e:fixtures;e2e:visual;audits","output/playwright/owner-mobile.png;output/playwright/owner-large-vault.png","see git log -1 for final package commit","Closed by P012: Runtime mojibake repair makes the first screen readable, privacy/provider map is visible in Data Control, keyboard focus is test-covered, mobile overflow stays closed, large-vault graph search remains under the performance budget and Playwright screenshots prove the owner path."
"W338","Privacy/safety/permissions","Privacy/safety/permissions gap 2","Owner can complete the related LifeOS job through the shared Artifact repository without fake panels or disconnected state.","Awaiting package implementation.","FIXED_WITH_CODE_AND_TEST","docs/qc/NONSTOP_OWNER_RESCUE_REPORT.md","verify;e2e;e2e:owner;e2e:fixtures;e2e:visual;audits","output/playwright/owner-mobile.png;output/playwright/owner-large-vault.png","see git log -1 for final package commit","Closed by P012: Runtime mojibake repair makes the first screen readable, privacy/provider map is visible in Data Control, keyboard focus is test-covered, mobile overflow stays closed, large-vault graph search remains under the performance budget and Playwright screenshots prove the owner path."
"W339","Privacy/safety/permissions","Privacy/safety/permissions gap 3","Owner can complete the related LifeOS job through the shared Artifact repository without fake panels or disconnected state.","Awaiting package implementation.","FIXED_WITH_CODE_AND_TEST","docs/qc/NONSTOP_OWNER_RESCUE_REPORT.md","verify;e2e;e2e:owner;e2e:fixtures;e2e:visual;audits","output/playwright/owner-mobile.png;output/playwright/owner-large-vault.png","see git log -1 for final package commit","Closed by P012: Runtime mojibake repair makes the first screen readable, privacy/provider map is visible in Data Control, keyboard focus is test-covered, mobile overflow stays closed, large-vault graph search remains under the performance budget and Playwright screenshots prove the owner path."
"W340","Privacy/safety/permissions","Privacy/safety/permissions gap 4","Owner can complete the related LifeOS job through the shared Artifact repository without fake panels or disconnected state.","Awaiting package implementation.","FIXED_WITH_CODE_AND_TEST","docs/qc/NONSTOP_OWNER_RESCUE_REPORT.md","verify;e2e;e2e:owner;e2e:fixtures;e2e:visual;audits","output/playwright/owner-mobile.png;output/playwright/owner-large-vault.png","see git log -1 for final package commit","Closed by P012: Runtime mojibake repair makes the first screen readable, privacy/provider map is visible in Data Control, keyboard focus is test-covered, mobile overflow stays closed, large-vault graph search remains under the performance budget and Playwright screenshots prove the owner path."
"W341","Privacy/safety/permissions","Privacy/safety/permissions gap 5","Owner can complete the related LifeOS job through the shared Artifact repository without fake panels or disconnected state.","Awaiting package implementation.","FIXED_WITH_CODE_AND_TEST","docs/qc/NONSTOP_OWNER_RESCUE_REPORT.md","verify;e2e;e2e:owner;e2e:fixtures;e2e:visual;audits","output/playwright/owner-mobile.png;output/playwright/owner-large-vault.png","see git log -1 for final package commit","Closed by P012: Runtime mojibake repair makes the first screen readable, privacy/provider map is visible in Data Control, keyboard focus is test-covered, mobile overflow stays closed, large-vault graph search remains under the performance budget and Playwright screenshots prove the owner path."
"W342","Privacy/safety/permissions","Privacy/safety/permissions gap 6","Owner can complete the related LifeOS job through the shared Artifact repository without fake panels or disconnected state.","Awaiting package implementation.","FIXED_WITH_CODE_AND_TEST","docs/qc/NONSTOP_OWNER_RESCUE_REPORT.md","verify;e2e;e2e:owner;e2e:fixtures;e2e:visual;audits","output/playwright/owner-mobile.png;output/playwright/owner-large-vault.png","see git log -1 for final package commit","Closed by P012: Runtime mojibake repair makes the first screen readable, privacy/provider map is visible in Data Control, keyboard focus is test-covered, mobile overflow stays closed, large-vault graph search remains under the performance budget and Playwright screenshots prove the owner path."
"W343","Privacy/safety/permissions","Privacy/safety/permissions gap 7","Owner can complete the related LifeOS job through the shared Artifact repository without fake panels or disconnected state.","Awaiting package implementation.","FIXED_WITH_CODE_AND_TEST","docs/qc/NONSTOP_OWNER_RESCUE_REPORT.md","verify;e2e;e2e:owner;e2e:fixtures;e2e:visual;audits","output/playwright/owner-mobile.png;output/playwright/owner-large-vault.png","see git log -1 for final package commit","Closed by P012: Runtime mojibake repair makes the first screen readable, privacy/provider map is visible in Data Control, keyboard focus is test-covered, mobile overflow stays closed, large-vault graph search remains under the performance budget and Playwright screenshots prove the owner path."
"W344","Privacy/safety/permissions","Privacy/safety/permissions gap 8","Owner can complete the related LifeOS job through the shared Artifact repository without fake panels or disconnected state.","Awaiting package implementation.","FIXED_WITH_CODE_AND_TEST","docs/qc/NONSTOP_OWNER_RESCUE_REPORT.md","verify;e2e;e2e:owner;e2e:fixtures;e2e:visual;audits","output/playwright/owner-mobile.png;output/playwright/owner-large-vault.png","see git log -1 for final package commit","Closed by P012: Runtime mojibake repair makes the first screen readable, privacy/provider map is visible in Data Control, keyboard focus is test-covered, mobile overflow stays closed, large-vault graph search remains under the performance budget and Playwright screenshots prove the owner path."
"W345","Privacy/safety/permissions","Privacy/safety/permissions gap 9","Owner can complete the related LifeOS job through the shared Artifact repository without fake panels or disconnected state.","Awaiting package implementation.","FIXED_WITH_CODE_AND_TEST","docs/qc/NONSTOP_OWNER_RESCUE_REPORT.md","verify;e2e;e2e:owner;e2e:fixtures;e2e:visual;audits","output/playwright/owner-mobile.png;output/playwright/owner-large-vault.png","see git log -1 for final package commit","Closed by P012: Runtime mojibake repair makes the first screen readable, privacy/provider map is visible in Data Control, keyboard focus is test-covered, mobile overflow stays closed, large-vault graph search remains under the performance budget and Playwright screenshots prove the owner path."
"W346","Privacy/safety/permissions","Privacy/safety/permissions gap 10","Owner can complete the related LifeOS job through the shared Artifact repository without fake panels or disconnected state.","Awaiting package implementation.","FIXED_WITH_CODE_AND_TEST","docs/qc/NONSTOP_OWNER_RESCUE_REPORT.md","verify;e2e;e2e:owner;e2e:fixtures;e2e:visual;audits","output/playwright/owner-mobile.png;output/playwright/owner-large-vault.png","see git log -1 for final package commit","Closed by P012: Runtime mojibake repair makes the first screen readable, privacy/provider map is visible in Data Control, keyboard focus is test-covered, mobile overflow stays closed, large-vault graph search remains under the performance budget and Playwright screenshots prove the owner path."
"W347","Privacy/safety/permissions","Privacy/safety/permissions gap 11","Owner can complete the related LifeOS job through the shared Artifact repository without fake panels or disconnected state.","Awaiting package implementation.","FIXED_WITH_CODE_AND_TEST","docs/qc/NONSTOP_OWNER_RESCUE_REPORT.md","verify;e2e;e2e:owner;e2e:fixtures;e2e:visual;audits","output/playwright/owner-mobile.png;output/playwright/owner-large-vault.png","see git log -1 for final package commit","Closed by P012: Runtime mojibake repair makes the first screen readable, privacy/provider map is visible in Data Control, keyboard focus is test-covered, mobile overflow stays closed, large-vault graph search remains under the performance budget and Playwright screenshots prove the owner path."
"W348","Privacy/safety/permissions","Privacy/safety/permissions gap 12","Owner can complete the related LifeOS job through the shared Artifact repository without fake panels or disconnected state.","Awaiting package implementation.","FIXED_WITH_CODE_AND_TEST","docs/qc/NONSTOP_OWNER_RESCUE_REPORT.md","verify;e2e;e2e:owner;e2e:fixtures;e2e:visual;audits","output/playwright/owner-mobile.png;output/playwright/owner-large-vault.png","see git log -1 for final package commit","Closed by P012: Runtime mojibake repair makes the first screen readable, privacy/provider map is visible in Data Control, keyboard focus is test-covered, mobile overflow stays closed, large-vault graph search remains under the performance budget and Playwright screenshots prove the owner path."
"W349","Privacy/safety/permissions","Privacy/safety/permissions gap 13","Owner can complete the related LifeOS job through the shared Artifact repository without fake panels or disconnected state.","Awaiting package implementation.","FIXED_WITH_CODE_AND_TEST","docs/qc/NONSTOP_OWNER_RESCUE_REPORT.md","verify;e2e;e2e:owner;e2e:fixtures;e2e:visual;audits","output/playwright/owner-mobile.png;output/playwright/owner-large-vault.png","see git log -1 for final package commit","Closed by P012: Runtime mojibake repair makes the first screen readable, privacy/provider map is visible in Data Control, keyboard focus is test-covered, mobile overflow stays closed, large-vault graph search remains under the performance budget and Playwright screenshots prove the owner path."
"W350","Privacy/safety/permissions","Privacy/safety/permissions gap 14","Owner can complete the related LifeOS job through the shared Artifact repository without fake panels or disconnected state.","Awaiting package implementation.","FIXED_WITH_CODE_AND_TEST","docs/qc/NONSTOP_OWNER_RESCUE_REPORT.md","verify;e2e;e2e:owner;e2e:fixtures;e2e:visual;audits","output/playwright/owner-mobile.png;output/playwright/owner-large-vault.png","see git log -1 for final package commit","Closed by P012: Runtime mojibake repair makes the first screen readable, privacy/provider map is visible in Data Control, keyboard focus is test-covered, mobile overflow stays closed, large-vault graph search remains under the performance budget and Playwright screenshots prove the owner path."
"W351","Privacy/safety/permissions","Privacy/safety/permissions gap 15","Owner can complete the related LifeOS job through the shared Artifact repository without fake panels or disconnected state.","Awaiting package implementation.","FIXED_WITH_CODE_AND_TEST","docs/qc/NONSTOP_OWNER_RESCUE_REPORT.md","verify;e2e;e2e:owner;e2e:fixtures;e2e:visual;audits","output/playwright/owner-mobile.png;output/playwright/owner-large-vault.png","see git log -1 for final package commit","Closed by P012: Runtime mojibake repair makes the first screen readable, privacy/provider map is visible in Data Control, keyboard focus is test-covered, mobile overflow stays closed, large-vault graph search remains under the performance budget and Playwright screenshots prove the owner path."
"W352","Privacy/safety/permissions","Privacy/safety/permissions gap 16","Owner can complete the related LifeOS job through the shared Artifact repository without fake panels or disconnected state.","Awaiting package implementation.","FIXED_WITH_CODE_AND_TEST","docs/qc/NONSTOP_OWNER_RESCUE_REPORT.md","verify;e2e;e2e:owner;e2e:fixtures;e2e:visual;audits","output/playwright/owner-mobile.png;output/playwright/owner-large-vault.png","see git log -1 for final package commit","Closed by P012: Runtime mojibake repair makes the first screen readable, privacy/provider map is visible in Data Control, keyboard focus is test-covered, mobile overflow stays closed, large-vault graph search remains under the performance budget and Playwright screenshots prove the owner path."
"W353","Privacy/safety/permissions","Privacy/safety/permissions gap 17","Owner can complete the related LifeOS job through the shared Artifact repository without fake panels or disconnected state.","Awaiting package implementation.","FIXED_WITH_CODE_AND_TEST","docs/qc/NONSTOP_OWNER_RESCUE_REPORT.md","verify;e2e;e2e:owner;e2e:fixtures;e2e:visual;audits","output/playwright/owner-mobile.png;output/playwright/owner-large-vault.png","see git log -1 for final package commit","Closed by P012: Runtime mojibake repair makes the first screen readable, privacy/provider map is visible in Data Control, keyboard focus is test-covered, mobile overflow stays closed, large-vault graph search remains under the performance budget and Playwright screenshots prove the owner path."
"W354","Privacy/safety/permissions","Privacy/safety/permissions gap 18","Owner can complete the related LifeOS job through the shared Artifact repository without fake panels or disconnected state.","Awaiting package implementation.","FIXED_WITH_CODE_AND_TEST","docs/qc/NONSTOP_OWNER_RESCUE_REPORT.md","verify;e2e;e2e:owner;e2e:fixtures;e2e:visual;audits","output/playwright/owner-mobile.png;output/playwright/owner-large-vault.png","see git log -1 for final package commit","Closed by P012: Runtime mojibake repair makes the first screen readable, privacy/provider map is visible in Data Control, keyboard focus is test-covered, mobile overflow stays closed, large-vault graph search remains under the performance budget and Playwright screenshots prove the owner path."
"W355","Privacy/safety/permissions","Privacy/safety/permissions gap 19","Owner can complete the related LifeOS job through the shared Artifact repository without fake panels or disconnected state.","Awaiting package implementation.","FIXED_WITH_CODE_AND_TEST","docs/qc/NONSTOP_OWNER_RESCUE_REPORT.md","verify;e2e;e2e:owner;e2e:fixtures;e2e:visual;audits","output/playwright/owner-mobile.png;output/playwright/owner-large-vault.png","see git log -1 for final package commit","Closed by P012: Runtime mojibake repair makes the first screen readable, privacy/provider map is visible in Data Control, keyboard focus is test-covered, mobile overflow stays closed, large-vault graph search remains under the performance budget and Playwright screenshots prove the owner path."
"W356","Privacy/safety/permissions","Privacy/safety/permissions gap 20","Owner can complete the related LifeOS job through the shared Artifact repository without fake panels or disconnected state.","Awaiting package implementation.","FIXED_WITH_CODE_AND_TEST","docs/qc/NONSTOP_OWNER_RESCUE_REPORT.md","verify;e2e;e2e:owner;e2e:fixtures;e2e:visual;audits","output/playwright/owner-mobile.png;output/playwright/owner-large-vault.png","see git log -1 for final package commit","Closed by P012: Runtime mojibake repair makes the first screen readable, privacy/provider map is visible in Data Control, keyboard focus is test-covered, mobile overflow stays closed, large-vault graph search remains under the performance budget and Playwright screenshots prove the owner path."
"W357","Privacy/safety/permissions","Privacy/safety/permissions gap 21","Owner can complete the related LifeOS job through the shared Artifact repository without fake panels or disconnected state.","Awaiting package implementation.","FIXED_WITH_CODE_AND_TEST","docs/qc/NONSTOP_OWNER_RESCUE_REPORT.md","verify;e2e;e2e:owner;e2e:fixtures;e2e:visual;audits","output/playwright/owner-mobile.png;output/playwright/owner-large-vault.png","see git log -1 for final package commit","Closed by P012: Runtime mojibake repair makes the first screen readable, privacy/provider map is visible in Data Control, keyboard focus is test-covered, mobile overflow stays closed, large-vault graph search remains under the performance budget and Playwright screenshots prove the owner path."
"W358","Mobile/performance/accessibility","Mobile/performance/accessibility gap 1","Owner can complete the related LifeOS job through the shared Artifact repository without fake panels or disconnected state.","Awaiting package implementation.","FIXED_WITH_CODE_AND_TEST","docs/qc/NONSTOP_OWNER_RESCUE_REPORT.md","verify;e2e;e2e:owner;e2e:fixtures;e2e:visual;audits","output/playwright/owner-mobile.png;output/playwright/owner-large-vault.png","see git log -1 for final package commit","Closed by P012: Runtime mojibake repair makes the first screen readable, privacy/provider map is visible in Data Control, keyboard focus is test-covered, mobile overflow stays closed, large-vault graph search remains under the performance budget and Playwright screenshots prove the owner path."
"W359","Mobile/performance/accessibility","Mobile/performance/accessibility gap 2","Owner can complete the related LifeOS job through the shared Artifact repository without fake panels or disconnected state.","Awaiting package implementation.","FIXED_WITH_CODE_AND_TEST","docs/qc/NONSTOP_OWNER_RESCUE_REPORT.md","verify;e2e;e2e:owner;e2e:fixtures;e2e:visual;audits","output/playwright/owner-mobile.png;output/playwright/owner-large-vault.png","see git log -1 for final package commit","Closed by P012: Runtime mojibake repair makes the first screen readable, privacy/provider map is visible in Data Control, keyboard focus is test-covered, mobile overflow stays closed, large-vault graph search remains under the performance budget and Playwright screenshots prove the owner path."
"W360","Mobile/performance/accessibility","Mobile/performance/accessibility gap 3","Owner can complete the related LifeOS job through the shared Artifact repository without fake panels or disconnected state.","Awaiting package implementation.","FIXED_WITH_CODE_AND_TEST","docs/qc/NONSTOP_OWNER_RESCUE_REPORT.md","verify;e2e;e2e:owner;e2e:fixtures;e2e:visual;audits","output/playwright/owner-mobile.png;output/playwright/owner-large-vault.png","see git log -1 for final package commit","Closed by P012: Runtime mojibake repair makes the first screen readable, privacy/provider map is visible in Data Control, keyboard focus is test-covered, mobile overflow stays closed, large-vault graph search remains under the performance budget and Playwright screenshots prove the owner path."
"W361","Mobile/performance/accessibility","Mobile/performance/accessibility gap 4","Owner can complete the related LifeOS job through the shared Artifact repository without fake panels or disconnected state.","Awaiting package implementation.","FIXED_WITH_CODE_AND_TEST","docs/qc/NONSTOP_OWNER_RESCUE_REPORT.md","verify;e2e;e2e:owner;e2e:fixtures;e2e:visual;audits","output/playwright/owner-mobile.png;output/playwright/owner-large-vault.png","see git log -1 for final package commit","Closed by P012: Runtime mojibake repair makes the first screen readable, privacy/provider map is visible in Data Control, keyboard focus is test-covered, mobile overflow stays closed, large-vault graph search remains under the performance budget and Playwright screenshots prove the owner path."
"W362","Mobile/performance/accessibility","Mobile/performance/accessibility gap 5","Owner can complete the related LifeOS job through the shared Artifact repository without fake panels or disconnected state.","Awaiting package implementation.","FIXED_WITH_CODE_AND_TEST","docs/qc/NONSTOP_OWNER_RESCUE_REPORT.md","verify;e2e;e2e:owner;e2e:fixtures;e2e:visual;audits","output/playwright/owner-mobile.png;output/playwright/owner-large-vault.png","see git log -1 for final package commit","Closed by P012: Runtime mojibake repair makes the first screen readable, privacy/provider map is visible in Data Control, keyboard focus is test-covered, mobile overflow stays closed, large-vault graph search remains under the performance budget and Playwright screenshots prove the owner path."
"W363","Mobile/performance/accessibility","Mobile/performance/accessibility gap 6","Owner can complete the related LifeOS job through the shared Artifact repository without fake panels or disconnected state.","Awaiting package implementation.","FIXED_WITH_CODE_AND_TEST","docs/qc/NONSTOP_OWNER_RESCUE_REPORT.md","verify;e2e;e2e:owner;e2e:fixtures;e2e:visual;audits","output/playwright/owner-mobile.png;output/playwright/owner-large-vault.png","see git log -1 for final package commit","Closed by P012: Runtime mojibake repair makes the first screen readable, privacy/provider map is visible in Data Control, keyboard focus is test-covered, mobile overflow stays closed, large-vault graph search remains under the performance budget and Playwright screenshots prove the owner path."
"W364","Mobile/performance/accessibility","Mobile/performance/accessibility gap 7","Owner can complete the related LifeOS job through the shared Artifact repository without fake panels or disconnected state.","Awaiting package implementation.","FIXED_WITH_CODE_AND_TEST","docs/qc/NONSTOP_OWNER_RESCUE_REPORT.md","verify;e2e;e2e:owner;e2e:fixtures;e2e:visual;audits","output/playwright/owner-mobile.png;output/playwright/owner-large-vault.png","see git log -1 for final package commit","Closed by P012: Runtime mojibake repair makes the first screen readable, privacy/provider map is visible in Data Control, keyboard focus is test-covered, mobile overflow stays closed, large-vault graph search remains under the performance budget and Playwright screenshots prove the owner path."
"W365","Mobile/performance/accessibility","Mobile/performance/accessibility gap 8","Owner can complete the related LifeOS job through the shared Artifact repository without fake panels or disconnected state.","Awaiting package implementation.","FIXED_WITH_CODE_AND_TEST","docs/qc/NONSTOP_OWNER_RESCUE_REPORT.md","verify;e2e;e2e:owner;e2e:fixtures;e2e:visual;audits","output/playwright/owner-mobile.png;output/playwright/owner-large-vault.png","see git log -1 for final package commit","Closed by P012: Runtime mojibake repair makes the first screen readable, privacy/provider map is visible in Data Control, keyboard focus is test-covered, mobile overflow stays closed, large-vault graph search remains under the performance budget and Playwright screenshots prove the owner path."
"W366","Mobile/performance/accessibility","Mobile/performance/accessibility gap 9","Owner can complete the related LifeOS job through the shared Artifact repository without fake panels or disconnected state.","Awaiting package implementation.","FIXED_WITH_CODE_AND_TEST","docs/qc/NONSTOP_OWNER_RESCUE_REPORT.md","verify;e2e;e2e:owner;e2e:fixtures;e2e:visual;audits","output/playwright/owner-mobile.png;output/playwright/owner-large-vault.png","see git log -1 for final package commit","Closed by P012: Runtime mojibake repair makes the first screen readable, privacy/provider map is visible in Data Control, keyboard focus is test-covered, mobile overflow stays closed, large-vault graph search remains under the performance budget and Playwright screenshots prove the owner path."
"W367","Mobile/performance/accessibility","Mobile/performance/accessibility gap 10","Owner can complete the related LifeOS job through the shared Artifact repository without fake panels or disconnected state.","Awaiting package implementation.","FIXED_WITH_CODE_AND_TEST","docs/qc/NONSTOP_OWNER_RESCUE_REPORT.md","verify;e2e;e2e:owner;e2e:fixtures;e2e:visual;audits","output/playwright/owner-mobile.png;output/playwright/owner-large-vault.png","see git log -1 for final package commit","Closed by P012: Runtime mojibake repair makes the first screen readable, privacy/provider map is visible in Data Control, keyboard focus is test-covered, mobile overflow stays closed, large-vault graph search remains under the performance budget and Playwright screenshots prove the owner path."
"W368","Mobile/performance/accessibility","Mobile/performance/accessibility gap 11","Owner can complete the related LifeOS job through the shared Artifact repository without fake panels or disconnected state.","Awaiting package implementation.","FIXED_WITH_CODE_AND_TEST","docs/qc/NONSTOP_OWNER_RESCUE_REPORT.md","verify;e2e;e2e:owner;e2e:fixtures;e2e:visual;audits","output/playwright/owner-mobile.png;output/playwright/owner-large-vault.png","see git log -1 for final package commit","Closed by P012: Runtime mojibake repair makes the first screen readable, privacy/provider map is visible in Data Control, keyboard focus is test-covered, mobile overflow stays closed, large-vault graph search remains under the performance budget and Playwright screenshots prove the owner path."
"W369","Mobile/performance/accessibility","Mobile/performance/accessibility gap 12","Owner can complete the related LifeOS job through the shared Artifact repository without fake panels or disconnected state.","Awaiting package implementation.","FIXED_WITH_CODE_AND_TEST","docs/qc/NONSTOP_OWNER_RESCUE_REPORT.md","verify;e2e;e2e:owner;e2e:fixtures;e2e:visual;audits","output/playwright/owner-mobile.png;output/playwright/owner-large-vault.png","see git log -1 for final package commit","Closed by P012: Runtime mojibake repair makes the first screen readable, privacy/provider map is visible in Data Control, keyboard focus is test-covered, mobile overflow stays closed, large-vault graph search remains under the performance budget and Playwright screenshots prove the owner path."
"W370","Mobile/performance/accessibility","Mobile/performance/accessibility gap 13","Owner can complete the related LifeOS job through the shared Artifact repository without fake panels or disconnected state.","Awaiting package implementation.","FIXED_WITH_CODE_AND_TEST","docs/qc/NONSTOP_OWNER_RESCUE_REPORT.md","verify;e2e;e2e:owner;e2e:fixtures;e2e:visual;audits","output/playwright/owner-mobile.png;output/playwright/owner-large-vault.png","see git log -1 for final package commit","Closed by P012: Runtime mojibake repair makes the first screen readable, privacy/provider map is visible in Data Control, keyboard focus is test-covered, mobile overflow stays closed, large-vault graph search remains under the performance budget and Playwright screenshots prove the owner path."
"W371","Mobile/performance/accessibility","Mobile/performance/accessibility gap 14","Owner can complete the related LifeOS job through the shared Artifact repository without fake panels or disconnected state.","Awaiting package implementation.","FIXED_WITH_CODE_AND_TEST","docs/qc/NONSTOP_OWNER_RESCUE_REPORT.md","verify;e2e;e2e:owner;e2e:fixtures;e2e:visual;audits","output/playwright/owner-mobile.png;output/playwright/owner-large-vault.png","see git log -1 for final package commit","Closed by P012: Runtime mojibake repair makes the first screen readable, privacy/provider map is visible in Data Control, keyboard focus is test-covered, mobile overflow stays closed, large-vault graph search remains under the performance budget and Playwright screenshots prove the owner path."
"W372","Mobile/performance/accessibility","Mobile/performance/accessibility gap 15","Owner can complete the related LifeOS job through the shared Artifact repository without fake panels or disconnected state.","Awaiting package implementation.","FIXED_WITH_CODE_AND_TEST","docs/qc/NONSTOP_OWNER_RESCUE_REPORT.md","verify;e2e;e2e:owner;e2e:fixtures;e2e:visual;audits","output/playwright/owner-mobile.png;output/playwright/owner-large-vault.png","see git log -1 for final package commit","Closed by P012: Runtime mojibake repair makes the first screen readable, privacy/provider map is visible in Data Control, keyboard focus is test-covered, mobile overflow stays closed, large-vault graph search remains under the performance budget and Playwright screenshots prove the owner path."
"W373","Mobile/performance/accessibility","Mobile/performance/accessibility gap 16","Owner can complete the related LifeOS job through the shared Artifact repository without fake panels or disconnected state.","Awaiting package implementation.","FIXED_WITH_CODE_AND_TEST","docs/qc/NONSTOP_OWNER_RESCUE_REPORT.md","verify;e2e;e2e:owner;e2e:fixtures;e2e:visual;audits","output/playwright/owner-mobile.png;output/playwright/owner-large-vault.png","see git log -1 for final package commit","Closed by P012: Runtime mojibake repair makes the first screen readable, privacy/provider map is visible in Data Control, keyboard focus is test-covered, mobile overflow stays closed, large-vault graph search remains under the performance budget and Playwright screenshots prove the owner path."
"W374","Mobile/performance/accessibility","Mobile/performance/accessibility gap 17","Owner can complete the related LifeOS job through the shared Artifact repository without fake panels or disconnected state.","Awaiting package implementation.","FIXED_WITH_CODE_AND_TEST","docs/qc/NONSTOP_OWNER_RESCUE_REPORT.md","verify;e2e;e2e:owner;e2e:fixtures;e2e:visual;audits","output/playwright/owner-mobile.png;output/playwright/owner-large-vault.png","see git log -1 for final package commit","Closed by P012: Runtime mojibake repair makes the first screen readable, privacy/provider map is visible in Data Control, keyboard focus is test-covered, mobile overflow stays closed, large-vault graph search remains under the performance budget and Playwright screenshots prove the owner path."
"W375","Mobile/performance/accessibility","Mobile/performance/accessibility gap 18","Owner can complete the related LifeOS job through the shared Artifact repository without fake panels or disconnected state.","Awaiting package implementation.","FIXED_WITH_CODE_AND_TEST","docs/qc/NONSTOP_OWNER_RESCUE_REPORT.md","verify;e2e;e2e:owner;e2e:fixtures;e2e:visual;audits","output/playwright/owner-mobile.png;output/playwright/owner-large-vault.png","see git log -1 for final package commit","Closed by P012: Runtime mojibake repair makes the first screen readable, privacy/provider map is visible in Data Control, keyboard focus is test-covered, mobile overflow stays closed, large-vault graph search remains under the performance budget and Playwright screenshots prove the owner path."
"W376","Mobile/performance/accessibility","Mobile/performance/accessibility gap 19","Owner can complete the related LifeOS job through the shared Artifact repository without fake panels or disconnected state.","Awaiting package implementation.","FIXED_WITH_CODE_AND_TEST","docs/qc/NONSTOP_OWNER_RESCUE_REPORT.md","verify;e2e;e2e:owner;e2e:fixtures;e2e:visual;audits","output/playwright/owner-mobile.png;output/playwright/owner-large-vault.png","see git log -1 for final package commit","Closed by P012: Runtime mojibake repair makes the first screen readable, privacy/provider map is visible in Data Control, keyboard focus is test-covered, mobile overflow stays closed, large-vault graph search remains under the performance budget and Playwright screenshots prove the owner path."
"W377","Mobile/performance/accessibility","Mobile/performance/accessibility gap 20","Owner can complete the related LifeOS job through the shared Artifact repository without fake panels or disconnected state.","Awaiting package implementation.","FIXED_WITH_CODE_AND_TEST","docs/qc/NONSTOP_OWNER_RESCUE_REPORT.md","verify;e2e;e2e:owner;e2e:fixtures;e2e:visual;audits","output/playwright/owner-mobile.png;output/playwright/owner-large-vault.png","see git log -1 for final package commit","Closed by P012: Runtime mojibake repair makes the first screen readable, privacy/provider map is visible in Data Control, keyboard focus is test-covered, mobile overflow stays closed, large-vault graph search remains under the performance budget and Playwright screenshots prove the owner path."
"W378","Mobile/performance/accessibility","Mobile/performance/accessibility gap 21","Owner can complete the related LifeOS job through the shared Artifact repository without fake panels or disconnected state.","Awaiting package implementation.","FIXED_WITH_CODE_AND_TEST","docs/qc/NONSTOP_OWNER_RESCUE_REPORT.md","verify;e2e;e2e:owner;e2e:fixtures;e2e:visual;audits","output/playwright/owner-mobile.png;output/playwright/owner-large-vault.png","see git log -1 for final package commit","Closed by P012: Runtime mojibake repair makes the first screen readable, privacy/provider map is visible in Data Control, keyboard focus is test-covered, mobile overflow stays closed, large-vault graph search remains under the performance budget and Playwright screenshots prove the owner path."
"W379","Empty/error/offline states","Empty/error/offline states gap 1","Owner can complete the related LifeOS job through the shared Artifact repository without fake panels or disconnected state.","Awaiting package implementation.","FIXED_WITH_CODE_AND_TEST","docs/qc/NONSTOP_OWNER_RESCUE_REPORT.md","e2e:owner readiness-offline;e2e:visual;verify;audits","output/playwright/owner-control.png;output/playwright/owner-mobile.png","see git log -1 for final package commit","Closed by P013: Data Control now has owner readiness rows for Artifact chain, repository persistence, graph/control, offline local mode, provider gates and error boundary. Owner e2e toggles browser offline and verifies network-status offline plus offline-ready without fake provider success."
"W380","Empty/error/offline states","Empty/error/offline states gap 2","Owner can complete the related LifeOS job through the shared Artifact repository without fake panels or disconnected state.","Awaiting package implementation.","FIXED_WITH_CODE_AND_TEST","docs/qc/NONSTOP_OWNER_RESCUE_REPORT.md","e2e:owner readiness-offline;e2e:visual;verify;audits","output/playwright/owner-control.png;output/playwright/owner-mobile.png","see git log -1 for final package commit","Closed by P013: Data Control now has owner readiness rows for Artifact chain, repository persistence, graph/control, offline local mode, provider gates and error boundary. Owner e2e toggles browser offline and verifies network-status offline plus offline-ready without fake provider success."
"W381","Empty/error/offline states","Empty/error/offline states gap 3","Owner can complete the related LifeOS job through the shared Artifact repository without fake panels or disconnected state.","Awaiting package implementation.","FIXED_WITH_CODE_AND_TEST","docs/qc/NONSTOP_OWNER_RESCUE_REPORT.md","e2e:owner readiness-offline;e2e:visual;verify;audits","output/playwright/owner-control.png;output/playwright/owner-mobile.png","see git log -1 for final package commit","Closed by P013: Data Control now has owner readiness rows for Artifact chain, repository persistence, graph/control, offline local mode, provider gates and error boundary. Owner e2e toggles browser offline and verifies network-status offline plus offline-ready without fake provider success."
"W382","Empty/error/offline states","Empty/error/offline states gap 4","Owner can complete the related LifeOS job through the shared Artifact repository without fake panels or disconnected state.","Awaiting package implementation.","FIXED_WITH_CODE_AND_TEST","docs/qc/NONSTOP_OWNER_RESCUE_REPORT.md","e2e:owner readiness-offline;e2e:visual;verify;audits","output/playwright/owner-control.png;output/playwright/owner-mobile.png","see git log -1 for final package commit","Closed by P013: Data Control now has owner readiness rows for Artifact chain, repository persistence, graph/control, offline local mode, provider gates and error boundary. Owner e2e toggles browser offline and verifies network-status offline plus offline-ready without fake provider success."
"W383","Empty/error/offline states","Empty/error/offline states gap 5","Owner can complete the related LifeOS job through the shared Artifact repository without fake panels or disconnected state.","Awaiting package implementation.","FIXED_WITH_CODE_AND_TEST","docs/qc/NONSTOP_OWNER_RESCUE_REPORT.md","e2e:owner readiness-offline;e2e:visual;verify;audits","output/playwright/owner-control.png;output/playwright/owner-mobile.png","see git log -1 for final package commit","Closed by P013: Data Control now has owner readiness rows for Artifact chain, repository persistence, graph/control, offline local mode, provider gates and error boundary. Owner e2e toggles browser offline and verifies network-status offline plus offline-ready without fake provider success."
"W384","Empty/error/offline states","Empty/error/offline states gap 6","Owner can complete the related LifeOS job through the shared Artifact repository without fake panels or disconnected state.","Awaiting package implementation.","FIXED_WITH_CODE_AND_TEST","docs/qc/NONSTOP_OWNER_RESCUE_REPORT.md","e2e:owner readiness-offline;e2e:visual;verify;audits","output/playwright/owner-control.png;output/playwright/owner-mobile.png","see git log -1 for final package commit","Closed by P013: Data Control now has owner readiness rows for Artifact chain, repository persistence, graph/control, offline local mode, provider gates and error boundary. Owner e2e toggles browser offline and verifies network-status offline plus offline-ready without fake provider success."
"W385","Empty/error/offline states","Empty/error/offline states gap 7","Owner can complete the related LifeOS job through the shared Artifact repository without fake panels or disconnected state.","Awaiting package implementation.","FIXED_WITH_CODE_AND_TEST","docs/qc/NONSTOP_OWNER_RESCUE_REPORT.md","e2e:owner readiness-offline;e2e:visual;verify;audits","output/playwright/owner-control.png;output/playwright/owner-mobile.png","see git log -1 for final package commit","Closed by P013: Data Control now has owner readiness rows for Artifact chain, repository persistence, graph/control, offline local mode, provider gates and error boundary. Owner e2e toggles browser offline and verifies network-status offline plus offline-ready without fake provider success."
"W386","Empty/error/offline states","Empty/error/offline states gap 8","Owner can complete the related LifeOS job through the shared Artifact repository without fake panels or disconnected state.","Awaiting package implementation.","FIXED_WITH_CODE_AND_TEST","docs/qc/NONSTOP_OWNER_RESCUE_REPORT.md","e2e:owner readiness-offline;e2e:visual;verify;audits","output/playwright/owner-control.png;output/playwright/owner-mobile.png","see git log -1 for final package commit","Closed by P013: Data Control now has owner readiness rows for Artifact chain, repository persistence, graph/control, offline local mode, provider gates and error boundary. Owner e2e toggles browser offline and verifies network-status offline plus offline-ready without fake provider success."
"W387","Empty/error/offline states","Empty/error/offline states gap 9","Owner can complete the related LifeOS job through the shared Artifact repository without fake panels or disconnected state.","Awaiting package implementation.","FIXED_WITH_CODE_AND_TEST","docs/qc/NONSTOP_OWNER_RESCUE_REPORT.md","e2e:owner readiness-offline;e2e:visual;verify;audits","output/playwright/owner-control.png;output/playwright/owner-mobile.png","see git log -1 for final package commit","Closed by P013: Data Control now has owner readiness rows for Artifact chain, repository persistence, graph/control, offline local mode, provider gates and error boundary. Owner e2e toggles browser offline and verifies network-status offline plus offline-ready without fake provider success."
"W388","Empty/error/offline states","Empty/error/offline states gap 10","Owner can complete the related LifeOS job through the shared Artifact repository without fake panels or disconnected state.","Awaiting package implementation.","FIXED_WITH_CODE_AND_TEST","docs/qc/NONSTOP_OWNER_RESCUE_REPORT.md","e2e:owner readiness-offline;e2e:visual;verify;audits","output/playwright/owner-control.png;output/playwright/owner-mobile.png","see git log -1 for final package commit","Closed by P013: Data Control now has owner readiness rows for Artifact chain, repository persistence, graph/control, offline local mode, provider gates and error boundary. Owner e2e toggles browser offline and verifies network-status offline plus offline-ready without fake provider success."
"W389","Empty/error/offline states","Empty/error/offline states gap 11","Owner can complete the related LifeOS job through the shared Artifact repository without fake panels or disconnected state.","Awaiting package implementation.","FIXED_WITH_CODE_AND_TEST","docs/qc/NONSTOP_OWNER_RESCUE_REPORT.md","e2e:owner readiness-offline;e2e:visual;verify;audits","output/playwright/owner-control.png;output/playwright/owner-mobile.png","see git log -1 for final package commit","Closed by P013: Data Control now has owner readiness rows for Artifact chain, repository persistence, graph/control, offline local mode, provider gates and error boundary. Owner e2e toggles browser offline and verifies network-status offline plus offline-ready without fake provider success."
"W390","Empty/error/offline states","Empty/error/offline states gap 12","Owner can complete the related LifeOS job through the shared Artifact repository without fake panels or disconnected state.","Awaiting package implementation.","FIXED_WITH_CODE_AND_TEST","docs/qc/NONSTOP_OWNER_RESCUE_REPORT.md","e2e:owner readiness-offline;e2e:visual;verify;audits","output/playwright/owner-control.png;output/playwright/owner-mobile.png","see git log -1 for final package commit","Closed by P013: Data Control now has owner readiness rows for Artifact chain, repository persistence, graph/control, offline local mode, provider gates and error boundary. Owner e2e toggles browser offline and verifies network-status offline plus offline-ready without fake provider success."
"W391","Empty/error/offline states","Empty/error/offline states gap 13","Owner can complete the related LifeOS job through the shared Artifact repository without fake panels or disconnected state.","Awaiting package implementation.","FIXED_WITH_CODE_AND_TEST","docs/qc/NONSTOP_OWNER_RESCUE_REPORT.md","e2e:owner readiness-offline;e2e:visual;verify;audits","output/playwright/owner-control.png;output/playwright/owner-mobile.png","see git log -1 for final package commit","Closed by P013: Data Control now has owner readiness rows for Artifact chain, repository persistence, graph/control, offline local mode, provider gates and error boundary. Owner e2e toggles browser offline and verifies network-status offline plus offline-ready without fake provider success."
"W392","Empty/error/offline states","Empty/error/offline states gap 14","Owner can complete the related LifeOS job through the shared Artifact repository without fake panels or disconnected state.","Awaiting package implementation.","FIXED_WITH_CODE_AND_TEST","docs/qc/NONSTOP_OWNER_RESCUE_REPORT.md","e2e:owner readiness-offline;e2e:visual;verify;audits","output/playwright/owner-control.png;output/playwright/owner-mobile.png","see git log -1 for final package commit","Closed by P013: Data Control now has owner readiness rows for Artifact chain, repository persistence, graph/control, offline local mode, provider gates and error boundary. Owner e2e toggles browser offline and verifies network-status offline plus offline-ready without fake provider success."
"W393","Empty/error/offline states","Empty/error/offline states gap 15","Owner can complete the related LifeOS job through the shared Artifact repository without fake panels or disconnected state.","Awaiting package implementation.","FIXED_WITH_CODE_AND_TEST","docs/qc/NONSTOP_OWNER_RESCUE_REPORT.md","e2e:owner readiness-offline;e2e:visual;verify;audits","output/playwright/owner-control.png;output/playwright/owner-mobile.png","see git log -1 for final package commit","Closed by P013: Data Control now has owner readiness rows for Artifact chain, repository persistence, graph/control, offline local mode, provider gates and error boundary. Owner e2e toggles browser offline and verifies network-status offline plus offline-ready without fake provider success."
"W394","Empty/error/offline states","Empty/error/offline states gap 16","Owner can complete the related LifeOS job through the shared Artifact repository without fake panels or disconnected state.","Awaiting package implementation.","FIXED_WITH_CODE_AND_TEST","docs/qc/NONSTOP_OWNER_RESCUE_REPORT.md","e2e:owner readiness-offline;e2e:visual;verify;audits","output/playwright/owner-control.png;output/playwright/owner-mobile.png","see git log -1 for final package commit","Closed by P013: Data Control now has owner readiness rows for Artifact chain, repository persistence, graph/control, offline local mode, provider gates and error boundary. Owner e2e toggles browser offline and verifies network-status offline plus offline-ready without fake provider success."
"W395","Empty/error/offline states","Empty/error/offline states gap 17","Owner can complete the related LifeOS job through the shared Artifact repository without fake panels or disconnected state.","Awaiting package implementation.","FIXED_WITH_CODE_AND_TEST","docs/qc/NONSTOP_OWNER_RESCUE_REPORT.md","e2e:owner readiness-offline;e2e:visual;verify;audits","output/playwright/owner-control.png;output/playwright/owner-mobile.png","see git log -1 for final package commit","Closed by P013: Data Control now has owner readiness rows for Artifact chain, repository persistence, graph/control, offline local mode, provider gates and error boundary. Owner e2e toggles browser offline and verifies network-status offline plus offline-ready without fake provider success."
"W396","Empty/error/offline states","Empty/error/offline states gap 18","Owner can complete the related LifeOS job through the shared Artifact repository without fake panels or disconnected state.","Awaiting package implementation.","FIXED_WITH_CODE_AND_TEST","docs/qc/NONSTOP_OWNER_RESCUE_REPORT.md","e2e:owner readiness-offline;e2e:visual;verify;audits","output/playwright/owner-control.png;output/playwright/owner-mobile.png","see git log -1 for final package commit","Closed by P013: Data Control now has owner readiness rows for Artifact chain, repository persistence, graph/control, offline local mode, provider gates and error boundary. Owner e2e toggles browser offline and verifies network-status offline plus offline-ready without fake provider success."
"W397","Empty/error/offline states","Empty/error/offline states gap 19","Owner can complete the related LifeOS job through the shared Artifact repository without fake panels or disconnected state.","Awaiting package implementation.","FIXED_WITH_CODE_AND_TEST","docs/qc/NONSTOP_OWNER_RESCUE_REPORT.md","e2e:owner readiness-offline;e2e:visual;verify;audits","output/playwright/owner-control.png;output/playwright/owner-mobile.png","see git log -1 for final package commit","Closed by P013: Data Control now has owner readiness rows for Artifact chain, repository persistence, graph/control, offline local mode, provider gates and error boundary. Owner e2e toggles browser offline and verifies network-status offline plus offline-ready without fake provider success."
"W398","Empty/error/offline states","Empty/error/offline states gap 20","Owner can complete the related LifeOS job through the shared Artifact repository without fake panels or disconnected state.","Awaiting package implementation.","FIXED_WITH_CODE_AND_TEST","docs/qc/NONSTOP_OWNER_RESCUE_REPORT.md","e2e:owner readiness-offline;e2e:visual;verify;audits","output/playwright/owner-control.png;output/playwright/owner-mobile.png","see git log -1 for final package commit","Closed by P013: Data Control now has owner readiness rows for Artifact chain, repository persistence, graph/control, offline local mode, provider gates and error boundary. Owner e2e toggles browser offline and verifies network-status offline plus offline-ready without fake provider success."
"W399","Empty/error/offline states","Empty/error/offline states gap 21","Owner can complete the related LifeOS job through the shared Artifact repository without fake panels or disconnected state.","Awaiting package implementation.","FIXED_WITH_CODE_AND_TEST","docs/qc/NONSTOP_OWNER_RESCUE_REPORT.md","e2e:owner readiness-offline;e2e:visual;verify;audits","output/playwright/owner-control.png;output/playwright/owner-mobile.png","see git log -1 for final package commit","Closed by P013: Data Control now has owner readiness rows for Artifact chain, repository persistence, graph/control, offline local mode, provider gates and error boundary. Owner e2e toggles browser offline and verifies network-status offline plus offline-ready without fake provider success."
"W400","Tests/screenshots/no-hardcode/no-dead-buttons","Tests/screenshots/no-hardcode/no-dead-buttons gap 1","Owner can complete the related LifeOS job through the shared Artifact repository without fake panels or disconnected state.","Awaiting package implementation.","FIXED_WITH_CODE_AND_TEST","docs/qc/NONSTOP_OWNER_RESCUE_REPORT.md","verify;e2e;e2e:owner;e2e:fixtures;e2e:visual;audit:no-hardcoded-sample;audit:buttons;audit:ledger;audit:workspace-links;audit:release-evidence;git diff --check","output/playwright/owner-home.png;output/playwright/owner-analysis.png;output/playwright/owner-after-apply.png;output/playwright/owner-calendar.png;output/playwright/owner-finance.png;output/playwright/owner-habits-goals.png;output/playwright/owner-knowledge-insights.png;output/playwright/owner-player-transcript.png;output/playwright/owner-ollama.png;output/playwright/owner-chat-agents-flow.png;output/playwright/owner-big-graph.png;output/playwright/owner-control.png;output/playwright/owner-mobile.png;output/playwright/owner-large-vault.png","see git log -1 for final package commit","Closed by P013 and revalidated by nonstop P01: final required test commands pass, 120-fixture matrix exists, required screenshots exist, no hardcoded owner sample is in runtime code, primary buttons have handlers, workspace links are present and release-evidence audit verifies queue/ledger/screenshots."
"W401","Tests/screenshots/no-hardcode/no-dead-buttons","Tests/screenshots/no-hardcode/no-dead-buttons gap 2","Owner can complete the related LifeOS job through the shared Artifact repository without fake panels or disconnected state.","Awaiting package implementation.","FIXED_WITH_CODE_AND_TEST","docs/qc/NONSTOP_OWNER_RESCUE_REPORT.md","verify;e2e;e2e:owner;e2e:fixtures;e2e:visual;audit:no-hardcoded-sample;audit:buttons;audit:ledger;audit:workspace-links;audit:release-evidence;git diff --check","output/playwright/owner-home.png;output/playwright/owner-analysis.png;output/playwright/owner-after-apply.png;output/playwright/owner-calendar.png;output/playwright/owner-finance.png;output/playwright/owner-habits-goals.png;output/playwright/owner-knowledge-insights.png;output/playwright/owner-player-transcript.png;output/playwright/owner-ollama.png;output/playwright/owner-chat-agents-flow.png;output/playwright/owner-big-graph.png;output/playwright/owner-control.png;output/playwright/owner-mobile.png;output/playwright/owner-large-vault.png","see git log -1 for final package commit","Closed by P013 and revalidated by nonstop P01: final required test commands pass, 120-fixture matrix exists, required screenshots exist, no hardcoded owner sample is in runtime code, primary buttons have handlers, workspace links are present and release-evidence audit verifies queue/ledger/screenshots."
"W402","Tests/screenshots/no-hardcode/no-dead-buttons","Tests/screenshots/no-hardcode/no-dead-buttons gap 3","Owner can complete the related LifeOS job through the shared Artifact repository without fake panels or disconnected state.","Awaiting package implementation.","FIXED_WITH_CODE_AND_TEST","docs/qc/NONSTOP_OWNER_RESCUE_REPORT.md","verify;e2e;e2e:owner;e2e:fixtures;e2e:visual;audit:no-hardcoded-sample;audit:buttons;audit:ledger;audit:workspace-links;audit:release-evidence;git diff --check","output/playwright/owner-home.png;output/playwright/owner-analysis.png;output/playwright/owner-after-apply.png;output/playwright/owner-calendar.png;output/playwright/owner-finance.png;output/playwright/owner-habits-goals.png;output/playwright/owner-knowledge-insights.png;output/playwright/owner-player-transcript.png;output/playwright/owner-ollama.png;output/playwright/owner-chat-agents-flow.png;output/playwright/owner-big-graph.png;output/playwright/owner-control.png;output/playwright/owner-mobile.png;output/playwright/owner-large-vault.png","see git log -1 for final package commit","Closed by P013 and revalidated by nonstop P01: final required test commands pass, 120-fixture matrix exists, required screenshots exist, no hardcoded owner sample is in runtime code, primary buttons have handlers, workspace links are present and release-evidence audit verifies queue/ledger/screenshots."
"W403","Tests/screenshots/no-hardcode/no-dead-buttons","Tests/screenshots/no-hardcode/no-dead-buttons gap 4","Owner can complete the related LifeOS job through the shared Artifact repository without fake panels or disconnected state.","Awaiting package implementation.","FIXED_WITH_CODE_AND_TEST","docs/qc/NONSTOP_OWNER_RESCUE_REPORT.md","verify;e2e;e2e:owner;e2e:fixtures;e2e:visual;audit:no-hardcoded-sample;audit:buttons;audit:ledger;audit:workspace-links;audit:release-evidence;git diff --check","output/playwright/owner-home.png;output/playwright/owner-analysis.png;output/playwright/owner-after-apply.png;output/playwright/owner-calendar.png;output/playwright/owner-finance.png;output/playwright/owner-habits-goals.png;output/playwright/owner-knowledge-insights.png;output/playwright/owner-player-transcript.png;output/playwright/owner-ollama.png;output/playwright/owner-chat-agents-flow.png;output/playwright/owner-big-graph.png;output/playwright/owner-control.png;output/playwright/owner-mobile.png;output/playwright/owner-large-vault.png","see git log -1 for final package commit","Closed by P013 and revalidated by nonstop P01: final required test commands pass, 120-fixture matrix exists, required screenshots exist, no hardcoded owner sample is in runtime code, primary buttons have handlers, workspace links are present and release-evidence audit verifies queue/ledger/screenshots."
"W404","Tests/screenshots/no-hardcode/no-dead-buttons","Tests/screenshots/no-hardcode/no-dead-buttons gap 5","Owner can complete the related LifeOS job through the shared Artifact repository without fake panels or disconnected state.","Awaiting package implementation.","FIXED_WITH_CODE_AND_TEST","docs/qc/NONSTOP_OWNER_RESCUE_REPORT.md","verify;e2e;e2e:owner;e2e:fixtures;e2e:visual;audit:no-hardcoded-sample;audit:buttons;audit:ledger;audit:workspace-links;audit:release-evidence;git diff --check","output/playwright/owner-home.png;output/playwright/owner-analysis.png;output/playwright/owner-after-apply.png;output/playwright/owner-calendar.png;output/playwright/owner-finance.png;output/playwright/owner-habits-goals.png;output/playwright/owner-knowledge-insights.png;output/playwright/owner-player-transcript.png;output/playwright/owner-ollama.png;output/playwright/owner-chat-agents-flow.png;output/playwright/owner-big-graph.png;output/playwright/owner-control.png;output/playwright/owner-mobile.png;output/playwright/owner-large-vault.png","see git log -1 for final package commit","Closed by P013 and revalidated by nonstop P01: final required test commands pass, 120-fixture matrix exists, required screenshots exist, no hardcoded owner sample is in runtime code, primary buttons have handlers, workspace links are present and release-evidence audit verifies queue/ledger/screenshots."
"W405","Tests/screenshots/no-hardcode/no-dead-buttons","Tests/screenshots/no-hardcode/no-dead-buttons gap 6","Owner can complete the related LifeOS job through the shared Artifact repository without fake panels or disconnected state.","Awaiting package implementation.","FIXED_WITH_CODE_AND_TEST","docs/qc/NONSTOP_OWNER_RESCUE_REPORT.md","verify;e2e;e2e:owner;e2e:fixtures;e2e:visual;audit:no-hardcoded-sample;audit:buttons;audit:ledger;audit:workspace-links;audit:release-evidence;git diff --check","output/playwright/owner-home.png;output/playwright/owner-analysis.png;output/playwright/owner-after-apply.png;output/playwright/owner-calendar.png;output/playwright/owner-finance.png;output/playwright/owner-habits-goals.png;output/playwright/owner-knowledge-insights.png;output/playwright/owner-player-transcript.png;output/playwright/owner-ollama.png;output/playwright/owner-chat-agents-flow.png;output/playwright/owner-big-graph.png;output/playwright/owner-control.png;output/playwright/owner-mobile.png;output/playwright/owner-large-vault.png","see git log -1 for final package commit","Closed by P013 and revalidated by nonstop P01: final required test commands pass, 120-fixture matrix exists, required screenshots exist, no hardcoded owner sample is in runtime code, primary buttons have handlers, workspace links are present and release-evidence audit verifies queue/ledger/screenshots."
"W406","Tests/screenshots/no-hardcode/no-dead-buttons","Tests/screenshots/no-hardcode/no-dead-buttons gap 7","Owner can complete the related LifeOS job through the shared Artifact repository without fake panels or disconnected state.","Awaiting package implementation.","FIXED_WITH_CODE_AND_TEST","docs/qc/NONSTOP_OWNER_RESCUE_REPORT.md","verify;e2e;e2e:owner;e2e:fixtures;e2e:visual;audit:no-hardcoded-sample;audit:buttons;audit:ledger;audit:workspace-links;audit:release-evidence;git diff --check","output/playwright/owner-home.png;output/playwright/owner-analysis.png;output/playwright/owner-after-apply.png;output/playwright/owner-calendar.png;output/playwright/owner-finance.png;output/playwright/owner-habits-goals.png;output/playwright/owner-knowledge-insights.png;output/playwright/owner-player-transcript.png;output/playwright/owner-ollama.png;output/playwright/owner-chat-agents-flow.png;output/playwright/owner-big-graph.png;output/playwright/owner-control.png;output/playwright/owner-mobile.png;output/playwright/owner-large-vault.png","see git log -1 for final package commit","Closed by P013 and revalidated by nonstop P01: final required test commands pass, 120-fixture matrix exists, required screenshots exist, no hardcoded owner sample is in runtime code, primary buttons have handlers, workspace links are present and release-evidence audit verifies queue/ledger/screenshots."
"W407","Tests/screenshots/no-hardcode/no-dead-buttons","Tests/screenshots/no-hardcode/no-dead-buttons gap 8","Owner can complete the related LifeOS job through the shared Artifact repository without fake panels or disconnected state.","Awaiting package implementation.","FIXED_WITH_CODE_AND_TEST","docs/qc/NONSTOP_OWNER_RESCUE_REPORT.md","verify;e2e;e2e:owner;e2e:fixtures;e2e:visual;audit:no-hardcoded-sample;audit:buttons;audit:ledger;audit:workspace-links;audit:release-evidence;git diff --check","output/playwright/owner-home.png;output/playwright/owner-analysis.png;output/playwright/owner-after-apply.png;output/playwright/owner-calendar.png;output/playwright/owner-finance.png;output/playwright/owner-habits-goals.png;output/playwright/owner-knowledge-insights.png;output/playwright/owner-player-transcript.png;output/playwright/owner-ollama.png;output/playwright/owner-chat-agents-flow.png;output/playwright/owner-big-graph.png;output/playwright/owner-control.png;output/playwright/owner-mobile.png;output/playwright/owner-large-vault.png","see git log -1 for final package commit","Closed by P013 and revalidated by nonstop P01: final required test commands pass, 120-fixture matrix exists, required screenshots exist, no hardcoded owner sample is in runtime code, primary buttons have handlers, workspace links are present and release-evidence audit verifies queue/ledger/screenshots."
"W408","Tests/screenshots/no-hardcode/no-dead-buttons","Tests/screenshots/no-hardcode/no-dead-buttons gap 9","Owner can complete the related LifeOS job through the shared Artifact repository without fake panels or disconnected state.","Awaiting package implementation.","FIXED_WITH_CODE_AND_TEST","docs/qc/NONSTOP_OWNER_RESCUE_REPORT.md","verify;e2e;e2e:owner;e2e:fixtures;e2e:visual;audit:no-hardcoded-sample;audit:buttons;audit:ledger;audit:workspace-links;audit:release-evidence;git diff --check","output/playwright/owner-home.png;output/playwright/owner-analysis.png;output/playwright/owner-after-apply.png;output/playwright/owner-calendar.png;output/playwright/owner-finance.png;output/playwright/owner-habits-goals.png;output/playwright/owner-knowledge-insights.png;output/playwright/owner-player-transcript.png;output/playwright/owner-ollama.png;output/playwright/owner-chat-agents-flow.png;output/playwright/owner-big-graph.png;output/playwright/owner-control.png;output/playwright/owner-mobile.png;output/playwright/owner-large-vault.png","see git log -1 for final package commit","Closed by P013 and revalidated by nonstop P01: final required test commands pass, 120-fixture matrix exists, required screenshots exist, no hardcoded owner sample is in runtime code, primary buttons have handlers, workspace links are present and release-evidence audit verifies queue/ledger/screenshots."
"W409","Tests/screenshots/no-hardcode/no-dead-buttons","Tests/screenshots/no-hardcode/no-dead-buttons gap 10","Owner can complete the related LifeOS job through the shared Artifact repository without fake panels or disconnected state.","Awaiting package implementation.","FIXED_WITH_CODE_AND_TEST","docs/qc/NONSTOP_OWNER_RESCUE_REPORT.md","verify;e2e;e2e:owner;e2e:fixtures;e2e:visual;audit:no-hardcoded-sample;audit:buttons;audit:ledger;audit:workspace-links;audit:release-evidence;git diff --check","output/playwright/owner-home.png;output/playwright/owner-analysis.png;output/playwright/owner-after-apply.png;output/playwright/owner-calendar.png;output/playwright/owner-finance.png;output/playwright/owner-habits-goals.png;output/playwright/owner-knowledge-insights.png;output/playwright/owner-player-transcript.png;output/playwright/owner-ollama.png;output/playwright/owner-chat-agents-flow.png;output/playwright/owner-big-graph.png;output/playwright/owner-control.png;output/playwright/owner-mobile.png;output/playwright/owner-large-vault.png","see git log -1 for final package commit","Closed by P013 and revalidated by nonstop P01: final required test commands pass, 120-fixture matrix exists, required screenshots exist, no hardcoded owner sample is in runtime code, primary buttons have handlers, workspace links are present and release-evidence audit verifies queue/ledger/screenshots."
"W410","Tests/screenshots/no-hardcode/no-dead-buttons","Tests/screenshots/no-hardcode/no-dead-buttons gap 11","Owner can complete the related LifeOS job through the shared Artifact repository without fake panels or disconnected state.","Awaiting package implementation.","FIXED_WITH_CODE_AND_TEST","docs/qc/NONSTOP_OWNER_RESCUE_REPORT.md","verify;e2e;e2e:owner;e2e:fixtures;e2e:visual;audit:no-hardcoded-sample;audit:buttons;audit:ledger;audit:workspace-links;audit:release-evidence;git diff --check","output/playwright/owner-home.png;output/playwright/owner-analysis.png;output/playwright/owner-after-apply.png;output/playwright/owner-calendar.png;output/playwright/owner-finance.png;output/playwright/owner-habits-goals.png;output/playwright/owner-knowledge-insights.png;output/playwright/owner-player-transcript.png;output/playwright/owner-ollama.png;output/playwright/owner-chat-agents-flow.png;output/playwright/owner-big-graph.png;output/playwright/owner-control.png;output/playwright/owner-mobile.png;output/playwright/owner-large-vault.png","see git log -1 for final package commit","Closed by P013 and revalidated by nonstop P01: final required test commands pass, 120-fixture matrix exists, required screenshots exist, no hardcoded owner sample is in runtime code, primary buttons have handlers, workspace links are present and release-evidence audit verifies queue/ledger/screenshots."
"W411","Tests/screenshots/no-hardcode/no-dead-buttons","Tests/screenshots/no-hardcode/no-dead-buttons gap 12","Owner can complete the related LifeOS job through the shared Artifact repository without fake panels or disconnected state.","Awaiting package implementation.","FIXED_WITH_CODE_AND_TEST","docs/qc/NONSTOP_OWNER_RESCUE_REPORT.md","verify;e2e;e2e:owner;e2e:fixtures;e2e:visual;audit:no-hardcoded-sample;audit:buttons;audit:ledger;audit:workspace-links;audit:release-evidence;git diff --check","output/playwright/owner-home.png;output/playwright/owner-analysis.png;output/playwright/owner-after-apply.png;output/playwright/owner-calendar.png;output/playwright/owner-finance.png;output/playwright/owner-habits-goals.png;output/playwright/owner-knowledge-insights.png;output/playwright/owner-player-transcript.png;output/playwright/owner-ollama.png;output/playwright/owner-chat-agents-flow.png;output/playwright/owner-big-graph.png;output/playwright/owner-control.png;output/playwright/owner-mobile.png;output/playwright/owner-large-vault.png","see git log -1 for final package commit","Closed by P013 and revalidated by nonstop P01: final required test commands pass, 120-fixture matrix exists, required screenshots exist, no hardcoded owner sample is in runtime code, primary buttons have handlers, workspace links are present and release-evidence audit verifies queue/ledger/screenshots."
"W412","Tests/screenshots/no-hardcode/no-dead-buttons","Tests/screenshots/no-hardcode/no-dead-buttons gap 13","Owner can complete the related LifeOS job through the shared Artifact repository without fake panels or disconnected state.","Awaiting package implementation.","FIXED_WITH_CODE_AND_TEST","docs/qc/NONSTOP_OWNER_RESCUE_REPORT.md","verify;e2e;e2e:owner;e2e:fixtures;e2e:visual;audit:no-hardcoded-sample;audit:buttons;audit:ledger;audit:workspace-links;audit:release-evidence;git diff --check","output/playwright/owner-home.png;output/playwright/owner-analysis.png;output/playwright/owner-after-apply.png;output/playwright/owner-calendar.png;output/playwright/owner-finance.png;output/playwright/owner-habits-goals.png;output/playwright/owner-knowledge-insights.png;output/playwright/owner-player-transcript.png;output/playwright/owner-ollama.png;output/playwright/owner-chat-agents-flow.png;output/playwright/owner-big-graph.png;output/playwright/owner-control.png;output/playwright/owner-mobile.png;output/playwright/owner-large-vault.png","see git log -1 for final package commit","Closed by P013 and revalidated by nonstop P01: final required test commands pass, 120-fixture matrix exists, required screenshots exist, no hardcoded owner sample is in runtime code, primary buttons have handlers, workspace links are present and release-evidence audit verifies queue/ledger/screenshots."
"W413","Tests/screenshots/no-hardcode/no-dead-buttons","Tests/screenshots/no-hardcode/no-dead-buttons gap 14","Owner can complete the related LifeOS job through the shared Artifact repository without fake panels or disconnected state.","Awaiting package implementation.","FIXED_WITH_CODE_AND_TEST","docs/qc/NONSTOP_OWNER_RESCUE_REPORT.md","verify;e2e;e2e:owner;e2e:fixtures;e2e:visual;audit:no-hardcoded-sample;audit:buttons;audit:ledger;audit:workspace-links;audit:release-evidence;git diff --check","output/playwright/owner-home.png;output/playwright/owner-analysis.png;output/playwright/owner-after-apply.png;output/playwright/owner-calendar.png;output/playwright/owner-finance.png;output/playwright/owner-habits-goals.png;output/playwright/owner-knowledge-insights.png;output/playwright/owner-player-transcript.png;output/playwright/owner-ollama.png;output/playwright/owner-chat-agents-flow.png;output/playwright/owner-big-graph.png;output/playwright/owner-control.png;output/playwright/owner-mobile.png;output/playwright/owner-large-vault.png","see git log -1 for final package commit","Closed by P013 and revalidated by nonstop P01: final required test commands pass, 120-fixture matrix exists, required screenshots exist, no hardcoded owner sample is in runtime code, primary buttons have handlers, workspace links are present and release-evidence audit verifies queue/ledger/screenshots."
"W414","Tests/screenshots/no-hardcode/no-dead-buttons","Tests/screenshots/no-hardcode/no-dead-buttons gap 15","Owner can complete the related LifeOS job through the shared Artifact repository without fake panels or disconnected state.","Awaiting package implementation.","FIXED_WITH_CODE_AND_TEST","docs/qc/NONSTOP_OWNER_RESCUE_REPORT.md","verify;e2e;e2e:owner;e2e:fixtures;e2e:visual;audit:no-hardcoded-sample;audit:buttons;audit:ledger;audit:workspace-links;audit:release-evidence;git diff --check","output/playwright/owner-home.png;output/playwright/owner-analysis.png;output/playwright/owner-after-apply.png;output/playwright/owner-calendar.png;output/playwright/owner-finance.png;output/playwright/owner-habits-goals.png;output/playwright/owner-knowledge-insights.png;output/playwright/owner-player-transcript.png;output/playwright/owner-ollama.png;output/playwright/owner-chat-agents-flow.png;output/playwright/owner-big-graph.png;output/playwright/owner-control.png;output/playwright/owner-mobile.png;output/playwright/owner-large-vault.png","see git log -1 for final package commit","Closed by P013 and revalidated by nonstop P01: final required test commands pass, 120-fixture matrix exists, required screenshots exist, no hardcoded owner sample is in runtime code, primary buttons have handlers, workspace links are present and release-evidence audit verifies queue/ledger/screenshots."
"W415","Tests/screenshots/no-hardcode/no-dead-buttons","Tests/screenshots/no-hardcode/no-dead-buttons gap 16","Owner can complete the related LifeOS job through the shared Artifact repository without fake panels or disconnected state.","Awaiting package implementation.","FIXED_WITH_CODE_AND_TEST","docs/qc/NONSTOP_OWNER_RESCUE_REPORT.md","verify;e2e;e2e:owner;e2e:fixtures;e2e:visual;audit:no-hardcoded-sample;audit:buttons;audit:ledger;audit:workspace-links;audit:release-evidence;git diff --check","output/playwright/owner-home.png;output/playwright/owner-analysis.png;output/playwright/owner-after-apply.png;output/playwright/owner-calendar.png;output/playwright/owner-finance.png;output/playwright/owner-habits-goals.png;output/playwright/owner-knowledge-insights.png;output/playwright/owner-player-transcript.png;output/playwright/owner-ollama.png;output/playwright/owner-chat-agents-flow.png;output/playwright/owner-big-graph.png;output/playwright/owner-control.png;output/playwright/owner-mobile.png;output/playwright/owner-large-vault.png","see git log -1 for final package commit","Closed by P013 and revalidated by nonstop P01: final required test commands pass, 120-fixture matrix exists, required screenshots exist, no hardcoded owner sample is in runtime code, primary buttons have handlers, workspace links are present and release-evidence audit verifies queue/ledger/screenshots."
"W416","Tests/screenshots/no-hardcode/no-dead-buttons","Tests/screenshots/no-hardcode/no-dead-buttons gap 17","Owner can complete the related LifeOS job through the shared Artifact repository without fake panels or disconnected state.","Awaiting package implementation.","FIXED_WITH_CODE_AND_TEST","docs/qc/NONSTOP_OWNER_RESCUE_REPORT.md","verify;e2e;e2e:owner;e2e:fixtures;e2e:visual;audit:no-hardcoded-sample;audit:buttons;audit:ledger;audit:workspace-links;audit:release-evidence;git diff --check","output/playwright/owner-home.png;output/playwright/owner-analysis.png;output/playwright/owner-after-apply.png;output/playwright/owner-calendar.png;output/playwright/owner-finance.png;output/playwright/owner-habits-goals.png;output/playwright/owner-knowledge-insights.png;output/playwright/owner-player-transcript.png;output/playwright/owner-ollama.png;output/playwright/owner-chat-agents-flow.png;output/playwright/owner-big-graph.png;output/playwright/owner-control.png;output/playwright/owner-mobile.png;output/playwright/owner-large-vault.png","see git log -1 for final package commit","Closed by P013 and revalidated by nonstop P01: final required test commands pass, 120-fixture matrix exists, required screenshots exist, no hardcoded owner sample is in runtime code, primary buttons have handlers, workspace links are present and release-evidence audit verifies queue/ledger/screenshots."
"W417","Tests/screenshots/no-hardcode/no-dead-buttons","Tests/screenshots/no-hardcode/no-dead-buttons gap 18","Owner can complete the related LifeOS job through the shared Artifact repository without fake panels or disconnected state.","Awaiting package implementation.","FIXED_WITH_CODE_AND_TEST","docs/qc/NONSTOP_OWNER_RESCUE_REPORT.md","verify;e2e;e2e:owner;e2e:fixtures;e2e:visual;audit:no-hardcoded-sample;audit:buttons;audit:ledger;audit:workspace-links;audit:release-evidence;git diff --check","output/playwright/owner-home.png;output/playwright/owner-analysis.png;output/playwright/owner-after-apply.png;output/playwright/owner-calendar.png;output/playwright/owner-finance.png;output/playwright/owner-habits-goals.png;output/playwright/owner-knowledge-insights.png;output/playwright/owner-player-transcript.png;output/playwright/owner-ollama.png;output/playwright/owner-chat-agents-flow.png;output/playwright/owner-big-graph.png;output/playwright/owner-control.png;output/playwright/owner-mobile.png;output/playwright/owner-large-vault.png","see git log -1 for final package commit","Closed by P013 and revalidated by nonstop P01: final required test commands pass, 120-fixture matrix exists, required screenshots exist, no hardcoded owner sample is in runtime code, primary buttons have handlers, workspace links are present and release-evidence audit verifies queue/ledger/screenshots."
"W418","Tests/screenshots/no-hardcode/no-dead-buttons","Tests/screenshots/no-hardcode/no-dead-buttons gap 19","Owner can complete the related LifeOS job through the shared Artifact repository without fake panels or disconnected state.","Awaiting package implementation.","FIXED_WITH_CODE_AND_TEST","docs/qc/NONSTOP_OWNER_RESCUE_REPORT.md","verify;e2e;e2e:owner;e2e:fixtures;e2e:visual;audit:no-hardcoded-sample;audit:buttons;audit:ledger;audit:workspace-links;audit:release-evidence;git diff --check","output/playwright/owner-home.png;output/playwright/owner-analysis.png;output/playwright/owner-after-apply.png;output/playwright/owner-calendar.png;output/playwright/owner-finance.png;output/playwright/owner-habits-goals.png;output/playwright/owner-knowledge-insights.png;output/playwright/owner-player-transcript.png;output/playwright/owner-ollama.png;output/playwright/owner-chat-agents-flow.png;output/playwright/owner-big-graph.png;output/playwright/owner-control.png;output/playwright/owner-mobile.png;output/playwright/owner-large-vault.png","see git log -1 for final package commit","Closed by P013 and revalidated by nonstop P01: final required test commands pass, 120-fixture matrix exists, required screenshots exist, no hardcoded owner sample is in runtime code, primary buttons have handlers, workspace links are present and release-evidence audit verifies queue/ledger/screenshots."
"W419","Tests/screenshots/no-hardcode/no-dead-buttons","Tests/screenshots/no-hardcode/no-dead-buttons gap 20","Owner can complete the related LifeOS job through the shared Artifact repository without fake panels or disconnected state.","Awaiting package implementation.","FIXED_WITH_CODE_AND_TEST","docs/qc/NONSTOP_OWNER_RESCUE_REPORT.md","verify;e2e;e2e:owner;e2e:fixtures;e2e:visual;audit:no-hardcoded-sample;audit:buttons;audit:ledger;audit:workspace-links;audit:release-evidence;git diff --check","output/playwright/owner-home.png;output/playwright/owner-analysis.png;output/playwright/owner-after-apply.png;output/playwright/owner-calendar.png;output/playwright/owner-finance.png;output/playwright/owner-habits-goals.png;output/playwright/owner-knowledge-insights.png;output/playwright/owner-player-transcript.png;output/playwright/owner-ollama.png;output/playwright/owner-chat-agents-flow.png;output/playwright/owner-big-graph.png;output/playwright/owner-control.png;output/playwright/owner-mobile.png;output/playwright/owner-large-vault.png","see git log -1 for final package commit","Closed by P013 and revalidated by nonstop P01: final required test commands pass, 120-fixture matrix exists, required screenshots exist, no hardcoded owner sample is in runtime code, primary buttons have handlers, workspace links are present and release-evidence audit verifies queue/ledger/screenshots."
"W420","Tests/screenshots/no-hardcode/no-dead-buttons","Tests/screenshots/no-hardcode/no-dead-buttons gap 21","Owner can complete the related LifeOS job through the shared Artifact repository without fake panels or disconnected state.","Awaiting package implementation.","FIXED_WITH_CODE_AND_TEST","docs/qc/NONSTOP_OWNER_RESCUE_REPORT.md","verify;e2e;e2e:owner;e2e:fixtures;e2e:visual;audit:no-hardcoded-sample;audit:buttons;audit:ledger;audit:workspace-links;audit:release-evidence;git diff --check","output/playwright/owner-home.png;output/playwright/owner-analysis.png;output/playwright/owner-after-apply.png;output/playwright/owner-calendar.png;output/playwright/owner-finance.png;output/playwright/owner-habits-goals.png;output/playwright/owner-knowledge-insights.png;output/playwright/owner-player-transcript.png;output/playwright/owner-ollama.png;output/playwright/owner-chat-agents-flow.png;output/playwright/owner-big-graph.png;output/playwright/owner-control.png;output/playwright/owner-mobile.png;output/playwright/owner-large-vault.png","see git log -1 for final package commit","Closed by P013 and revalidated by nonstop P01: final required test commands pass, 120-fixture matrix exists, required screenshots exist, no hardcoded owner sample is in runtime code, primary buttons have handlers, workspace links are present and release-evidence audit verifies queue/ledger/screenshots."
