id,area,weakness,fix_contract,test_contract,prompt_status,resolution_status,dedupe_status,linked_w_id,package,evidence,next_action,commit
R0001,RISK-CAT-01 Source-of-truth / Git / execution control,активная папка снова не GitHub-backed,"зафиксировать GitHub-backed baseline, commit/push, state file, diff, screenshot evidence и continuation capsule",targeted unit/e2e + screenshot where visual + ledger evidence + git diff check,OPEN,FIXED_WITH_CODE_AND_TEST,direct_status,,P01,gh auth status logged in as ddotdanyaa; origin configured to https://github.com/ddotdanyaa/lifeos-final33.git; Product Brain GitHub Release Map records push retry.,Owner: run gh auth login or provide a GitHub remote URL; then run npm run release:push -- <repo-url>.,ab069cc
R0002,RISK-CAT-01 Source-of-truth / Git / execution control,изменения остаются локальными без commit/push,"зафиксировать GitHub-backed baseline, commit/push, state file, diff, screenshot evidence и continuation capsule",targeted unit/e2e + screenshot where visual + ledger evidence + git diff check,OPEN,BLOCKED_EXTERNAL_NETWORK_RETRY_WITH_PROOF,direct_status,,P01,"Local commits exist, auth works, origin exists; git push reached object upload but remote returned HTTP 408.",Owner: run gh auth login or provide a GitHub remote URL; then run npm run release:push -- <repo-url>.,ab069cc
R0003,RISK-CAT-01 Source-of-truth / Git / execution control,Codex пишет отчет без diff/commit hash,"зафиксировать GitHub-backed baseline, commit/push, state file, diff, screenshot evidence и continuation capsule",targeted unit/e2e + screenshot where visual + ledger evidence + git diff check,OPEN,FIXED_WITH_CODE_AND_TEST,direct_status,,P01,git log -2 --oneline; docs/ops/OWNER_RESCUE_LIVE_STATE.md; docs/qc/OWNER_RESCUE_QUEUE.json; docs/qc/OWNER_RESCUE_1000_REPORT.md,No local code action remains for this risk; keep only provider/GitHub gates explicit.,ab069cc
R0004,RISK-CAT-01 Source-of-truth / Git / execution control,нет baseline snapshot перед крупным refactor,"зафиксировать GitHub-backed baseline, commit/push, state file, diff, screenshot evidence и continuation capsule",targeted unit/e2e + screenshot where visual + ledger evidence + git diff check,OPEN,FIXED_WITH_CODE_AND_TEST,direct_status,,P01,git log -2 --oneline; docs/ops/OWNER_RESCUE_LIVE_STATE.md; docs/qc/OWNER_RESCUE_QUEUE.json; docs/qc/OWNER_RESCUE_1000_REPORT.md,No local code action remains for this risk; keep only provider/GitHub gates explicit.,ab069cc
R0005,RISK-CAT-01 Source-of-truth / Git / execution control,нет ветки owner-rescue для изоляции изменений,"зафиксировать GitHub-backed baseline, commit/push, state file, diff, screenshot evidence и continuation capsule",targeted unit/e2e + screenshot where visual + ledger evidence + git diff check,OPEN,FIXED_WITH_CODE_AND_TEST,direct_status,,P01,git log -2 --oneline; docs/ops/OWNER_RESCUE_LIVE_STATE.md; docs/qc/OWNER_RESCUE_QUEUE.json; docs/qc/OWNER_RESCUE_1000_REPORT.md,No local code action remains for this risk; keep only provider/GitHub gates explicit.,ab069cc
R0006,RISK-CAT-01 Source-of-truth / Git / execution control,не фиксируется current localhost/port/build source,"зафиксировать GitHub-backed baseline, commit/push, state file, diff, screenshot evidence и continuation capsule",targeted unit/e2e + screenshot where visual + ledger evidence + git diff check,OPEN,FIXED_WITH_CODE_AND_TEST,direct_status,,P01,git log -2 --oneline; docs/ops/OWNER_RESCUE_LIVE_STATE.md; docs/qc/OWNER_RESCUE_QUEUE.json; docs/qc/OWNER_RESCUE_1000_REPORT.md,No local code action remains for this risk; keep only provider/GitHub gates explicit.,ab069cc
R0007,RISK-CAT-01 Source-of-truth / Git / execution control,старый stale preview принимается за новый UI,"зафиксировать GitHub-backed baseline, commit/push, state file, diff, screenshot evidence и continuation capsule",targeted unit/e2e + screenshot where visual + ledger evidence + git diff check,OPEN,FIXED_WITH_CODE_AND_TEST,direct_status,,P01,git log -2 --oneline; docs/ops/OWNER_RESCUE_LIVE_STATE.md; docs/qc/OWNER_RESCUE_QUEUE.json; docs/qc/OWNER_RESCUE_1000_REPORT.md,No local code action remains for this risk; keep only provider/GitHub gates explicit.,ab069cc
R0008,RISK-CAT-01 Source-of-truth / Git / execution control,отчеты и screenshots не связаны с commit,"зафиксировать GitHub-backed baseline, commit/push, state file, diff, screenshot evidence и continuation capsule",targeted unit/e2e + screenshot where visual + ledger evidence + git diff check,OPEN,FIXED_WITH_CODE_AND_TEST,direct_status,,P01,git log -2 --oneline; docs/ops/OWNER_RESCUE_LIVE_STATE.md; docs/qc/OWNER_RESCUE_QUEUE.json; docs/qc/OWNER_RESCUE_1000_REPORT.md,No local code action remains for this risk; keep only provider/GitHub gates explicit.,ab069cc
R0009,RISK-CAT-01 Source-of-truth / Git / execution control,нет repeatable setup command для нового агента,"зафиксировать GitHub-backed baseline, commit/push, state file, diff, screenshot evidence и continuation capsule",targeted unit/e2e + screenshot where visual + ledger evidence + git diff check,OPEN,FIXED_WITH_CODE_AND_TEST,direct_status,,P01,git log -2 --oneline; docs/ops/OWNER_RESCUE_LIVE_STATE.md; docs/qc/OWNER_RESCUE_QUEUE.json; docs/qc/OWNER_RESCUE_1000_REPORT.md,No local code action remains for this risk; keep only provider/GitHub gates explicit.,ab069cc
R0010,RISK-CAT-01 Source-of-truth / Git / execution control,скрытые node_modules/uploads/secrets попадают в git,"зафиксировать GitHub-backed baseline, commit/push, state file, diff, screenshot evidence и continuation capsule",targeted unit/e2e + screenshot where visual + ledger evidence + git diff check,OPEN,FIXED_WITH_CODE_AND_TEST,direct_status,,P01,git log -2 --oneline; docs/ops/OWNER_RESCUE_LIVE_STATE.md; docs/qc/OWNER_RESCUE_QUEUE.json; docs/qc/OWNER_RESCUE_1000_REPORT.md,No local code action remains for this risk; keep only provider/GitHub gates explicit.,ab069cc
R0011,RISK-CAT-01 Source-of-truth / Git / execution control,нет recovery branch перед mass cleanup,"зафиксировать GitHub-backed baseline, commit/push, state file, diff, screenshot evidence и continuation capsule",targeted unit/e2e + screenshot where visual + ledger evidence + git diff check,OPEN,FIXED_WITH_CODE_AND_TEST,direct_status,,P01,git log -2 --oneline; docs/ops/OWNER_RESCUE_LIVE_STATE.md; docs/qc/OWNER_RESCUE_QUEUE.json; docs/qc/OWNER_RESCUE_1000_REPORT.md,No local code action remains for this risk; keep only provider/GitHub gates explicit.,ab069cc
R0012,RISK-CAT-01 Source-of-truth / Git / execution control,нет ownership map по app.js/styles/index/docs/tests,"зафиксировать GitHub-backed baseline, commit/push, state file, diff, screenshot evidence и continuation capsule",targeted unit/e2e + screenshot where visual + ledger evidence + git diff check,OPEN,FIXED_WITH_CODE_AND_TEST,direct_status,,P01,git log -2 --oneline; docs/ops/OWNER_RESCUE_LIVE_STATE.md; docs/qc/OWNER_RESCUE_QUEUE.json; docs/qc/OWNER_RESCUE_1000_REPORT.md,No local code action remains for this risk; keep only provider/GitHub gates explicit.,ab069cc
R0013,RISK-CAT-01 Source-of-truth / Git / execution control,один монолитный app.js правится без package boundary,"зафиксировать GitHub-backed baseline, commit/push, state file, diff, screenshot evidence и continuation capsule",targeted unit/e2e + screenshot where visual + ledger evidence + git diff check,OPEN,FIXED_WITH_CODE_AND_TEST,direct_status,,P01,git log -2 --oneline; docs/ops/OWNER_RESCUE_LIVE_STATE.md; docs/qc/OWNER_RESCUE_QUEUE.json; docs/qc/OWNER_RESCUE_1000_REPORT.md,No local code action remains for this risk; keep only provider/GitHub gates explicit.,ab069cc
R0014,RISK-CAT-01 Source-of-truth / Git / execution control,ledger статусы обновляются руками без proof,"зафиксировать GitHub-backed baseline, commit/push, state file, diff, screenshot evidence и continuation capsule",targeted unit/e2e + screenshot where visual + ledger evidence + git diff check,OPEN,FIXED_WITH_CODE_AND_TEST,direct_status,,P01,git log -2 --oneline; docs/ops/OWNER_RESCUE_LIVE_STATE.md; docs/qc/OWNER_RESCUE_QUEUE.json; docs/qc/OWNER_RESCUE_1000_REPORT.md,No local code action remains for this risk; keep only provider/GitHub gates explicit.,ab069cc
R0015,RISK-CAT-01 Source-of-truth / Git / execution control,нет queue/resume capsule для следующего пакета,"зафиксировать GitHub-backed baseline, commit/push, state file, diff, screenshot evidence и continuation capsule",targeted unit/e2e + screenshot where visual + ledger evidence + git diff check,OPEN,FIXED_WITH_CODE_AND_TEST,direct_status,,P01,git log -2 --oneline; docs/ops/OWNER_RESCUE_LIVE_STATE.md; docs/qc/OWNER_RESCUE_QUEUE.json; docs/qc/OWNER_RESCUE_1000_REPORT.md,No local code action remains for this risk; keep only provider/GitHub gates explicit.,ab069cc
R0016,RISK-CAT-01 Source-of-truth / Git / execution control,Codex закрывает задачу после одного smoke pass,"зафиксировать GitHub-backed baseline, commit/push, state file, diff, screenshot evidence и continuation capsule",targeted unit/e2e + screenshot where visual + ledger evidence + git diff check,OPEN,FIXED_WITH_CODE_AND_TEST,direct_status,,P01,git log -2 --oneline; docs/ops/OWNER_RESCUE_LIVE_STATE.md; docs/qc/OWNER_RESCUE_QUEUE.json; docs/qc/OWNER_RESCUE_1000_REPORT.md,No local code action remains for this risk; keep only provider/GitHub gates explicit.,ab069cc
R0017,RISK-CAT-01 Source-of-truth / Git / execution control,нет enforced CONTINUATION_REQUIRED при open items,"зафиксировать GitHub-backed baseline, commit/push, state file, diff, screenshot evidence и continuation capsule",targeted unit/e2e + screenshot where visual + ledger evidence + git diff check,OPEN,FIXED_WITH_CODE_AND_TEST,direct_status,,P01,git log -2 --oneline; docs/ops/OWNER_RESCUE_LIVE_STATE.md; docs/qc/OWNER_RESCUE_QUEUE.json; docs/qc/OWNER_RESCUE_1000_REPORT.md,No local code action remains for this risk; keep only provider/GitHub gates explicit.,ab069cc
R0018,RISK-CAT-01 Source-of-truth / Git / execution control,нет чеклиста stop conditions для provider credentials,"зафиксировать GitHub-backed baseline, commit/push, state file, diff, screenshot evidence и continuation capsule",targeted unit/e2e + screenshot where visual + ledger evidence + git diff check,OPEN,FIXED_WITH_CODE_AND_TEST,direct_status,,P01,git log -2 --oneline; docs/ops/OWNER_RESCUE_LIVE_STATE.md; docs/qc/OWNER_RESCUE_QUEUE.json; docs/qc/OWNER_RESCUE_1000_REPORT.md,No local code action remains for this risk; keep only provider/GitHub gates explicit.,ab069cc
R0019,RISK-CAT-01 Source-of-truth / Git / execution control,не создана отдельная архитектурная карта current code,"зафиксировать GitHub-backed baseline, commit/push, state file, diff, screenshot evidence и continuation capsule",targeted unit/e2e + screenshot where visual + ledger evidence + git diff check,OPEN,FIXED_WITH_CODE_AND_TEST,direct_status,,P01,git log -2 --oneline; docs/ops/OWNER_RESCUE_LIVE_STATE.md; docs/qc/OWNER_RESCUE_QUEUE.json; docs/qc/OWNER_RESCUE_1000_REPORT.md,No local code action remains for this risk; keep only provider/GitHub gates explicit.,ab069cc
R0020,RISK-CAT-01 Source-of-truth / Git / execution control,"GitHub remote есть, но push реально не проверен","зафиксировать GitHub-backed baseline, commit/push, state file, diff, screenshot evidence и continuation capsule",targeted unit/e2e + screenshot where visual + ledger evidence + git diff check,OPEN,BLOCKED_EXTERNAL_NETWORK_RETRY_WITH_PROOF,direct_status,,P01,GitHub remote exists and auth works; branch push is not verified because upload ended HTTP 408.,Owner: run gh auth login or provide a GitHub remote URL; then run npm run release:push -- <repo-url>.,ab069cc
R0021,RISK-CAT-01 Source-of-truth / Git / execution control,не указаны touched files в каждом пакете,"зафиксировать GitHub-backed baseline, commit/push, state file, diff, screenshot evidence и continuation capsule",targeted unit/e2e + screenshot where visual + ledger evidence + git diff check,OPEN,FIXED_WITH_CODE_AND_TEST,direct_status,,P01,git log -2 --oneline; docs/ops/OWNER_RESCUE_LIVE_STATE.md; docs/qc/OWNER_RESCUE_QUEUE.json; docs/qc/OWNER_RESCUE_1000_REPORT.md,No local code action remains for this risk; keep only provider/GitHub gates explicit.,ab069cc
R0022,RISK-CAT-01 Source-of-truth / Git / execution control,нет rollback instructions для каждого commit,"зафиксировать GitHub-backed baseline, commit/push, state file, diff, screenshot evidence и continuation capsule",targeted unit/e2e + screenshot where visual + ledger evidence + git diff check,OPEN,FIXED_WITH_CODE_AND_TEST,direct_status,,P01,git log -2 --oneline; docs/ops/OWNER_RESCUE_LIVE_STATE.md; docs/qc/OWNER_RESCUE_QUEUE.json; docs/qc/OWNER_RESCUE_1000_REPORT.md,No local code action remains for this risk; keep only provider/GitHub gates explicit.,ab069cc
R0023,RISK-CAT-01 Source-of-truth / Git / execution control,нет clean-state reproduction steps,"зафиксировать GitHub-backed baseline, commit/push, state file, diff, screenshot evidence и continuation capsule",targeted unit/e2e + screenshot where visual + ledger evidence + git diff check,OPEN,FIXED_WITH_CODE_AND_TEST,direct_status,,P01,git log -2 --oneline; docs/ops/OWNER_RESCUE_LIVE_STATE.md; docs/qc/OWNER_RESCUE_QUEUE.json; docs/qc/OWNER_RESCUE_1000_REPORT.md,No local code action remains for this risk; keep only provider/GitHub gates explicit.,ab069cc
R0024,RISK-CAT-01 Source-of-truth / Git / execution control,не различаются local demo data и owner real data,"зафиксировать GitHub-backed baseline, commit/push, state file, diff, screenshot evidence и continuation capsule",targeted unit/e2e + screenshot where visual + ledger evidence + git diff check,OPEN,FIXED_WITH_CODE_AND_TEST,direct_status,,P01,git log -2 --oneline; docs/ops/OWNER_RESCUE_LIVE_STATE.md; docs/qc/OWNER_RESCUE_QUEUE.json; docs/qc/OWNER_RESCUE_1000_REPORT.md,No local code action remains for this risk; keep only provider/GitHub gates explicit.,ab069cc
R0025,RISK-CAT-01 Source-of-truth / Git / execution control,нет audit of duplicate docs/prompts causing conflicts,"зафиксировать GitHub-backed baseline, commit/push, state file, diff, screenshot evidence и continuation capsule",targeted unit/e2e + screenshot where visual + ledger evidence + git diff check,OPEN,FIXED_WITH_CODE_AND_TEST,direct_status,,P01,git log -2 --oneline; docs/ops/OWNER_RESCUE_LIVE_STATE.md; docs/qc/OWNER_RESCUE_QUEUE.json; docs/qc/OWNER_RESCUE_1000_REPORT.md,No local code action remains for this risk; keep only provider/GitHub gates explicit.,ab069cc
R0026,RISK-CAT-01 Source-of-truth / Git / execution control,нет rule: no product code if source-of-truth unread,"зафиксировать GitHub-backed baseline, commit/push, state file, diff, screenshot evidence и continuation capsule",targeted unit/e2e + screenshot where visual + ledger evidence + git diff check,OPEN,FIXED_WITH_CODE_AND_TEST,direct_status,,P01,git log -2 --oneline; docs/ops/OWNER_RESCUE_LIVE_STATE.md; docs/qc/OWNER_RESCUE_QUEUE.json; docs/qc/OWNER_RESCUE_1000_REPORT.md,No local code action remains for this risk; keep only provider/GitHub gates explicit.,ab069cc
R0027,RISK-CAT-01 Source-of-truth / Git / execution control,план содержит пункты без implementation route,"зафиксировать GitHub-backed baseline, commit/push, state file, diff, screenshot evidence и continuation capsule",targeted unit/e2e + screenshot where visual + ledger evidence + git diff check,OPEN,FIXED_WITH_CODE_AND_TEST,direct_status,,P01,git log -2 --oneline; docs/ops/OWNER_RESCUE_LIVE_STATE.md; docs/qc/OWNER_RESCUE_QUEUE.json; docs/qc/OWNER_RESCUE_1000_REPORT.md,No local code action remains for this risk; keep only provider/GitHub gates explicit.,ab069cc
R0028,RISK-CAT-01 Source-of-truth / Git / execution control,не дедуплицированы старые W items и новые R items,"зафиксировать GitHub-backed baseline, commit/push, state file, diff, screenshot evidence и continuation capsule",targeted unit/e2e + screenshot where visual + ledger evidence + git diff check,OPEN,FIXED_WITH_CODE_AND_TEST,direct_status,,P01,git log -2 --oneline; docs/ops/OWNER_RESCUE_LIVE_STATE.md; docs/qc/OWNER_RESCUE_QUEUE.json; docs/qc/OWNER_RESCUE_1000_REPORT.md,No local code action remains for this risk; keep only provider/GitHub gates explicit.,ab069cc
R0029,RISK-CAT-01 Source-of-truth / Git / execution control,нет machine-readable ledger CSV/JSON,"зафиксировать GitHub-backed baseline, commit/push, state file, diff, screenshot evidence и continuation capsule",targeted unit/e2e + screenshot where visual + ledger evidence + git diff check,OPEN,FIXED_WITH_CODE_AND_TEST,direct_status,,P01,git log -2 --oneline; docs/ops/OWNER_RESCUE_LIVE_STATE.md; docs/qc/OWNER_RESCUE_QUEUE.json; docs/qc/OWNER_RESCUE_1000_REPORT.md,No local code action remains for this risk; keep only provider/GitHub gates explicit.,ab069cc
R0030,RISK-CAT-01 Source-of-truth / Git / execution control,нет package budget по времени/файлам/риску,"зафиксировать GitHub-backed baseline, commit/push, state file, diff, screenshot evidence и continuation capsule",targeted unit/e2e + screenshot where visual + ledger evidence + git diff check,OPEN,FIXED_WITH_CODE_AND_TEST,direct_status,,P01,git log -2 --oneline; docs/ops/OWNER_RESCUE_LIVE_STATE.md; docs/qc/OWNER_RESCUE_QUEUE.json; docs/qc/OWNER_RESCUE_1000_REPORT.md,No local code action remains for this risk; keep only provider/GitHub gates explicit.,ab069cc
R0031,RISK-CAT-01 Source-of-truth / Git / execution control,нет owner-facing changelog после пакета,"зафиксировать GitHub-backed baseline, commit/push, state file, diff, screenshot evidence и continuation capsule",targeted unit/e2e + screenshot where visual + ledger evidence + git diff check,OPEN,FIXED_WITH_CODE_AND_TEST,direct_status,,P01,git log -2 --oneline; docs/ops/OWNER_RESCUE_LIVE_STATE.md; docs/qc/OWNER_RESCUE_QUEUE.json; docs/qc/OWNER_RESCUE_1000_REPORT.md,No local code action remains for this risk; keep only provider/GitHub gates explicit.,ab069cc
R0032,RISK-CAT-01 Source-of-truth / Git / execution control,нет стабильного version/build label в UI,"зафиксировать GitHub-backed baseline, commit/push, state file, diff, screenshot evidence и continuation capsule",targeted unit/e2e + screenshot where visual + ledger evidence + git diff check,OPEN,FIXED_WITH_CODE_AND_TEST,direct_status,,P01,git log -2 --oneline; docs/ops/OWNER_RESCUE_LIVE_STATE.md; docs/qc/OWNER_RESCUE_QUEUE.json; docs/qc/OWNER_RESCUE_1000_REPORT.md,No local code action remains for this risk; keep only provider/GitHub gates explicit.,ab069cc
R0033,RISK-CAT-01 Source-of-truth / Git / execution control,не сохраняется artifact of prompt used by Codex,"зафиксировать GitHub-backed baseline, commit/push, state file, diff, screenshot evidence и continuation capsule",targeted unit/e2e + screenshot where visual + ledger evidence + git diff check,OPEN,FIXED_WITH_CODE_AND_TEST,direct_status,,P01,git log -2 --oneline; docs/ops/OWNER_RESCUE_LIVE_STATE.md; docs/qc/OWNER_RESCUE_QUEUE.json; docs/qc/OWNER_RESCUE_1000_REPORT.md,No local code action remains for this risk; keep only provider/GitHub gates explicit.,ab069cc
R0034,RISK-CAT-01 Source-of-truth / Git / execution control,нет comparison previous screenshot vs current screenshot,"зафиксировать GitHub-backed baseline, commit/push, state file, diff, screenshot evidence и continuation capsule",targeted unit/e2e + screenshot where visual + ledger evidence + git diff check,OPEN,FIXED_WITH_CODE_AND_TEST,direct_status,,P01,git log -2 --oneline; docs/ops/OWNER_RESCUE_LIVE_STATE.md; docs/qc/OWNER_RESCUE_QUEUE.json; docs/qc/OWNER_RESCUE_1000_REPORT.md,No local code action remains for this risk; keep only provider/GitHub gates explicit.,ab069cc
R0035,RISK-CAT-01 Source-of-truth / Git / execution control,не фиксируется browser storage reset/migration mode,"зафиксировать GitHub-backed baseline, commit/push, state file, diff, screenshot evidence и continuation capsule",targeted unit/e2e + screenshot where visual + ledger evidence + git diff check,OPEN,FIXED_WITH_CODE_AND_TEST,direct_status,,P01,git log -2 --oneline; docs/ops/OWNER_RESCUE_LIVE_STATE.md; docs/qc/OWNER_RESCUE_QUEUE.json; docs/qc/OWNER_RESCUE_1000_REPORT.md,No local code action remains for this risk; keep only provider/GitHub gates explicit.,ab069cc
R0036,RISK-CAT-01 Source-of-truth / Git / execution control,нет CI-like local script full-check,"зафиксировать GitHub-backed baseline, commit/push, state file, diff, screenshot evidence и continuation capsule",targeted unit/e2e + screenshot where visual + ledger evidence + git diff check,OPEN,FIXED_WITH_CODE_AND_TEST,direct_status,,P01,git log -2 --oneline; docs/ops/OWNER_RESCUE_LIVE_STATE.md; docs/qc/OWNER_RESCUE_QUEUE.json; docs/qc/OWNER_RESCUE_1000_REPORT.md,No local code action remains for this risk; keep only provider/GitHub gates explicit.,ab069cc
R0037,RISK-CAT-01 Source-of-truth / Git / execution control,нет rule to stop adding panels before IA acceptance,"зафиксировать GitHub-backed baseline, commit/push, state file, diff, screenshot evidence и continuation capsule",targeted unit/e2e + screenshot where visual + ledger evidence + git diff check,OPEN,FIXED_WITH_CODE_AND_TEST,direct_status,,P01,git log -2 --oneline; docs/ops/OWNER_RESCUE_LIVE_STATE.md; docs/qc/OWNER_RESCUE_QUEUE.json; docs/qc/OWNER_RESCUE_1000_REPORT.md,No local code action remains for this risk; keep only provider/GitHub gates explicit.,ab069cc
R0038,RISK-CAT-01 Source-of-truth / Git / execution control,нет explicit gate for deleting/quarantining old UI,"зафиксировать GitHub-backed baseline, commit/push, state file, diff, screenshot evidence и continuation capsule",targeted unit/e2e + screenshot where visual + ledger evidence + git diff check,OPEN,FIXED_WITH_CODE_AND_TEST,direct_status,,P01,git log -2 --oneline; docs/ops/OWNER_RESCUE_LIVE_STATE.md; docs/qc/OWNER_RESCUE_QUEUE.json; docs/qc/OWNER_RESCUE_1000_REPORT.md,No local code action remains for this risk; keep only provider/GitHub gates explicit.,ab069cc
R0039,RISK-CAT-01 Source-of-truth / Git / execution control,нет proof that docs and runtime agree,"зафиксировать GitHub-backed baseline, commit/push, state file, diff, screenshot evidence и continuation capsule",targeted unit/e2e + screenshot where visual + ledger evidence + git diff check,OPEN,FIXED_WITH_CODE_AND_TEST,direct_status,,P01,git log -2 --oneline; docs/ops/OWNER_RESCUE_LIVE_STATE.md; docs/qc/OWNER_RESCUE_QUEUE.json; docs/qc/OWNER_RESCUE_1000_REPORT.md,No local code action remains for this risk; keep only provider/GitHub gates explicit.,ab069cc
R0040,RISK-CAT-01 Source-of-truth / Git / execution control,нет final release checklist tied to owner scenarios,"зафиксировать GitHub-backed baseline, commit/push, state file, diff, screenshot evidence и continuation capsule",targeted unit/e2e + screenshot where visual + ledger evidence + git diff check,OPEN,FIXED_WITH_CODE_AND_TEST,direct_status,,P01,git log -2 --oneline; docs/ops/OWNER_RESCUE_LIVE_STATE.md; docs/qc/OWNER_RESCUE_QUEUE.json; docs/qc/OWNER_RESCUE_1000_REPORT.md,No local code action remains for this risk; keep only provider/GitHub gates explicit.,ab069cc
R0041,RISK-CAT-02 First screen / IA / progressive disclosure,первый экран снова превращается в cockpit,"перестроить IA через progressive disclosure: capture-first, Daily/Money/Artifact core, advanced zones hidden, Russian-first actions",Playwright owner-home fullPage screenshot + 5-second comprehension assertions,OPEN,FIXED_WITH_CODE_AND_TEST,direct_status,,P02,docs/qc/OWNER_UX_001_REPORT.md; output/playwright/ux-home-calm.png; output/playwright/ux-after-analysis.png; output/playwright/ux-after-quick-task.png,No local code action remains for this risk; keep only provider/GitHub gates explicit.,ab069cc
R0042,RISK-CAT-02 First screen / IA / progressive disclosure,слишком много равнозначных панелей,"перестроить IA через progressive disclosure: capture-first, Daily/Money/Artifact core, advanced zones hidden, Russian-first actions",Playwright owner-home fullPage screenshot + 5-second comprehension assertions,OPEN,FIXED_WITH_CODE_AND_TEST,direct_status,,P02,docs/qc/OWNER_UX_001_REPORT.md; output/playwright/ux-home-calm.png; output/playwright/ux-after-analysis.png; output/playwright/ux-after-quick-task.png,No local code action remains for this risk; keep only provider/GitHub gates explicit.,ab069cc
R0043,RISK-CAT-02 First screen / IA / progressive disclosure,универсальный ввод визуально не главный,"перестроить IA через progressive disclosure: capture-first, Daily/Money/Artifact core, advanced zones hidden, Russian-first actions",Playwright owner-home fullPage screenshot + 5-second comprehension assertions,OPEN,FIXED_WITH_CODE_AND_TEST,direct_status,,P02,docs/qc/OWNER_UX_001_REPORT.md; output/playwright/ux-home-calm.png; output/playwright/ux-after-analysis.png; output/playwright/ux-after-quick-task.png,No local code action remains for this risk; keep only provider/GitHub gates explicit.,ab069cc
R0044,RISK-CAT-02 First screen / IA / progressive disclosure,после ввода нет понятного next step,"перестроить IA через progressive disclosure: capture-first, Daily/Money/Artifact core, advanced zones hidden, Russian-first actions",Playwright owner-home fullPage screenshot + 5-second comprehension assertions,OPEN,FIXED_WITH_CODE_AND_TEST,direct_status,,P02,docs/qc/OWNER_UX_001_REPORT.md; output/playwright/ux-home-calm.png; output/playwright/ux-after-analysis.png; output/playwright/ux-after-quick-task.png,No local code action remains for this risk; keep only provider/GitHub gates explicit.,ab069cc
R0045,RISK-CAT-02 First screen / IA / progressive disclosure,"пользователь не понимает: это задача, расход или заметка","перестроить IA через progressive disclosure: capture-first, Daily/Money/Artifact core, advanced zones hidden, Russian-first actions",Playwright owner-home fullPage screenshot + 5-second comprehension assertions,OPEN,FIXED_WITH_CODE_AND_TEST,direct_status,,P02,docs/qc/OWNER_UX_001_REPORT.md; output/playwright/ux-home-calm.png; output/playwright/ux-after-analysis.png; output/playwright/ux-after-quick-task.png,No local code action remains for this risk; keep only provider/GitHub gates explicit.,ab069cc
R0046,RISK-CAT-02 First screen / IA / progressive disclosure,Graph/Control видны раньше user value,"перестроить IA через progressive disclosure: capture-first, Daily/Money/Artifact core, advanced zones hidden, Russian-first actions",Playwright owner-home fullPage screenshot + 5-second comprehension assertions,OPEN,FIXED_WITH_CODE_AND_TEST,direct_status,,P02,docs/qc/OWNER_UX_001_REPORT.md; output/playwright/ux-home-calm.png; output/playwright/ux-after-analysis.png; output/playwright/ux-after-quick-task.png,No local code action remains for this risk; keep only provider/GitHub gates explicit.,ab069cc
R0047,RISK-CAT-02 First screen / IA / progressive disclosure,английские кнопки Apply/Edit/Skip в русском UI,"перестроить IA через progressive disclosure: capture-first, Daily/Money/Artifact core, advanced zones hidden, Russian-first actions",Playwright owner-home fullPage screenshot + 5-second comprehension assertions,OPEN,FIXED_WITH_CODE_AND_TEST,direct_status,,P02,docs/qc/OWNER_UX_001_REPORT.md; output/playwright/ux-home-calm.png; output/playwright/ux-after-analysis.png; output/playwright/ux-after-quick-task.png,No local code action remains for this risk; keep only provider/GitHub gates explicit.,ab069cc
R0048,RISK-CAT-02 First screen / IA / progressive disclosure,мелкие карточки сливаются без цветовой иерархии,"перестроить IA через progressive disclosure: capture-first, Daily/Money/Artifact core, advanced zones hidden, Russian-first actions",Playwright owner-home fullPage screenshot + 5-second comprehension assertions,OPEN,FIXED_WITH_CODE_AND_TEST,direct_status,,P02,docs/qc/OWNER_UX_001_REPORT.md; output/playwright/ux-home-calm.png; output/playwright/ux-after-analysis.png; output/playwright/ux-after-quick-task.png,No local code action remains for this risk; keep only provider/GitHub gates explicit.,ab069cc
R0049,RISK-CAT-02 First screen / IA / progressive disclosure,нет единого Daily Command Center,"перестроить IA через progressive disclosure: capture-first, Daily/Money/Artifact core, advanced zones hidden, Russian-first actions",Playwright owner-home fullPage screenshot + 5-second comprehension assertions,OPEN,FIXED_WITH_CODE_AND_TEST,direct_status,,P02,docs/qc/OWNER_UX_001_REPORT.md; output/playwright/ux-home-calm.png; output/playwright/ux-after-analysis.png; output/playwright/ux-after-quick-task.png,No local code action remains for this risk; keep only provider/GitHub gates explicit.,ab069cc
R0050,RISK-CAT-02 First screen / IA / progressive disclosure,длинные advanced details не спрятаны в disclosure,"перестроить IA через progressive disclosure: capture-first, Daily/Money/Artifact core, advanced zones hidden, Russian-first actions",Playwright owner-home fullPage screenshot + 5-second comprehension assertions,OPEN,FIXED_WITH_CODE_AND_TEST,direct_status,,P02,docs/qc/OWNER_UX_001_REPORT.md; output/playwright/ux-home-calm.png; output/playwright/ux-after-analysis.png; output/playwright/ux-after-quick-task.png,No local code action remains for this risk; keep only provider/GitHub gates explicit.,ab069cc
R0051,RISK-CAT-02 First screen / IA / progressive disclosure,left rail перегружает до выполнения первого действия,"перестроить IA через progressive disclosure: capture-first, Daily/Money/Artifact core, advanced zones hidden, Russian-first actions",Playwright owner-home fullPage screenshot + 5-second comprehension assertions,OPEN,FIXED_WITH_CODE_AND_TEST,direct_status,,P02,docs/qc/OWNER_UX_001_REPORT.md; output/playwright/ux-home-calm.png; output/playwright/ux-after-analysis.png; output/playwright/ux-after-quick-task.png,No local code action remains for this risk; keep only provider/GitHub gates explicit.,ab069cc
R0052,RISK-CAT-02 First screen / IA / progressive disclosure,right inspector перетягивает внимание от capture,"перестроить IA через progressive disclosure: capture-first, Daily/Money/Artifact core, advanced zones hidden, Russian-first actions",Playwright owner-home fullPage screenshot + 5-second comprehension assertions,OPEN,FIXED_WITH_CODE_AND_TEST,direct_status,,P02,docs/qc/OWNER_UX_001_REPORT.md; output/playwright/ux-home-calm.png; output/playwright/ux-after-analysis.png; output/playwright/ux-after-quick-task.png,No local code action remains for this risk; keep only provider/GitHub gates explicit.,ab069cc
R0053,RISK-CAT-02 First screen / IA / progressive disclosure,навигация не группирует LifeOS по режимам,"перестроить IA через progressive disclosure: capture-first, Daily/Money/Artifact core, advanced zones hidden, Russian-first actions",Playwright owner-home fullPage screenshot + 5-second comprehension assertions,OPEN,FIXED_WITH_CODE_AND_TEST,direct_status,,P02,docs/qc/OWNER_UX_001_REPORT.md; output/playwright/ux-home-calm.png; output/playwright/ux-after-analysis.png; output/playwright/ux-after-quick-task.png,No local code action remains for this risk; keep only provider/GitHub gates explicit.,ab069cc
R0054,RISK-CAT-02 First screen / IA / progressive disclosure,"нет quick actions: быстрая задача, расход, голос, файл","перестроить IA через progressive disclosure: capture-first, Daily/Money/Artifact core, advanced zones hidden, Russian-first actions",Playwright owner-home fullPage screenshot + 5-second comprehension assertions,OPEN,FIXED_WITH_CODE_AND_TEST,direct_status,,P02,docs/qc/OWNER_UX_001_REPORT.md; output/playwright/ux-home-calm.png; output/playwright/ux-after-analysis.png; output/playwright/ux-after-quick-task.png,No local code action remains for this risk; keep only provider/GitHub gates explicit.,ab069cc
R0055,RISK-CAT-02 First screen / IA / progressive disclosure,нет quiet mode для простых задач,"перестроить IA через progressive disclosure: capture-first, Daily/Money/Artifact core, advanced zones hidden, Russian-first actions",Playwright owner-home fullPage screenshot + 5-second comprehension assertions,OPEN,FIXED_WITH_CODE_AND_TEST,direct_status,,P02,docs/qc/OWNER_UX_001_REPORT.md; output/playwright/ux-home-calm.png; output/playwright/ux-after-analysis.png; output/playwright/ux-after-quick-task.png,No local code action remains for this risk; keep only provider/GitHub gates explicit.,ab069cc
R0056,RISK-CAT-02 First screen / IA / progressive disclosure,нет focus mode после capture,"перестроить IA через progressive disclosure: capture-first, Daily/Money/Artifact core, advanced zones hidden, Russian-first actions",Playwright owner-home fullPage screenshot + 5-second comprehension assertions,OPEN,FIXED_WITH_CODE_AND_TEST,direct_status,,P02,docs/qc/OWNER_UX_001_REPORT.md; output/playwright/ux-home-calm.png; output/playwright/ux-after-analysis.png; output/playwright/ux-after-quick-task.png,No local code action remains for this risk; keep only provider/GitHub gates explicit.,ab069cc
R0057,RISK-CAT-02 First screen / IA / progressive disclosure,нет понятного результата «создано»,"перестроить IA через progressive disclosure: capture-first, Daily/Money/Artifact core, advanced zones hidden, Russian-first actions",Playwright owner-home fullPage screenshot + 5-second comprehension assertions,OPEN,FIXED_WITH_CODE_AND_TEST,direct_status,,P02,docs/qc/OWNER_UX_001_REPORT.md; output/playwright/ux-home-calm.png; output/playwright/ux-after-analysis.png; output/playwright/ux-after-quick-task.png,No local code action remains for this risk; keep only provider/GitHub gates explicit.,ab069cc
R0058,RISK-CAT-02 First screen / IA / progressive disclosure,нет empty-state teaching для новых пользователей,"перестроить IA через progressive disclosure: capture-first, Daily/Money/Artifact core, advanced zones hidden, Russian-first actions",Playwright owner-home fullPage screenshot + 5-second comprehension assertions,OPEN,FIXED_WITH_CODE_AND_TEST,direct_status,,P02,docs/qc/OWNER_UX_001_REPORT.md; output/playwright/ux-home-calm.png; output/playwright/ux-after-analysis.png; output/playwright/ux-after-quick-task.png,No local code action remains for this risk; keep only provider/GitHub gates explicit.,ab069cc
R0059,RISK-CAT-02 First screen / IA / progressive disclosure,нет visual hierarchy between primary/secondary actions,"перестроить IA через progressive disclosure: capture-first, Daily/Money/Artifact core, advanced zones hidden, Russian-first actions",Playwright owner-home fullPage screenshot + 5-second comprehension assertions,OPEN,FIXED_WITH_CODE_AND_TEST,direct_status,,P02,docs/qc/OWNER_UX_001_REPORT.md; output/playwright/ux-home-calm.png; output/playwright/ux-after-analysis.png; output/playwright/ux-after-quick-task.png,No local code action remains for this risk; keep only provider/GitHub gates explicit.,ab069cc
R0060,RISK-CAT-02 First screen / IA / progressive disclosure,нет color tokens for task/finance/habit/goal/source/control,"перестроить IA через progressive disclosure: capture-first, Daily/Money/Artifact core, advanced zones hidden, Russian-first actions",Playwright owner-home fullPage screenshot + 5-second comprehension assertions,OPEN,FIXED_WITH_CODE_AND_TEST,direct_status,,P02,docs/qc/OWNER_UX_001_REPORT.md; output/playwright/ux-home-calm.png; output/playwright/ux-after-analysis.png; output/playwright/ux-after-quick-task.png,No local code action remains for this risk; keep only provider/GitHub gates explicit.,ab069cc
R0061,RISK-CAT-02 First screen / IA / progressive disclosure,нет workspace home cards с реальными counts/actions,"перестроить IA через progressive disclosure: capture-first, Daily/Money/Artifact core, advanced zones hidden, Russian-first actions",Playwright owner-home fullPage screenshot + 5-second comprehension assertions,OPEN,FIXED_WITH_CODE_AND_TEST,direct_status,,P02,docs/qc/OWNER_UX_001_REPORT.md; output/playwright/ux-home-calm.png; output/playwright/ux-after-analysis.png; output/playwright/ux-after-quick-task.png,No local code action remains for this risk; keep only provider/GitHub gates explicit.,ab069cc
R0062,RISK-CAT-02 First screen / IA / progressive disclosure,"экран скроллится, но главное уходит вниз","перестроить IA через progressive disclosure: capture-first, Daily/Money/Artifact core, advanced zones hidden, Russian-first actions",Playwright owner-home fullPage screenshot + 5-second comprehension assertions,OPEN,FIXED_WITH_CODE_AND_TEST,direct_status,,P02,docs/qc/OWNER_UX_001_REPORT.md; output/playwright/ux-home-calm.png; output/playwright/ux-after-analysis.png; output/playwright/ux-after-quick-task.png,No local code action remains for this risk; keep only provider/GitHub gates explicit.,ab069cc
R0063,RISK-CAT-02 First screen / IA / progressive disclosure,"на mobile сначала виден не capture, а sidebar/noise","перестроить IA через progressive disclosure: capture-first, Daily/Money/Artifact core, advanced zones hidden, Russian-first actions",Playwright owner-home fullPage screenshot + 5-second comprehension assertions,OPEN,FIXED_WITH_CODE_AND_TEST,direct_status,,P02,docs/qc/OWNER_UX_001_REPORT.md; output/playwright/ux-home-calm.png; output/playwright/ux-after-analysis.png; output/playwright/ux-after-quick-task.png,No local code action remains for this risk; keep only provider/GitHub gates explicit.,ab069cc
R0064,RISK-CAT-02 First screen / IA / progressive disclosure,"мини-граф воспринимается как декор, не навигация","перестроить IA через progressive disclosure: capture-first, Daily/Money/Artifact core, advanced zones hidden, Russian-first actions",Playwright owner-home fullPage screenshot + 5-second comprehension assertions,OPEN,FIXED_WITH_CODE_AND_TEST,direct_status,,P02,docs/qc/OWNER_UX_001_REPORT.md; output/playwright/ux-home-calm.png; output/playwright/ux-after-analysis.png; output/playwright/ux-after-quick-task.png,No local code action remains for this risk; keep only provider/GitHub gates explicit.,ab069cc
R0065,RISK-CAT-02 First screen / IA / progressive disclosure,нет breadcrumbs: где я и что сейчас выбрано,"перестроить IA через progressive disclosure: capture-first, Daily/Money/Artifact core, advanced zones hidden, Russian-first actions",Playwright owner-home fullPage screenshot + 5-second comprehension assertions,OPEN,FIXED_WITH_CODE_AND_TEST,direct_status,,P02,docs/qc/OWNER_UX_001_REPORT.md; output/playwright/ux-home-calm.png; output/playwright/ux-after-analysis.png; output/playwright/ux-after-quick-task.png,No local code action remains for this risk; keep only provider/GitHub gates explicit.,ab069cc
R0066,RISK-CAT-02 First screen / IA / progressive disclosure,нет режимов Today / Work / Capture / Review,"перестроить IA через progressive disclosure: capture-first, Daily/Money/Artifact core, advanced zones hidden, Russian-first actions",Playwright owner-home fullPage screenshot + 5-second comprehension assertions,OPEN,FIXED_WITH_CODE_AND_TEST,direct_status,,P02,docs/qc/OWNER_UX_001_REPORT.md; output/playwright/ux-home-calm.png; output/playwright/ux-after-analysis.png; output/playwright/ux-after-quick-task.png,No local code action remains for this risk; keep only provider/GitHub gates explicit.,ab069cc
R0067,RISK-CAT-02 First screen / IA / progressive disclosure,нет command palette с human labels,"перестроить IA через progressive disclosure: capture-first, Daily/Money/Artifact core, advanced zones hidden, Russian-first actions",Playwright owner-home fullPage screenshot + 5-second comprehension assertions,OPEN,FIXED_WITH_CODE_AND_TEST,direct_status,,P02,docs/qc/OWNER_UX_001_REPORT.md; output/playwright/ux-home-calm.png; output/playwright/ux-after-analysis.png; output/playwright/ux-after-quick-task.png,No local code action remains for this risk; keep only provider/GitHub gates explicit.,ab069cc
R0068,RISK-CAT-02 First screen / IA / progressive disclosure,нет timeline narrative: вход → разбор → применение,"перестроить IA через progressive disclosure: capture-first, Daily/Money/Artifact core, advanced zones hidden, Russian-first actions",Playwright owner-home fullPage screenshot + 5-second comprehension assertions,OPEN,FIXED_WITH_CODE_AND_TEST,direct_status,,P02,docs/qc/OWNER_UX_001_REPORT.md; output/playwright/ux-home-calm.png; output/playwright/ux-after-analysis.png; output/playwright/ux-after-quick-task.png,No local code action remains for this risk; keep only provider/GitHub gates explicit.,ab069cc
R0069,RISK-CAT-02 First screen / IA / progressive disclosure,нет single artifact inspector как центр смыслов,"перестроить IA через progressive disclosure: capture-first, Daily/Money/Artifact core, advanced zones hidden, Russian-first actions",Playwright owner-home fullPage screenshot + 5-second comprehension assertions,OPEN,FIXED_WITH_CODE_AND_TEST,direct_status,,P02,docs/qc/OWNER_UX_001_REPORT.md; output/playwright/ux-home-calm.png; output/playwright/ux-after-analysis.png; output/playwright/ux-after-quick-task.png,No local code action remains for this risk; keep only provider/GitHub gates explicit.,ab069cc
R0070,RISK-CAT-02 First screen / IA / progressive disclosure,нет clear split между review и archive,"перестроить IA через progressive disclosure: capture-first, Daily/Money/Artifact core, advanced zones hidden, Russian-first actions",Playwright owner-home fullPage screenshot + 5-second comprehension assertions,OPEN,FIXED_WITH_CODE_AND_TEST,direct_status,,P02,docs/qc/OWNER_UX_001_REPORT.md; output/playwright/ux-home-calm.png; output/playwright/ux-after-analysis.png; output/playwright/ux-after-quick-task.png,No local code action remains for this risk; keep only provider/GitHub gates explicit.,ab069cc
R0071,RISK-CAT-02 First screen / IA / progressive disclosure,нет progressive disclosure for provider/receipt/debug,"перестроить IA через progressive disclosure: capture-first, Daily/Money/Artifact core, advanced zones hidden, Russian-first actions",Playwright owner-home fullPage screenshot + 5-second comprehension assertions,OPEN,FIXED_WITH_CODE_AND_TEST,direct_status,,P02,docs/qc/OWNER_UX_001_REPORT.md; output/playwright/ux-home-calm.png; output/playwright/ux-after-analysis.png; output/playwright/ux-after-quick-task.png,No local code action remains for this risk; keep only provider/GitHub gates explicit.,ab069cc
R0072,RISK-CAT-02 First screen / IA / progressive disclosure,нет onboarding checklist на 5 действий,"перестроить IA через progressive disclosure: capture-first, Daily/Money/Artifact core, advanced zones hidden, Russian-first actions",Playwright owner-home fullPage screenshot + 5-second comprehension assertions,OPEN,FIXED_WITH_CODE_AND_TEST,direct_status,,P02,docs/qc/OWNER_UX_001_REPORT.md; output/playwright/ux-home-calm.png; output/playwright/ux-after-analysis.png; output/playwright/ux-after-quick-task.png,No local code action remains for this risk; keep only provider/GitHub gates explicit.,ab069cc
R0073,RISK-CAT-02 First screen / IA / progressive disclosure,нет визуального статуса локально/провайдер/синхронизация,"перестроить IA через progressive disclosure: capture-first, Daily/Money/Artifact core, advanced zones hidden, Russian-first actions",Playwright owner-home fullPage screenshot + 5-second comprehension assertions,OPEN,FIXED_WITH_CODE_AND_TEST,direct_status,,P02,docs/qc/OWNER_UX_001_REPORT.md; output/playwright/ux-home-calm.png; output/playwright/ux-after-analysis.png; output/playwright/ux-after-quick-task.png,No local code action remains for this risk; keep only provider/GitHub gates explicit.,ab069cc
R0074,RISK-CAT-02 First screen / IA / progressive disclosure,нет видимой зоны «что не требует подтверждения»,"перестроить IA через progressive disclosure: capture-first, Daily/Money/Artifact core, advanced zones hidden, Russian-first actions",Playwright owner-home fullPage screenshot + 5-second comprehension assertions,OPEN,FIXED_WITH_CODE_AND_TEST,direct_status,,P02,docs/qc/OWNER_UX_001_REPORT.md; output/playwright/ux-home-calm.png; output/playwright/ux-after-analysis.png; output/playwright/ux-after-quick-task.png,No local code action remains for this risk; keep only provider/GitHub gates explicit.,ab069cc
R0075,RISK-CAT-02 First screen / IA / progressive disclosure,confirmation actions не рядом с understood item,"перестроить IA через progressive disclosure: capture-first, Daily/Money/Artifact core, advanced zones hidden, Russian-first actions",Playwright owner-home fullPage screenshot + 5-second comprehension assertions,OPEN,FIXED_WITH_CODE_AND_TEST,direct_status,,P02,docs/qc/OWNER_UX_001_REPORT.md; output/playwright/ux-home-calm.png; output/playwright/ux-after-analysis.png; output/playwright/ux-after-quick-task.png,No local code action remains for this risk; keep only provider/GitHub gates explicit.,ab069cc
R0076,RISK-CAT-02 First screen / IA / progressive disclosure,detail buttons мешают главной кнопке Create/Accept,"перестроить IA через progressive disclosure: capture-first, Daily/Money/Artifact core, advanced zones hidden, Russian-first actions",Playwright owner-home fullPage screenshot + 5-second comprehension assertions,OPEN,FIXED_WITH_CODE_AND_TEST,direct_status,,P02,docs/qc/OWNER_UX_001_REPORT.md; output/playwright/ux-home-calm.png; output/playwright/ux-after-analysis.png; output/playwright/ux-after-quick-task.png,No local code action remains for this risk; keep only provider/GitHub gates explicit.,ab069cc
R0077,RISK-CAT-02 First screen / IA / progressive disclosure,нет UI rule: одна большая кнопка на простой input,"перестроить IA через progressive disclosure: capture-first, Daily/Money/Artifact core, advanced zones hidden, Russian-first actions",Playwright owner-home fullPage screenshot + 5-second comprehension assertions,OPEN,FIXED_WITH_CODE_AND_TEST,direct_status,,P02,docs/qc/OWNER_UX_001_REPORT.md; output/playwright/ux-home-calm.png; output/playwright/ux-after-analysis.png; output/playwright/ux-after-quick-task.png,No local code action remains for this risk; keep only provider/GitHub gates explicit.,ab069cc
R0078,RISK-CAT-02 First screen / IA / progressive disclosure,нет content density levels compact/comfortable,"перестроить IA через progressive disclosure: capture-first, Daily/Money/Artifact core, advanced zones hidden, Russian-first actions",Playwright owner-home fullPage screenshot + 5-second comprehension assertions,OPEN,FIXED_WITH_CODE_AND_TEST,direct_status,,P02,docs/qc/OWNER_UX_001_REPORT.md; output/playwright/ux-home-calm.png; output/playwright/ux-after-analysis.png; output/playwright/ux-after-quick-task.png,No local code action remains for this risk; keep only provider/GitHub gates explicit.,ab069cc
R0079,RISK-CAT-02 First screen / IA / progressive disclosure,нет дизайн-аудита по screenshot before accepting,"перестроить IA через progressive disclosure: capture-first, Daily/Money/Artifact core, advanced zones hidden, Russian-first actions",Playwright owner-home fullPage screenshot + 5-second comprehension assertions,OPEN,FIXED_WITH_CODE_AND_TEST,direct_status,,P02,docs/qc/OWNER_UX_001_REPORT.md; output/playwright/ux-home-calm.png; output/playwright/ux-after-analysis.png; output/playwright/ux-after-quick-task.png,No local code action remains for this risk; keep only provider/GitHub gates explicit.,ab069cc
R0080,RISK-CAT-02 First screen / IA / progressive disclosure,первый экран не проходит 5-second comprehension test,"перестроить IA через progressive disclosure: capture-first, Daily/Money/Artifact core, advanced zones hidden, Russian-first actions",Playwright owner-home fullPage screenshot + 5-second comprehension assertions,OPEN,FIXED_WITH_CODE_AND_TEST,direct_status,,P02,docs/qc/OWNER_UX_001_REPORT.md; output/playwright/ux-home-calm.png; output/playwright/ux-after-analysis.png; output/playwright/ux-after-quick-task.png,No local code action remains for this risk; keep only provider/GitHub gates explicit.,ab069cc
R0081,RISK-CAT-03 Universal capture / input taxonomy / parser,парсер подогнан под один пример,"добавить taxonomy/fixture-driven analyzer, source spans, confidence, proposal groups, no-hardcoded-sample regression","fixture matrix test: минимум 100 inputs, expected classes/proposals, no hardcoded sample",OPEN,FIXED_WITH_CODE_AND_TEST,direct_status,,P03,docs/qc/OWNER_UX_001_REPORT.md; output/playwright/ux-home-calm.png; output/playwright/ux-after-analysis.png; output/playwright/ux-after-quick-task.png,No local code action remains for this risk; keep only provider/GitHub gates explicit.,ab069cc
R0082,RISK-CAT-03 Universal capture / input taxonomy / parser,нет матрицы типов входов,"добавить taxonomy/fixture-driven analyzer, source spans, confidence, proposal groups, no-hardcoded-sample regression","fixture matrix test: минимум 100 inputs, expected classes/proposals, no hardcoded sample",OPEN,FIXED_WITH_CODE_AND_TEST,direct_status,,P03,docs/qc/OWNER_UX_001_REPORT.md; output/playwright/ux-home-calm.png; output/playwright/ux-after-analysis.png; output/playwright/ux-after-quick-task.png,No local code action remains for this risk; keep only provider/GitHub gates explicit.,ab069cc
R0083,RISK-CAT-03 Universal capture / input taxonomy / parser,смешанный текст не разбивается на несколько proposal groups,"добавить taxonomy/fixture-driven analyzer, source spans, confidence, proposal groups, no-hardcoded-sample regression","fixture matrix test: минимум 100 inputs, expected classes/proposals, no hardcoded sample",OPEN,FIXED_WITH_CODE_AND_TEST,direct_status,,P03,docs/qc/OWNER_UX_001_REPORT.md; output/playwright/ux-home-calm.png; output/playwright/ux-after-analysis.png; output/playwright/ux-after-quick-task.png,No local code action remains for this risk; keep only provider/GitHub gates explicit.,ab069cc
R0084,RISK-CAT-03 Universal capture / input taxonomy / parser,ошибки/опечатки русского текста не обрабатываются,"добавить taxonomy/fixture-driven analyzer, source spans, confidence, proposal groups, no-hardcoded-sample regression","fixture matrix test: минимум 100 inputs, expected classes/proposals, no hardcoded sample",OPEN,FIXED_WITH_CODE_AND_TEST,direct_status,,P03,docs/qc/OWNER_UX_001_REPORT.md; output/playwright/ux-home-calm.png; output/playwright/ux-after-analysis.png; output/playwright/ux-after-quick-task.png,No local code action remains for this risk; keep only provider/GitHub gates explicit.,ab069cc
R0085,RISK-CAT-03 Universal capture / input taxonomy / parser,даты без года неправильно нормализуются,"добавить taxonomy/fixture-driven analyzer, source spans, confidence, proposal groups, no-hardcoded-sample regression","fixture matrix test: минимум 100 inputs, expected classes/proposals, no hardcoded sample",OPEN,FIXED_WITH_CODE_AND_TEST,direct_status,,P03,docs/qc/OWNER_UX_001_REPORT.md; output/playwright/ux-home-calm.png; output/playwright/ux-after-analysis.png; output/playwright/ux-after-quick-task.png,No local code action remains for this risk; keep only provider/GitHub gates explicit.,ab069cc
R0086,RISK-CAT-03 Universal capture / input taxonomy / parser,«завтра утром» не получает sensible time window,"добавить taxonomy/fixture-driven analyzer, source spans, confidence, proposal groups, no-hardcoded-sample regression","fixture matrix test: минимум 100 inputs, expected classes/proposals, no hardcoded sample",OPEN,FIXED_WITH_CODE_AND_TEST,direct_status,,P03,docs/qc/OWNER_UX_001_REPORT.md; output/playwright/ux-home-calm.png; output/playwright/ux-after-analysis.png; output/playwright/ux-after-quick-task.png,No local code action remains for this risk; keep only provider/GitHub gates explicit.,ab069cc
R0087,RISK-CAT-03 Universal capture / input taxonomy / parser,время 6 без AM/PM/контекста трактуется неверно,"добавить taxonomy/fixture-driven analyzer, source spans, confidence, proposal groups, no-hardcoded-sample regression","fixture matrix test: минимум 100 inputs, expected classes/proposals, no hardcoded sample",OPEN,FIXED_WITH_CODE_AND_TEST,direct_status,,P03,docs/qc/OWNER_UX_001_REPORT.md; output/playwright/ux-home-calm.png; output/playwright/ux-after-analysis.png; output/playwright/ux-after-quick-task.png,No local code action remains for this risk; keep only provider/GitHub gates explicit.,ab069cc
R0088,RISK-CAT-03 Universal capture / input taxonomy / parser,денежные суммы без валюты теряются,"добавить taxonomy/fixture-driven analyzer, source spans, confidence, proposal groups, no-hardcoded-sample regression","fixture matrix test: минимум 100 inputs, expected classes/proposals, no hardcoded sample",OPEN,FIXED_WITH_CODE_AND_TEST,direct_status,,P03,docs/qc/OWNER_UX_001_REPORT.md; output/playwright/ux-home-calm.png; output/playwright/ux-after-analysis.png; output/playwright/ux-after-quick-task.png,No local code action remains for this risk; keep only provider/GitHub gates explicit.,ab069cc
R0089,RISK-CAT-03 Universal capture / input taxonomy / parser,подписка не отделяется от разового расхода,"добавить taxonomy/fixture-driven analyzer, source spans, confidence, proposal groups, no-hardcoded-sample regression","fixture matrix test: минимум 100 inputs, expected classes/proposals, no hardcoded sample",OPEN,FIXED_WITH_CODE_AND_TEST,direct_status,,P03,docs/qc/OWNER_UX_001_REPORT.md; output/playwright/ux-home-calm.png; output/playwright/ux-after-analysis.png; output/playwright/ux-after-quick-task.png,No local code action remains for this risk; keep only provider/GitHub gates explicit.,ab069cc
R0090,RISK-CAT-03 Universal capture / input taxonomy / parser,баланс счета путается с доходом,"добавить taxonomy/fixture-driven analyzer, source spans, confidence, proposal groups, no-hardcoded-sample regression","fixture matrix test: минимум 100 inputs, expected classes/proposals, no hardcoded sample",OPEN,FIXED_WITH_CODE_AND_TEST,direct_status,,P03,docs/qc/OWNER_UX_001_REPORT.md; output/playwright/ux-home-calm.png; output/playwright/ux-after-analysis.png; output/playwright/ux-after-quick-task.png,No local code action remains for this risk; keep only provider/GitHub gates explicit.,ab069cc
R0091,RISK-CAT-03 Universal capture / input taxonomy / parser,покупка путается с задачей без finance draft,"добавить taxonomy/fixture-driven analyzer, source spans, confidence, proposal groups, no-hardcoded-sample regression","fixture matrix test: минимум 100 inputs, expected classes/proposals, no hardcoded sample",OPEN,FIXED_WITH_CODE_AND_TEST,direct_status,,P03,docs/qc/OWNER_UX_001_REPORT.md; output/playwright/ux-home-calm.png; output/playwright/ux-after-analysis.png; output/playwright/ux-after-quick-task.png,No local code action remains for this risk; keep only provider/GitHub gates explicit.,ab069cc
R0092,RISK-CAT-03 Universal capture / input taxonomy / parser,идея не превращается в knowledge/project proposals,"добавить taxonomy/fixture-driven analyzer, source spans, confidence, proposal groups, no-hardcoded-sample regression","fixture matrix test: минимум 100 inputs, expected classes/proposals, no hardcoded sample",OPEN,FIXED_WITH_CODE_AND_TEST,direct_status,,P03,docs/qc/OWNER_UX_001_REPORT.md; output/playwright/ux-home-calm.png; output/playwright/ux-after-analysis.png; output/playwright/ux-after-quick-task.png,No local code action remains for this risk; keep only provider/GitHub gates explicit.,ab069cc
R0093,RISK-CAT-03 Universal capture / input taxonomy / parser,голосовая заметка не становится source artifact,"добавить taxonomy/fixture-driven analyzer, source spans, confidence, proposal groups, no-hardcoded-sample regression","fixture matrix test: минимум 100 inputs, expected classes/proposals, no hardcoded sample",OPEN,FIXED_WITH_CODE_AND_TEST,direct_status,,P03,docs/qc/OWNER_UX_001_REPORT.md; output/playwright/ux-home-calm.png; output/playwright/ux-after-analysis.png; output/playwright/ux-after-quick-task.png,No local code action remains for this risk; keep only provider/GitHub gates explicit.,ab069cc
R0094,RISK-CAT-03 Universal capture / input taxonomy / parser,скрин расхода не получает image receipt artifact,"добавить taxonomy/fixture-driven analyzer, source spans, confidence, proposal groups, no-hardcoded-sample regression","fixture matrix test: минимум 100 inputs, expected classes/proposals, no hardcoded sample",OPEN,FIXED_WITH_CODE_AND_TEST,direct_status,,P03,docs/qc/OWNER_UX_001_REPORT.md; output/playwright/ux-home-calm.png; output/playwright/ux-after-analysis.png; output/playwright/ux-after-quick-task.png,No local code action remains for this risk; keep only provider/GitHub gates explicit.,ab069cc
R0095,RISK-CAT-03 Universal capture / input taxonomy / parser,email/pasted message не распознается как mail source,"добавить taxonomy/fixture-driven analyzer, source spans, confidence, proposal groups, no-hardcoded-sample regression","fixture matrix test: минимум 100 inputs, expected classes/proposals, no hardcoded sample",OPEN,FIXED_WITH_CODE_AND_TEST,direct_status,,P03,docs/qc/OWNER_UX_001_REPORT.md; output/playwright/ux-home-calm.png; output/playwright/ux-after-analysis.png; output/playwright/ux-after-quick-task.png,No local code action remains for this risk; keep only provider/GitHub gates explicit.,ab069cc
R0096,RISK-CAT-03 Universal capture / input taxonomy / parser,file name context игнорируется при file import,"добавить taxonomy/fixture-driven analyzer, source spans, confidence, proposal groups, no-hardcoded-sample regression","fixture matrix test: минимум 100 inputs, expected classes/proposals, no hardcoded sample",OPEN,FIXED_WITH_CODE_AND_TEST,direct_status,,P03,docs/qc/OWNER_UX_001_REPORT.md; output/playwright/ux-home-calm.png; output/playwright/ux-after-analysis.png; output/playwright/ux-after-quick-task.png,No local code action remains for this risk; keep only provider/GitHub gates explicit.,ab069cc
R0097,RISK-CAT-03 Universal capture / input taxonomy / parser,многострочный текст не сохраняет source spans,"добавить taxonomy/fixture-driven analyzer, source spans, confidence, proposal groups, no-hardcoded-sample regression","fixture matrix test: минимум 100 inputs, expected classes/proposals, no hardcoded sample",OPEN,FIXED_WITH_CODE_AND_TEST,direct_status,,P03,docs/qc/OWNER_UX_001_REPORT.md; output/playwright/ux-home-calm.png; output/playwright/ux-after-analysis.png; output/playwright/ux-after-quick-task.png,No local code action remains for this risk; keep only provider/GitHub gates explicit.,ab069cc
R0098,RISK-CAT-03 Universal capture / input taxonomy / parser,нет confidence/reason per extracted item,"добавить taxonomy/fixture-driven analyzer, source spans, confidence, proposal groups, no-hardcoded-sample regression","fixture matrix test: минимум 100 inputs, expected classes/proposals, no hardcoded sample",OPEN,FIXED_WITH_CODE_AND_TEST,direct_status,,P03,docs/qc/OWNER_UX_001_REPORT.md; output/playwright/ux-home-calm.png; output/playwright/ux-after-analysis.png; output/playwright/ux-after-quick-task.png,No local code action remains for this risk; keep only provider/GitHub gates explicit.,ab069cc
R0099,RISK-CAT-03 Universal capture / input taxonomy / parser,нет ambiguous bucket для неопределенных данных,"добавить taxonomy/fixture-driven analyzer, source spans, confidence, proposal groups, no-hardcoded-sample regression","fixture matrix test: минимум 100 inputs, expected classes/proposals, no hardcoded sample",OPEN,FIXED_WITH_CODE_AND_TEST,direct_status,,P03,docs/qc/OWNER_UX_001_REPORT.md; output/playwright/ux-home-calm.png; output/playwright/ux-after-analysis.png; output/playwright/ux-after-quick-task.png,No local code action remains for this risk; keep only provider/GitHub gates explicit.,ab069cc
R0100,RISK-CAT-03 Universal capture / input taxonomy / parser,нет manual correction path после неправильного parse,"добавить taxonomy/fixture-driven analyzer, source spans, confidence, proposal groups, no-hardcoded-sample regression","fixture matrix test: минимум 100 inputs, expected classes/proposals, no hardcoded sample",OPEN,FIXED_WITH_CODE_AND_TEST,direct_status,,P03,docs/qc/OWNER_UX_001_REPORT.md; output/playwright/ux-home-calm.png; output/playwright/ux-after-analysis.png; output/playwright/ux-after-quick-task.png,No local code action remains for this risk; keep only provider/GitHub gates explicit.,ab069cc
R0101,RISK-CAT-03 Universal capture / input taxonomy / parser,нет parser fixtures for short commands,"добавить taxonomy/fixture-driven analyzer, source spans, confidence, proposal groups, no-hardcoded-sample regression","fixture matrix test: минимум 100 inputs, expected classes/proposals, no hardcoded sample",OPEN,FIXED_WITH_CODE_AND_TEST,direct_status,,P03,docs/qc/OWNER_UX_001_REPORT.md; output/playwright/ux-home-calm.png; output/playwright/ux-after-analysis.png; output/playwright/ux-after-quick-task.png,No local code action remains for this risk; keep only provider/GitHub gates explicit.,ab069cc
R0102,RISK-CAT-03 Universal capture / input taxonomy / parser,нет parser fixtures for long messy diaries,"добавить taxonomy/fixture-driven analyzer, source spans, confidence, proposal groups, no-hardcoded-sample regression","fixture matrix test: минимум 100 inputs, expected classes/proposals, no hardcoded sample",OPEN,FIXED_WITH_CODE_AND_TEST,direct_status,,P03,docs/qc/OWNER_UX_001_REPORT.md; output/playwright/ux-home-calm.png; output/playwright/ux-after-analysis.png; output/playwright/ux-after-quick-task.png,No local code action remains for this risk; keep only provider/GitHub gates explicit.,ab069cc
R0103,RISK-CAT-03 Universal capture / input taxonomy / parser,нет parser fixtures for finance SMS/bank text,"добавить taxonomy/fixture-driven analyzer, source spans, confidence, proposal groups, no-hardcoded-sample regression","fixture matrix test: минимум 100 inputs, expected classes/proposals, no hardcoded sample",OPEN,FIXED_WITH_CODE_AND_TEST,direct_status,,P03,docs/qc/OWNER_UX_001_REPORT.md; output/playwright/ux-home-calm.png; output/playwright/ux-after-analysis.png; output/playwright/ux-after-quick-task.png,No local code action remains for this risk; keep only provider/GitHub gates explicit.,ab069cc
R0104,RISK-CAT-03 Universal capture / input taxonomy / parser,нет parser fixtures for audio transcript text,"добавить taxonomy/fixture-driven analyzer, source spans, confidence, proposal groups, no-hardcoded-sample regression","fixture matrix test: минимум 100 inputs, expected classes/proposals, no hardcoded sample",OPEN,FIXED_WITH_CODE_AND_TEST,direct_status,,P03,docs/qc/OWNER_UX_001_REPORT.md; output/playwright/ux-home-calm.png; output/playwright/ux-after-analysis.png; output/playwright/ux-after-quick-task.png,No local code action remains for this risk; keep only provider/GitHub gates explicit.,ab069cc
R0105,RISK-CAT-03 Universal capture / input taxonomy / parser,нет parser fixtures for book notes/highlights,"добавить taxonomy/fixture-driven analyzer, source spans, confidence, proposal groups, no-hardcoded-sample regression","fixture matrix test: минимум 100 inputs, expected classes/proposals, no hardcoded sample",OPEN,FIXED_WITH_CODE_AND_TEST,direct_status,,P03,docs/qc/OWNER_UX_001_REPORT.md; output/playwright/ux-home-calm.png; output/playwright/ux-after-analysis.png; output/playwright/ux-after-quick-task.png,No local code action remains for this risk; keep only provider/GitHub gates explicit.,ab069cc
R0106,RISK-CAT-03 Universal capture / input taxonomy / parser,нет parser fixtures for mixed Russian-English,"добавить taxonomy/fixture-driven analyzer, source spans, confidence, proposal groups, no-hardcoded-sample regression","fixture matrix test: минимум 100 inputs, expected classes/proposals, no hardcoded sample",OPEN,FIXED_WITH_CODE_AND_TEST,direct_status,,P03,docs/qc/OWNER_UX_001_REPORT.md; output/playwright/ux-home-calm.png; output/playwright/ux-after-analysis.png; output/playwright/ux-after-quick-task.png,No local code action remains for this risk; keep only provider/GitHub gates explicit.,ab069cc
R0107,RISK-CAT-03 Universal capture / input taxonomy / parser,нет parser fixtures for duplicate tasks,"добавить taxonomy/fixture-driven analyzer, source spans, confidence, proposal groups, no-hardcoded-sample regression","fixture matrix test: минимум 100 inputs, expected classes/proposals, no hardcoded sample",OPEN,FIXED_WITH_CODE_AND_TEST,direct_status,,P03,docs/qc/OWNER_UX_001_REPORT.md; output/playwright/ux-home-calm.png; output/playwright/ux-after-analysis.png; output/playwright/ux-after-quick-task.png,No local code action remains for this risk; keep only provider/GitHub gates explicit.,ab069cc
R0108,RISK-CAT-03 Universal capture / input taxonomy / parser,нет parser fixtures for recurring routines,"добавить taxonomy/fixture-driven analyzer, source spans, confidence, proposal groups, no-hardcoded-sample regression","fixture matrix test: минимум 100 inputs, expected classes/proposals, no hardcoded sample",OPEN,FIXED_WITH_CODE_AND_TEST,direct_status,,P03,docs/qc/OWNER_UX_001_REPORT.md; output/playwright/ux-home-calm.png; output/playwright/ux-after-analysis.png; output/playwright/ux-after-quick-task.png,No local code action remains for this risk; keep only provider/GitHub gates explicit.,ab069cc
R0109,RISK-CAT-03 Universal capture / input taxonomy / parser,нет parser fixtures for deadlines vs appointments,"добавить taxonomy/fixture-driven analyzer, source spans, confidence, proposal groups, no-hardcoded-sample regression","fixture matrix test: минимум 100 inputs, expected classes/proposals, no hardcoded sample",OPEN,FIXED_WITH_CODE_AND_TEST,direct_status,,P03,docs/qc/OWNER_UX_001_REPORT.md; output/playwright/ux-home-calm.png; output/playwright/ux-after-analysis.png; output/playwright/ux-after-quick-task.png,No local code action remains for this risk; keep only provider/GitHub gates explicit.,ab069cc
R0110,RISK-CAT-03 Universal capture / input taxonomy / parser,нет parser fixtures for goals with metrics,"добавить taxonomy/fixture-driven analyzer, source spans, confidence, proposal groups, no-hardcoded-sample regression","fixture matrix test: минимум 100 inputs, expected classes/proposals, no hardcoded sample",OPEN,FIXED_WITH_CODE_AND_TEST,direct_status,,P03,docs/qc/OWNER_UX_001_REPORT.md; output/playwright/ux-home-calm.png; output/playwright/ux-after-analysis.png; output/playwright/ux-after-quick-task.png,No local code action remains for this risk; keep only provider/GitHub gates explicit.,ab069cc
R0111,RISK-CAT-03 Universal capture / input taxonomy / parser,нет parser fixtures for home/family tasks,"добавить taxonomy/fixture-driven analyzer, source spans, confidence, proposal groups, no-hardcoded-sample regression","fixture matrix test: минимум 100 inputs, expected classes/proposals, no hardcoded sample",OPEN,FIXED_WITH_CODE_AND_TEST,direct_status,,P03,docs/qc/OWNER_UX_001_REPORT.md; output/playwright/ux-home-calm.png; output/playwright/ux-after-analysis.png; output/playwright/ux-after-quick-task.png,No local code action remains for this risk; keep only provider/GitHub gates explicit.,ab069cc
R0112,RISK-CAT-03 Universal capture / input taxonomy / parser,нет parser fixtures for travel plans,"добавить taxonomy/fixture-driven analyzer, source spans, confidence, proposal groups, no-hardcoded-sample regression","fixture matrix test: минимум 100 inputs, expected classes/proposals, no hardcoded sample",OPEN,FIXED_WITH_CODE_AND_TEST,direct_status,,P03,docs/qc/OWNER_UX_001_REPORT.md; output/playwright/ux-home-calm.png; output/playwright/ux-after-analysis.png; output/playwright/ux-after-quick-task.png,No local code action remains for this risk; keep only provider/GitHub gates explicit.,ab069cc
R0113,RISK-CAT-03 Universal capture / input taxonomy / parser,нет parser fixtures for health logs,"добавить taxonomy/fixture-driven analyzer, source spans, confidence, proposal groups, no-hardcoded-sample regression","fixture matrix test: минимум 100 inputs, expected classes/proposals, no hardcoded sample",OPEN,FIXED_WITH_CODE_AND_TEST,direct_status,,P03,docs/qc/OWNER_UX_001_REPORT.md; output/playwright/ux-home-calm.png; output/playwright/ux-after-analysis.png; output/playwright/ux-after-quick-task.png,No local code action remains for this risk; keep only provider/GitHub gates explicit.,ab069cc
R0114,RISK-CAT-03 Universal capture / input taxonomy / parser,нет parser fixtures for relationships/social follow-ups,"добавить taxonomy/fixture-driven analyzer, source spans, confidence, proposal groups, no-hardcoded-sample regression","fixture matrix test: минимум 100 inputs, expected classes/proposals, no hardcoded sample",OPEN,FIXED_WITH_CODE_AND_TEST,direct_status,,P03,docs/qc/OWNER_UX_001_REPORT.md; output/playwright/ux-home-calm.png; output/playwright/ux-after-analysis.png; output/playwright/ux-after-quick-task.png,No local code action remains for this risk; keep only provider/GitHub gates explicit.,ab069cc
R0115,RISK-CAT-03 Universal capture / input taxonomy / parser,нет parser fixtures for food/pantry/grocery,"добавить taxonomy/fixture-driven analyzer, source spans, confidence, proposal groups, no-hardcoded-sample regression","fixture matrix test: минимум 100 inputs, expected classes/proposals, no hardcoded sample",OPEN,FIXED_WITH_CODE_AND_TEST,direct_status,,P03,docs/qc/OWNER_UX_001_REPORT.md; output/playwright/ux-home-calm.png; output/playwright/ux-after-analysis.png; output/playwright/ux-after-quick-task.png,No local code action remains for this risk; keep only provider/GitHub gates explicit.,ab069cc
R0116,RISK-CAT-03 Universal capture / input taxonomy / parser,нет input provenance: typed/pasted/file/audio/image,"добавить taxonomy/fixture-driven analyzer, source spans, confidence, proposal groups, no-hardcoded-sample regression","fixture matrix test: минимум 100 inputs, expected classes/proposals, no hardcoded sample",OPEN,FIXED_WITH_CODE_AND_TEST,direct_status,,P03,docs/qc/OWNER_UX_001_REPORT.md; output/playwright/ux-home-calm.png; output/playwright/ux-after-analysis.png; output/playwright/ux-after-quick-task.png,No local code action remains for this risk; keep only provider/GitHub gates explicit.,ab069cc
R0117,RISK-CAT-03 Universal capture / input taxonomy / parser,нет undo if wrong proposals applied,"добавить taxonomy/fixture-driven analyzer, source spans, confidence, proposal groups, no-hardcoded-sample regression","fixture matrix test: минимум 100 inputs, expected classes/proposals, no hardcoded sample",OPEN,FIXED_WITH_CODE_AND_TEST,direct_status,,P03,docs/qc/OWNER_UX_001_REPORT.md; output/playwright/ux-home-calm.png; output/playwright/ux-after-analysis.png; output/playwright/ux-after-quick-task.png,No local code action remains for this risk; keep only provider/GitHub gates explicit.,ab069cc
R0118,RISK-CAT-03 Universal capture / input taxonomy / parser,нет bulk apply with per-item toggles,"добавить taxonomy/fixture-driven analyzer, source spans, confidence, proposal groups, no-hardcoded-sample regression","fixture matrix test: минимум 100 inputs, expected classes/proposals, no hardcoded sample",OPEN,FIXED_WITH_CODE_AND_TEST,direct_status,,P03,docs/qc/OWNER_UX_001_REPORT.md; output/playwright/ux-home-calm.png; output/playwright/ux-after-analysis.png; output/playwright/ux-after-quick-task.png,No local code action remains for this risk; keep only provider/GitHub gates explicit.,ab069cc
R0119,RISK-CAT-03 Universal capture / input taxonomy / parser,нет no-hardcoded-sample audit,"добавить taxonomy/fixture-driven analyzer, source spans, confidence, proposal groups, no-hardcoded-sample regression","fixture matrix test: минимум 100 inputs, expected classes/proposals, no hardcoded sample",OPEN,FIXED_WITH_CODE_AND_TEST,direct_status,,P03,docs/qc/OWNER_UX_001_REPORT.md; output/playwright/ux-home-calm.png; output/playwright/ux-after-analysis.png; output/playwright/ux-after-quick-task.png,No local code action remains for this risk; keep only provider/GitHub gates explicit.,ab069cc
R0120,RISK-CAT-03 Universal capture / input taxonomy / parser,не проверяется generalization beyond owner sample,"добавить taxonomy/fixture-driven analyzer, source spans, confidence, proposal groups, no-hardcoded-sample regression","fixture matrix test: минимум 100 inputs, expected classes/proposals, no hardcoded sample",OPEN,FIXED_WITH_CODE_AND_TEST,direct_status,,P03,docs/qc/OWNER_UX_001_REPORT.md; output/playwright/ux-home-calm.png; output/playwright/ux-after-analysis.png; output/playwright/ux-after-quick-task.png,No local code action remains for this risk; keep only provider/GitHub gates explicit.,ab069cc
R0121,RISK-CAT-04 Artifact kernel / repository / lifecycle,нет единого Artifact object для всех входов,"перевести поведение на единый Artifact/LifeObject contract с projectionRefs, sourceRefs, graphRefs, receiptRefs и lifecycle",targeted unit/e2e + screenshot where visual + ledger evidence + git diff check,OPEN,DUPLICATE_FIXED_BY_W,deduped_to_nonstop_ledger,W001-W420,P04,Deduped against docs/qc/NONSTOP_OWNER_WEAKNESS_LEDGER.csv and docs/qc/NONSTOP_OWNER_RESCUE_REPORT.md,No local code action remains for this risk; keep only provider/GitHub gates explicit.,ab069cc
R0122,RISK-CAT-04 Artifact kernel / repository / lifecycle,workspaces держат отдельные arrays,"перевести поведение на единый Artifact/LifeObject contract с projectionRefs, sourceRefs, graphRefs, receiptRefs и lifecycle",targeted unit/e2e + screenshot where visual + ledger evidence + git diff check,OPEN,DUPLICATE_FIXED_BY_W,deduped_to_nonstop_ledger,W001-W420,P04,Deduped against docs/qc/NONSTOP_OWNER_WEAKNESS_LEDGER.csv and docs/qc/NONSTOP_OWNER_RESCUE_REPORT.md,No local code action remains for this risk; keep only provider/GitHub gates explicit.,ab069cc
R0123,RISK-CAT-04 Artifact kernel / repository / lifecycle,task не хранит sourceRefs,"перевести поведение на единый Artifact/LifeObject contract с projectionRefs, sourceRefs, graphRefs, receiptRefs и lifecycle",targeted unit/e2e + screenshot where visual + ledger evidence + git diff check,OPEN,DUPLICATE_FIXED_BY_W,deduped_to_nonstop_ledger,W001-W420,P04,Deduped against docs/qc/NONSTOP_OWNER_WEAKNESS_LEDGER.csv and docs/qc/NONSTOP_OWNER_RESCUE_REPORT.md,No local code action remains for this risk; keep only provider/GitHub gates explicit.,ab069cc
R0124,RISK-CAT-04 Artifact kernel / repository / lifecycle,finance transaction не хранит artifact/source,"перевести поведение на единый Artifact/LifeObject contract с projectionRefs, sourceRefs, graphRefs, receiptRefs и lifecycle",targeted unit/e2e + screenshot where visual + ledger evidence + git diff check,OPEN,DUPLICATE_FIXED_BY_W,deduped_to_nonstop_ledger,W001-W420,P04,Deduped against docs/qc/NONSTOP_OWNER_WEAKNESS_LEDGER.csv and docs/qc/NONSTOP_OWNER_RESCUE_REPORT.md,No local code action remains for this risk; keep only provider/GitHub gates explicit.,ab069cc
R0125,RISK-CAT-04 Artifact kernel / repository / lifecycle,habit не связан с created source,"перевести поведение на единый Artifact/LifeObject contract с projectionRefs, sourceRefs, graphRefs, receiptRefs и lifecycle",targeted unit/e2e + screenshot where visual + ledger evidence + git diff check,OPEN,DUPLICATE_FIXED_BY_W,deduped_to_nonstop_ledger,W001-W420,P04,Deduped against docs/qc/NONSTOP_OWNER_WEAKNESS_LEDGER.csv and docs/qc/NONSTOP_OWNER_RESCUE_REPORT.md,No local code action remains for this risk; keep only provider/GitHub gates explicit.,ab069cc
R0126,RISK-CAT-04 Artifact kernel / repository / lifecycle,goal не связан с tasks/habits/finance,"перевести поведение на единый Artifact/LifeObject contract с projectionRefs, sourceRefs, graphRefs, receiptRefs и lifecycle",targeted unit/e2e + screenshot where visual + ledger evidence + git diff check,OPEN,DUPLICATE_FIXED_BY_W,deduped_to_nonstop_ledger,W001-W420,P04,Deduped against docs/qc/NONSTOP_OWNER_WEAKNESS_LEDGER.csv and docs/qc/NONSTOP_OWNER_RESCUE_REPORT.md,No local code action remains for this risk; keep only provider/GitHub gates explicit.,ab069cc
R0127,RISK-CAT-04 Artifact kernel / repository / lifecycle,audio transcript не связан с original audio,"перевести поведение на единый Artifact/LifeObject contract с projectionRefs, sourceRefs, graphRefs, receiptRefs и lifecycle",targeted unit/e2e + screenshot where visual + ledger evidence + git diff check,OPEN,DUPLICATE_FIXED_BY_W,deduped_to_nonstop_ledger,W001-W420,P04,Deduped against docs/qc/NONSTOP_OWNER_WEAKNESS_LEDGER.csv and docs/qc/NONSTOP_OWNER_RESCUE_REPORT.md,No local code action remains for this risk; keep only provider/GitHub gates explicit.,ab069cc
R0128,RISK-CAT-04 Artifact kernel / repository / lifecycle,book highlight не связан со страницей/главой/source span,"перевести поведение на единый Artifact/LifeObject contract с projectionRefs, sourceRefs, graphRefs, receiptRefs и lifecycle",targeted unit/e2e + screenshot where visual + ledger evidence + git diff check,OPEN,DUPLICATE_FIXED_BY_W,deduped_to_nonstop_ledger,W001-W420,P04,Deduped against docs/qc/NONSTOP_OWNER_WEAKNESS_LEDGER.csv and docs/qc/NONSTOP_OWNER_RESCUE_REPORT.md,No local code action remains for this risk; keep only provider/GitHub gates explicit.,ab069cc
R0129,RISK-CAT-04 Artifact kernel / repository / lifecycle,chat thread не привязан к artifact,"перевести поведение на единый Artifact/LifeObject contract с projectionRefs, sourceRefs, graphRefs, receiptRefs и lifecycle",targeted unit/e2e + screenshot where visual + ledger evidence + git diff check,OPEN,DUPLICATE_FIXED_BY_W,deduped_to_nonstop_ledger,W001-W420,P04,Deduped against docs/qc/NONSTOP_OWNER_WEAKNESS_LEDGER.csv and docs/qc/NONSTOP_OWNER_RESCUE_REPORT.md,No local code action remains for this risk; keep only provider/GitHub gates explicit.,ab069cc
R0130,RISK-CAT-04 Artifact kernel / repository / lifecycle,agent run не привязан к proposal/approval,"перевести поведение на единый Artifact/LifeObject contract с projectionRefs, sourceRefs, graphRefs, receiptRefs и lifecycle",targeted unit/e2e + screenshot where visual + ledger evidence + git diff check,OPEN,DUPLICATE_FIXED_BY_W,deduped_to_nonstop_ledger,W001-W420,P04,Deduped against docs/qc/NONSTOP_OWNER_WEAKNESS_LEDGER.csv and docs/qc/NONSTOP_OWNER_RESCUE_REPORT.md,No local code action remains for this risk; keep only provider/GitHub gates explicit.,ab069cc
R0131,RISK-CAT-04 Artifact kernel / repository / lifecycle,flow run создает objects без receipt,"перевести поведение на единый Artifact/LifeObject contract с projectionRefs, sourceRefs, graphRefs, receiptRefs и lifecycle",targeted unit/e2e + screenshot where visual + ledger evidence + git diff check,OPEN,DUPLICATE_FIXED_BY_W,deduped_to_nonstop_ledger,W001-W420,P04,Deduped against docs/qc/NONSTOP_OWNER_WEAKNESS_LEDGER.csv and docs/qc/NONSTOP_OWNER_RESCUE_REPORT.md,No local code action remains for this risk; keep only provider/GitHub gates explicit.,ab069cc
R0132,RISK-CAT-04 Artifact kernel / repository / lifecycle,graph node создается без persistent backing object,"перевести поведение на единый Artifact/LifeObject contract с projectionRefs, sourceRefs, graphRefs, receiptRefs и lifecycle",targeted unit/e2e + screenshot where visual + ledger evidence + git diff check,OPEN,DUPLICATE_FIXED_BY_W,deduped_to_nonstop_ledger,W001-W420,P04,Deduped against docs/qc/NONSTOP_OWNER_WEAKNESS_LEDGER.csv and docs/qc/NONSTOP_OWNER_RESCUE_REPORT.md,No local code action remains for this risk; keep only provider/GitHub gates explicit.,ab069cc
R0133,RISK-CAT-04 Artifact kernel / repository / lifecycle,Data Control event не связан с mutation id,"перевести поведение на единый Artifact/LifeObject contract с projectionRefs, sourceRefs, graphRefs, receiptRefs и lifecycle",targeted unit/e2e + screenshot where visual + ledger evidence + git diff check,OPEN,DUPLICATE_FIXED_BY_W,deduped_to_nonstop_ledger,W001-W420,P04,Deduped against docs/qc/NONSTOP_OWNER_WEAKNESS_LEDGER.csv and docs/qc/NONSTOP_OWNER_RESCUE_REPORT.md,No local code action remains for this risk; keep only provider/GitHub gates explicit.,ab069cc
R0134,RISK-CAT-04 Artifact kernel / repository / lifecycle,архивация не обновляет graph/search,"перевести поведение на единый Artifact/LifeObject contract с projectionRefs, sourceRefs, graphRefs, receiptRefs и lifecycle",targeted unit/e2e + screenshot where visual + ledger evidence + git diff check,OPEN,DUPLICATE_FIXED_BY_W,deduped_to_nonstop_ledger,W001-W420,P04,Deduped against docs/qc/NONSTOP_OWNER_WEAKNESS_LEDGER.csv and docs/qc/NONSTOP_OWNER_RESCUE_REPORT.md,No local code action remains for this risk; keep only provider/GitHub gates explicit.,ab069cc
R0135,RISK-CAT-04 Artifact kernel / repository / lifecycle,restore не восстанавливает links,"перевести поведение на единый Artifact/LifeObject contract с projectionRefs, sourceRefs, graphRefs, receiptRefs и lifecycle",targeted unit/e2e + screenshot where visual + ledger evidence + git diff check,OPEN,DUPLICATE_FIXED_BY_W,deduped_to_nonstop_ledger,W001-W420,P04,Deduped against docs/qc/NONSTOP_OWNER_WEAKNESS_LEDGER.csv and docs/qc/NONSTOP_OWNER_RESCUE_REPORT.md,No local code action remains for this risk; keep only provider/GitHub gates explicit.,ab069cc
R0136,RISK-CAT-04 Artifact kernel / repository / lifecycle,delete preview не показывает affected projections,"перевести поведение на единый Artifact/LifeObject contract с projectionRefs, sourceRefs, graphRefs, receiptRefs и lifecycle",targeted unit/e2e + screenshot where visual + ledger evidence + git diff check,OPEN,DUPLICATE_FIXED_BY_W,deduped_to_nonstop_ledger,W001-W420,P04,Deduped against docs/qc/NONSTOP_OWNER_WEAKNESS_LEDGER.csv and docs/qc/NONSTOP_OWNER_RESCUE_REPORT.md,No local code action remains for this risk; keep only provider/GitHub gates explicit.,ab069cc
R0137,RISK-CAT-04 Artifact kernel / repository / lifecycle,нет lifecycle state machine raw/reviewed/active/archived,"перевести поведение на единый Artifact/LifeObject contract с projectionRefs, sourceRefs, graphRefs, receiptRefs и lifecycle",targeted unit/e2e + screenshot where visual + ledger evidence + git diff check,OPEN,DUPLICATE_FIXED_BY_W,deduped_to_nonstop_ledger,W001-W420,P04,Deduped against docs/qc/NONSTOP_OWNER_WEAKNESS_LEDGER.csv and docs/qc/NONSTOP_OWNER_RESCUE_REPORT.md,No local code action remains for this risk; keep only provider/GitHub gates explicit.,ab069cc
R0138,RISK-CAT-04 Artifact kernel / repository / lifecycle,нет privacy scope per object,"перевести поведение на единый Artifact/LifeObject contract с projectionRefs, sourceRefs, graphRefs, receiptRefs и lifecycle",targeted unit/e2e + screenshot where visual + ledger evidence + git diff check,OPEN,DUPLICATE_FIXED_BY_W,deduped_to_nonstop_ledger,W001-W420,P04,Deduped against docs/qc/NONSTOP_OWNER_WEAKNESS_LEDGER.csv and docs/qc/NONSTOP_OWNER_RESCUE_REPORT.md,No local code action remains for this risk; keep only provider/GitHub gates explicit.,ab069cc
R0139,RISK-CAT-04 Artifact kernel / repository / lifecycle,нет schema version per stored object,"перевести поведение на единый Artifact/LifeObject contract с projectionRefs, sourceRefs, graphRefs, receiptRefs и lifecycle",targeted unit/e2e + screenshot where visual + ledger evidence + git diff check,OPEN,DUPLICATE_FIXED_BY_W,deduped_to_nonstop_ledger,W001-W420,P04,Deduped against docs/qc/NONSTOP_OWNER_WEAKNESS_LEDGER.csv and docs/qc/NONSTOP_OWNER_RESCUE_REPORT.md,No local code action remains for this risk; keep only provider/GitHub gates explicit.,ab069cc
R0140,RISK-CAT-04 Artifact kernel / repository / lifecycle,нет migration path for old objects,"перевести поведение на единый Artifact/LifeObject contract с projectionRefs, sourceRefs, graphRefs, receiptRefs и lifecycle",targeted unit/e2e + screenshot where visual + ledger evidence + git diff check,OPEN,DUPLICATE_FIXED_BY_W,deduped_to_nonstop_ledger,W001-W420,P04,Deduped against docs/qc/NONSTOP_OWNER_WEAKNESS_LEDGER.csv and docs/qc/NONSTOP_OWNER_RESCUE_REPORT.md,No local code action remains for this risk; keep only provider/GitHub gates explicit.,ab069cc
R0141,RISK-CAT-04 Artifact kernel / repository / lifecycle,нет object invariant validator,"перевести поведение на единый Artifact/LifeObject contract с projectionRefs, sourceRefs, graphRefs, receiptRefs и lifecycle",targeted unit/e2e + screenshot where visual + ledger evidence + git diff check,OPEN,DUPLICATE_FIXED_BY_W,deduped_to_nonstop_ledger,W001-W420,P04,Deduped against docs/qc/NONSTOP_OWNER_WEAKNESS_LEDGER.csv and docs/qc/NONSTOP_OWNER_RESCUE_REPORT.md,No local code action remains for this risk; keep only provider/GitHub gates explicit.,ab069cc
R0142,RISK-CAT-04 Artifact kernel / repository / lifecycle,нет orphan object detector,"перевести поведение на единый Artifact/LifeObject contract с projectionRefs, sourceRefs, graphRefs, receiptRefs и lifecycle",targeted unit/e2e + screenshot where visual + ledger evidence + git diff check,OPEN,DUPLICATE_FIXED_BY_W,deduped_to_nonstop_ledger,W001-W420,P04,Deduped against docs/qc/NONSTOP_OWNER_WEAKNESS_LEDGER.csv and docs/qc/NONSTOP_OWNER_RESCUE_REPORT.md,No local code action remains for this risk; keep only provider/GitHub gates explicit.,ab069cc
R0143,RISK-CAT-04 Artifact kernel / repository / lifecycle,нет duplicate artifact merge flow,"перевести поведение на единый Artifact/LifeObject contract с projectionRefs, sourceRefs, graphRefs, receiptRefs и lifecycle",targeted unit/e2e + screenshot where visual + ledger evidence + git diff check,OPEN,DUPLICATE_FIXED_BY_W,deduped_to_nonstop_ledger,W001-W420,P04,Deduped against docs/qc/NONSTOP_OWNER_WEAKNESS_LEDGER.csv and docs/qc/NONSTOP_OWNER_RESCUE_REPORT.md,No local code action remains for this risk; keep only provider/GitHub gates explicit.,ab069cc
R0144,RISK-CAT-04 Artifact kernel / repository / lifecycle,нет source strength/confidence model,"перевести поведение на единый Artifact/LifeObject contract с projectionRefs, sourceRefs, graphRefs, receiptRefs и lifecycle",targeted unit/e2e + screenshot where visual + ledger evidence + git diff check,OPEN,DUPLICATE_FIXED_BY_W,deduped_to_nonstop_ledger,W001-W420,P04,Deduped against docs/qc/NONSTOP_OWNER_WEAKNESS_LEDGER.csv and docs/qc/NONSTOP_OWNER_RESCUE_REPORT.md,No local code action remains for this risk; keep only provider/GitHub gates explicit.,ab069cc
R0145,RISK-CAT-04 Artifact kernel / repository / lifecycle,нет canonical ID naming and collision guard,"перевести поведение на единый Artifact/LifeObject contract с projectionRefs, sourceRefs, graphRefs, receiptRefs и lifecycle",targeted unit/e2e + screenshot where visual + ledger evidence + git diff check,OPEN,DUPLICATE_FIXED_BY_W,deduped_to_nonstop_ledger,W001-W420,P04,Deduped against docs/qc/NONSTOP_OWNER_WEAKNESS_LEDGER.csv and docs/qc/NONSTOP_OWNER_RESCUE_REPORT.md,No local code action remains for this risk; keep only provider/GitHub gates explicit.,ab069cc
R0146,RISK-CAT-04 Artifact kernel / repository / lifecycle,нет object property editor common to all projections,"перевести поведение на единый Artifact/LifeObject contract с projectionRefs, sourceRefs, graphRefs, receiptRefs и lifecycle",targeted unit/e2e + screenshot where visual + ledger evidence + git diff check,OPEN,DUPLICATE_FIXED_BY_W,deduped_to_nonstop_ledger,W001-W420,P04,Deduped against docs/qc/NONSTOP_OWNER_WEAKNESS_LEDGER.csv and docs/qc/NONSTOP_OWNER_RESCUE_REPORT.md,No local code action remains for this risk; keep only provider/GitHub gates explicit.,ab069cc
R0147,RISK-CAT-04 Artifact kernel / repository / lifecycle,нет artifact timeline showing changes,"перевести поведение на единый Artifact/LifeObject contract с projectionRefs, sourceRefs, graphRefs, receiptRefs и lifecycle",targeted unit/e2e + screenshot where visual + ledger evidence + git diff check,OPEN,DUPLICATE_FIXED_BY_W,deduped_to_nonstop_ledger,W001-W420,P04,Deduped against docs/qc/NONSTOP_OWNER_WEAKNESS_LEDGER.csv and docs/qc/NONSTOP_OWNER_RESCUE_REPORT.md,No local code action remains for this risk; keep only provider/GitHub gates explicit.,ab069cc
R0148,RISK-CAT-04 Artifact kernel / repository / lifecycle,нет attachments registry with size/type/hash,"перевести поведение на единый Artifact/LifeObject contract с projectionRefs, sourceRefs, graphRefs, receiptRefs и lifecycle",targeted unit/e2e + screenshot where visual + ledger evidence + git diff check,OPEN,DUPLICATE_FIXED_BY_W,deduped_to_nonstop_ledger,W001-W420,P04,Deduped against docs/qc/NONSTOP_OWNER_WEAKNESS_LEDGER.csv and docs/qc/NONSTOP_OWNER_RESCUE_REPORT.md,No local code action remains for this risk; keep only provider/GitHub gates explicit.,ab069cc
R0149,RISK-CAT-04 Artifact kernel / repository / lifecycle,нет relation reason model,"перевести поведение на единый Artifact/LifeObject contract с projectionRefs, sourceRefs, graphRefs, receiptRefs и lifecycle",targeted unit/e2e + screenshot where visual + ledger evidence + git diff check,OPEN,DUPLICATE_FIXED_BY_W,deduped_to_nonstop_ledger,W001-W420,P04,Deduped against docs/qc/NONSTOP_OWNER_WEAKNESS_LEDGER.csv and docs/qc/NONSTOP_OWNER_RESCUE_REPORT.md,No local code action remains for this risk; keep only provider/GitHub gates explicit.,ab069cc
R0150,RISK-CAT-04 Artifact kernel / repository / lifecycle,нет relation correction flow,"перевести поведение на единый Artifact/LifeObject contract с projectionRefs, sourceRefs, graphRefs, receiptRefs и lifecycle",targeted unit/e2e + screenshot where visual + ledger evidence + git diff check,OPEN,DUPLICATE_FIXED_BY_W,deduped_to_nonstop_ledger,W001-W420,P04,Deduped against docs/qc/NONSTOP_OWNER_WEAKNESS_LEDGER.csv and docs/qc/NONSTOP_OWNER_RESCUE_REPORT.md,No local code action remains for this risk; keep only provider/GitHub gates explicit.,ab069cc
R0151,RISK-CAT-04 Artifact kernel / repository / lifecycle,нет artifact-level export,"перевести поведение на единый Artifact/LifeObject contract с projectionRefs, sourceRefs, graphRefs, receiptRefs и lifecycle",targeted unit/e2e + screenshot where visual + ledger evidence + git diff check,OPEN,DUPLICATE_FIXED_BY_W,deduped_to_nonstop_ledger,W001-W420,P04,Deduped against docs/qc/NONSTOP_OWNER_WEAKNESS_LEDGER.csv and docs/qc/NONSTOP_OWNER_RESCUE_REPORT.md,No local code action remains for this risk; keep only provider/GitHub gates explicit.,ab069cc
R0152,RISK-CAT-04 Artifact kernel / repository / lifecycle,нет selective import with conflict resolution,"перевести поведение на единый Artifact/LifeObject contract с projectionRefs, sourceRefs, graphRefs, receiptRefs и lifecycle",targeted unit/e2e + screenshot where visual + ledger evidence + git diff check,OPEN,DUPLICATE_FIXED_BY_W,deduped_to_nonstop_ledger,W001-W420,P04,Deduped against docs/qc/NONSTOP_OWNER_WEAKNESS_LEDGER.csv and docs/qc/NONSTOP_OWNER_RESCUE_REPORT.md,No local code action remains for this risk; keep only provider/GitHub gates explicit.,ab069cc
R0153,RISK-CAT-04 Artifact kernel / repository / lifecycle,нет indexing of projectionRefs,"перевести поведение на единый Artifact/LifeObject contract с projectionRefs, sourceRefs, graphRefs, receiptRefs и lifecycle",targeted unit/e2e + screenshot where visual + ledger evidence + git diff check,OPEN,DUPLICATE_FIXED_BY_W,deduped_to_nonstop_ledger,W001-W420,P04,Deduped against docs/qc/NONSTOP_OWNER_WEAKNESS_LEDGER.csv and docs/qc/NONSTOP_OWNER_RESCUE_REPORT.md,No local code action remains for this risk; keep only provider/GitHub gates explicit.,ab069cc
R0154,RISK-CAT-04 Artifact kernel / repository / lifecycle,нет route projection registry,"перевести поведение на единый Artifact/LifeObject contract с projectionRefs, sourceRefs, graphRefs, receiptRefs и lifecycle",targeted unit/e2e + screenshot where visual + ledger evidence + git diff check,OPEN,DUPLICATE_FIXED_BY_W,deduped_to_nonstop_ledger,W001-W420,P04,Deduped against docs/qc/NONSTOP_OWNER_WEAKNESS_LEDGER.csv and docs/qc/NONSTOP_OWNER_RESCUE_REPORT.md,No local code action remains for this risk; keep only provider/GitHub gates explicit.,ab069cc
R0155,RISK-CAT-04 Artifact kernel / repository / lifecycle,нет typed proposal schema,"перевести поведение на единый Artifact/LifeObject contract с projectionRefs, sourceRefs, graphRefs, receiptRefs и lifecycle",targeted unit/e2e + screenshot where visual + ledger evidence + git diff check,OPEN,DUPLICATE_FIXED_BY_W,deduped_to_nonstop_ledger,W001-W420,P04,Deduped against docs/qc/NONSTOP_OWNER_WEAKNESS_LEDGER.csv and docs/qc/NONSTOP_OWNER_RESCUE_REPORT.md,No local code action remains for this risk; keep only provider/GitHub gates explicit.,ab069cc
R0156,RISK-CAT-04 Artifact kernel / repository / lifecycle,нет apply engine transaction boundary,"перевести поведение на единый Artifact/LifeObject contract с projectionRefs, sourceRefs, graphRefs, receiptRefs и lifecycle",targeted unit/e2e + screenshot where visual + ledger evidence + git diff check,OPEN,DUPLICATE_FIXED_BY_W,deduped_to_nonstop_ledger,W001-W420,P04,Deduped against docs/qc/NONSTOP_OWNER_WEAKNESS_LEDGER.csv and docs/qc/NONSTOP_OWNER_RESCUE_REPORT.md,No local code action remains for this risk; keep only provider/GitHub gates explicit.,ab069cc
R0157,RISK-CAT-04 Artifact kernel / repository / lifecycle,нет partial failure handling,"перевести поведение на единый Artifact/LifeObject contract с projectionRefs, sourceRefs, graphRefs, receiptRefs и lifecycle",targeted unit/e2e + screenshot where visual + ledger evidence + git diff check,OPEN,DUPLICATE_FIXED_BY_W,deduped_to_nonstop_ledger,W001-W420,P04,Deduped against docs/qc/NONSTOP_OWNER_WEAKNESS_LEDGER.csv and docs/qc/NONSTOP_OWNER_RESCUE_REPORT.md,No local code action remains for this risk; keep only provider/GitHub gates explicit.,ab069cc
R0158,RISK-CAT-04 Artifact kernel / repository / lifecycle,нет event log replay,"перевести поведение на единый Artifact/LifeObject contract с projectionRefs, sourceRefs, graphRefs, receiptRefs и lifecycle",targeted unit/e2e + screenshot where visual + ledger evidence + git diff check,OPEN,DUPLICATE_FIXED_BY_W,deduped_to_nonstop_ledger,W001-W420,P04,Deduped against docs/qc/NONSTOP_OWNER_WEAKNESS_LEDGER.csv and docs/qc/NONSTOP_OWNER_RESCUE_REPORT.md,No local code action remains for this risk; keep only provider/GitHub gates explicit.,ab069cc
R0159,RISK-CAT-04 Artifact kernel / repository / lifecycle,нет state snapshot/rollback,"перевести поведение на единый Artifact/LifeObject contract с projectionRefs, sourceRefs, graphRefs, receiptRefs и lifecycle",targeted unit/e2e + screenshot where visual + ledger evidence + git diff check,OPEN,DUPLICATE_FIXED_BY_W,deduped_to_nonstop_ledger,W001-W420,P04,Deduped against docs/qc/NONSTOP_OWNER_WEAKNESS_LEDGER.csv and docs/qc/NONSTOP_OWNER_RESCUE_REPORT.md,No local code action remains for this risk; keep only provider/GitHub gates explicit.,ab069cc
R0160,RISK-CAT-04 Artifact kernel / repository / lifecycle,нет repository health dashboard,"перевести поведение на единый Artifact/LifeObject contract с projectionRefs, sourceRefs, graphRefs, receiptRefs и lifecycle",targeted unit/e2e + screenshot where visual + ledger evidence + git diff check,OPEN,DUPLICATE_FIXED_BY_W,deduped_to_nonstop_ledger,W001-W420,P04,Deduped against docs/qc/NONSTOP_OWNER_WEAKNESS_LEDGER.csv and docs/qc/NONSTOP_OWNER_RESCUE_REPORT.md,No local code action remains for this risk; keep only provider/GitHub gates explicit.,ab069cc
R0161,RISK-CAT-05 Proposal cards / approval / apply engine,предложения выглядят как технические rows,"сделать proposal card contract: reason, destination, edit/apply/reject, atomic apply, undo, graph/control proof",targeted unit/e2e + screenshot where visual + ledger evidence + git diff check,OPEN,DUPLICATE_FIXED_BY_W,deduped_to_nonstop_ledger,W001-W420,P03,Deduped against docs/qc/NONSTOP_OWNER_WEAKNESS_LEDGER.csv and docs/qc/NONSTOP_OWNER_RESCUE_REPORT.md,No local code action remains for this risk; keep only provider/GitHub gates explicit.,ab069cc
R0162,RISK-CAT-05 Proposal cards / approval / apply engine,одинаковые Apply/Edit/Skip без смысла,"сделать proposal card contract: reason, destination, edit/apply/reject, atomic apply, undo, graph/control proof",targeted unit/e2e + screenshot where visual + ledger evidence + git diff check,OPEN,DUPLICATE_FIXED_BY_W,deduped_to_nonstop_ledger,W001-W420,P03,Deduped against docs/qc/NONSTOP_OWNER_WEAKNESS_LEDGER.csv and docs/qc/NONSTOP_OWNER_RESCUE_REPORT.md,No local code action remains for this risk; keep only provider/GitHub gates explicit.,ab069cc
R0163,RISK-CAT-05 Proposal cards / approval / apply engine,simple task требует слишком много подтверждений,"сделать proposal card contract: reason, destination, edit/apply/reject, atomic apply, undo, graph/control proof",targeted unit/e2e + screenshot where visual + ledger evidence + git diff check,OPEN,DUPLICATE_FIXED_BY_W,deduped_to_nonstop_ledger,W001-W420,P03,Deduped against docs/qc/NONSTOP_OWNER_WEAKNESS_LEDGER.csv and docs/qc/NONSTOP_OWNER_RESCUE_REPORT.md,No local code action remains for this risk; keep only provider/GitHub gates explicit.,ab069cc
R0164,RISK-CAT-05 Proposal cards / approval / apply engine,сложный input не группируется по категориям,"сделать proposal card contract: reason, destination, edit/apply/reject, atomic apply, undo, graph/control proof",targeted unit/e2e + screenshot where visual + ledger evidence + git diff check,OPEN,DUPLICATE_FIXED_BY_W,deduped_to_nonstop_ledger,W001-W420,P03,Deduped against docs/qc/NONSTOP_OWNER_WEAKNESS_LEDGER.csv and docs/qc/NONSTOP_OWNER_RESCUE_REPORT.md,No local code action remains for this risk; keep only provider/GitHub gates explicit.,ab069cc
R0165,RISK-CAT-05 Proposal cards / approval / apply engine,нет primary suggestion per capture,"сделать proposal card contract: reason, destination, edit/apply/reject, atomic apply, undo, graph/control proof",targeted unit/e2e + screenshot where visual + ledger evidence + git diff check,OPEN,DUPLICATE_FIXED_BY_W,deduped_to_nonstop_ledger,W001-W420,P03,Deduped against docs/qc/NONSTOP_OWNER_WEAKNESS_LEDGER.csv and docs/qc/NONSTOP_OWNER_RESCUE_REPORT.md,No local code action remains for this risk; keep only provider/GitHub gates explicit.,ab069cc
R0166,RISK-CAT-05 Proposal cards / approval / apply engine,нет Apply all с preview of effects,"сделать proposal card contract: reason, destination, edit/apply/reject, atomic apply, undo, graph/control proof",targeted unit/e2e + screenshot where visual + ledger evidence + git diff check,OPEN,DUPLICATE_FIXED_BY_W,deduped_to_nonstop_ledger,W001-W420,P03,Deduped against docs/qc/NONSTOP_OWNER_WEAKNESS_LEDGER.csv and docs/qc/NONSTOP_OWNER_RESCUE_REPORT.md,No local code action remains for this risk; keep only provider/GitHub gates explicit.,ab069cc
R0167,RISK-CAT-05 Proposal cards / approval / apply engine,нет Edit inline для каждого proposal,"сделать proposal card contract: reason, destination, edit/apply/reject, atomic apply, undo, graph/control proof",targeted unit/e2e + screenshot where visual + ledger evidence + git diff check,OPEN,DUPLICATE_FIXED_BY_W,deduped_to_nonstop_ledger,W001-W420,P03,Deduped against docs/qc/NONSTOP_OWNER_WEAKNESS_LEDGER.csv and docs/qc/NONSTOP_OWNER_RESCUE_REPORT.md,No local code action remains for this risk; keep only provider/GitHub gates explicit.,ab069cc
R0168,RISK-CAT-05 Proposal cards / approval / apply engine,Skip не объясняет куда исчезло предложение,"сделать proposal card contract: reason, destination, edit/apply/reject, atomic apply, undo, graph/control proof",targeted unit/e2e + screenshot where visual + ledger evidence + git diff check,OPEN,DUPLICATE_FIXED_BY_W,deduped_to_nonstop_ledger,W001-W420,P03,Deduped against docs/qc/NONSTOP_OWNER_WEAKNESS_LEDGER.csv and docs/qc/NONSTOP_OWNER_RESCUE_REPORT.md,No local code action remains for this risk; keep only provider/GitHub gates explicit.,ab069cc
R0169,RISK-CAT-05 Proposal cards / approval / apply engine,proposal не показывает destination workspace,"сделать proposal card contract: reason, destination, edit/apply/reject, atomic apply, undo, graph/control proof",targeted unit/e2e + screenshot where visual + ledger evidence + git diff check,OPEN,DUPLICATE_FIXED_BY_W,deduped_to_nonstop_ledger,W001-W420,P03,Deduped against docs/qc/NONSTOP_OWNER_WEAKNESS_LEDGER.csv and docs/qc/NONSTOP_OWNER_RESCUE_REPORT.md,No local code action remains for this risk; keep only provider/GitHub gates explicit.,ab069cc
R0170,RISK-CAT-05 Proposal cards / approval / apply engine,proposal не показывает source quote/span,"сделать proposal card contract: reason, destination, edit/apply/reject, atomic apply, undo, graph/control proof",targeted unit/e2e + screenshot where visual + ledger evidence + git diff check,OPEN,DUPLICATE_FIXED_BY_W,deduped_to_nonstop_ledger,W001-W420,P03,Deduped against docs/qc/NONSTOP_OWNER_WEAKNESS_LEDGER.csv and docs/qc/NONSTOP_OWNER_RESCUE_REPORT.md,No local code action remains for this risk; keep only provider/GitHub gates explicit.,ab069cc
R0171,RISK-CAT-05 Proposal cards / approval / apply engine,proposal не показывает confidence,"сделать proposal card contract: reason, destination, edit/apply/reject, atomic apply, undo, graph/control proof",targeted unit/e2e + screenshot where visual + ledger evidence + git diff check,OPEN,DUPLICATE_FIXED_BY_W,deduped_to_nonstop_ledger,W001-W420,P03,Deduped against docs/qc/NONSTOP_OWNER_WEAKNESS_LEDGER.csv and docs/qc/NONSTOP_OWNER_RESCUE_REPORT.md,No local code action remains for this risk; keep only provider/GitHub gates explicit.,ab069cc
R0172,RISK-CAT-05 Proposal cards / approval / apply engine,proposal не показывает risk/permission impact,"сделать proposal card contract: reason, destination, edit/apply/reject, atomic apply, undo, graph/control proof",targeted unit/e2e + screenshot where visual + ledger evidence + git diff check,OPEN,DUPLICATE_FIXED_BY_W,deduped_to_nonstop_ledger,W001-W420,P03,Deduped against docs/qc/NONSTOP_OWNER_WEAKNESS_LEDGER.csv and docs/qc/NONSTOP_OWNER_RESCUE_REPORT.md,No local code action remains for this risk; keep only provider/GitHub gates explicit.,ab069cc
R0173,RISK-CAT-05 Proposal cards / approval / apply engine,нет undo после Apply,"сделать proposal card contract: reason, destination, edit/apply/reject, atomic apply, undo, graph/control proof",targeted unit/e2e + screenshot where visual + ledger evidence + git diff check,OPEN,DUPLICATE_FIXED_BY_W,deduped_to_nonstop_ledger,W001-W420,P03,Deduped against docs/qc/NONSTOP_OWNER_WEAKNESS_LEDGER.csv and docs/qc/NONSTOP_OWNER_RESCUE_REPORT.md,No local code action remains for this risk; keep only provider/GitHub gates explicit.,ab069cc
R0174,RISK-CAT-05 Proposal cards / approval / apply engine,нет batch transaction for Apply all,"сделать proposal card contract: reason, destination, edit/apply/reject, atomic apply, undo, graph/control proof",targeted unit/e2e + screenshot where visual + ledger evidence + git diff check,OPEN,DUPLICATE_FIXED_BY_W,deduped_to_nonstop_ledger,W001-W420,P03,Deduped against docs/qc/NONSTOP_OWNER_WEAKNESS_LEDGER.csv and docs/qc/NONSTOP_OWNER_RESCUE_REPORT.md,No local code action remains for this risk; keep only provider/GitHub gates explicit.,ab069cc
R0175,RISK-CAT-05 Proposal cards / approval / apply engine,частично примененные proposals оставляют inconsistent state,"сделать proposal card contract: reason, destination, edit/apply/reject, atomic apply, undo, graph/control proof",targeted unit/e2e + screenshot where visual + ledger evidence + git diff check,OPEN,DUPLICATE_FIXED_BY_W,deduped_to_nonstop_ledger,W001-W420,P03,Deduped against docs/qc/NONSTOP_OWNER_WEAKNESS_LEDGER.csv and docs/qc/NONSTOP_OWNER_RESCUE_REPORT.md,No local code action remains for this risk; keep only provider/GitHub gates explicit.,ab069cc
R0176,RISK-CAT-05 Proposal cards / approval / apply engine,нет duplicate detection before apply,"сделать proposal card contract: reason, destination, edit/apply/reject, atomic apply, undo, graph/control proof",targeted unit/e2e + screenshot where visual + ledger evidence + git diff check,OPEN,DUPLICATE_FIXED_BY_W,deduped_to_nonstop_ledger,W001-W420,P03,Deduped against docs/qc/NONSTOP_OWNER_WEAKNESS_LEDGER.csv and docs/qc/NONSTOP_OWNER_RESCUE_REPORT.md,No local code action remains for this risk; keep only provider/GitHub gates explicit.,ab069cc
R0177,RISK-CAT-05 Proposal cards / approval / apply engine,нет recurring proposal preview,"сделать proposal card contract: reason, destination, edit/apply/reject, atomic apply, undo, graph/control proof",targeted unit/e2e + screenshot where visual + ledger evidence + git diff check,OPEN,DUPLICATE_FIXED_BY_W,deduped_to_nonstop_ledger,W001-W420,P03,Deduped against docs/qc/NONSTOP_OWNER_WEAKNESS_LEDGER.csv and docs/qc/NONSTOP_OWNER_RESCUE_REPORT.md,No local code action remains for this risk; keep only provider/GitHub gates explicit.,ab069cc
R0178,RISK-CAT-05 Proposal cards / approval / apply engine,нет proposal merge/split/edit,"сделать proposal card contract: reason, destination, edit/apply/reject, atomic apply, undo, graph/control proof",targeted unit/e2e + screenshot where visual + ledger evidence + git diff check,OPEN,DUPLICATE_FIXED_BY_W,deduped_to_nonstop_ledger,W001-W420,P03,Deduped against docs/qc/NONSTOP_OWNER_WEAKNESS_LEDGER.csv and docs/qc/NONSTOP_OWNER_RESCUE_REPORT.md,No local code action remains for this risk; keep only provider/GitHub gates explicit.,ab069cc
R0179,RISK-CAT-05 Proposal cards / approval / apply engine,нет proposal card colors by type,"сделать proposal card contract: reason, destination, edit/apply/reject, atomic apply, undo, graph/control proof",targeted unit/e2e + screenshot where visual + ledger evidence + git diff check,OPEN,DUPLICATE_FIXED_BY_W,deduped_to_nonstop_ledger,W001-W420,P03,Deduped against docs/qc/NONSTOP_OWNER_WEAKNESS_LEDGER.csv and docs/qc/NONSTOP_OWNER_RESCUE_REPORT.md,No local code action remains for this risk; keep only provider/GitHub gates explicit.,ab069cc
R0180,RISK-CAT-05 Proposal cards / approval / apply engine,нет proposal empty state,"сделать proposal card contract: reason, destination, edit/apply/reject, atomic apply, undo, graph/control proof",targeted unit/e2e + screenshot where visual + ledger evidence + git diff check,OPEN,DUPLICATE_FIXED_BY_W,deduped_to_nonstop_ledger,W001-W420,P03,Deduped against docs/qc/NONSTOP_OWNER_WEAKNESS_LEDGER.csv and docs/qc/NONSTOP_OWNER_RESCUE_REPORT.md,No local code action remains for this risk; keep only provider/GitHub gates explicit.,ab069cc
R0181,RISK-CAT-05 Proposal cards / approval / apply engine,нет proposed graph edges preview,"сделать proposal card contract: reason, destination, edit/apply/reject, atomic apply, undo, graph/control proof",targeted unit/e2e + screenshot where visual + ledger evidence + git diff check,OPEN,DUPLICATE_FIXED_BY_W,deduped_to_nonstop_ledger,W001-W420,P03,Deduped against docs/qc/NONSTOP_OWNER_WEAKNESS_LEDGER.csv and docs/qc/NONSTOP_OWNER_RESCUE_REPORT.md,No local code action remains for this risk; keep only provider/GitHub gates explicit.,ab069cc
R0182,RISK-CAT-05 Proposal cards / approval / apply engine,нет proposed calendar block preview,"сделать proposal card contract: reason, destination, edit/apply/reject, atomic apply, undo, graph/control proof",targeted unit/e2e + screenshot where visual + ledger evidence + git diff check,OPEN,DUPLICATE_FIXED_BY_W,deduped_to_nonstop_ledger,W001-W420,P03,Deduped against docs/qc/NONSTOP_OWNER_WEAKNESS_LEDGER.csv and docs/qc/NONSTOP_OWNER_RESCUE_REPORT.md,No local code action remains for this risk; keep only provider/GitHub gates explicit.,ab069cc
R0183,RISK-CAT-05 Proposal cards / approval / apply engine,нет proposed finance category preview,"сделать proposal card contract: reason, destination, edit/apply/reject, atomic apply, undo, graph/control proof",targeted unit/e2e + screenshot where visual + ledger evidence + git diff check,OPEN,DUPLICATE_FIXED_BY_W,deduped_to_nonstop_ledger,W001-W420,P03,Deduped against docs/qc/NONSTOP_OWNER_WEAKNESS_LEDGER.csv and docs/qc/NONSTOP_OWNER_RESCUE_REPORT.md,No local code action remains for this risk; keep only provider/GitHub gates explicit.,ab069cc
R0184,RISK-CAT-05 Proposal cards / approval / apply engine,нет proposed habit frequency editor,"сделать proposal card contract: reason, destination, edit/apply/reject, atomic apply, undo, graph/control proof",targeted unit/e2e + screenshot where visual + ledger evidence + git diff check,OPEN,DUPLICATE_FIXED_BY_W,deduped_to_nonstop_ledger,W001-W420,P03,Deduped against docs/qc/NONSTOP_OWNER_WEAKNESS_LEDGER.csv and docs/qc/NONSTOP_OWNER_RESCUE_REPORT.md,No local code action remains for this risk; keep only provider/GitHub gates explicit.,ab069cc
R0185,RISK-CAT-05 Proposal cards / approval / apply engine,нет proposed goal target/date editor,"сделать proposal card contract: reason, destination, edit/apply/reject, atomic apply, undo, graph/control proof",targeted unit/e2e + screenshot where visual + ledger evidence + git diff check,OPEN,DUPLICATE_FIXED_BY_W,deduped_to_nonstop_ledger,W001-W420,P03,Deduped against docs/qc/NONSTOP_OWNER_WEAKNESS_LEDGER.csv and docs/qc/NONSTOP_OWNER_RESCUE_REPORT.md,No local code action remains for this risk; keep only provider/GitHub gates explicit.,ab069cc
R0186,RISK-CAT-05 Proposal cards / approval / apply engine,нет proposed note/title/tags editor,"сделать proposal card contract: reason, destination, edit/apply/reject, atomic apply, undo, graph/control proof",targeted unit/e2e + screenshot where visual + ledger evidence + git diff check,OPEN,DUPLICATE_FIXED_BY_W,deduped_to_nonstop_ledger,W001-W420,P03,Deduped against docs/qc/NONSTOP_OWNER_WEAKNESS_LEDGER.csv and docs/qc/NONSTOP_OWNER_RESCUE_REPORT.md,No local code action remains for this risk; keep only provider/GitHub gates explicit.,ab069cc
R0187,RISK-CAT-05 Proposal cards / approval / apply engine,нет proposed agent/flow dry-run preview,"сделать proposal card contract: reason, destination, edit/apply/reject, atomic apply, undo, graph/control proof",targeted unit/e2e + screenshot where visual + ledger evidence + git diff check,OPEN,DUPLICATE_FIXED_BY_W,deduped_to_nonstop_ledger,W001-W420,P03,Deduped against docs/qc/NONSTOP_OWNER_WEAKNESS_LEDGER.csv and docs/qc/NONSTOP_OWNER_RESCUE_REPORT.md,No local code action remains for this risk; keep only provider/GitHub gates explicit.,ab069cc
R0188,RISK-CAT-05 Proposal cards / approval / apply engine,нет proposal history after dismissal,"сделать proposal card contract: reason, destination, edit/apply/reject, atomic apply, undo, graph/control proof",targeted unit/e2e + screenshot where visual + ledger evidence + git diff check,OPEN,DUPLICATE_FIXED_BY_W,deduped_to_nonstop_ledger,W001-W420,P03,Deduped against docs/qc/NONSTOP_OWNER_WEAKNESS_LEDGER.csv and docs/qc/NONSTOP_OWNER_RESCUE_REPORT.md,No local code action remains for this risk; keep only provider/GitHub gates explicit.,ab069cc
R0189,RISK-CAT-05 Proposal cards / approval / apply engine,нет review queue for later,"сделать proposal card contract: reason, destination, edit/apply/reject, atomic apply, undo, graph/control proof",targeted unit/e2e + screenshot where visual + ledger evidence + git diff check,OPEN,DUPLICATE_FIXED_BY_W,deduped_to_nonstop_ledger,W001-W420,P03,Deduped against docs/qc/NONSTOP_OWNER_WEAKNESS_LEDGER.csv and docs/qc/NONSTOP_OWNER_RESCUE_REPORT.md,No local code action remains for this risk; keep only provider/GitHub gates explicit.,ab069cc
R0190,RISK-CAT-05 Proposal cards / approval / apply engine,нет keyboard flow accept/edit/reject,"сделать proposal card contract: reason, destination, edit/apply/reject, atomic apply, undo, graph/control proof",targeted unit/e2e + screenshot where visual + ledger evidence + git diff check,OPEN,DUPLICATE_FIXED_BY_W,deduped_to_nonstop_ledger,W001-W420,P03,Deduped against docs/qc/NONSTOP_OWNER_WEAKNESS_LEDGER.csv and docs/qc/NONSTOP_OWNER_RESCUE_REPORT.md,No local code action remains for this risk; keep only provider/GitHub gates explicit.,ab069cc
R0191,RISK-CAT-05 Proposal cards / approval / apply engine,нет safe default: local-only no external actions,"сделать proposal card contract: reason, destination, edit/apply/reject, atomic apply, undo, graph/control proof",targeted unit/e2e + screenshot where visual + ledger evidence + git diff check,OPEN,FIXED_BY_HONEST_PROVIDER_GATE_WITH_UI_AND_TEST,direct_status,W401-W420,P03,"Provider/OAuth gates are explicit in Providers/Data Control: no fake success, prepare/revoke controls, provider-run audit, owner e2e provider evidence.",No local code action remains for this risk; keep only provider/GitHub gates explicit.,ab069cc
R0192,RISK-CAT-05 Proposal cards / approval / apply engine,нет provider-needed label for AI/STT/OCR,"сделать proposal card contract: reason, destination, edit/apply/reject, atomic apply, undo, graph/control proof",targeted unit/e2e + screenshot where visual + ledger evidence + git diff check,OPEN,FIXED_BY_HONEST_PROVIDER_GATE_WITH_UI_AND_TEST,direct_status,W401-W420,P03,"Provider/OAuth gates are explicit in Providers/Data Control: no fake success, prepare/revoke controls, provider-run audit, owner e2e provider evidence.",No local code action remains for this risk; keep only provider/GitHub gates explicit.,ab069cc
R0193,RISK-CAT-05 Proposal cards / approval / apply engine,нет action-oriented copy in Russian,"сделать proposal card contract: reason, destination, edit/apply/reject, atomic apply, undo, graph/control proof",targeted unit/e2e + screenshot where visual + ledger evidence + git diff check,OPEN,DUPLICATE_FIXED_BY_W,deduped_to_nonstop_ledger,W001-W420,P03,Deduped against docs/qc/NONSTOP_OWNER_WEAKNESS_LEDGER.csv and docs/qc/NONSTOP_OWNER_RESCUE_REPORT.md,No local code action remains for this risk; keep only provider/GitHub gates explicit.,ab069cc
R0194,RISK-CAT-05 Proposal cards / approval / apply engine,нет reason why not auto-applied,"сделать proposal card contract: reason, destination, edit/apply/reject, atomic apply, undo, graph/control proof",targeted unit/e2e + screenshot where visual + ledger evidence + git diff check,OPEN,DUPLICATE_FIXED_BY_W,deduped_to_nonstop_ledger,W001-W420,P03,Deduped against docs/qc/NONSTOP_OWNER_WEAKNESS_LEDGER.csv and docs/qc/NONSTOP_OWNER_RESCUE_REPORT.md,No local code action remains for this risk; keep only provider/GitHub gates explicit.,ab069cc
R0195,RISK-CAT-05 Proposal cards / approval / apply engine,нет smart route after apply,"сделать proposal card contract: reason, destination, edit/apply/reject, atomic apply, undo, graph/control proof",targeted unit/e2e + screenshot where visual + ledger evidence + git diff check,OPEN,DUPLICATE_FIXED_BY_W,deduped_to_nonstop_ledger,W001-W420,P03,Deduped against docs/qc/NONSTOP_OWNER_WEAKNESS_LEDGER.csv and docs/qc/NONSTOP_OWNER_RESCUE_REPORT.md,No local code action remains for this risk; keep only provider/GitHub gates explicit.,ab069cc
R0196,RISK-CAT-05 Proposal cards / approval / apply engine,нет toast/receipt that shows created objects,"сделать proposal card contract: reason, destination, edit/apply/reject, atomic apply, undo, graph/control proof",targeted unit/e2e + screenshot where visual + ledger evidence + git diff check,OPEN,DUPLICATE_FIXED_BY_W,deduped_to_nonstop_ledger,W001-W420,P03,Deduped against docs/qc/NONSTOP_OWNER_WEAKNESS_LEDGER.csv and docs/qc/NONSTOP_OWNER_RESCUE_REPORT.md,No local code action remains for this risk; keep only provider/GitHub gates explicit.,ab069cc
R0197,RISK-CAT-05 Proposal cards / approval / apply engine,нет visual trace artifact→created items,"сделать proposal card contract: reason, destination, edit/apply/reject, atomic apply, undo, graph/control proof",targeted unit/e2e + screenshot where visual + ledger evidence + git diff check,OPEN,DUPLICATE_FIXED_BY_W,deduped_to_nonstop_ledger,W001-W420,P03,Deduped against docs/qc/NONSTOP_OWNER_WEAKNESS_LEDGER.csv and docs/qc/NONSTOP_OWNER_RESCUE_REPORT.md,No local code action remains for this risk; keep only provider/GitHub gates explicit.,ab069cc
R0198,RISK-CAT-05 Proposal cards / approval / apply engine,нет test that all proposals have handlers,"сделать proposal card contract: reason, destination, edit/apply/reject, atomic apply, undo, graph/control proof",targeted unit/e2e + screenshot where visual + ledger evidence + git diff check,OPEN,DUPLICATE_FIXED_BY_W,deduped_to_nonstop_ledger,W001-W420,P03,Deduped against docs/qc/NONSTOP_OWNER_WEAKNESS_LEDGER.csv and docs/qc/NONSTOP_OWNER_RESCUE_REPORT.md,No local code action remains for this risk; keep only provider/GitHub gates explicit.,ab069cc
R0199,RISK-CAT-05 Proposal cards / approval / apply engine,нет test that Apply mutates repository not DOM only,"сделать proposal card contract: reason, destination, edit/apply/reject, atomic apply, undo, graph/control proof",targeted unit/e2e + screenshot where visual + ledger evidence + git diff check,OPEN,DUPLICATE_FIXED_BY_W,deduped_to_nonstop_ledger,W001-W420,P03,Deduped against docs/qc/NONSTOP_OWNER_WEAKNESS_LEDGER.csv and docs/qc/NONSTOP_OWNER_RESCUE_REPORT.md,No local code action remains for this risk; keep only provider/GitHub gates explicit.,ab069cc
R0200,RISK-CAT-05 Proposal cards / approval / apply engine,нет test for reject not mutating state,"сделать proposal card contract: reason, destination, edit/apply/reject, atomic apply, undo, graph/control proof",targeted unit/e2e + screenshot where visual + ledger evidence + git diff check,OPEN,DUPLICATE_FIXED_BY_W,deduped_to_nonstop_ledger,W001-W420,P03,Deduped against docs/qc/NONSTOP_OWNER_WEAKNESS_LEDGER.csv and docs/qc/NONSTOP_OWNER_RESCUE_REPORT.md,No local code action remains for this risk; keep only provider/GitHub gates explicit.,ab069cc
R0201,RISK-CAT-06 Calendar / tasks / reminders / focus,"календарь — просто карточки дат, не рабочий planner","реализовать Today/Tomorrow/Week calendar с time rows, no-time bucket, reminders, reschedule, task detail drawer",e2e: parse dated task → calendar slot → edit/reschedule → reload,OPEN,DUPLICATE_FIXED_BY_W,deduped_to_nonstop_ledger,W001-W420,P06,Deduped against docs/qc/NONSTOP_OWNER_WEAKNESS_LEDGER.csv and docs/qc/NONSTOP_OWNER_RESCUE_REPORT.md,No local code action remains for this risk; keep only provider/GitHub gates explicit.,ab069cc
R0202,RISK-CAT-06 Calendar / tasks / reminders / focus,нет день/неделя/месяц modes,"реализовать Today/Tomorrow/Week calendar с time rows, no-time bucket, reminders, reschedule, task detail drawer",e2e: parse dated task → calendar slot → edit/reschedule → reload,OPEN,DUPLICATE_FIXED_BY_W,deduped_to_nonstop_ledger,W001-W420,P06,Deduped against docs/qc/NONSTOP_OWNER_WEAKNESS_LEDGER.csv and docs/qc/NONSTOP_OWNER_RESCUE_REPORT.md,No local code action remains for this risk; keep only provider/GitHub gates explicit.,ab069cc
R0203,RISK-CAT-06 Calendar / tasks / reminders / focus,нет Tomorrow as first-class view,"реализовать Today/Tomorrow/Week calendar с time rows, no-time bucket, reminders, reschedule, task detail drawer",e2e: parse dated task → calendar slot → edit/reschedule → reload,OPEN,DUPLICATE_FIXED_BY_W,deduped_to_nonstop_ledger,W001-W420,P06,Deduped against docs/qc/NONSTOP_OWNER_WEAKNESS_LEDGER.csv and docs/qc/NONSTOP_OWNER_RESCUE_REPORT.md,No local code action remains for this risk; keep only provider/GitHub gates explicit.,ab069cc
R0204,RISK-CAT-06 Calendar / tasks / reminders / focus,нет time rows 05:00-23:00,"реализовать Today/Tomorrow/Week calendar с time rows, no-time bucket, reminders, reschedule, task detail drawer",e2e: parse dated task → calendar slot → edit/reschedule → reload,OPEN,DUPLICATE_FIXED_BY_W,deduped_to_nonstop_ledger,W001-W420,P06,Deduped against docs/qc/NONSTOP_OWNER_WEAKNESS_LEDGER.csv and docs/qc/NONSTOP_OWNER_RESCUE_REPORT.md,No local code action remains for this risk; keep only provider/GitHub gates explicit.,ab069cc
R0205,RISK-CAT-06 Calendar / tasks / reminders / focus,нет без времени bucket,"реализовать Today/Tomorrow/Week calendar с time rows, no-time bucket, reminders, reschedule, task detail drawer",e2e: parse dated task → calendar slot → edit/reschedule → reload,OPEN,DUPLICATE_FIXED_BY_W,deduped_to_nonstop_ledger,W001-W420,P06,Deduped against docs/qc/NONSTOP_OWNER_WEAKNESS_LEDGER.csv and docs/qc/NONSTOP_OWNER_RESCUE_REPORT.md,No local code action remains for this risk; keep only provider/GitHub gates explicit.,ab069cc
R0206,RISK-CAT-06 Calendar / tasks / reminders / focus,нет overdue bucket,"реализовать Today/Tomorrow/Week calendar с time rows, no-time bucket, reminders, reschedule, task detail drawer",e2e: parse dated task → calendar slot → edit/reschedule → reload,OPEN,DUPLICATE_FIXED_BY_W,deduped_to_nonstop_ledger,W001-W420,P06,Deduped against docs/qc/NONSTOP_OWNER_WEAKNESS_LEDGER.csv and docs/qc/NONSTOP_OWNER_RESCUE_REPORT.md,No local code action remains for this risk; keep only provider/GitHub gates explicit.,ab069cc
R0207,RISK-CAT-06 Calendar / tasks / reminders / focus,нет recurring tasks,"реализовать Today/Tomorrow/Week calendar с time rows, no-time bucket, reminders, reschedule, task detail drawer",e2e: parse dated task → calendar slot → edit/reschedule → reload,OPEN,DUPLICATE_FIXED_BY_W,deduped_to_nonstop_ledger,W001-W420,P06,Deduped against docs/qc/NONSTOP_OWNER_WEAKNESS_LEDGER.csv and docs/qc/NONSTOP_OWNER_RESCUE_REPORT.md,No local code action remains for this risk; keep only provider/GitHub gates explicit.,ab069cc
R0208,RISK-CAT-06 Calendar / tasks / reminders / focus,нет task duration/buffer/travel time,"реализовать Today/Tomorrow/Week calendar с time rows, no-time bucket, reminders, reschedule, task detail drawer",e2e: parse dated task → calendar slot → edit/reschedule → reload,OPEN,DUPLICATE_FIXED_BY_W,deduped_to_nonstop_ledger,W001-W420,P06,Deduped against docs/qc/NONSTOP_OWNER_WEAKNESS_LEDGER.csv and docs/qc/NONSTOP_OWNER_RESCUE_REPORT.md,No local code action remains for this risk; keep only provider/GitHub gates explicit.,ab069cc
R0209,RISK-CAT-06 Calendar / tasks / reminders / focus,нет visual color by task category/project,"реализовать Today/Tomorrow/Week calendar с time rows, no-time bucket, reminders, reschedule, task detail drawer",e2e: parse dated task → calendar slot → edit/reschedule → reload,OPEN,DUPLICATE_FIXED_BY_W,deduped_to_nonstop_ledger,W001-W420,P06,Deduped against docs/qc/NONSTOP_OWNER_WEAKNESS_LEDGER.csv and docs/qc/NONSTOP_OWNER_RESCUE_REPORT.md,No local code action remains for this risk; keep only provider/GitHub gates explicit.,ab069cc
R0210,RISK-CAT-06 Calendar / tasks / reminders / focus,нет drag/reschedule or explicit time editor,"реализовать Today/Tomorrow/Week calendar с time rows, no-time bucket, reminders, reschedule, task detail drawer",e2e: parse dated task → calendar slot → edit/reschedule → reload,OPEN,DUPLICATE_FIXED_BY_W,deduped_to_nonstop_ledger,W001-W420,P06,Deduped against docs/qc/NONSTOP_OWNER_WEAKNESS_LEDGER.csv and docs/qc/NONSTOP_OWNER_RESCUE_REPORT.md,No local code action remains for this risk; keep only provider/GitHub gates explicit.,ab069cc
R0211,RISK-CAT-06 Calendar / tasks / reminders / focus,нет reminders model,"реализовать Today/Tomorrow/Week calendar с time rows, no-time bucket, reminders, reschedule, task detail drawer",e2e: parse dated task → calendar slot → edit/reschedule → reload,OPEN,DUPLICATE_FIXED_BY_W,deduped_to_nonstop_ledger,W001-W420,P06,Deduped against docs/qc/NONSTOP_OWNER_WEAKNESS_LEDGER.csv and docs/qc/NONSTOP_OWNER_RESCUE_REPORT.md,No local code action remains for this risk; keep only provider/GitHub gates explicit.,ab069cc
R0212,RISK-CAT-06 Calendar / tasks / reminders / focus,нет notification permission state,"реализовать Today/Tomorrow/Week calendar с time rows, no-time bucket, reminders, reschedule, task detail drawer",e2e: parse dated task → calendar slot → edit/reschedule → reload,OPEN,DUPLICATE_FIXED_BY_W,deduped_to_nonstop_ledger,W001-W420,P06,Deduped against docs/qc/NONSTOP_OWNER_WEAKNESS_LEDGER.csv and docs/qc/NONSTOP_OWNER_RESCUE_REPORT.md,No local code action remains for this risk; keep only provider/GitHub gates explicit.,ab069cc
R0213,RISK-CAT-06 Calendar / tasks / reminders / focus,нет service-worker/persistent reminder boundary,"реализовать Today/Tomorrow/Week calendar с time rows, no-time bucket, reminders, reschedule, task detail drawer",e2e: parse dated task → calendar slot → edit/reschedule → reload,OPEN,DUPLICATE_FIXED_BY_W,deduped_to_nonstop_ledger,W001-W420,P06,Deduped against docs/qc/NONSTOP_OWNER_WEAKNESS_LEDGER.csv and docs/qc/NONSTOP_OWNER_RESCUE_REPORT.md,No local code action remains for this risk; keep only provider/GitHub gates explicit.,ab069cc
R0214,RISK-CAT-06 Calendar / tasks / reminders / focus,нет quick add task,"реализовать Today/Tomorrow/Week calendar с time rows, no-time bucket, reminders, reschedule, task detail drawer",e2e: parse dated task → calendar slot → edit/reschedule → reload,OPEN,DUPLICATE_FIXED_BY_W,deduped_to_nonstop_ledger,W001-W420,P06,Deduped against docs/qc/NONSTOP_OWNER_WEAKNESS_LEDGER.csv and docs/qc/NONSTOP_OWNER_RESCUE_REPORT.md,No local code action remains for this risk; keep only provider/GitHub gates explicit.,ab069cc
R0215,RISK-CAT-06 Calendar / tasks / reminders / focus,нет task details drawer,"реализовать Today/Tomorrow/Week calendar с time rows, no-time bucket, reminders, reschedule, task detail drawer",e2e: parse dated task → calendar slot → edit/reschedule → reload,OPEN,DUPLICATE_FIXED_BY_W,deduped_to_nonstop_ledger,W001-W420,P06,Deduped against docs/qc/NONSTOP_OWNER_WEAKNESS_LEDGER.csv and docs/qc/NONSTOP_OWNER_RESCUE_REPORT.md,No local code action remains for this risk; keep only provider/GitHub gates explicit.,ab069cc
R0216,RISK-CAT-06 Calendar / tasks / reminders / focus,нет Done/Open/Snooze/Move to tomorrow,"реализовать Today/Tomorrow/Week calendar с time rows, no-time bucket, reminders, reschedule, task detail drawer",e2e: parse dated task → calendar slot → edit/reschedule → reload,OPEN,DUPLICATE_FIXED_BY_W,deduped_to_nonstop_ledger,W001-W420,P06,Deduped against docs/qc/NONSTOP_OWNER_WEAKNESS_LEDGER.csv and docs/qc/NONSTOP_OWNER_RESCUE_REPORT.md,No local code action remains for this risk; keep only provider/GitHub gates explicit.,ab069cc
R0217,RISK-CAT-06 Calendar / tasks / reminders / focus,нет next action extraction from project,"реализовать Today/Tomorrow/Week calendar с time rows, no-time bucket, reminders, reschedule, task detail drawer",e2e: parse dated task → calendar slot → edit/reschedule → reload,OPEN,DUPLICATE_FIXED_BY_W,deduped_to_nonstop_ledger,W001-W420,P06,Deduped against docs/qc/NONSTOP_OWNER_WEAKNESS_LEDGER.csv and docs/qc/NONSTOP_OWNER_RESCUE_REPORT.md,No local code action remains for this risk; keep only provider/GitHub gates explicit.,ab069cc
R0218,RISK-CAT-06 Calendar / tasks / reminders / focus,нет weak day/recovery mode,"реализовать Today/Tomorrow/Week calendar с time rows, no-time bucket, reminders, reschedule, task detail drawer",e2e: parse dated task → calendar slot → edit/reschedule → reload,OPEN,DUPLICATE_FIXED_BY_W,deduped_to_nonstop_ledger,W001-W420,P06,Deduped against docs/qc/NONSTOP_OWNER_WEAKNESS_LEDGER.csv and docs/qc/NONSTOP_OWNER_RESCUE_REPORT.md,No local code action remains for this risk; keep only provider/GitHub gates explicit.,ab069cc
R0219,RISK-CAT-06 Calendar / tasks / reminders / focus,нет plan vs commitment distinction,"реализовать Today/Tomorrow/Week calendar с time rows, no-time bucket, reminders, reschedule, task detail drawer",e2e: parse dated task → calendar slot → edit/reschedule → reload,OPEN,DUPLICATE_FIXED_BY_W,deduped_to_nonstop_ledger,W001-W420,P06,Deduped against docs/qc/NONSTOP_OWNER_WEAKNESS_LEDGER.csv and docs/qc/NONSTOP_OWNER_RESCUE_REPORT.md,No local code action remains for this risk; keep only provider/GitHub gates explicit.,ab069cc
R0220,RISK-CAT-06 Calendar / tasks / reminders / focus,нет calendar event vs external sync boundary,"реализовать Today/Tomorrow/Week calendar с time rows, no-time bucket, reminders, reschedule, task detail drawer",e2e: parse dated task → calendar slot → edit/reschedule → reload,OPEN,FIXED_BY_HONEST_PROVIDER_GATE_WITH_UI_AND_TEST,direct_status,W401-W420,P06,"Provider/OAuth gates are explicit in Providers/Data Control: no fake success, prepare/revoke controls, provider-run audit, owner e2e provider evidence.",No local code action remains for this risk; keep only provider/GitHub gates explicit.,ab069cc
R0221,RISK-CAT-06 Calendar / tasks / reminders / focus,нет timezone/date normalization,"реализовать Today/Tomorrow/Week calendar с time rows, no-time bucket, reminders, reschedule, task detail drawer",e2e: parse dated task → calendar slot → edit/reschedule → reload,OPEN,DUPLICATE_FIXED_BY_W,deduped_to_nonstop_ledger,W001-W420,P06,Deduped against docs/qc/NONSTOP_OWNER_WEAKNESS_LEDGER.csv and docs/qc/NONSTOP_OWNER_RESCUE_REPORT.md,No local code action remains for this risk; keep only provider/GitHub gates explicit.,ab069cc
R0222,RISK-CAT-06 Calendar / tasks / reminders / focus,нет week overview metrics,"реализовать Today/Tomorrow/Week calendar с time rows, no-time bucket, reminders, reschedule, task detail drawer",e2e: parse dated task → calendar slot → edit/reschedule → reload,OPEN,DUPLICATE_FIXED_BY_W,deduped_to_nonstop_ledger,W001-W420,P06,Deduped against docs/qc/NONSTOP_OWNER_WEAKNESS_LEDGER.csv and docs/qc/NONSTOP_OWNER_RESCUE_REPORT.md,No local code action remains for this risk; keep only provider/GitHub gates explicit.,ab069cc
R0223,RISK-CAT-06 Calendar / tasks / reminders / focus,нет task dependency model,"реализовать Today/Tomorrow/Week calendar с time rows, no-time bucket, reminders, reschedule, task detail drawer",e2e: parse dated task → calendar slot → edit/reschedule → reload,OPEN,DUPLICATE_FIXED_BY_W,deduped_to_nonstop_ledger,W001-W420,P06,Deduped against docs/qc/NONSTOP_OWNER_WEAKNESS_LEDGER.csv and docs/qc/NONSTOP_OWNER_RESCUE_REPORT.md,No local code action remains for this risk; keep only provider/GitHub gates explicit.,ab069cc
R0224,RISK-CAT-06 Calendar / tasks / reminders / focus,нет repeated missed task behavior,"реализовать Today/Tomorrow/Week calendar с time rows, no-time bucket, reminders, reschedule, task detail drawer",e2e: parse dated task → calendar slot → edit/reschedule → reload,OPEN,DUPLICATE_FIXED_BY_W,deduped_to_nonstop_ledger,W001-W420,P06,Deduped against docs/qc/NONSTOP_OWNER_WEAKNESS_LEDGER.csv and docs/qc/NONSTOP_OWNER_RESCUE_REPORT.md,No local code action remains for this risk; keep only provider/GitHub gates explicit.,ab069cc
R0225,RISK-CAT-06 Calendar / tasks / reminders / focus,нет focus session from task,"реализовать Today/Tomorrow/Week calendar с time rows, no-time bucket, reminders, reschedule, task detail drawer",e2e: parse dated task → calendar slot → edit/reschedule → reload,OPEN,DUPLICATE_FIXED_BY_W,deduped_to_nonstop_ledger,W001-W420,P06,Deduped against docs/qc/NONSTOP_OWNER_WEAKNESS_LEDGER.csv and docs/qc/NONSTOP_OWNER_RESCUE_REPORT.md,No local code action remains for this risk; keep only provider/GitHub gates explicit.,ab069cc
R0226,RISK-CAT-06 Calendar / tasks / reminders / focus,нет task source backlinks,"реализовать Today/Tomorrow/Week calendar с time rows, no-time bucket, reminders, reschedule, task detail drawer",e2e: parse dated task → calendar slot → edit/reschedule → reload,OPEN,DUPLICATE_FIXED_BY_W,deduped_to_nonstop_ledger,W001-W420,P06,Deduped against docs/qc/NONSTOP_OWNER_WEAKNESS_LEDGER.csv and docs/qc/NONSTOP_OWNER_RESCUE_REPORT.md,No local code action remains for this risk; keep only provider/GitHub gates explicit.,ab069cc
R0227,RISK-CAT-06 Calendar / tasks / reminders / focus,нет goal-linked tasks,"реализовать Today/Tomorrow/Week calendar с time rows, no-time bucket, reminders, reschedule, task detail drawer",e2e: parse dated task → calendar slot → edit/reschedule → reload,OPEN,DUPLICATE_FIXED_BY_W,deduped_to_nonstop_ledger,W001-W420,P06,Deduped against docs/qc/NONSTOP_OWNER_WEAKNESS_LEDGER.csv and docs/qc/NONSTOP_OWNER_RESCUE_REPORT.md,No local code action remains for this risk; keep only provider/GitHub gates explicit.,ab069cc
R0228,RISK-CAT-06 Calendar / tasks / reminders / focus,нет finance-linked tasks/bills,"реализовать Today/Tomorrow/Week calendar с time rows, no-time bucket, reminders, reschedule, task detail drawer",e2e: parse dated task → calendar slot → edit/reschedule → reload,OPEN,DUPLICATE_FIXED_BY_W,deduped_to_nonstop_ledger,W001-W420,P06,Deduped against docs/qc/NONSTOP_OWNER_WEAKNESS_LEDGER.csv and docs/qc/NONSTOP_OWNER_RESCUE_REPORT.md,No local code action remains for this risk; keep only provider/GitHub gates explicit.,ab069cc
R0229,RISK-CAT-06 Calendar / tasks / reminders / focus,нет habit-linked tasks/routines,"реализовать Today/Tomorrow/Week calendar с time rows, no-time bucket, reminders, reschedule, task detail drawer",e2e: parse dated task → calendar slot → edit/reschedule → reload,OPEN,DUPLICATE_FIXED_BY_W,deduped_to_nonstop_ledger,W001-W420,P06,Deduped against docs/qc/NONSTOP_OWNER_WEAKNESS_LEDGER.csv and docs/qc/NONSTOP_OWNER_RESCUE_REPORT.md,No local code action remains for this risk; keep only provider/GitHub gates explicit.,ab069cc
R0230,RISK-CAT-06 Calendar / tasks / reminders / focus,нет task search/filter,"реализовать Today/Tomorrow/Week calendar с time rows, no-time bucket, reminders, reschedule, task detail drawer",e2e: parse dated task → calendar slot → edit/reschedule → reload,OPEN,DUPLICATE_FIXED_BY_W,deduped_to_nonstop_ledger,W001-W420,P06,Deduped against docs/qc/NONSTOP_OWNER_WEAKNESS_LEDGER.csv and docs/qc/NONSTOP_OWNER_RESCUE_REPORT.md,No local code action remains for this risk; keep only provider/GitHub gates explicit.,ab069cc
R0231,RISK-CAT-06 Calendar / tasks / reminders / focus,нет project board,"реализовать Today/Tomorrow/Week calendar с time rows, no-time bucket, reminders, reschedule, task detail drawer",e2e: parse dated task → calendar slot → edit/reschedule → reload,OPEN,DUPLICATE_FIXED_BY_W,deduped_to_nonstop_ledger,W001-W420,P06,Deduped against docs/qc/NONSTOP_OWNER_WEAKNESS_LEDGER.csv and docs/qc/NONSTOP_OWNER_RESCUE_REPORT.md,No local code action remains for this risk; keep only provider/GitHub gates explicit.,ab069cc
R0232,RISK-CAT-06 Calendar / tasks / reminders / focus,нет morning/evening review,"реализовать Today/Tomorrow/Week calendar с time rows, no-time bucket, reminders, reschedule, task detail drawer",e2e: parse dated task → calendar slot → edit/reschedule → reload,OPEN,DUPLICATE_FIXED_BY_W,deduped_to_nonstop_ledger,W001-W420,P06,Deduped against docs/qc/NONSTOP_OWNER_WEAKNESS_LEDGER.csv and docs/qc/NONSTOP_OWNER_RESCUE_REPORT.md,No local code action remains for this risk; keep only provider/GitHub gates explicit.,ab069cc
R0233,RISK-CAT-06 Calendar / tasks / reminders / focus,нет day close ritual,"реализовать Today/Tomorrow/Week calendar с time rows, no-time bucket, reminders, reschedule, task detail drawer",e2e: parse dated task → calendar slot → edit/reschedule → reload,OPEN,DUPLICATE_FIXED_BY_W,deduped_to_nonstop_ledger,W001-W420,P06,Deduped against docs/qc/NONSTOP_OWNER_WEAKNESS_LEDGER.csv and docs/qc/NONSTOP_OWNER_RESCUE_REPORT.md,No local code action remains for this risk; keep only provider/GitHub gates explicit.,ab069cc
R0234,RISK-CAT-06 Calendar / tasks / reminders / focus,нет ICS import/export boundary,"реализовать Today/Tomorrow/Week calendar с time rows, no-time bucket, reminders, reschedule, task detail drawer",e2e: parse dated task → calendar slot → edit/reschedule → reload,OPEN,DUPLICATE_FIXED_BY_W,deduped_to_nonstop_ledger,W001-W420,P06,Deduped against docs/qc/NONSTOP_OWNER_WEAKNESS_LEDGER.csv and docs/qc/NONSTOP_OWNER_RESCUE_REPORT.md,No local code action remains for this risk; keep only provider/GitHub gates explicit.,ab069cc
R0235,RISK-CAT-06 Calendar / tasks / reminders / focus,нет conflict detection for overlapping blocks,"реализовать Today/Tomorrow/Week calendar с time rows, no-time bucket, reminders, reschedule, task detail drawer",e2e: parse dated task → calendar slot → edit/reschedule → reload,OPEN,DUPLICATE_FIXED_BY_W,deduped_to_nonstop_ledger,W001-W420,P06,Deduped against docs/qc/NONSTOP_OWNER_WEAKNESS_LEDGER.csv and docs/qc/NONSTOP_OWNER_RESCUE_REPORT.md,No local code action remains for this risk; keep only provider/GitHub gates explicit.,ab069cc
R0236,RISK-CAT-06 Calendar / tasks / reminders / focus,нет calendar fixture matrix,"реализовать Today/Tomorrow/Week calendar с time rows, no-time bucket, reminders, reschedule, task detail drawer",e2e: parse dated task → calendar slot → edit/reschedule → reload,OPEN,DUPLICATE_FIXED_BY_W,deduped_to_nonstop_ledger,W001-W420,P06,Deduped against docs/qc/NONSTOP_OWNER_WEAKNESS_LEDGER.csv and docs/qc/NONSTOP_OWNER_RESCUE_REPORT.md,No local code action remains for this risk; keep only provider/GitHub gates explicit.,ab069cc
R0237,RISK-CAT-06 Calendar / tasks / reminders / focus,нет visual screenshot acceptance for calendar,"реализовать Today/Tomorrow/Week calendar с time rows, no-time bucket, reminders, reschedule, task detail drawer",e2e: parse dated task → calendar slot → edit/reschedule → reload,OPEN,DUPLICATE_FIXED_BY_W,deduped_to_nonstop_ledger,W001-W420,P06,Deduped against docs/qc/NONSTOP_OWNER_WEAKNESS_LEDGER.csv and docs/qc/NONSTOP_OWNER_RESCUE_REPORT.md,No local code action remains for this risk; keep only provider/GitHub gates explicit.,ab069cc
R0238,RISK-CAT-06 Calendar / tasks / reminders / focus,нет mobile calendar flow,"реализовать Today/Tomorrow/Week calendar с time rows, no-time bucket, reminders, reschedule, task detail drawer",e2e: parse dated task → calendar slot → edit/reschedule → reload,OPEN,DUPLICATE_FIXED_BY_W,deduped_to_nonstop_ledger,W001-W420,P06,Deduped against docs/qc/NONSTOP_OWNER_WEAKNESS_LEDGER.csv and docs/qc/NONSTOP_OWNER_RESCUE_REPORT.md,No local code action remains for this risk; keep only provider/GitHub gates explicit.,ab069cc
R0239,RISK-CAT-06 Calendar / tasks / reminders / focus,нет keyboard navigation through day,"реализовать Today/Tomorrow/Week calendar с time rows, no-time bucket, reminders, reschedule, task detail drawer",e2e: parse dated task → calendar slot → edit/reschedule → reload,OPEN,DUPLICATE_FIXED_BY_W,deduped_to_nonstop_ledger,W001-W420,P06,Deduped against docs/qc/NONSTOP_OWNER_WEAKNESS_LEDGER.csv and docs/qc/NONSTOP_OWNER_RESCUE_REPORT.md,No local code action remains for this risk; keep only provider/GitHub gates explicit.,ab069cc
R0240,RISK-CAT-06 Calendar / tasks / reminders / focus,нет test that applied task appears at correct time,"реализовать Today/Tomorrow/Week calendar с time rows, no-time bucket, reminders, reschedule, task detail drawer",e2e: parse dated task → calendar slot → edit/reschedule → reload,OPEN,DUPLICATE_FIXED_BY_W,deduped_to_nonstop_ledger,W001-W420,P06,Deduped against docs/qc/NONSTOP_OWNER_WEAKNESS_LEDGER.csv and docs/qc/NONSTOP_OWNER_RESCUE_REPORT.md,No local code action remains for this risk; keep only provider/GitHub gates explicit.,ab069cc
R0241,RISK-CAT-07 Finance / budget / receipts / screenshots,нет real finance workspace,"реализовать finance objects: accounts, transactions, budgets, subscriptions, receipt images, parser, export/control",e2e: add balance/expense/subscription/screenshot receipt → budget/control/graph → reload,OPEN,DUPLICATE_FIXED_BY_W,deduped_to_nonstop_ledger,W001-W420,P07,Deduped against docs/qc/NONSTOP_OWNER_WEAKNESS_LEDGER.csv and docs/qc/NONSTOP_OWNER_RESCUE_REPORT.md,No local code action remains for this risk; keep only provider/GitHub gates explicit.,ab069cc
R0242,RISK-CAT-07 Finance / budget / receipts / screenshots,баланс не хранится как account object,"реализовать finance objects: accounts, transactions, budgets, subscriptions, receipt images, parser, export/control",e2e: add balance/expense/subscription/screenshot receipt → budget/control/graph → reload,OPEN,DUPLICATE_FIXED_BY_W,deduped_to_nonstop_ledger,W001-W420,P07,Deduped against docs/qc/NONSTOP_OWNER_WEAKNESS_LEDGER.csv and docs/qc/NONSTOP_OWNER_RESCUE_REPORT.md,No local code action remains for this risk; keep only provider/GitHub gates explicit.,ab069cc
R0243,RISK-CAT-07 Finance / budget / receipts / screenshots,расход не связан с source/screenshot,"реализовать finance objects: accounts, transactions, budgets, subscriptions, receipt images, parser, export/control",e2e: add balance/expense/subscription/screenshot receipt → budget/control/graph → reload,OPEN,DUPLICATE_FIXED_BY_W,deduped_to_nonstop_ledger,W001-W420,P07,Deduped against docs/qc/NONSTOP_OWNER_WEAKNESS_LEDGER.csv and docs/qc/NONSTOP_OWNER_RESCUE_REPORT.md,No local code action remains for this risk; keep only provider/GitHub gates explicit.,ab069cc
R0244,RISK-CAT-07 Finance / budget / receipts / screenshots,бюджет не связан с категориями,"реализовать finance objects: accounts, transactions, budgets, subscriptions, receipt images, parser, export/control",e2e: add balance/expense/subscription/screenshot receipt → budget/control/graph → reload,OPEN,DUPLICATE_FIXED_BY_W,deduped_to_nonstop_ledger,W001-W420,P07,Deduped against docs/qc/NONSTOP_OWNER_WEAKNESS_LEDGER.csv and docs/qc/NONSTOP_OWNER_RESCUE_REPORT.md,No local code action remains for this risk; keep only provider/GitHub gates explicit.,ab069cc
R0245,RISK-CAT-07 Finance / budget / receipts / screenshots,нет today spending dashboard,"реализовать finance objects: accounts, transactions, budgets, subscriptions, receipt images, parser, export/control",e2e: add balance/expense/subscription/screenshot receipt → budget/control/graph → reload,OPEN,DUPLICATE_FIXED_BY_W,deduped_to_nonstop_ledger,W001-W420,P07,Deduped against docs/qc/NONSTOP_OWNER_WEAKNESS_LEDGER.csv and docs/qc/NONSTOP_OWNER_RESCUE_REPORT.md,No local code action remains for this risk; keep only provider/GitHub gates explicit.,ab069cc
R0246,RISK-CAT-07 Finance / budget / receipts / screenshots,нет subscriptions/bills,"реализовать finance objects: accounts, transactions, budgets, subscriptions, receipt images, parser, export/control",e2e: add balance/expense/subscription/screenshot receipt → budget/control/graph → reload,OPEN,DUPLICATE_FIXED_BY_W,deduped_to_nonstop_ledger,W001-W420,P07,Deduped against docs/qc/NONSTOP_OWNER_WEAKNESS_LEDGER.csv and docs/qc/NONSTOP_OWNER_RESCUE_REPORT.md,No local code action remains for this risk; keep only provider/GitHub gates explicit.,ab069cc
R0247,RISK-CAT-07 Finance / budget / receipts / screenshots,нет recurring payments detector,"реализовать finance objects: accounts, transactions, budgets, subscriptions, receipt images, parser, export/control",e2e: add balance/expense/subscription/screenshot receipt → budget/control/graph → reload,OPEN,DUPLICATE_FIXED_BY_W,deduped_to_nonstop_ledger,W001-W420,P07,Deduped against docs/qc/NONSTOP_OWNER_WEAKNESS_LEDGER.csv and docs/qc/NONSTOP_OWNER_RESCUE_REPORT.md,No local code action remains for this risk; keep only provider/GitHub gates explicit.,ab069cc
R0248,RISK-CAT-07 Finance / budget / receipts / screenshots,нет manual expense quick entry,"реализовать finance objects: accounts, transactions, budgets, subscriptions, receipt images, parser, export/control",e2e: add balance/expense/subscription/screenshot receipt → budget/control/graph → reload,OPEN,DUPLICATE_FIXED_BY_W,deduped_to_nonstop_ledger,W001-W420,P07,Deduped against docs/qc/NONSTOP_OWNER_WEAKNESS_LEDGER.csv and docs/qc/NONSTOP_OWNER_RESCUE_REPORT.md,No local code action remains for this risk; keep only provider/GitHub gates explicit.,ab069cc
R0249,RISK-CAT-07 Finance / budget / receipts / screenshots,нет manual income/transfer entry,"реализовать finance objects: accounts, transactions, budgets, subscriptions, receipt images, parser, export/control",e2e: add balance/expense/subscription/screenshot receipt → budget/control/graph → reload,OPEN,DUPLICATE_FIXED_BY_W,deduped_to_nonstop_ledger,W001-W420,P07,Deduped against docs/qc/NONSTOP_OWNER_WEAKNESS_LEDGER.csv and docs/qc/NONSTOP_OWNER_RESCUE_REPORT.md,No local code action remains for this risk; keep only provider/GitHub gates explicit.,ab069cc
R0250,RISK-CAT-07 Finance / budget / receipts / screenshots,нет finance parser for SMS/bank text,"реализовать finance objects: accounts, transactions, budgets, subscriptions, receipt images, parser, export/control",e2e: add balance/expense/subscription/screenshot receipt → budget/control/graph → reload,OPEN,DUPLICATE_FIXED_BY_W,deduped_to_nonstop_ledger,W001-W420,P07,Deduped against docs/qc/NONSTOP_OWNER_WEAKNESS_LEDGER.csv and docs/qc/NONSTOP_OWNER_RESCUE_REPORT.md,No local code action remains for this risk; keep only provider/GitHub gates explicit.,ab069cc
R0251,RISK-CAT-07 Finance / budget / receipts / screenshots,нет screenshot receipt preview,"реализовать finance objects: accounts, transactions, budgets, subscriptions, receipt images, parser, export/control",e2e: add balance/expense/subscription/screenshot receipt → budget/control/graph → reload,OPEN,DUPLICATE_FIXED_BY_W,deduped_to_nonstop_ledger,W001-W420,P07,Deduped against docs/qc/NONSTOP_OWNER_WEAKNESS_LEDGER.csv and docs/qc/NONSTOP_OWNER_RESCUE_REPORT.md,No local code action remains for this risk; keep only provider/GitHub gates explicit.,ab069cc
R0252,RISK-CAT-07 Finance / budget / receipts / screenshots,нет OCR gate/manual extraction path,"реализовать finance objects: accounts, transactions, budgets, subscriptions, receipt images, parser, export/control",e2e: add balance/expense/subscription/screenshot receipt → budget/control/graph → reload,OPEN,FIXED_BY_HONEST_PROVIDER_GATE_WITH_UI_AND_TEST,direct_status,W401-W420,P07,"Provider/OAuth gates are explicit in Providers/Data Control: no fake success, prepare/revoke controls, provider-run audit, owner e2e provider evidence.",No local code action remains for this risk; keep only provider/GitHub gates explicit.,ab069cc
R0253,RISK-CAT-07 Finance / budget / receipts / screenshots,нет category suggestion confidence,"реализовать finance objects: accounts, transactions, budgets, subscriptions, receipt images, parser, export/control",e2e: add balance/expense/subscription/screenshot receipt → budget/control/graph → reload,OPEN,DUPLICATE_FIXED_BY_W,deduped_to_nonstop_ledger,W001-W420,P07,Deduped against docs/qc/NONSTOP_OWNER_WEAKNESS_LEDGER.csv and docs/qc/NONSTOP_OWNER_RESCUE_REPORT.md,No local code action remains for this risk; keep only provider/GitHub gates explicit.,ab069cc
R0254,RISK-CAT-07 Finance / budget / receipts / screenshots,нет merchant normalization,"реализовать finance objects: accounts, transactions, budgets, subscriptions, receipt images, parser, export/control",e2e: add balance/expense/subscription/screenshot receipt → budget/control/graph → reload,OPEN,DUPLICATE_FIXED_BY_W,deduped_to_nonstop_ledger,W001-W420,P07,Deduped against docs/qc/NONSTOP_OWNER_WEAKNESS_LEDGER.csv and docs/qc/NONSTOP_OWNER_RESCUE_REPORT.md,No local code action remains for this risk; keep only provider/GitHub gates explicit.,ab069cc
R0255,RISK-CAT-07 Finance / budget / receipts / screenshots,нет currency handling,"реализовать finance objects: accounts, transactions, budgets, subscriptions, receipt images, parser, export/control",e2e: add balance/expense/subscription/screenshot receipt → budget/control/graph → reload,OPEN,DUPLICATE_FIXED_BY_W,deduped_to_nonstop_ledger,W001-W420,P07,Deduped against docs/qc/NONSTOP_OWNER_WEAKNESS_LEDGER.csv and docs/qc/NONSTOP_OWNER_RESCUE_REPORT.md,No local code action remains for this risk; keep only provider/GitHub gates explicit.,ab069cc
R0256,RISK-CAT-07 Finance / budget / receipts / screenshots,нет cash/card/account split,"реализовать finance objects: accounts, transactions, budgets, subscriptions, receipt images, parser, export/control",e2e: add balance/expense/subscription/screenshot receipt → budget/control/graph → reload,OPEN,DUPLICATE_FIXED_BY_W,deduped_to_nonstop_ledger,W001-W420,P07,Deduped against docs/qc/NONSTOP_OWNER_WEAKNESS_LEDGER.csv and docs/qc/NONSTOP_OWNER_RESCUE_REPORT.md,No local code action remains for this risk; keep only provider/GitHub gates explicit.,ab069cc
R0257,RISK-CAT-07 Finance / budget / receipts / screenshots,нет monthly budget progress,"реализовать finance objects: accounts, transactions, budgets, subscriptions, receipt images, parser, export/control",e2e: add balance/expense/subscription/screenshot receipt → budget/control/graph → reload,OPEN,DUPLICATE_FIXED_BY_W,deduped_to_nonstop_ledger,W001-W420,P07,Deduped against docs/qc/NONSTOP_OWNER_WEAKNESS_LEDGER.csv and docs/qc/NONSTOP_OWNER_RESCUE_REPORT.md,No local code action remains for this risk; keep only provider/GitHub gates explicit.,ab069cc
R0258,RISK-CAT-07 Finance / budget / receipts / screenshots,нет safe remaining money calculation,"реализовать finance objects: accounts, transactions, budgets, subscriptions, receipt images, parser, export/control",e2e: add balance/expense/subscription/screenshot receipt → budget/control/graph → reload,OPEN,DUPLICATE_FIXED_BY_W,deduped_to_nonstop_ledger,W001-W420,P07,Deduped against docs/qc/NONSTOP_OWNER_WEAKNESS_LEDGER.csv and docs/qc/NONSTOP_OWNER_RESCUE_REPORT.md,No local code action remains for this risk; keep only provider/GitHub gates explicit.,ab069cc
R0259,RISK-CAT-07 Finance / budget / receipts / screenshots,нет protected reserve,"реализовать finance objects: accounts, transactions, budgets, subscriptions, receipt images, parser, export/control",e2e: add balance/expense/subscription/screenshot receipt → budget/control/graph → reload,OPEN,DUPLICATE_FIXED_BY_W,deduped_to_nonstop_ledger,W001-W420,P07,Deduped against docs/qc/NONSTOP_OWNER_WEAKNESS_LEDGER.csv and docs/qc/NONSTOP_OWNER_RESCUE_REPORT.md,No local code action remains for this risk; keep only provider/GitHub gates explicit.,ab069cc
R0260,RISK-CAT-07 Finance / budget / receipts / screenshots,нет bill due calendar blocks,"реализовать finance objects: accounts, transactions, budgets, subscriptions, receipt images, parser, export/control",e2e: add balance/expense/subscription/screenshot receipt → budget/control/graph → reload,OPEN,DUPLICATE_FIXED_BY_W,deduped_to_nonstop_ledger,W001-W420,P06,Deduped against docs/qc/NONSTOP_OWNER_WEAKNESS_LEDGER.csv and docs/qc/NONSTOP_OWNER_RESCUE_REPORT.md,No local code action remains for this risk; keep only provider/GitHub gates explicit.,ab069cc
R0261,RISK-CAT-07 Finance / budget / receipts / screenshots,нет anomaly/duplicate transaction detection,"реализовать finance objects: accounts, transactions, budgets, subscriptions, receipt images, parser, export/control",e2e: add balance/expense/subscription/screenshot receipt → budget/control/graph → reload,OPEN,DUPLICATE_FIXED_BY_W,deduped_to_nonstop_ledger,W001-W420,P07,Deduped against docs/qc/NONSTOP_OWNER_WEAKNESS_LEDGER.csv and docs/qc/NONSTOP_OWNER_RESCUE_REPORT.md,No local code action remains for this risk; keep only provider/GitHub gates explicit.,ab069cc
R0262,RISK-CAT-07 Finance / budget / receipts / screenshots,нет refund/return tracker,"реализовать finance objects: accounts, transactions, budgets, subscriptions, receipt images, parser, export/control",e2e: add balance/expense/subscription/screenshot receipt → budget/control/graph → reload,OPEN,DUPLICATE_FIXED_BY_W,deduped_to_nonstop_ledger,W001-W420,P07,Deduped against docs/qc/NONSTOP_OWNER_WEAKNESS_LEDGER.csv and docs/qc/NONSTOP_OWNER_RESCUE_REPORT.md,No local code action remains for this risk; keep only provider/GitHub gates explicit.,ab069cc
R0263,RISK-CAT-07 Finance / budget / receipts / screenshots,нет debt tracker,"реализовать finance objects: accounts, transactions, budgets, subscriptions, receipt images, parser, export/control",e2e: add balance/expense/subscription/screenshot receipt → budget/control/graph → reload,OPEN,DUPLICATE_FIXED_BY_W,deduped_to_nonstop_ledger,W001-W420,P07,Deduped against docs/qc/NONSTOP_OWNER_WEAKNESS_LEDGER.csv and docs/qc/NONSTOP_OWNER_RESCUE_REPORT.md,No local code action remains for this risk; keep only provider/GitHub gates explicit.,ab069cc
R0264,RISK-CAT-07 Finance / budget / receipts / screenshots,нет savings goals,"реализовать finance objects: accounts, transactions, budgets, subscriptions, receipt images, parser, export/control",e2e: add balance/expense/subscription/screenshot receipt → budget/control/graph → reload,OPEN,DUPLICATE_FIXED_BY_W,deduped_to_nonstop_ledger,W001-W420,P07,Deduped against docs/qc/NONSTOP_OWNER_WEAKNESS_LEDGER.csv and docs/qc/NONSTOP_OWNER_RESCUE_REPORT.md,No local code action remains for this risk; keep only provider/GitHub gates explicit.,ab069cc
R0265,RISK-CAT-07 Finance / budget / receipts / screenshots,нет net worth snapshot,"реализовать finance objects: accounts, transactions, budgets, subscriptions, receipt images, parser, export/control",e2e: add balance/expense/subscription/screenshot receipt → budget/control/graph → reload,OPEN,DUPLICATE_FIXED_BY_W,deduped_to_nonstop_ledger,W001-W420,P07,Deduped against docs/qc/NONSTOP_OWNER_WEAKNESS_LEDGER.csv and docs/qc/NONSTOP_OWNER_RESCUE_REPORT.md,No local code action remains for this risk; keep only provider/GitHub gates explicit.,ab069cc
R0266,RISK-CAT-07 Finance / budget / receipts / screenshots,нет export finance CSV/JSON,"реализовать finance objects: accounts, transactions, budgets, subscriptions, receipt images, parser, export/control",e2e: add balance/expense/subscription/screenshot receipt → budget/control/graph → reload,OPEN,DUPLICATE_FIXED_BY_W,deduped_to_nonstop_ledger,W001-W420,P07,Deduped against docs/qc/NONSTOP_OWNER_WEAKNESS_LEDGER.csv and docs/qc/NONSTOP_OWNER_RESCUE_REPORT.md,No local code action remains for this risk; keep only provider/GitHub gates explicit.,ab069cc
R0267,RISK-CAT-07 Finance / budget / receipts / screenshots,нет privacy marking for finance,"реализовать finance objects: accounts, transactions, budgets, subscriptions, receipt images, parser, export/control",e2e: add balance/expense/subscription/screenshot receipt → budget/control/graph → reload,OPEN,DUPLICATE_FIXED_BY_W,deduped_to_nonstop_ledger,W001-W420,P07,Deduped against docs/qc/NONSTOP_OWNER_WEAKNESS_LEDGER.csv and docs/qc/NONSTOP_OWNER_RESCUE_REPORT.md,No local code action remains for this risk; keep only provider/GitHub gates explicit.,ab069cc
R0268,RISK-CAT-07 Finance / budget / receipts / screenshots,нет finance graph nodes,"реализовать finance objects: accounts, transactions, budgets, subscriptions, receipt images, parser, export/control",e2e: add balance/expense/subscription/screenshot receipt → budget/control/graph → reload,OPEN,DUPLICATE_FIXED_BY_W,deduped_to_nonstop_ledger,W001-W420,P07,Deduped against docs/qc/NONSTOP_OWNER_WEAKNESS_LEDGER.csv and docs/qc/NONSTOP_OWNER_RESCUE_REPORT.md,No local code action remains for this risk; keep only provider/GitHub gates explicit.,ab069cc
R0269,RISK-CAT-07 Finance / budget / receipts / screenshots,нет finance Data Control trail,"реализовать finance objects: accounts, transactions, budgets, subscriptions, receipt images, parser, export/control",e2e: add balance/expense/subscription/screenshot receipt → budget/control/graph → reload,OPEN,DUPLICATE_FIXED_BY_W,deduped_to_nonstop_ledger,W001-W420,P07,Deduped against docs/qc/NONSTOP_OWNER_WEAKNESS_LEDGER.csv and docs/qc/NONSTOP_OWNER_RESCUE_REPORT.md,No local code action remains for this risk; keep only provider/GitHub gates explicit.,ab069cc
R0270,RISK-CAT-07 Finance / budget / receipts / screenshots,нет attach file/image to transaction,"реализовать finance objects: accounts, transactions, budgets, subscriptions, receipt images, parser, export/control",e2e: add balance/expense/subscription/screenshot receipt → budget/control/graph → reload,OPEN,DUPLICATE_FIXED_BY_W,deduped_to_nonstop_ledger,W001-W420,P07,Deduped against docs/qc/NONSTOP_OWNER_WEAKNESS_LEDGER.csv and docs/qc/NONSTOP_OWNER_RESCUE_REPORT.md,No local code action remains for this risk; keep only provider/GitHub gates explicit.,ab069cc
R0271,RISK-CAT-07 Finance / budget / receipts / screenshots,нет budget warning not shameful,"реализовать finance objects: accounts, transactions, budgets, subscriptions, receipt images, parser, export/control",e2e: add balance/expense/subscription/screenshot receipt → budget/control/graph → reload,OPEN,DUPLICATE_FIXED_BY_W,deduped_to_nonstop_ledger,W001-W420,P07,Deduped against docs/qc/NONSTOP_OWNER_WEAKNESS_LEDGER.csv and docs/qc/NONSTOP_OWNER_RESCUE_REPORT.md,No local code action remains for this risk; keep only provider/GitHub gates explicit.,ab069cc
R0272,RISK-CAT-07 Finance / budget / receipts / screenshots,нет finance mobile quick capture,"реализовать finance objects: accounts, transactions, budgets, subscriptions, receipt images, parser, export/control",e2e: add balance/expense/subscription/screenshot receipt → budget/control/graph → reload,OPEN,DUPLICATE_FIXED_BY_W,deduped_to_nonstop_ledger,W001-W420,P03,Deduped against docs/qc/NONSTOP_OWNER_WEAKNESS_LEDGER.csv and docs/qc/NONSTOP_OWNER_RESCUE_REPORT.md,No local code action remains for this risk; keep only provider/GitHub gates explicit.,ab069cc
R0273,RISK-CAT-07 Finance / budget / receipts / screenshots,нет finance import dry-run,"реализовать finance objects: accounts, transactions, budgets, subscriptions, receipt images, parser, export/control",e2e: add balance/expense/subscription/screenshot receipt → budget/control/graph → reload,OPEN,DUPLICATE_FIXED_BY_W,deduped_to_nonstop_ledger,W001-W420,P07,Deduped against docs/qc/NONSTOP_OWNER_WEAKNESS_LEDGER.csv and docs/qc/NONSTOP_OWNER_RESCUE_REPORT.md,No local code action remains for this risk; keep only provider/GitHub gates explicit.,ab069cc
R0274,RISK-CAT-07 Finance / budget / receipts / screenshots,нет transaction edit history,"реализовать finance objects: accounts, transactions, budgets, subscriptions, receipt images, parser, export/control",e2e: add balance/expense/subscription/screenshot receipt → budget/control/graph → reload,OPEN,DUPLICATE_FIXED_BY_W,deduped_to_nonstop_ledger,W001-W420,P07,Deduped against docs/qc/NONSTOP_OWNER_WEAKNESS_LEDGER.csv and docs/qc/NONSTOP_OWNER_RESCUE_REPORT.md,No local code action remains for this risk; keep only provider/GitHub gates explicit.,ab069cc
R0275,RISK-CAT-07 Finance / budget / receipts / screenshots,нет subscription cancel flow gate,"реализовать finance objects: accounts, transactions, budgets, subscriptions, receipt images, parser, export/control",e2e: add balance/expense/subscription/screenshot receipt → budget/control/graph → reload,OPEN,DUPLICATE_FIXED_BY_W,deduped_to_nonstop_ledger,W001-W420,P07,Deduped against docs/qc/NONSTOP_OWNER_WEAKNESS_LEDGER.csv and docs/qc/NONSTOP_OWNER_RESCUE_REPORT.md,No local code action remains for this risk; keep only provider/GitHub gates explicit.,ab069cc
R0276,RISK-CAT-07 Finance / budget / receipts / screenshots,нет finance dashboard with actionable next steps,"реализовать finance objects: accounts, transactions, budgets, subscriptions, receipt images, parser, export/control",e2e: add balance/expense/subscription/screenshot receipt → budget/control/graph → reload,OPEN,DUPLICATE_FIXED_BY_W,deduped_to_nonstop_ledger,W001-W420,P07,Deduped against docs/qc/NONSTOP_OWNER_WEAKNESS_LEDGER.csv and docs/qc/NONSTOP_OWNER_RESCUE_REPORT.md,No local code action remains for this risk; keep only provider/GitHub gates explicit.,ab069cc
R0277,RISK-CAT-07 Finance / budget / receipts / screenshots,нет categories customization,"реализовать finance objects: accounts, transactions, budgets, subscriptions, receipt images, parser, export/control",e2e: add balance/expense/subscription/screenshot receipt → budget/control/graph → reload,OPEN,DUPLICATE_FIXED_BY_W,deduped_to_nonstop_ledger,W001-W420,P07,Deduped against docs/qc/NONSTOP_OWNER_WEAKNESS_LEDGER.csv and docs/qc/NONSTOP_OWNER_RESCUE_REPORT.md,No local code action remains for this risk; keep only provider/GitHub gates explicit.,ab069cc
R0278,RISK-CAT-07 Finance / budget / receipts / screenshots,нет test for balance update,"реализовать finance objects: accounts, transactions, budgets, subscriptions, receipt images, parser, export/control",e2e: add balance/expense/subscription/screenshot receipt → budget/control/graph → reload,OPEN,DUPLICATE_FIXED_BY_W,deduped_to_nonstop_ledger,W001-W420,P07,Deduped against docs/qc/NONSTOP_OWNER_WEAKNESS_LEDGER.csv and docs/qc/NONSTOP_OWNER_RESCUE_REPORT.md,No local code action remains for this risk; keep only provider/GitHub gates explicit.,ab069cc
R0279,RISK-CAT-07 Finance / budget / receipts / screenshots,нет test for expense screenshot manual save,"реализовать finance objects: accounts, transactions, budgets, subscriptions, receipt images, parser, export/control",e2e: add balance/expense/subscription/screenshot receipt → budget/control/graph → reload,OPEN,DUPLICATE_FIXED_BY_W,deduped_to_nonstop_ledger,W001-W420,P07,Deduped against docs/qc/NONSTOP_OWNER_WEAKNESS_LEDGER.csv and docs/qc/NONSTOP_OWNER_RESCUE_REPORT.md,No local code action remains for this risk; keep only provider/GitHub gates explicit.,ab069cc
R0280,RISK-CAT-07 Finance / budget / receipts / screenshots,нет test for subscription parsing,"реализовать finance objects: accounts, transactions, budgets, subscriptions, receipt images, parser, export/control",e2e: add balance/expense/subscription/screenshot receipt → budget/control/graph → reload,OPEN,DUPLICATE_FIXED_BY_W,deduped_to_nonstop_ledger,W001-W420,P07,Deduped against docs/qc/NONSTOP_OWNER_WEAKNESS_LEDGER.csv and docs/qc/NONSTOP_OWNER_RESCUE_REPORT.md,No local code action remains for this risk; keep only provider/GitHub gates explicit.,ab069cc
R0281,RISK-CAT-08 Habits / goals / wheel of balance / progress,"привычки — только задачи, не habit objects","реализовать habit/goal/progress objects и dashboard, check-ins, wheel of balance, soft recovery, graph/control","e2e: create/check habit, goal progress, wheel score, graph/control → reload",OPEN,DUPLICATE_FIXED_BY_W,deduped_to_nonstop_ledger,W001-W420,P08,Deduped against docs/qc/NONSTOP_OWNER_WEAKNESS_LEDGER.csv and docs/qc/NONSTOP_OWNER_RESCUE_REPORT.md,No local code action remains for this risk; keep only provider/GitHub gates explicit.,ab069cc
R0282,RISK-CAT-08 Habits / goals / wheel of balance / progress,нет daily/weekly/custom frequency,"реализовать habit/goal/progress objects и dashboard, check-ins, wheel of balance, soft recovery, graph/control","e2e: create/check habit, goal progress, wheel score, graph/control → reload",OPEN,DUPLICATE_FIXED_BY_W,deduped_to_nonstop_ledger,W001-W420,P08,Deduped against docs/qc/NONSTOP_OWNER_WEAKNESS_LEDGER.csv and docs/qc/NONSTOP_OWNER_RESCUE_REPORT.md,No local code action remains for this risk; keep only provider/GitHub gates explicit.,ab069cc
R0283,RISK-CAT-08 Habits / goals / wheel of balance / progress,нет check/uncheck today,"реализовать habit/goal/progress objects и dashboard, check-ins, wheel of balance, soft recovery, graph/control","e2e: create/check habit, goal progress, wheel score, graph/control → reload",OPEN,DUPLICATE_FIXED_BY_W,deduped_to_nonstop_ledger,W001-W420,P08,Deduped against docs/qc/NONSTOP_OWNER_WEAKNESS_LEDGER.csv and docs/qc/NONSTOP_OWNER_RESCUE_REPORT.md,No local code action remains for this risk; keep only provider/GitHub gates explicit.,ab069cc
R0284,RISK-CAT-08 Habits / goals / wheel of balance / progress,нет streak with recovery not punishment,"реализовать habit/goal/progress objects и dashboard, check-ins, wheel of balance, soft recovery, graph/control","e2e: create/check habit, goal progress, wheel score, graph/control → reload",OPEN,DUPLICATE_FIXED_BY_W,deduped_to_nonstop_ledger,W001-W420,P08,Deduped against docs/qc/NONSTOP_OWNER_WEAKNESS_LEDGER.csv and docs/qc/NONSTOP_OWNER_RESCUE_REPORT.md,No local code action remains for this risk; keep only provider/GitHub gates explicit.,ab069cc
R0285,RISK-CAT-08 Habits / goals / wheel of balance / progress,нет habit source/reason,"реализовать habit/goal/progress objects и dashboard, check-ins, wheel of balance, soft recovery, graph/control","e2e: create/check habit, goal progress, wheel score, graph/control → reload",OPEN,DUPLICATE_FIXED_BY_W,deduped_to_nonstop_ledger,W001-W420,P08,Deduped against docs/qc/NONSTOP_OWNER_WEAKNESS_LEDGER.csv and docs/qc/NONSTOP_OWNER_RESCUE_REPORT.md,No local code action remains for this risk; keep only provider/GitHub gates explicit.,ab069cc
R0286,RISK-CAT-08 Habits / goals / wheel of balance / progress,нет habit linked to goal,"реализовать habit/goal/progress objects и dashboard, check-ins, wheel of balance, soft recovery, graph/control","e2e: create/check habit, goal progress, wheel score, graph/control → reload",OPEN,DUPLICATE_FIXED_BY_W,deduped_to_nonstop_ledger,W001-W420,P08,Deduped against docs/qc/NONSTOP_OWNER_WEAKNESS_LEDGER.csv and docs/qc/NONSTOP_OWNER_RESCUE_REPORT.md,No local code action remains for this risk; keep only provider/GitHub gates explicit.,ab069cc
R0287,RISK-CAT-08 Habits / goals / wheel of balance / progress,нет habit reminders,"реализовать habit/goal/progress objects и dashboard, check-ins, wheel of balance, soft recovery, graph/control","e2e: create/check habit, goal progress, wheel score, graph/control → reload",OPEN,DUPLICATE_FIXED_BY_W,deduped_to_nonstop_ledger,W001-W420,P06,Deduped against docs/qc/NONSTOP_OWNER_WEAKNESS_LEDGER.csv and docs/qc/NONSTOP_OWNER_RESCUE_REPORT.md,No local code action remains for this risk; keep only provider/GitHub gates explicit.,ab069cc
R0288,RISK-CAT-08 Habits / goals / wheel of balance / progress,нет routine steps,"реализовать habit/goal/progress objects и dashboard, check-ins, wheel of balance, soft recovery, graph/control","e2e: create/check habit, goal progress, wheel score, graph/control → reload",OPEN,DUPLICATE_FIXED_BY_W,deduped_to_nonstop_ledger,W001-W420,P08,Deduped against docs/qc/NONSTOP_OWNER_WEAKNESS_LEDGER.csv and docs/qc/NONSTOP_OWNER_RESCUE_REPORT.md,No local code action remains for this risk; keep only provider/GitHub gates explicit.,ab069cc
R0289,RISK-CAT-08 Habits / goals / wheel of balance / progress,нет morning/evening routine,"реализовать habit/goal/progress objects и dashboard, check-ins, wheel of balance, soft recovery, graph/control","e2e: create/check habit, goal progress, wheel score, graph/control → reload",OPEN,DUPLICATE_FIXED_BY_W,deduped_to_nonstop_ledger,W001-W420,P08,Deduped against docs/qc/NONSTOP_OWNER_WEAKNESS_LEDGER.csv and docs/qc/NONSTOP_OWNER_RESCUE_REPORT.md,No local code action remains for this risk; keep only provider/GitHub gates explicit.,ab069cc
R0290,RISK-CAT-08 Habits / goals / wheel of balance / progress,нет habit limits/overload guard,"реализовать habit/goal/progress objects и dashboard, check-ins, wheel of balance, soft recovery, graph/control","e2e: create/check habit, goal progress, wheel score, graph/control → reload",OPEN,DUPLICATE_FIXED_BY_W,deduped_to_nonstop_ledger,W001-W420,P08,Deduped against docs/qc/NONSTOP_OWNER_WEAKNESS_LEDGER.csv and docs/qc/NONSTOP_OWNER_RESCUE_REPORT.md,No local code action remains for this risk; keep only provider/GitHub gates explicit.,ab069cc
R0291,RISK-CAT-08 Habits / goals / wheel of balance / progress,нет habit notes/reflections,"реализовать habit/goal/progress objects и dashboard, check-ins, wheel of balance, soft recovery, graph/control","e2e: create/check habit, goal progress, wheel score, graph/control → reload",OPEN,DUPLICATE_FIXED_BY_W,deduped_to_nonstop_ledger,W001-W420,P08,Deduped against docs/qc/NONSTOP_OWNER_WEAKNESS_LEDGER.csv and docs/qc/NONSTOP_OWNER_RESCUE_REPORT.md,No local code action remains for this risk; keep only provider/GitHub gates explicit.,ab069cc
R0292,RISK-CAT-08 Habits / goals / wheel of balance / progress,нет goal object with target/date/progress,"реализовать habit/goal/progress objects и dashboard, check-ins, wheel of balance, soft recovery, graph/control","e2e: create/check habit, goal progress, wheel score, graph/control → reload",OPEN,DUPLICATE_FIXED_BY_W,deduped_to_nonstop_ledger,W001-W420,P08,Deduped against docs/qc/NONSTOP_OWNER_WEAKNESS_LEDGER.csv and docs/qc/NONSTOP_OWNER_RESCUE_REPORT.md,No local code action remains for this risk; keep only provider/GitHub gates explicit.,ab069cc
R0293,RISK-CAT-08 Habits / goals / wheel of balance / progress,нет goal next action,"реализовать habit/goal/progress objects и dashboard, check-ins, wheel of balance, soft recovery, graph/control","e2e: create/check habit, goal progress, wheel score, graph/control → reload",OPEN,DUPLICATE_FIXED_BY_W,deduped_to_nonstop_ledger,W001-W420,P08,Deduped against docs/qc/NONSTOP_OWNER_WEAKNESS_LEDGER.csv and docs/qc/NONSTOP_OWNER_RESCUE_REPORT.md,No local code action remains for this risk; keep only provider/GitHub gates explicit.,ab069cc
R0294,RISK-CAT-08 Habits / goals / wheel of balance / progress,нет goal linked to tasks/habits/finance,"реализовать habit/goal/progress objects и dashboard, check-ins, wheel of balance, soft recovery, graph/control","e2e: create/check habit, goal progress, wheel score, graph/control → reload",OPEN,DUPLICATE_FIXED_BY_W,deduped_to_nonstop_ledger,W001-W420,P06,Deduped against docs/qc/NONSTOP_OWNER_WEAKNESS_LEDGER.csv and docs/qc/NONSTOP_OWNER_RESCUE_REPORT.md,No local code action remains for this risk; keep only provider/GitHub gates explicit.,ab069cc
R0295,RISK-CAT-08 Habits / goals / wheel of balance / progress,нет milestone model,"реализовать habit/goal/progress objects и dashboard, check-ins, wheel of balance, soft recovery, graph/control","e2e: create/check habit, goal progress, wheel score, graph/control → reload",OPEN,DUPLICATE_FIXED_BY_W,deduped_to_nonstop_ledger,W001-W420,P08,Deduped against docs/qc/NONSTOP_OWNER_WEAKNESS_LEDGER.csv and docs/qc/NONSTOP_OWNER_RESCUE_REPORT.md,No local code action remains for this risk; keep only provider/GitHub gates explicit.,ab069cc
R0296,RISK-CAT-08 Habits / goals / wheel of balance / progress,нет progress review screen,"реализовать habit/goal/progress objects и dashboard, check-ins, wheel of balance, soft recovery, graph/control","e2e: create/check habit, goal progress, wheel score, graph/control → reload",OPEN,DUPLICATE_FIXED_BY_W,deduped_to_nonstop_ledger,W001-W420,P08,Deduped against docs/qc/NONSTOP_OWNER_WEAKNESS_LEDGER.csv and docs/qc/NONSTOP_OWNER_RESCUE_REPORT.md,No local code action remains for this risk; keep only provider/GitHub gates explicit.,ab069cc
R0297,RISK-CAT-08 Habits / goals / wheel of balance / progress,нет wheel of balance,"реализовать habit/goal/progress objects и dashboard, check-ins, wheel of balance, soft recovery, graph/control","e2e: create/check habit, goal progress, wheel score, graph/control → reload",OPEN,DUPLICATE_FIXED_BY_W,deduped_to_nonstop_ledger,W001-W420,P08,Deduped against docs/qc/NONSTOP_OWNER_WEAKNESS_LEDGER.csv and docs/qc/NONSTOP_OWNER_RESCUE_REPORT.md,No local code action remains for this risk; keep only provider/GitHub gates explicit.,ab069cc
R0298,RISK-CAT-08 Habits / goals / wheel of balance / progress,wheel categories not customizable,"реализовать habit/goal/progress objects и dashboard, check-ins, wheel of balance, soft recovery, graph/control","e2e: create/check habit, goal progress, wheel score, graph/control → reload",OPEN,DUPLICATE_FIXED_BY_W,deduped_to_nonstop_ledger,W001-W420,P08,Deduped against docs/qc/NONSTOP_OWNER_WEAKNESS_LEDGER.csv and docs/qc/NONSTOP_OWNER_RESCUE_REPORT.md,No local code action remains for this risk; keep only provider/GitHub gates explicit.,ab069cc
R0299,RISK-CAT-08 Habits / goals / wheel of balance / progress,wheel scores not explained,"реализовать habit/goal/progress objects и dashboard, check-ins, wheel of balance, soft recovery, graph/control","e2e: create/check habit, goal progress, wheel score, graph/control → reload",OPEN,DUPLICATE_FIXED_BY_W,deduped_to_nonstop_ledger,W001-W420,P08,Deduped against docs/qc/NONSTOP_OWNER_WEAKNESS_LEDGER.csv and docs/qc/NONSTOP_OWNER_RESCUE_REPORT.md,No local code action remains for this risk; keep only provider/GitHub gates explicit.,ab069cc
R0300,RISK-CAT-08 Habits / goals / wheel of balance / progress,нет history of balance scores,"реализовать habit/goal/progress objects и dashboard, check-ins, wheel of balance, soft recovery, graph/control","e2e: create/check habit, goal progress, wheel score, graph/control → reload",OPEN,DUPLICATE_FIXED_BY_W,deduped_to_nonstop_ledger,W001-W420,P08,Deduped against docs/qc/NONSTOP_OWNER_WEAKNESS_LEDGER.csv and docs/qc/NONSTOP_OWNER_RESCUE_REPORT.md,No local code action remains for this risk; keep only provider/GitHub gates explicit.,ab069cc
R0301,RISK-CAT-08 Habits / goals / wheel of balance / progress,нет weekly review for goals,"реализовать habit/goal/progress objects и dashboard, check-ins, wheel of balance, soft recovery, graph/control","e2e: create/check habit, goal progress, wheel score, graph/control → reload",OPEN,DUPLICATE_FIXED_BY_W,deduped_to_nonstop_ledger,W001-W420,P08,Deduped against docs/qc/NONSTOP_OWNER_WEAKNESS_LEDGER.csv and docs/qc/NONSTOP_OWNER_RESCUE_REPORT.md,No local code action remains for this risk; keep only provider/GitHub gates explicit.,ab069cc
R0302,RISK-CAT-08 Habits / goals / wheel of balance / progress,нет energy/mood/resource signals,"реализовать habit/goal/progress objects и dashboard, check-ins, wheel of balance, soft recovery, graph/control","e2e: create/check habit, goal progress, wheel score, graph/control → reload",OPEN,DUPLICATE_FIXED_BY_W,deduped_to_nonstop_ledger,W001-W420,P08,Deduped against docs/qc/NONSTOP_OWNER_WEAKNESS_LEDGER.csv and docs/qc/NONSTOP_OWNER_RESCUE_REPORT.md,No local code action remains for this risk; keep only provider/GitHub gates explicit.,ab069cc
R0303,RISK-CAT-08 Habits / goals / wheel of balance / progress,нет small wins timeline,"реализовать habit/goal/progress objects и dashboard, check-ins, wheel of balance, soft recovery, graph/control","e2e: create/check habit, goal progress, wheel score, graph/control → reload",OPEN,DUPLICATE_FIXED_BY_W,deduped_to_nonstop_ledger,W001-W420,P08,Deduped against docs/qc/NONSTOP_OWNER_WEAKNESS_LEDGER.csv and docs/qc/NONSTOP_OWNER_RESCUE_REPORT.md,No local code action remains for this risk; keep only provider/GitHub gates explicit.,ab069cc
R0304,RISK-CAT-08 Habits / goals / wheel of balance / progress,нет experiments tracker,"реализовать habit/goal/progress objects и dashboard, check-ins, wheel of balance, soft recovery, graph/control","e2e: create/check habit, goal progress, wheel score, graph/control → reload",OPEN,DUPLICATE_FIXED_BY_W,deduped_to_nonstop_ledger,W001-W420,P08,Deduped against docs/qc/NONSTOP_OWNER_WEAKNESS_LEDGER.csv and docs/qc/NONSTOP_OWNER_RESCUE_REPORT.md,No local code action remains for this risk; keep only provider/GitHub gates explicit.,ab069cc
R0305,RISK-CAT-08 Habits / goals / wheel of balance / progress,нет regression/recovery after broken streak,"реализовать habit/goal/progress objects и dashboard, check-ins, wheel of balance, soft recovery, graph/control","e2e: create/check habit, goal progress, wheel score, graph/control → reload",OPEN,DUPLICATE_FIXED_BY_W,deduped_to_nonstop_ledger,W001-W420,P08,Deduped against docs/qc/NONSTOP_OWNER_WEAKNESS_LEDGER.csv and docs/qc/NONSTOP_OWNER_RESCUE_REPORT.md,No local code action remains for this risk; keep only provider/GitHub gates explicit.,ab069cc
R0306,RISK-CAT-08 Habits / goals / wheel of balance / progress,нет progress metrics units,"реализовать habit/goal/progress objects и dashboard, check-ins, wheel of balance, soft recovery, graph/control","e2e: create/check habit, goal progress, wheel score, graph/control → reload",OPEN,DUPLICATE_FIXED_BY_W,deduped_to_nonstop_ledger,W001-W420,P08,Deduped against docs/qc/NONSTOP_OWNER_WEAKNESS_LEDGER.csv and docs/qc/NONSTOP_OWNER_RESCUE_REPORT.md,No local code action remains for this risk; keep only provider/GitHub gates explicit.,ab069cc
R0307,RISK-CAT-08 Habits / goals / wheel of balance / progress,нет no-shame language,"реализовать habit/goal/progress objects и dashboard, check-ins, wheel of balance, soft recovery, graph/control","e2e: create/check habit, goal progress, wheel score, graph/control → reload",OPEN,DUPLICATE_FIXED_BY_W,deduped_to_nonstop_ledger,W001-W420,P08,Deduped against docs/qc/NONSTOP_OWNER_WEAKNESS_LEDGER.csv and docs/qc/NONSTOP_OWNER_RESCUE_REPORT.md,No local code action remains for this risk; keep only provider/GitHub gates explicit.,ab069cc
R0308,RISK-CAT-08 Habits / goals / wheel of balance / progress,нет goal archive/finish/reopen,"реализовать habit/goal/progress objects и dashboard, check-ins, wheel of balance, soft recovery, graph/control","e2e: create/check habit, goal progress, wheel score, graph/control → reload",OPEN,DUPLICATE_FIXED_BY_W,deduped_to_nonstop_ledger,W001-W420,P08,Deduped against docs/qc/NONSTOP_OWNER_WEAKNESS_LEDGER.csv and docs/qc/NONSTOP_OWNER_RESCUE_REPORT.md,No local code action remains for this risk; keep only provider/GitHub gates explicit.,ab069cc
R0309,RISK-CAT-08 Habits / goals / wheel of balance / progress,нет goal dependency graph,"реализовать habit/goal/progress objects и dashboard, check-ins, wheel of balance, soft recovery, graph/control","e2e: create/check habit, goal progress, wheel score, graph/control → reload",OPEN,DUPLICATE_FIXED_BY_W,deduped_to_nonstop_ledger,W001-W420,P08,Deduped against docs/qc/NONSTOP_OWNER_WEAKNESS_LEDGER.csv and docs/qc/NONSTOP_OWNER_RESCUE_REPORT.md,No local code action remains for this risk; keep only provider/GitHub gates explicit.,ab069cc
R0310,RISK-CAT-08 Habits / goals / wheel of balance / progress,нет health/home/money/learning/relationships domains in wheel,"реализовать habit/goal/progress objects и dashboard, check-ins, wheel of balance, soft recovery, graph/control","e2e: create/check habit, goal progress, wheel score, graph/control → reload",OPEN,DUPLICATE_FIXED_BY_W,deduped_to_nonstop_ledger,W001-W420,P08,Deduped against docs/qc/NONSTOP_OWNER_WEAKNESS_LEDGER.csv and docs/qc/NONSTOP_OWNER_RESCUE_REPORT.md,No local code action remains for this risk; keep only provider/GitHub gates explicit.,ab069cc
R0311,RISK-CAT-08 Habits / goals / wheel of balance / progress,нет insights from habits/goals,"реализовать habit/goal/progress objects и dashboard, check-ins, wheel of balance, soft recovery, graph/control","e2e: create/check habit, goal progress, wheel score, graph/control → reload",OPEN,DUPLICATE_FIXED_BY_W,deduped_to_nonstop_ledger,W001-W420,P08,Deduped against docs/qc/NONSTOP_OWNER_WEAKNESS_LEDGER.csv and docs/qc/NONSTOP_OWNER_RESCUE_REPORT.md,No local code action remains for this risk; keep only provider/GitHub gates explicit.,ab069cc
R0312,RISK-CAT-08 Habits / goals / wheel of balance / progress,нет reminder alignment with routine,"реализовать habit/goal/progress objects и dashboard, check-ins, wheel of balance, soft recovery, graph/control","e2e: create/check habit, goal progress, wheel score, graph/control → reload",OPEN,DUPLICATE_FIXED_BY_W,deduped_to_nonstop_ledger,W001-W420,P06,Deduped against docs/qc/NONSTOP_OWNER_WEAKNESS_LEDGER.csv and docs/qc/NONSTOP_OWNER_RESCUE_REPORT.md,No local code action remains for this risk; keep only provider/GitHub gates explicit.,ab069cc
R0313,RISK-CAT-08 Habits / goals / wheel of balance / progress,нет mobile check-in,"реализовать habit/goal/progress objects и dashboard, check-ins, wheel of balance, soft recovery, graph/control","e2e: create/check habit, goal progress, wheel score, graph/control → reload",OPEN,DUPLICATE_FIXED_BY_W,deduped_to_nonstop_ledger,W001-W420,P08,Deduped against docs/qc/NONSTOP_OWNER_WEAKNESS_LEDGER.csv and docs/qc/NONSTOP_OWNER_RESCUE_REPORT.md,No local code action remains for this risk; keep only provider/GitHub gates explicit.,ab069cc
R0314,RISK-CAT-08 Habits / goals / wheel of balance / progress,нет visual dashboard for progress,"реализовать habit/goal/progress objects и dashboard, check-ins, wheel of balance, soft recovery, graph/control","e2e: create/check habit, goal progress, wheel score, graph/control → reload",OPEN,DUPLICATE_FIXED_BY_W,deduped_to_nonstop_ledger,W001-W420,P08,Deduped against docs/qc/NONSTOP_OWNER_WEAKNESS_LEDGER.csv and docs/qc/NONSTOP_OWNER_RESCUE_REPORT.md,No local code action remains for this risk; keep only provider/GitHub gates explicit.,ab069cc
R0315,RISK-CAT-08 Habits / goals / wheel of balance / progress,нет data control for habit/goal changes,"реализовать habit/goal/progress objects и dashboard, check-ins, wheel of balance, soft recovery, graph/control","e2e: create/check habit, goal progress, wheel score, graph/control → reload",OPEN,DUPLICATE_FIXED_BY_W,deduped_to_nonstop_ledger,W001-W420,P08,Deduped against docs/qc/NONSTOP_OWNER_WEAKNESS_LEDGER.csv and docs/qc/NONSTOP_OWNER_RESCUE_REPORT.md,No local code action remains for this risk; keep only provider/GitHub gates explicit.,ab069cc
R0316,RISK-CAT-08 Habits / goals / wheel of balance / progress,нет export habits/goals,"реализовать habit/goal/progress objects и dashboard, check-ins, wheel of balance, soft recovery, graph/control","e2e: create/check habit, goal progress, wheel score, graph/control → reload",OPEN,DUPLICATE_FIXED_BY_W,deduped_to_nonstop_ledger,W001-W420,P08,Deduped against docs/qc/NONSTOP_OWNER_WEAKNESS_LEDGER.csv and docs/qc/NONSTOP_OWNER_RESCUE_REPORT.md,No local code action remains for this risk; keep only provider/GitHub gates explicit.,ab069cc
R0317,RISK-CAT-08 Habits / goals / wheel of balance / progress,нет test create/check habit,"реализовать habit/goal/progress objects и dashboard, check-ins, wheel of balance, soft recovery, graph/control","e2e: create/check habit, goal progress, wheel score, graph/control → reload",OPEN,DUPLICATE_FIXED_BY_W,deduped_to_nonstop_ledger,W001-W420,P08,Deduped against docs/qc/NONSTOP_OWNER_WEAKNESS_LEDGER.csv and docs/qc/NONSTOP_OWNER_RESCUE_REPORT.md,No local code action remains for this risk; keep only provider/GitHub gates explicit.,ab069cc
R0318,RISK-CAT-08 Habits / goals / wheel of balance / progress,нет test goal progress updates from tasks,"реализовать habit/goal/progress objects и dashboard, check-ins, wheel of balance, soft recovery, graph/control","e2e: create/check habit, goal progress, wheel score, graph/control → reload",OPEN,DUPLICATE_FIXED_BY_W,deduped_to_nonstop_ledger,W001-W420,P06,Deduped against docs/qc/NONSTOP_OWNER_WEAKNESS_LEDGER.csv and docs/qc/NONSTOP_OWNER_RESCUE_REPORT.md,No local code action remains for this risk; keep only provider/GitHub gates explicit.,ab069cc
R0319,RISK-CAT-08 Habits / goals / wheel of balance / progress,нет test wheel balance score edit,"реализовать habit/goal/progress objects и dashboard, check-ins, wheel of balance, soft recovery, graph/control","e2e: create/check habit, goal progress, wheel score, graph/control → reload",OPEN,DUPLICATE_FIXED_BY_W,deduped_to_nonstop_ledger,W001-W420,P08,Deduped against docs/qc/NONSTOP_OWNER_WEAKNESS_LEDGER.csv and docs/qc/NONSTOP_OWNER_RESCUE_REPORT.md,No local code action remains for this risk; keep only provider/GitHub gates explicit.,ab069cc
R0320,RISK-CAT-08 Habits / goals / wheel of balance / progress,нет test persistence of progress,"реализовать habit/goal/progress objects и dashboard, check-ins, wheel of balance, soft recovery, graph/control","e2e: create/check habit, goal progress, wheel score, graph/control → reload",OPEN,DUPLICATE_FIXED_BY_W,deduped_to_nonstop_ledger,W001-W420,P08,Deduped against docs/qc/NONSTOP_OWNER_WEAKNESS_LEDGER.csv and docs/qc/NONSTOP_OWNER_RESCUE_REPORT.md,No local code action remains for this risk; keep only provider/GitHub gates explicit.,ab069cc
R0321,RISK-CAT-09 Library / second brain / knowledge / insights,knowledge base remains notes list only,"реализовать second-brain flow: source-backed notes, highlights, insights, review queue, backlinks, grounded proposals",targeted unit/e2e + screenshot where visual + ledger evidence + git diff check,OPEN,DUPLICATE_FIXED_BY_W,deduped_to_nonstop_ledger,W001-W420,P09,Deduped against docs/qc/NONSTOP_OWNER_WEAKNESS_LEDGER.csv and docs/qc/NONSTOP_OWNER_RESCUE_REPORT.md,No local code action remains for this risk; keep only provider/GitHub gates explicit.,ab069cc
R0322,RISK-CAT-09 Library / second brain / knowledge / insights,нет inbox→note→knowledge promotion flow,"реализовать second-brain flow: source-backed notes, highlights, insights, review queue, backlinks, grounded proposals",targeted unit/e2e + screenshot where visual + ledger evidence + git diff check,OPEN,DUPLICATE_FIXED_BY_W,deduped_to_nonstop_ledger,W001-W420,P09,Deduped against docs/qc/NONSTOP_OWNER_WEAKNESS_LEDGER.csv and docs/qc/NONSTOP_OWNER_RESCUE_REPORT.md,No local code action remains for this risk; keep only provider/GitHub gates explicit.,ab069cc
R0323,RISK-CAT-09 Library / second brain / knowledge / insights,нет highlights as source-backed items,"реализовать second-brain flow: source-backed notes, highlights, insights, review queue, backlinks, grounded proposals",targeted unit/e2e + screenshot where visual + ledger evidence + git diff check,OPEN,DUPLICATE_FIXED_BY_W,deduped_to_nonstop_ledger,W001-W420,P09,Deduped against docs/qc/NONSTOP_OWNER_WEAKNESS_LEDGER.csv and docs/qc/NONSTOP_OWNER_RESCUE_REPORT.md,No local code action remains for this risk; keep only provider/GitHub gates explicit.,ab069cc
R0324,RISK-CAT-09 Library / second brain / knowledge / insights,нет idea→project→tasks path,"реализовать second-brain flow: source-backed notes, highlights, insights, review queue, backlinks, grounded proposals",targeted unit/e2e + screenshot where visual + ledger evidence + git diff check,OPEN,DUPLICATE_FIXED_BY_W,deduped_to_nonstop_ledger,W001-W420,P06,Deduped against docs/qc/NONSTOP_OWNER_WEAKNESS_LEDGER.csv and docs/qc/NONSTOP_OWNER_RESCUE_REPORT.md,No local code action remains for this risk; keep only provider/GitHub gates explicit.,ab069cc
R0325,RISK-CAT-09 Library / second brain / knowledge / insights,нет insights engine,"реализовать second-brain flow: source-backed notes, highlights, insights, review queue, backlinks, grounded proposals",targeted unit/e2e + screenshot where visual + ledger evidence + git diff check,OPEN,DUPLICATE_FIXED_BY_W,deduped_to_nonstop_ledger,W001-W420,P09,Deduped against docs/qc/NONSTOP_OWNER_WEAKNESS_LEDGER.csv and docs/qc/NONSTOP_OWNER_RESCUE_REPORT.md,No local code action remains for this risk; keep only provider/GitHub gates explicit.,ab069cc
R0326,RISK-CAT-09 Library / second brain / knowledge / insights,insights not grounded in sources,"реализовать second-brain flow: source-backed notes, highlights, insights, review queue, backlinks, grounded proposals",targeted unit/e2e + screenshot where visual + ledger evidence + git diff check,OPEN,DUPLICATE_FIXED_BY_W,deduped_to_nonstop_ledger,W001-W420,P09,Deduped against docs/qc/NONSTOP_OWNER_WEAKNESS_LEDGER.csv and docs/qc/NONSTOP_OWNER_RESCUE_REPORT.md,No local code action remains for this risk; keep only provider/GitHub gates explicit.,ab069cc
R0327,RISK-CAT-09 Library / second brain / knowledge / insights,нет source quote for each insight,"реализовать second-brain flow: source-backed notes, highlights, insights, review queue, backlinks, grounded proposals",targeted unit/e2e + screenshot where visual + ledger evidence + git diff check,OPEN,DUPLICATE_FIXED_BY_W,deduped_to_nonstop_ledger,W001-W420,P09,Deduped against docs/qc/NONSTOP_OWNER_WEAKNESS_LEDGER.csv and docs/qc/NONSTOP_OWNER_RESCUE_REPORT.md,No local code action remains for this risk; keep only provider/GitHub gates explicit.,ab069cc
R0328,RISK-CAT-09 Library / second brain / knowledge / insights,нет confidence/uncertainty for insight,"реализовать second-brain flow: source-backed notes, highlights, insights, review queue, backlinks, grounded proposals",targeted unit/e2e + screenshot where visual + ledger evidence + git diff check,OPEN,DUPLICATE_FIXED_BY_W,deduped_to_nonstop_ledger,W001-W420,P09,Deduped against docs/qc/NONSTOP_OWNER_WEAKNESS_LEDGER.csv and docs/qc/NONSTOP_OWNER_RESCUE_REPORT.md,No local code action remains for this risk; keep only provider/GitHub gates explicit.,ab069cc
R0329,RISK-CAT-09 Library / second brain / knowledge / insights,нет knowledge review queue,"реализовать second-brain flow: source-backed notes, highlights, insights, review queue, backlinks, grounded proposals",targeted unit/e2e + screenshot where visual + ledger evidence + git diff check,OPEN,DUPLICATE_FIXED_BY_W,deduped_to_nonstop_ledger,W001-W420,P09,Deduped against docs/qc/NONSTOP_OWNER_WEAKNESS_LEDGER.csv and docs/qc/NONSTOP_OWNER_RESCUE_REPORT.md,No local code action remains for this risk; keep only provider/GitHub gates explicit.,ab069cc
R0330,RISK-CAT-09 Library / second brain / knowledge / insights,нет spaced review/rediscovery,"реализовать second-brain flow: source-backed notes, highlights, insights, review queue, backlinks, grounded proposals",targeted unit/e2e + screenshot where visual + ledger evidence + git diff check,OPEN,DUPLICATE_FIXED_BY_W,deduped_to_nonstop_ledger,W001-W420,P09,Deduped against docs/qc/NONSTOP_OWNER_WEAKNESS_LEDGER.csv and docs/qc/NONSTOP_OWNER_RESCUE_REPORT.md,No local code action remains for this risk; keep only provider/GitHub gates explicit.,ab069cc
R0331,RISK-CAT-09 Library / second brain / knowledge / insights,нет daily note integration,"реализовать second-brain flow: source-backed notes, highlights, insights, review queue, backlinks, grounded proposals",targeted unit/e2e + screenshot where visual + ledger evidence + git diff check,OPEN,DUPLICATE_FIXED_BY_W,deduped_to_nonstop_ledger,W001-W420,P09,Deduped against docs/qc/NONSTOP_OWNER_WEAKNESS_LEDGER.csv and docs/qc/NONSTOP_OWNER_RESCUE_REPORT.md,No local code action remains for this risk; keep only provider/GitHub gates explicit.,ab069cc
R0332,RISK-CAT-09 Library / second brain / knowledge / insights,нет backlinks visible enough,"реализовать second-brain flow: source-backed notes, highlights, insights, review queue, backlinks, grounded proposals",targeted unit/e2e + screenshot where visual + ledger evidence + git diff check,OPEN,DUPLICATE_FIXED_BY_W,deduped_to_nonstop_ledger,W001-W420,P09,Deduped against docs/qc/NONSTOP_OWNER_WEAKNESS_LEDGER.csv and docs/qc/NONSTOP_OWNER_RESCUE_REPORT.md,No local code action remains for this risk; keep only provider/GitHub gates explicit.,ab069cc
R0333,RISK-CAT-09 Library / second brain / knowledge / insights,нет tag summary,"реализовать second-brain flow: source-backed notes, highlights, insights, review queue, backlinks, grounded proposals",targeted unit/e2e + screenshot where visual + ledger evidence + git diff check,OPEN,DUPLICATE_FIXED_BY_W,deduped_to_nonstop_ledger,W001-W420,P09,Deduped against docs/qc/NONSTOP_OWNER_WEAKNESS_LEDGER.csv and docs/qc/NONSTOP_OWNER_RESCUE_REPORT.md,No local code action remains for this risk; keep only provider/GitHub gates explicit.,ab069cc
R0334,RISK-CAT-09 Library / second brain / knowledge / insights,нет properties/custom fields,"реализовать second-brain flow: source-backed notes, highlights, insights, review queue, backlinks, grounded proposals",targeted unit/e2e + screenshot where visual + ledger evidence + git diff check,OPEN,DUPLICATE_FIXED_BY_W,deduped_to_nonstop_ledger,W001-W420,P09,Deduped against docs/qc/NONSTOP_OWNER_WEAKNESS_LEDGER.csv and docs/qc/NONSTOP_OWNER_RESCUE_REPORT.md,No local code action remains for this risk; keep only provider/GitHub gates explicit.,ab069cc
R0335,RISK-CAT-09 Library / second brain / knowledge / insights,нет collection views,"реализовать second-brain flow: source-backed notes, highlights, insights, review queue, backlinks, grounded proposals",targeted unit/e2e + screenshot where visual + ledger evidence + git diff check,OPEN,DUPLICATE_FIXED_BY_W,deduped_to_nonstop_ledger,W001-W420,P09,Deduped against docs/qc/NONSTOP_OWNER_WEAKNESS_LEDGER.csv and docs/qc/NONSTOP_OWNER_RESCUE_REPORT.md,No local code action remains for this risk; keep only provider/GitHub gates explicit.,ab069cc
R0336,RISK-CAT-09 Library / second brain / knowledge / insights,нет linked project pages,"реализовать second-brain flow: source-backed notes, highlights, insights, review queue, backlinks, grounded proposals",targeted unit/e2e + screenshot where visual + ledger evidence + git diff check,OPEN,DUPLICATE_FIXED_BY_W,deduped_to_nonstop_ledger,W001-W420,P09,Deduped against docs/qc/NONSTOP_OWNER_WEAKNESS_LEDGER.csv and docs/qc/NONSTOP_OWNER_RESCUE_REPORT.md,No local code action remains for this risk; keep only provider/GitHub gates explicit.,ab069cc
R0337,RISK-CAT-09 Library / second brain / knowledge / insights,нет book notes template,"реализовать second-brain flow: source-backed notes, highlights, insights, review queue, backlinks, grounded proposals",targeted unit/e2e + screenshot where visual + ledger evidence + git diff check,OPEN,DUPLICATE_FIXED_BY_W,deduped_to_nonstop_ledger,W001-W420,P09,Deduped against docs/qc/NONSTOP_OWNER_WEAKNESS_LEDGER.csv and docs/qc/NONSTOP_OWNER_RESCUE_REPORT.md,No local code action remains for this risk; keep only provider/GitHub gates explicit.,ab069cc
R0338,RISK-CAT-09 Library / second brain / knowledge / insights,нет audio transcript notes template,"реализовать second-brain flow: source-backed notes, highlights, insights, review queue, backlinks, grounded proposals",targeted unit/e2e + screenshot where visual + ledger evidence + git diff check,OPEN,DUPLICATE_FIXED_BY_W,deduped_to_nonstop_ledger,W001-W420,P09,Deduped against docs/qc/NONSTOP_OWNER_WEAKNESS_LEDGER.csv and docs/qc/NONSTOP_OWNER_RESCUE_REPORT.md,No local code action remains for this risk; keep only provider/GitHub gates explicit.,ab069cc
R0339,RISK-CAT-09 Library / second brain / knowledge / insights,нет research container,"реализовать second-brain flow: source-backed notes, highlights, insights, review queue, backlinks, grounded proposals",targeted unit/e2e + screenshot where visual + ledger evidence + git diff check,OPEN,DUPLICATE_FIXED_BY_W,deduped_to_nonstop_ledger,W001-W420,P09,Deduped against docs/qc/NONSTOP_OWNER_WEAKNESS_LEDGER.csv and docs/qc/NONSTOP_OWNER_RESCUE_REPORT.md,No local code action remains for this risk; keep only provider/GitHub gates explicit.,ab069cc
R0340,RISK-CAT-09 Library / second brain / knowledge / insights,нет source strength ranking,"реализовать second-brain flow: source-backed notes, highlights, insights, review queue, backlinks, grounded proposals",targeted unit/e2e + screenshot where visual + ledger evidence + git diff check,OPEN,DUPLICATE_FIXED_BY_W,deduped_to_nonstop_ledger,W001-W420,P09,Deduped against docs/qc/NONSTOP_OWNER_WEAKNESS_LEDGER.csv and docs/qc/NONSTOP_OWNER_RESCUE_REPORT.md,No local code action remains for this risk; keep only provider/GitHub gates explicit.,ab069cc
R0341,RISK-CAT-09 Library / second brain / knowledge / insights,нет contradictions/conflicts detection,"реализовать second-brain flow: source-backed notes, highlights, insights, review queue, backlinks, grounded proposals",targeted unit/e2e + screenshot where visual + ledger evidence + git diff check,OPEN,DUPLICATE_FIXED_BY_W,deduped_to_nonstop_ledger,W001-W420,P09,Deduped against docs/qc/NONSTOP_OWNER_WEAKNESS_LEDGER.csv and docs/qc/NONSTOP_OWNER_RESCUE_REPORT.md,No local code action remains for this risk; keep only provider/GitHub gates explicit.,ab069cc
R0342,RISK-CAT-09 Library / second brain / knowledge / insights,нет idea clustering,"реализовать second-brain flow: source-backed notes, highlights, insights, review queue, backlinks, grounded proposals",targeted unit/e2e + screenshot where visual + ledger evidence + git diff check,OPEN,DUPLICATE_FIXED_BY_W,deduped_to_nonstop_ledger,W001-W420,P09,Deduped against docs/qc/NONSTOP_OWNER_WEAKNESS_LEDGER.csv and docs/qc/NONSTOP_OWNER_RESCUE_REPORT.md,No local code action remains for this risk; keep only provider/GitHub gates explicit.,ab069cc
R0343,RISK-CAT-09 Library / second brain / knowledge / insights,нет map of content gaps,"реализовать second-brain flow: source-backed notes, highlights, insights, review queue, backlinks, grounded proposals",targeted unit/e2e + screenshot where visual + ledger evidence + git diff check,OPEN,DUPLICATE_FIXED_BY_W,deduped_to_nonstop_ledger,W001-W420,P09,Deduped against docs/qc/NONSTOP_OWNER_WEAKNESS_LEDGER.csv and docs/qc/NONSTOP_OWNER_RESCUE_REPORT.md,No local code action remains for this risk; keep only provider/GitHub gates explicit.,ab069cc
R0344,RISK-CAT-09 Library / second brain / knowledge / insights,нет MOC/index notes,"реализовать second-brain flow: source-backed notes, highlights, insights, review queue, backlinks, grounded proposals",targeted unit/e2e + screenshot where visual + ledger evidence + git diff check,OPEN,DUPLICATE_FIXED_BY_W,deduped_to_nonstop_ledger,W001-W420,P09,Deduped against docs/qc/NONSTOP_OWNER_WEAKNESS_LEDGER.csv and docs/qc/NONSTOP_OWNER_RESCUE_REPORT.md,No local code action remains for this risk; keep only provider/GitHub gates explicit.,ab069cc
R0345,RISK-CAT-09 Library / second brain / knowledge / insights,нет search filters by type/source/date/status,"реализовать second-brain flow: source-backed notes, highlights, insights, review queue, backlinks, grounded proposals",targeted unit/e2e + screenshot where visual + ledger evidence + git diff check,OPEN,DUPLICATE_FIXED_BY_W,deduped_to_nonstop_ledger,W001-W420,P09,Deduped against docs/qc/NONSTOP_OWNER_WEAKNESS_LEDGER.csv and docs/qc/NONSTOP_OWNER_RESCUE_REPORT.md,No local code action remains for this risk; keep only provider/GitHub gates explicit.,ab069cc
R0346,RISK-CAT-09 Library / second brain / knowledge / insights,нет full-text search performance,"реализовать second-brain flow: source-backed notes, highlights, insights, review queue, backlinks, grounded proposals",targeted unit/e2e + screenshot where visual + ledger evidence + git diff check,OPEN,DUPLICATE_FIXED_BY_W,deduped_to_nonstop_ledger,W001-W420,P09,Deduped against docs/qc/NONSTOP_OWNER_WEAKNESS_LEDGER.csv and docs/qc/NONSTOP_OWNER_RESCUE_REPORT.md,No local code action remains for this risk; keep only provider/GitHub gates explicit.,ab069cc
R0347,RISK-CAT-09 Library / second brain / knowledge / insights,нет attachment browser,"реализовать second-brain flow: source-backed notes, highlights, insights, review queue, backlinks, grounded proposals",targeted unit/e2e + screenshot where visual + ledger evidence + git diff check,OPEN,DUPLICATE_FIXED_BY_W,deduped_to_nonstop_ledger,W001-W420,P09,Deduped against docs/qc/NONSTOP_OWNER_WEAKNESS_LEDGER.csv and docs/qc/NONSTOP_OWNER_RESCUE_REPORT.md,No local code action remains for this risk; keep only provider/GitHub gates explicit.,ab069cc
R0348,RISK-CAT-09 Library / second brain / knowledge / insights,нет note version history,"реализовать second-brain flow: source-backed notes, highlights, insights, review queue, backlinks, grounded proposals",targeted unit/e2e + screenshot where visual + ledger evidence + git diff check,OPEN,DUPLICATE_FIXED_BY_W,deduped_to_nonstop_ledger,W001-W420,P09,Deduped against docs/qc/NONSTOP_OWNER_WEAKNESS_LEDGER.csv and docs/qc/NONSTOP_OWNER_RESCUE_REPORT.md,No local code action remains for this risk; keep only provider/GitHub gates explicit.,ab069cc
R0349,RISK-CAT-09 Library / second brain / knowledge / insights,нет markdown export/import compatibility,"реализовать second-brain flow: source-backed notes, highlights, insights, review queue, backlinks, grounded proposals",targeted unit/e2e + screenshot where visual + ledger evidence + git diff check,OPEN,DUPLICATE_FIXED_BY_W,deduped_to_nonstop_ledger,W001-W420,P09,Deduped against docs/qc/NONSTOP_OWNER_WEAKNESS_LEDGER.csv and docs/qc/NONSTOP_OWNER_RESCUE_REPORT.md,No local code action remains for this risk; keep only provider/GitHub gates explicit.,ab069cc
R0350,RISK-CAT-09 Library / second brain / knowledge / insights,нет wikilink rename safety,"реализовать second-brain flow: source-backed notes, highlights, insights, review queue, backlinks, grounded proposals",targeted unit/e2e + screenshot where visual + ledger evidence + git diff check,OPEN,DUPLICATE_FIXED_BY_W,deduped_to_nonstop_ledger,W001-W420,P09,Deduped against docs/qc/NONSTOP_OWNER_WEAKNESS_LEDGER.csv and docs/qc/NONSTOP_OWNER_RESCUE_REPORT.md,No local code action remains for this risk; keep only provider/GitHub gates explicit.,ab069cc
R0351,RISK-CAT-09 Library / second brain / knowledge / insights,нет dead link repair UI,"реализовать second-brain flow: source-backed notes, highlights, insights, review queue, backlinks, grounded proposals",targeted unit/e2e + screenshot where visual + ledger evidence + git diff check,OPEN,DUPLICATE_FIXED_BY_W,deduped_to_nonstop_ledger,W001-W420,P09,Deduped against docs/qc/NONSTOP_OWNER_WEAKNESS_LEDGER.csv and docs/qc/NONSTOP_OWNER_RESCUE_REPORT.md,No local code action remains for this risk; keep only provider/GitHub gates explicit.,ab069cc
R0352,RISK-CAT-09 Library / second brain / knowledge / insights,нет graph local view from note,"реализовать second-brain flow: source-backed notes, highlights, insights, review queue, backlinks, grounded proposals",targeted unit/e2e + screenshot where visual + ledger evidence + git diff check,OPEN,DUPLICATE_FIXED_BY_W,deduped_to_nonstop_ledger,W001-W420,P09,Deduped against docs/qc/NONSTOP_OWNER_WEAKNESS_LEDGER.csv and docs/qc/NONSTOP_OWNER_RESCUE_REPORT.md,No local code action remains for this risk; keep only provider/GitHub gates explicit.,ab069cc
R0353,RISK-CAT-09 Library / second brain / knowledge / insights,нет note to task/finance/habit proposals,"реализовать second-brain flow: source-backed notes, highlights, insights, review queue, backlinks, grounded proposals",targeted unit/e2e + screenshot where visual + ledger evidence + git diff check,OPEN,DUPLICATE_FIXED_BY_W,deduped_to_nonstop_ledger,W001-W420,P06,Deduped against docs/qc/NONSTOP_OWNER_WEAKNESS_LEDGER.csv and docs/qc/NONSTOP_OWNER_RESCUE_REPORT.md,No local code action remains for this risk; keep only provider/GitHub gates explicit.,ab069cc
R0354,RISK-CAT-09 Library / second brain / knowledge / insights,нет knowledge card to action proposals,"реализовать second-brain flow: source-backed notes, highlights, insights, review queue, backlinks, grounded proposals",targeted unit/e2e + screenshot where visual + ledger evidence + git diff check,OPEN,DUPLICATE_FIXED_BY_W,deduped_to_nonstop_ledger,W001-W420,P09,Deduped against docs/qc/NONSTOP_OWNER_WEAKNESS_LEDGER.csv and docs/qc/NONSTOP_OWNER_RESCUE_REPORT.md,No local code action remains for this risk; keep only provider/GitHub gates explicit.,ab069cc
R0355,RISK-CAT-09 Library / second brain / knowledge / insights,нет AI summary proposal gate,"реализовать second-brain flow: source-backed notes, highlights, insights, review queue, backlinks, grounded proposals",targeted unit/e2e + screenshot where visual + ledger evidence + git diff check,OPEN,DUPLICATE_FIXED_BY_W,deduped_to_nonstop_ledger,W001-W420,P09,Deduped against docs/qc/NONSTOP_OWNER_WEAKNESS_LEDGER.csv and docs/qc/NONSTOP_OWNER_RESCUE_REPORT.md,No local code action remains for this risk; keep only provider/GitHub gates explicit.,ab069cc
R0356,RISK-CAT-09 Library / second brain / knowledge / insights,нет manual summary path without AI,"реализовать second-brain flow: source-backed notes, highlights, insights, review queue, backlinks, grounded proposals",targeted unit/e2e + screenshot where visual + ledger evidence + git diff check,OPEN,DUPLICATE_FIXED_BY_W,deduped_to_nonstop_ledger,W001-W420,P09,Deduped against docs/qc/NONSTOP_OWNER_WEAKNESS_LEDGER.csv and docs/qc/NONSTOP_OWNER_RESCUE_REPORT.md,No local code action remains for this risk; keep only provider/GitHub gates explicit.,ab069cc
R0357,RISK-CAT-09 Library / second brain / knowledge / insights,нет template picker,"реализовать second-brain flow: source-backed notes, highlights, insights, review queue, backlinks, grounded proposals",targeted unit/e2e + screenshot where visual + ledger evidence + git diff check,OPEN,DUPLICATE_FIXED_BY_W,deduped_to_nonstop_ledger,W001-W420,P09,Deduped against docs/qc/NONSTOP_OWNER_WEAKNESS_LEDGER.csv and docs/qc/NONSTOP_OWNER_RESCUE_REPORT.md,No local code action remains for this risk; keep only provider/GitHub gates explicit.,ab069cc
R0358,RISK-CAT-09 Library / second brain / knowledge / insights,нет obsidian vault import plan,"реализовать second-brain flow: source-backed notes, highlights, insights, review queue, backlinks, grounded proposals",targeted unit/e2e + screenshot where visual + ledger evidence + git diff check,OPEN,DUPLICATE_FIXED_BY_W,deduped_to_nonstop_ledger,W001-W420,P09,Deduped against docs/qc/NONSTOP_OWNER_WEAKNESS_LEDGER.csv and docs/qc/NONSTOP_OWNER_RESCUE_REPORT.md,No local code action remains for this risk; keep only provider/GitHub gates explicit.,ab069cc
R0359,RISK-CAT-09 Library / second brain / knowledge / insights,нет test for insight grounded in source,"реализовать second-brain flow: source-backed notes, highlights, insights, review queue, backlinks, grounded proposals",targeted unit/e2e + screenshot where visual + ledger evidence + git diff check,OPEN,DUPLICATE_FIXED_BY_W,deduped_to_nonstop_ledger,W001-W420,P09,Deduped against docs/qc/NONSTOP_OWNER_WEAKNESS_LEDGER.csv and docs/qc/NONSTOP_OWNER_RESCUE_REPORT.md,No local code action remains for this risk; keep only provider/GitHub gates explicit.,ab069cc
R0360,RISK-CAT-09 Library / second brain / knowledge / insights,нет test for book highlight backlinks,"реализовать second-brain flow: source-backed notes, highlights, insights, review queue, backlinks, grounded proposals",targeted unit/e2e + screenshot where visual + ledger evidence + git diff check,OPEN,DUPLICATE_FIXED_BY_W,deduped_to_nonstop_ledger,W001-W420,P09,Deduped against docs/qc/NONSTOP_OWNER_WEAKNESS_LEDGER.csv and docs/qc/NONSTOP_OWNER_RESCUE_REPORT.md,No local code action remains for this risk; keep only provider/GitHub gates explicit.,ab069cc
R0361,RISK-CAT-10 Files / books / PDF / EPUB / imports,file import stores only filename not content,"реализовать file/book import contract with preview, source-backed metadata, honest parser gates, reader/highlights/tests",e2e: import txt/md/pdf/epub/image fixtures with honest gates and reader/highlight proof,OPEN,FIXED_BY_HONEST_PROVIDER_GATE_WITH_UI_AND_TEST,direct_status,W401-W420,P10,"Provider/OAuth gates are explicit in Providers/Data Control: no fake success, prepare/revoke controls, provider-run audit, owner e2e provider evidence.",No local code action remains for this risk; keep only provider/GitHub gates explicit.,ab069cc
R0362,RISK-CAT-10 Files / books / PDF / EPUB / imports,file content not indexed,"реализовать file/book import contract with preview, source-backed metadata, honest parser gates, reader/highlights/tests",e2e: import txt/md/pdf/epub/image fixtures with honest gates and reader/highlight proof,OPEN,FIXED_BY_HONEST_PROVIDER_GATE_WITH_UI_AND_TEST,direct_status,W401-W420,P10,"Provider/OAuth gates are explicit in Providers/Data Control: no fake success, prepare/revoke controls, provider-run audit, owner e2e provider evidence.",No local code action remains for this risk; keep only provider/GitHub gates explicit.,ab069cc
R0363,RISK-CAT-10 Files / books / PDF / EPUB / imports,PDF claims parsed without parser,"реализовать file/book import contract with preview, source-backed metadata, honest parser gates, reader/highlights/tests",e2e: import txt/md/pdf/epub/image fixtures with honest gates and reader/highlight proof,OPEN,FIXED_BY_HONEST_PROVIDER_GATE_WITH_UI_AND_TEST,direct_status,W401-W420,P10,"Provider/OAuth gates are explicit in Providers/Data Control: no fake success, prepare/revoke controls, provider-run audit, owner e2e provider evidence.",No local code action remains for this risk; keep only provider/GitHub gates explicit.,ab069cc
R0364,RISK-CAT-10 Files / books / PDF / EPUB / imports,PDF boundary not clear enough,"реализовать file/book import contract with preview, source-backed metadata, honest parser gates, reader/highlights/tests",e2e: import txt/md/pdf/epub/image fixtures with honest gates and reader/highlight proof,OPEN,FIXED_BY_HONEST_PROVIDER_GATE_WITH_UI_AND_TEST,direct_status,W401-W420,P10,"Provider/OAuth gates are explicit in Providers/Data Control: no fake success, prepare/revoke controls, provider-run audit, owner e2e provider evidence.",No local code action remains for this risk; keep only provider/GitHub gates explicit.,ab069cc
R0365,RISK-CAT-10 Files / books / PDF / EPUB / imports,EPUB unsupported but not gated honestly,"реализовать file/book import contract with preview, source-backed metadata, honest parser gates, reader/highlights/tests",e2e: import txt/md/pdf/epub/image fixtures with honest gates and reader/highlight proof,OPEN,FIXED_BY_HONEST_PROVIDER_GATE_WITH_UI_AND_TEST,direct_status,W401-W420,P10,"Provider/OAuth gates are explicit in Providers/Data Control: no fake success, prepare/revoke controls, provider-run audit, owner e2e provider evidence.",No local code action remains for this risk; keep only provider/GitHub gates explicit.,ab069cc
R0366,RISK-CAT-10 Files / books / PDF / EPUB / imports,DOCX unsupported but no clear fallback,"реализовать file/book import contract with preview, source-backed metadata, honest parser gates, reader/highlights/tests",e2e: import txt/md/pdf/epub/image fixtures with honest gates and reader/highlight proof,OPEN,FIXED_BY_HONEST_PROVIDER_GATE_WITH_UI_AND_TEST,direct_status,W401-W420,P10,"Provider/OAuth gates are explicit in Providers/Data Control: no fake success, prepare/revoke controls, provider-run audit, owner e2e provider evidence.",No local code action remains for this risk; keep only provider/GitHub gates explicit.,ab069cc
R0367,RISK-CAT-10 Files / books / PDF / EPUB / imports,image files not previewed,"реализовать file/book import contract with preview, source-backed metadata, honest parser gates, reader/highlights/tests",e2e: import txt/md/pdf/epub/image fixtures with honest gates and reader/highlight proof,OPEN,FIXED_BY_HONEST_PROVIDER_GATE_WITH_UI_AND_TEST,direct_status,W401-W420,P10,"Provider/OAuth gates are explicit in Providers/Data Control: no fake success, prepare/revoke controls, provider-run audit, owner e2e provider evidence.",No local code action remains for this risk; keep only provider/GitHub gates explicit.,ab069cc
R0368,RISK-CAT-10 Files / books / PDF / EPUB / imports,large files crash storage,"реализовать file/book import contract with preview, source-backed metadata, honest parser gates, reader/highlights/tests",e2e: import txt/md/pdf/epub/image fixtures with honest gates and reader/highlight proof,OPEN,FIXED_BY_HONEST_PROVIDER_GATE_WITH_UI_AND_TEST,direct_status,W401-W420,P10,"Provider/OAuth gates are explicit in Providers/Data Control: no fake success, prepare/revoke controls, provider-run audit, owner e2e provider evidence.",No local code action remains for this risk; keep only provider/GitHub gates explicit.,ab069cc
R0369,RISK-CAT-10 Files / books / PDF / EPUB / imports,file hash/size/type not stored,"реализовать file/book import contract with preview, source-backed metadata, honest parser gates, reader/highlights/tests",e2e: import txt/md/pdf/epub/image fixtures with honest gates and reader/highlight proof,OPEN,FIXED_BY_HONEST_PROVIDER_GATE_WITH_UI_AND_TEST,direct_status,W401-W420,P10,"Provider/OAuth gates are explicit in Providers/Data Control: no fake success, prepare/revoke controls, provider-run audit, owner e2e provider evidence.",No local code action remains for this risk; keep only provider/GitHub gates explicit.,ab069cc
R0370,RISK-CAT-10 Files / books / PDF / EPUB / imports,duplicate files not detected,"реализовать file/book import contract with preview, source-backed metadata, honest parser gates, reader/highlights/tests",e2e: import txt/md/pdf/epub/image fixtures with honest gates and reader/highlight proof,OPEN,FIXED_BY_HONEST_PROVIDER_GATE_WITH_UI_AND_TEST,direct_status,W401-W420,P10,"Provider/OAuth gates are explicit in Providers/Data Control: no fake success, prepare/revoke controls, provider-run audit, owner e2e provider evidence.",No local code action remains for this risk; keep only provider/GitHub gates explicit.,ab069cc
R0371,RISK-CAT-10 Files / books / PDF / EPUB / imports,book reader not usable,"реализовать file/book import contract with preview, source-backed metadata, honest parser gates, reader/highlights/tests",e2e: import txt/md/pdf/epub/image fixtures with honest gates and reader/highlight proof,OPEN,FIXED_BY_HONEST_PROVIDER_GATE_WITH_UI_AND_TEST,direct_status,W401-W420,P10,"Provider/OAuth gates are explicit in Providers/Data Control: no fake success, prepare/revoke controls, provider-run audit, owner e2e provider evidence.",No local code action remains for this risk; keep only provider/GitHub gates explicit.,ab069cc
R0372,RISK-CAT-10 Files / books / PDF / EPUB / imports,book progress not saved,"реализовать file/book import contract with preview, source-backed metadata, honest parser gates, reader/highlights/tests",e2e: import txt/md/pdf/epub/image fixtures with honest gates and reader/highlight proof,OPEN,FIXED_BY_HONEST_PROVIDER_GATE_WITH_UI_AND_TEST,direct_status,W401-W420,P10,"Provider/OAuth gates are explicit in Providers/Data Control: no fake success, prepare/revoke controls, provider-run audit, owner e2e provider evidence.",No local code action remains for this risk; keep only provider/GitHub gates explicit.,ab069cc
R0373,RISK-CAT-10 Files / books / PDF / EPUB / imports,book highlights not source-backed,"реализовать file/book import contract with preview, source-backed metadata, honest parser gates, reader/highlights/tests",e2e: import txt/md/pdf/epub/image fixtures with honest gates and reader/highlight proof,OPEN,FIXED_BY_HONEST_PROVIDER_GATE_WITH_UI_AND_TEST,direct_status,W401-W420,P10,"Provider/OAuth gates are explicit in Providers/Data Control: no fake success, prepare/revoke controls, provider-run audit, owner e2e provider evidence.",No local code action remains for this risk; keep only provider/GitHub gates explicit.,ab069cc
R0374,RISK-CAT-10 Files / books / PDF / EPUB / imports,book notes not linked to page/chapter,"реализовать file/book import contract with preview, source-backed metadata, honest parser gates, reader/highlights/tests",e2e: import txt/md/pdf/epub/image fixtures with honest gates and reader/highlight proof,OPEN,FIXED_BY_HONEST_PROVIDER_GATE_WITH_UI_AND_TEST,direct_status,W401-W420,P10,"Provider/OAuth gates are explicit in Providers/Data Control: no fake success, prepare/revoke controls, provider-run audit, owner e2e provider evidence.",No local code action remains for this risk; keep only provider/GitHub gates explicit.,ab069cc
R0375,RISK-CAT-10 Files / books / PDF / EPUB / imports,no table of contents,"реализовать file/book import contract with preview, source-backed metadata, honest parser gates, reader/highlights/tests",e2e: import txt/md/pdf/epub/image fixtures with honest gates and reader/highlight proof,OPEN,FIXED_BY_HONEST_PROVIDER_GATE_WITH_UI_AND_TEST,direct_status,W401-W420,P10,"Provider/OAuth gates are explicit in Providers/Data Control: no fake success, prepare/revoke controls, provider-run audit, owner e2e provider evidence.",No local code action remains for this risk; keep only provider/GitHub gates explicit.,ab069cc
R0376,RISK-CAT-10 Files / books / PDF / EPUB / imports,no search inside imported book,"реализовать file/book import contract with preview, source-backed metadata, honest parser gates, reader/highlights/tests",e2e: import txt/md/pdf/epub/image fixtures with honest gates and reader/highlight proof,OPEN,FIXED_BY_HONEST_PROVIDER_GATE_WITH_UI_AND_TEST,direct_status,W401-W420,P10,"Provider/OAuth gates are explicit in Providers/Data Control: no fake success, prepare/revoke controls, provider-run audit, owner e2e provider evidence.",No local code action remains for this risk; keep only provider/GitHub gates explicit.,ab069cc
R0377,RISK-CAT-10 Files / books / PDF / EPUB / imports,no reading session object,"реализовать file/book import contract with preview, source-backed metadata, honest parser gates, reader/highlights/tests",e2e: import txt/md/pdf/epub/image fixtures with honest gates and reader/highlight proof,OPEN,FIXED_BY_HONEST_PROVIDER_GATE_WITH_UI_AND_TEST,direct_status,W401-W420,P10,"Provider/OAuth gates are explicit in Providers/Data Control: no fake success, prepare/revoke controls, provider-run audit, owner e2e provider evidence.",No local code action remains for this risk; keep only provider/GitHub gates explicit.,ab069cc
R0378,RISK-CAT-10 Files / books / PDF / EPUB / imports,no quote extraction flow,"реализовать file/book import contract with preview, source-backed metadata, honest parser gates, reader/highlights/tests",e2e: import txt/md/pdf/epub/image fixtures with honest gates and reader/highlight proof,OPEN,FIXED_BY_HONEST_PROVIDER_GATE_WITH_UI_AND_TEST,direct_status,W401-W420,P10,"Provider/OAuth gates are explicit in Providers/Data Control: no fake success, prepare/revoke controls, provider-run audit, owner e2e provider evidence.",No local code action remains for this risk; keep only provider/GitHub gates explicit.,ab069cc
R0379,RISK-CAT-10 Files / books / PDF / EPUB / imports,no highlight→task/insight proposal,"реализовать file/book import contract with preview, source-backed metadata, honest parser gates, reader/highlights/tests",e2e: import txt/md/pdf/epub/image fixtures with honest gates and reader/highlight proof,OPEN,FIXED_BY_HONEST_PROVIDER_GATE_WITH_UI_AND_TEST,direct_status,W401-W420,P06,"Provider/OAuth gates are explicit in Providers/Data Control: no fake success, prepare/revoke controls, provider-run audit, owner e2e provider evidence.",No local code action remains for this risk; keep only provider/GitHub gates explicit.,ab069cc
R0380,RISK-CAT-10 Files / books / PDF / EPUB / imports,no export highlights,"реализовать file/book import contract with preview, source-backed metadata, honest parser gates, reader/highlights/tests",e2e: import txt/md/pdf/epub/image fixtures with honest gates and reader/highlight proof,OPEN,FIXED_BY_HONEST_PROVIDER_GATE_WITH_UI_AND_TEST,direct_status,W401-W420,P10,"Provider/OAuth gates are explicit in Providers/Data Control: no fake success, prepare/revoke controls, provider-run audit, owner e2e provider evidence.",No local code action remains for this risk; keep only provider/GitHub gates explicit.,ab069cc
R0381,RISK-CAT-10 Files / books / PDF / EPUB / imports,no file provenance trail,"реализовать file/book import contract with preview, source-backed metadata, honest parser gates, reader/highlights/tests",e2e: import txt/md/pdf/epub/image fixtures with honest gates and reader/highlight proof,OPEN,FIXED_BY_HONEST_PROVIDER_GATE_WITH_UI_AND_TEST,direct_status,W401-W420,P10,"Provider/OAuth gates are explicit in Providers/Data Control: no fake success, prepare/revoke controls, provider-run audit, owner e2e provider evidence.",No local code action remains for this risk; keep only provider/GitHub gates explicit.,ab069cc
R0382,RISK-CAT-10 Files / books / PDF / EPUB / imports,no file delete/archive/recover,"реализовать file/book import contract with preview, source-backed metadata, honest parser gates, reader/highlights/tests",e2e: import txt/md/pdf/epub/image fixtures with honest gates and reader/highlight proof,OPEN,FIXED_BY_HONEST_PROVIDER_GATE_WITH_UI_AND_TEST,direct_status,W401-W420,P10,"Provider/OAuth gates are explicit in Providers/Data Control: no fake success, prepare/revoke controls, provider-run audit, owner e2e provider evidence.",No local code action remains for this risk; keep only provider/GitHub gates explicit.,ab069cc
R0383,RISK-CAT-10 Files / books / PDF / EPUB / imports,no storage quota warning for media,"реализовать file/book import contract with preview, source-backed metadata, honest parser gates, reader/highlights/tests",e2e: import txt/md/pdf/epub/image fixtures with honest gates and reader/highlight proof,OPEN,FIXED_BY_HONEST_PROVIDER_GATE_WITH_UI_AND_TEST,direct_status,W401-W420,P10,"Provider/OAuth gates are explicit in Providers/Data Control: no fake success, prepare/revoke controls, provider-run audit, owner e2e provider evidence.",No local code action remains for this risk; keep only provider/GitHub gates explicit.,ab069cc
R0384,RISK-CAT-10 Files / books / PDF / EPUB / imports,no object URL revoke/memory cleanup,"реализовать file/book import contract with preview, source-backed metadata, honest parser gates, reader/highlights/tests",e2e: import txt/md/pdf/epub/image fixtures with honest gates and reader/highlight proof,OPEN,FIXED_BY_HONEST_PROVIDER_GATE_WITH_UI_AND_TEST,direct_status,W401-W420,P10,"Provider/OAuth gates are explicit in Providers/Data Control: no fake success, prepare/revoke controls, provider-run audit, owner e2e provider evidence.",No local code action remains for this risk; keep only provider/GitHub gates explicit.,ab069cc
R0385,RISK-CAT-10 Files / books / PDF / EPUB / imports,no drag/drop keyboard accessible fallback,"реализовать file/book import contract with preview, source-backed metadata, honest parser gates, reader/highlights/tests",e2e: import txt/md/pdf/epub/image fixtures with honest gates and reader/highlight proof,OPEN,FIXED_BY_HONEST_PROVIDER_GATE_WITH_UI_AND_TEST,direct_status,W401-W420,P10,"Provider/OAuth gates are explicit in Providers/Data Control: no fake success, prepare/revoke controls, provider-run audit, owner e2e provider evidence.",No local code action remains for this risk; keep only provider/GitHub gates explicit.,ab069cc
R0386,RISK-CAT-10 Files / books / PDF / EPUB / imports,no MIME validation,"реализовать file/book import contract with preview, source-backed metadata, honest parser gates, reader/highlights/tests",e2e: import txt/md/pdf/epub/image fixtures with honest gates and reader/highlight proof,OPEN,FIXED_BY_HONEST_PROVIDER_GATE_WITH_UI_AND_TEST,direct_status,W401-W420,P10,"Provider/OAuth gates are explicit in Providers/Data Control: no fake success, prepare/revoke controls, provider-run audit, owner e2e provider evidence.",No local code action remains for this risk; keep only provider/GitHub gates explicit.,ab069cc
R0387,RISK-CAT-10 Files / books / PDF / EPUB / imports,no unsupported file state,"реализовать file/book import contract with preview, source-backed metadata, honest parser gates, reader/highlights/tests",e2e: import txt/md/pdf/epub/image fixtures with honest gates and reader/highlight proof,OPEN,FIXED_BY_HONEST_PROVIDER_GATE_WITH_UI_AND_TEST,direct_status,W401-W420,P10,"Provider/OAuth gates are explicit in Providers/Data Control: no fake success, prepare/revoke controls, provider-run audit, owner e2e provider evidence.",No local code action remains for this risk; keep only provider/GitHub gates explicit.,ab069cc
R0388,RISK-CAT-10 Files / books / PDF / EPUB / imports,no batch import,"реализовать file/book import contract with preview, source-backed metadata, honest parser gates, reader/highlights/tests",e2e: import txt/md/pdf/epub/image fixtures with honest gates and reader/highlight proof,OPEN,FIXED_BY_HONEST_PROVIDER_GATE_WITH_UI_AND_TEST,direct_status,W401-W420,P10,"Provider/OAuth gates are explicit in Providers/Data Control: no fake success, prepare/revoke controls, provider-run audit, owner e2e provider evidence.",No local code action remains for this risk; keep only provider/GitHub gates explicit.,ab069cc
R0389,RISK-CAT-10 Files / books / PDF / EPUB / imports,no folder import planning,"реализовать file/book import contract with preview, source-backed metadata, honest parser gates, reader/highlights/tests",e2e: import txt/md/pdf/epub/image fixtures with honest gates and reader/highlight proof,OPEN,FIXED_BY_HONEST_PROVIDER_GATE_WITH_UI_AND_TEST,direct_status,W401-W420,P10,"Provider/OAuth gates are explicit in Providers/Data Control: no fake success, prepare/revoke controls, provider-run audit, owner e2e provider evidence.",No local code action remains for this risk; keep only provider/GitHub gates explicit.,ab069cc
R0390,RISK-CAT-10 Files / books / PDF / EPUB / imports,no collision resolution on same file,"реализовать file/book import contract with preview, source-backed metadata, honest parser gates, reader/highlights/tests",e2e: import txt/md/pdf/epub/image fixtures with honest gates and reader/highlight proof,OPEN,FIXED_BY_HONEST_PROVIDER_GATE_WITH_UI_AND_TEST,direct_status,W401-W420,P10,"Provider/OAuth gates are explicit in Providers/Data Control: no fake success, prepare/revoke controls, provider-run audit, owner e2e provider evidence.",No local code action remains for this risk; keep only provider/GitHub gates explicit.,ab069cc
R0391,RISK-CAT-10 Files / books / PDF / EPUB / imports,no file source card design,"реализовать file/book import contract with preview, source-backed metadata, honest parser gates, reader/highlights/tests",e2e: import txt/md/pdf/epub/image fixtures with honest gates and reader/highlight proof,OPEN,FIXED_BY_HONEST_PROVIDER_GATE_WITH_UI_AND_TEST,direct_status,W401-W420,P10,"Provider/OAuth gates are explicit in Providers/Data Control: no fake success, prepare/revoke controls, provider-run audit, owner e2e provider evidence.",No local code action remains for this risk; keep only provider/GitHub gates explicit.,ab069cc
R0392,RISK-CAT-10 Files / books / PDF / EPUB / imports,no reader mobile mode,"реализовать file/book import contract with preview, source-backed metadata, honest parser gates, reader/highlights/tests",e2e: import txt/md/pdf/epub/image fixtures with honest gates and reader/highlight proof,OPEN,FIXED_BY_HONEST_PROVIDER_GATE_WITH_UI_AND_TEST,direct_status,W401-W420,P10,"Provider/OAuth gates are explicit in Providers/Data Control: no fake success, prepare/revoke controls, provider-run audit, owner e2e provider evidence.",No local code action remains for this risk; keep only provider/GitHub gates explicit.,ab069cc
R0393,RISK-CAT-10 Files / books / PDF / EPUB / imports,no PDF/EPUB test fixtures,"реализовать file/book import contract with preview, source-backed metadata, honest parser gates, reader/highlights/tests",e2e: import txt/md/pdf/epub/image fixtures with honest gates and reader/highlight proof,OPEN,FIXED_BY_HONEST_PROVIDER_GATE_WITH_UI_AND_TEST,direct_status,W401-W420,P10,"Provider/OAuth gates are explicit in Providers/Data Control: no fake success, prepare/revoke controls, provider-run audit, owner e2e provider evidence.",No local code action remains for this risk; keep only provider/GitHub gates explicit.,ab069cc
R0394,RISK-CAT-10 Files / books / PDF / EPUB / imports,no OCR/image text boundary,"реализовать file/book import contract with preview, source-backed metadata, honest parser gates, reader/highlights/tests",e2e: import txt/md/pdf/epub/image fixtures with honest gates and reader/highlight proof,OPEN,FIXED_BY_HONEST_PROVIDER_GATE_WITH_UI_AND_TEST,direct_status,W401-W420,P10,"Provider/OAuth gates are explicit in Providers/Data Control: no fake success, prepare/revoke controls, provider-run audit, owner e2e provider evidence.",No local code action remains for this risk; keep only provider/GitHub gates explicit.,ab069cc
R0395,RISK-CAT-10 Files / books / PDF / EPUB / imports,no scanned PDF handling boundary,"реализовать file/book import contract with preview, source-backed metadata, honest parser gates, reader/highlights/tests",e2e: import txt/md/pdf/epub/image fixtures with honest gates and reader/highlight proof,OPEN,FIXED_BY_HONEST_PROVIDER_GATE_WITH_UI_AND_TEST,direct_status,W401-W420,P10,"Provider/OAuth gates are explicit in Providers/Data Control: no fake success, prepare/revoke controls, provider-run audit, owner e2e provider evidence.",No local code action remains for this risk; keep only provider/GitHub gates explicit.,ab069cc
R0396,RISK-CAT-10 Files / books / PDF / EPUB / imports,no attachment graph nodes,"реализовать file/book import contract with preview, source-backed metadata, honest parser gates, reader/highlights/tests",e2e: import txt/md/pdf/epub/image fixtures with honest gates and reader/highlight proof,OPEN,FIXED_BY_HONEST_PROVIDER_GATE_WITH_UI_AND_TEST,direct_status,W401-W420,P10,"Provider/OAuth gates are explicit in Providers/Data Control: no fake success, prepare/revoke controls, provider-run audit, owner e2e provider evidence.",No local code action remains for this risk; keep only provider/GitHub gates explicit.,ab069cc
R0397,RISK-CAT-10 Files / books / PDF / EPUB / imports,no Data Control for file operations,"реализовать file/book import contract with preview, source-backed metadata, honest parser gates, reader/highlights/tests",e2e: import txt/md/pdf/epub/image fixtures with honest gates and reader/highlight proof,OPEN,FIXED_BY_HONEST_PROVIDER_GATE_WITH_UI_AND_TEST,direct_status,W401-W420,P10,"Provider/OAuth gates are explicit in Providers/Data Control: no fake success, prepare/revoke controls, provider-run audit, owner e2e provider evidence.",No local code action remains for this risk; keep only provider/GitHub gates explicit.,ab069cc
R0398,RISK-CAT-10 Files / books / PDF / EPUB / imports,no file privacy scope,"реализовать file/book import contract with preview, source-backed metadata, honest parser gates, reader/highlights/tests",e2e: import txt/md/pdf/epub/image fixtures with honest gates and reader/highlight proof,OPEN,FIXED_BY_HONEST_PROVIDER_GATE_WITH_UI_AND_TEST,direct_status,W401-W420,P10,"Provider/OAuth gates are explicit in Providers/Data Control: no fake success, prepare/revoke controls, provider-run audit, owner e2e provider evidence.",No local code action remains for this risk; keep only provider/GitHub gates explicit.,ab069cc
R0399,RISK-CAT-10 Files / books / PDF / EPUB / imports,no backup/export of file metadata,"реализовать file/book import contract with preview, source-backed metadata, honest parser gates, reader/highlights/tests",e2e: import txt/md/pdf/epub/image fixtures with honest gates and reader/highlight proof,OPEN,FIXED_BY_HONEST_PROVIDER_GATE_WITH_UI_AND_TEST,direct_status,W401-W420,P10,"Provider/OAuth gates are explicit in Providers/Data Control: no fake success, prepare/revoke controls, provider-run audit, owner e2e provider evidence.",No local code action remains for this risk; keep only provider/GitHub gates explicit.,ab069cc
R0400,RISK-CAT-10 Files / books / PDF / EPUB / imports,no upload progress/error state,"реализовать file/book import contract with preview, source-backed metadata, honest parser gates, reader/highlights/tests",e2e: import txt/md/pdf/epub/image fixtures with honest gates and reader/highlight proof,OPEN,FIXED_BY_HONEST_PROVIDER_GATE_WITH_UI_AND_TEST,direct_status,W401-W420,P10,"Provider/OAuth gates are explicit in Providers/Data Control: no fake success, prepare/revoke controls, provider-run audit, owner e2e provider evidence.",No local code action remains for this risk; keep only provider/GitHub gates explicit.,ab069cc
R0401,RISK-CAT-11 Audio / voice / player / transcription / evening review,audio import is hidden secondary action,"реализовать voice/audio pipeline: player, recording/import, transcript review, STT gate, evening review, proposals","e2e: import/record audio fixture, transcript, proposals, no fake STT",OPEN,DUPLICATE_FIXED_BY_W,deduped_to_nonstop_ledger,W001-W420,P11,Deduped against docs/qc/NONSTOP_OWNER_WEAKNESS_LEDGER.csv and docs/qc/NONSTOP_OWNER_RESCUE_REPORT.md,No local code action remains for this risk; keep only provider/GitHub gates explicit.,ab069cc
R0402,RISK-CAT-11 Audio / voice / player / transcription / evening review,player controls are too small,"реализовать voice/audio pipeline: player, recording/import, transcript review, STT gate, evening review, proposals","e2e: import/record audio fixture, transcript, proposals, no fake STT",OPEN,DUPLICATE_FIXED_BY_W,deduped_to_nonstop_ledger,W001-W420,P11,Deduped against docs/qc/NONSTOP_OWNER_WEAKNESS_LEDGER.csv and docs/qc/NONSTOP_OWNER_RESCUE_REPORT.md,No local code action remains for this risk; keep only provider/GitHub gates explicit.,ab069cc
R0403,RISK-CAT-11 Audio / voice / player / transcription / evening review,no playlist/audio library,"реализовать voice/audio pipeline: player, recording/import, transcript review, STT gate, evening review, proposals","e2e: import/record audio fixture, transcript, proposals, no fake STT",OPEN,DUPLICATE_FIXED_BY_W,deduped_to_nonstop_ledger,W001-W420,P11,Deduped against docs/qc/NONSTOP_OWNER_WEAKNESS_LEDGER.csv and docs/qc/NONSTOP_OWNER_RESCUE_REPORT.md,No local code action remains for this risk; keep only provider/GitHub gates explicit.,ab069cc
R0404,RISK-CAT-11 Audio / voice / player / transcription / evening review,no playback speed,"реализовать voice/audio pipeline: player, recording/import, transcript review, STT gate, evening review, proposals","e2e: import/record audio fixture, transcript, proposals, no fake STT",OPEN,DUPLICATE_FIXED_BY_W,deduped_to_nonstop_ledger,W001-W420,P11,Deduped against docs/qc/NONSTOP_OWNER_WEAKNESS_LEDGER.csv and docs/qc/NONSTOP_OWNER_RESCUE_REPORT.md,No local code action remains for this risk; keep only provider/GitHub gates explicit.,ab069cc
R0405,RISK-CAT-11 Audio / voice / player / transcription / evening review,no bookmarks/checkpoints,"реализовать voice/audio pipeline: player, recording/import, transcript review, STT gate, evening review, proposals","e2e: import/record audio fixture, transcript, proposals, no fake STT",OPEN,DUPLICATE_FIXED_BY_W,deduped_to_nonstop_ledger,W001-W420,P10,Deduped against docs/qc/NONSTOP_OWNER_WEAKNESS_LEDGER.csv and docs/qc/NONSTOP_OWNER_RESCUE_REPORT.md,No local code action remains for this risk; keep only provider/GitHub gates explicit.,ab069cc
R0406,RISK-CAT-11 Audio / voice / player / transcription / evening review,no manual transcript timestamps,"реализовать voice/audio pipeline: player, recording/import, transcript review, STT gate, evening review, proposals","e2e: import/record audio fixture, transcript, proposals, no fake STT",OPEN,DUPLICATE_FIXED_BY_W,deduped_to_nonstop_ledger,W001-W420,P11,Deduped against docs/qc/NONSTOP_OWNER_WEAKNESS_LEDGER.csv and docs/qc/NONSTOP_OWNER_RESCUE_REPORT.md,No local code action remains for this risk; keep only provider/GitHub gates explicit.,ab069cc
R0407,RISK-CAT-11 Audio / voice / player / transcription / evening review,no transcript edit autosave,"реализовать voice/audio pipeline: player, recording/import, transcript review, STT gate, evening review, proposals","e2e: import/record audio fixture, transcript, proposals, no fake STT",OPEN,DUPLICATE_FIXED_BY_W,deduped_to_nonstop_ledger,W001-W420,P11,Deduped against docs/qc/NONSTOP_OWNER_WEAKNESS_LEDGER.csv and docs/qc/NONSTOP_OWNER_RESCUE_REPORT.md,No local code action remains for this risk; keep only provider/GitHub gates explicit.,ab069cc
R0408,RISK-CAT-11 Audio / voice / player / transcription / evening review,no transcript to note/task proposals,"реализовать voice/audio pipeline: player, recording/import, transcript review, STT gate, evening review, proposals","e2e: import/record audio fixture, transcript, proposals, no fake STT",OPEN,DUPLICATE_FIXED_BY_W,deduped_to_nonstop_ledger,W001-W420,P06,Deduped against docs/qc/NONSTOP_OWNER_WEAKNESS_LEDGER.csv and docs/qc/NONSTOP_OWNER_RESCUE_REPORT.md,No local code action remains for this risk; keep only provider/GitHub gates explicit.,ab069cc
R0409,RISK-CAT-11 Audio / voice / player / transcription / evening review,no voice memo capture button,"реализовать voice/audio pipeline: player, recording/import, transcript review, STT gate, evening review, proposals","e2e: import/record audio fixture, transcript, proposals, no fake STT",OPEN,DUPLICATE_FIXED_BY_W,deduped_to_nonstop_ledger,W001-W420,P03,Deduped against docs/qc/NONSTOP_OWNER_WEAKNESS_LEDGER.csv and docs/qc/NONSTOP_OWNER_RESCUE_REPORT.md,No local code action remains for this risk; keep only provider/GitHub gates explicit.,ab069cc
R0410,RISK-CAT-11 Audio / voice / player / transcription / evening review,no MediaRecorder path for recording in browser,"реализовать voice/audio pipeline: player, recording/import, transcript review, STT gate, evening review, proposals","e2e: import/record audio fixture, transcript, proposals, no fake STT",OPEN,DUPLICATE_FIXED_BY_W,deduped_to_nonstop_ledger,W001-W420,P11,Deduped against docs/qc/NONSTOP_OWNER_WEAKNESS_LEDGER.csv and docs/qc/NONSTOP_OWNER_RESCUE_REPORT.md,No local code action remains for this risk; keep only provider/GitHub gates explicit.,ab069cc
R0411,RISK-CAT-11 Audio / voice / player / transcription / evening review,no evening review queue for voice notes,"реализовать voice/audio pipeline: player, recording/import, transcript review, STT gate, evening review, proposals","e2e: import/record audio fixture, transcript, proposals, no fake STT",OPEN,DUPLICATE_FIXED_BY_W,deduped_to_nonstop_ledger,W001-W420,P11,Deduped against docs/qc/NONSTOP_OWNER_WEAKNESS_LEDGER.csv and docs/qc/NONSTOP_OWNER_RESCUE_REPORT.md,No local code action remains for this risk; keep only provider/GitHub gates explicit.,ab069cc
R0412,RISK-CAT-11 Audio / voice / player / transcription / evening review,no batch process voice notes,"реализовать voice/audio pipeline: player, recording/import, transcript review, STT gate, evening review, proposals","e2e: import/record audio fixture, transcript, proposals, no fake STT",OPEN,DUPLICATE_FIXED_BY_W,deduped_to_nonstop_ledger,W001-W420,P11,Deduped against docs/qc/NONSTOP_OWNER_WEAKNESS_LEDGER.csv and docs/qc/NONSTOP_OWNER_RESCUE_REPORT.md,No local code action remains for this risk; keep only provider/GitHub gates explicit.,ab069cc
R0413,RISK-CAT-11 Audio / voice / player / transcription / evening review,no STT provider status,"реализовать voice/audio pipeline: player, recording/import, transcript review, STT gate, evening review, proposals","e2e: import/record audio fixture, transcript, proposals, no fake STT",OPEN,FIXED_BY_HONEST_PROVIDER_GATE_WITH_UI_AND_TEST,direct_status,W401-W420,P11,"Provider/OAuth gates are explicit in Providers/Data Control: no fake success, prepare/revoke controls, provider-run audit, owner e2e provider evidence.",No local code action remains for this risk; keep only provider/GitHub gates explicit.,ab069cc
R0414,RISK-CAT-11 Audio / voice / player / transcription / evening review,no local STT setup guide,"реализовать voice/audio pipeline: player, recording/import, transcript review, STT gate, evening review, proposals","e2e: import/record audio fixture, transcript, proposals, no fake STT",OPEN,FIXED_BY_HONEST_PROVIDER_GATE_WITH_UI_AND_TEST,direct_status,W401-W420,P11,"Provider/OAuth gates are explicit in Providers/Data Control: no fake success, prepare/revoke controls, provider-run audit, owner e2e provider evidence.",No local code action remains for this risk; keep only provider/GitHub gates explicit.,ab069cc
R0415,RISK-CAT-11 Audio / voice / player / transcription / evening review,no offline STT boundary,"реализовать voice/audio pipeline: player, recording/import, transcript review, STT gate, evening review, proposals","e2e: import/record audio fixture, transcript, proposals, no fake STT",OPEN,FIXED_BY_HONEST_PROVIDER_GATE_WITH_UI_AND_TEST,direct_status,W401-W420,P11,"Provider/OAuth gates are explicit in Providers/Data Control: no fake success, prepare/revoke controls, provider-run audit, owner e2e provider evidence.",No local code action remains for this risk; keep only provider/GitHub gates explicit.,ab069cc
R0416,RISK-CAT-11 Audio / voice / player / transcription / evening review,no Web Speech/browser recognition experiment gate,"реализовать voice/audio pipeline: player, recording/import, transcript review, STT gate, evening review, proposals","e2e: import/record audio fixture, transcript, proposals, no fake STT",OPEN,DUPLICATE_FIXED_BY_W,deduped_to_nonstop_ledger,W001-W420,P11,Deduped against docs/qc/NONSTOP_OWNER_WEAKNESS_LEDGER.csv and docs/qc/NONSTOP_OWNER_RESCUE_REPORT.md,No local code action remains for this risk; keep only provider/GitHub gates explicit.,ab069cc
R0417,RISK-CAT-11 Audio / voice / player / transcription / evening review,no audio waveform/progress markers,"реализовать voice/audio pipeline: player, recording/import, transcript review, STT gate, evening review, proposals","e2e: import/record audio fixture, transcript, proposals, no fake STT",OPEN,DUPLICATE_FIXED_BY_W,deduped_to_nonstop_ledger,W001-W420,P11,Deduped against docs/qc/NONSTOP_OWNER_WEAKNESS_LEDGER.csv and docs/qc/NONSTOP_OWNER_RESCUE_REPORT.md,No local code action remains for this risk; keep only provider/GitHub gates explicit.,ab069cc
R0418,RISK-CAT-11 Audio / voice / player / transcription / evening review,no audio file size/quota guard,"реализовать voice/audio pipeline: player, recording/import, transcript review, STT gate, evening review, proposals","e2e: import/record audio fixture, transcript, proposals, no fake STT",OPEN,DUPLICATE_FIXED_BY_W,deduped_to_nonstop_ledger,W001-W420,P11,Deduped against docs/qc/NONSTOP_OWNER_WEAKNESS_LEDGER.csv and docs/qc/NONSTOP_OWNER_RESCUE_REPORT.md,No local code action remains for this risk; keep only provider/GitHub gates explicit.,ab069cc
R0419,RISK-CAT-11 Audio / voice / player / transcription / evening review,no transcript confidence per segment,"реализовать voice/audio pipeline: player, recording/import, transcript review, STT gate, evening review, proposals","e2e: import/record audio fixture, transcript, proposals, no fake STT",OPEN,DUPLICATE_FIXED_BY_W,deduped_to_nonstop_ledger,W001-W420,P11,Deduped against docs/qc/NONSTOP_OWNER_WEAKNESS_LEDGER.csv and docs/qc/NONSTOP_OWNER_RESCUE_REPORT.md,No local code action remains for this risk; keep only provider/GitHub gates explicit.,ab069cc
R0420,RISK-CAT-11 Audio / voice / player / transcription / evening review,no speaker labels/manual split,"реализовать voice/audio pipeline: player, recording/import, transcript review, STT gate, evening review, proposals","e2e: import/record audio fixture, transcript, proposals, no fake STT",OPEN,DUPLICATE_FIXED_BY_W,deduped_to_nonstop_ledger,W001-W420,P11,Deduped against docs/qc/NONSTOP_OWNER_WEAKNESS_LEDGER.csv and docs/qc/NONSTOP_OWNER_RESCUE_REPORT.md,No local code action remains for this risk; keep only provider/GitHub gates explicit.,ab069cc
R0421,RISK-CAT-11 Audio / voice / player / transcription / evening review,no audio source backlinks,"реализовать voice/audio pipeline: player, recording/import, transcript review, STT gate, evening review, proposals","e2e: import/record audio fixture, transcript, proposals, no fake STT",OPEN,DUPLICATE_FIXED_BY_W,deduped_to_nonstop_ledger,W001-W420,P11,Deduped against docs/qc/NONSTOP_OWNER_WEAKNESS_LEDGER.csv and docs/qc/NONSTOP_OWNER_RESCUE_REPORT.md,No local code action remains for this risk; keep only provider/GitHub gates explicit.,ab069cc
R0422,RISK-CAT-11 Audio / voice / player / transcription / evening review,no AI summary from transcript proposal,"реализовать voice/audio pipeline: player, recording/import, transcript review, STT gate, evening review, proposals","e2e: import/record audio fixture, transcript, proposals, no fake STT",OPEN,DUPLICATE_FIXED_BY_W,deduped_to_nonstop_ledger,W001-W420,P11,Deduped against docs/qc/NONSTOP_OWNER_WEAKNESS_LEDGER.csv and docs/qc/NONSTOP_OWNER_RESCUE_REPORT.md,No local code action remains for this risk; keep only provider/GitHub gates explicit.,ab069cc
R0423,RISK-CAT-11 Audio / voice / player / transcription / evening review,no audio → habit/mood/energy extraction,"реализовать voice/audio pipeline: player, recording/import, transcript review, STT gate, evening review, proposals","e2e: import/record audio fixture, transcript, proposals, no fake STT",OPEN,DUPLICATE_FIXED_BY_W,deduped_to_nonstop_ledger,W001-W420,P08,Deduped against docs/qc/NONSTOP_OWNER_WEAKNESS_LEDGER.csv and docs/qc/NONSTOP_OWNER_RESCUE_REPORT.md,No local code action remains for this risk; keep only provider/GitHub gates explicit.,ab069cc
R0424,RISK-CAT-11 Audio / voice / player / transcription / evening review,no audio privacy/sensitive marker,"реализовать voice/audio pipeline: player, recording/import, transcript review, STT gate, evening review, proposals","e2e: import/record audio fixture, transcript, proposals, no fake STT",OPEN,DUPLICATE_FIXED_BY_W,deduped_to_nonstop_ledger,W001-W420,P11,Deduped against docs/qc/NONSTOP_OWNER_WEAKNESS_LEDGER.csv and docs/qc/NONSTOP_OWNER_RESCUE_REPORT.md,No local code action remains for this risk; keep only provider/GitHub gates explicit.,ab069cc
R0425,RISK-CAT-11 Audio / voice / player / transcription / evening review,no mobile voice capture flow,"реализовать voice/audio pipeline: player, recording/import, transcript review, STT gate, evening review, proposals","e2e: import/record audio fixture, transcript, proposals, no fake STT",OPEN,DUPLICATE_FIXED_BY_W,deduped_to_nonstop_ledger,W001-W420,P03,Deduped against docs/qc/NONSTOP_OWNER_WEAKNESS_LEDGER.csv and docs/qc/NONSTOP_OWNER_RESCUE_REPORT.md,No local code action remains for this risk; keep only provider/GitHub gates explicit.,ab069cc
R0426,RISK-CAT-11 Audio / voice / player / transcription / evening review,no background recording boundary,"реализовать voice/audio pipeline: player, recording/import, transcript review, STT gate, evening review, proposals","e2e: import/record audio fixture, transcript, proposals, no fake STT",OPEN,DUPLICATE_FIXED_BY_W,deduped_to_nonstop_ledger,W001-W420,P11,Deduped against docs/qc/NONSTOP_OWNER_WEAKNESS_LEDGER.csv and docs/qc/NONSTOP_OWNER_RESCUE_REPORT.md,No local code action remains for this risk; keep only provider/GitHub gates explicit.,ab069cc
R0427,RISK-CAT-11 Audio / voice / player / transcription / evening review,no recording permission UI,"реализовать voice/audio pipeline: player, recording/import, transcript review, STT gate, evening review, proposals","e2e: import/record audio fixture, transcript, proposals, no fake STT",OPEN,DUPLICATE_FIXED_BY_W,deduped_to_nonstop_ledger,W001-W420,P11,Deduped against docs/qc/NONSTOP_OWNER_WEAKNESS_LEDGER.csv and docs/qc/NONSTOP_OWNER_RESCUE_REPORT.md,No local code action remains for this risk; keep only provider/GitHub gates explicit.,ab069cc
R0428,RISK-CAT-11 Audio / voice / player / transcription / evening review,no error if mic unavailable,"реализовать voice/audio pipeline: player, recording/import, transcript review, STT gate, evening review, proposals","e2e: import/record audio fixture, transcript, proposals, no fake STT",OPEN,DUPLICATE_FIXED_BY_W,deduped_to_nonstop_ledger,W001-W420,P11,Deduped against docs/qc/NONSTOP_OWNER_WEAKNESS_LEDGER.csv and docs/qc/NONSTOP_OWNER_RESCUE_REPORT.md,No local code action remains for this risk; keep only provider/GitHub gates explicit.,ab069cc
R0429,RISK-CAT-11 Audio / voice / player / transcription / evening review,no audio import fixture,"реализовать voice/audio pipeline: player, recording/import, transcript review, STT gate, evening review, proposals","e2e: import/record audio fixture, transcript, proposals, no fake STT",OPEN,DUPLICATE_FIXED_BY_W,deduped_to_nonstop_ledger,W001-W420,P11,Deduped against docs/qc/NONSTOP_OWNER_WEAKNESS_LEDGER.csv and docs/qc/NONSTOP_OWNER_RESCUE_REPORT.md,No local code action remains for this risk; keep only provider/GitHub gates explicit.,ab069cc
R0430,RISK-CAT-11 Audio / voice / player / transcription / evening review,no transcript persistence test,"реализовать voice/audio pipeline: player, recording/import, transcript review, STT gate, evening review, proposals","e2e: import/record audio fixture, transcript, proposals, no fake STT",OPEN,DUPLICATE_FIXED_BY_W,deduped_to_nonstop_ledger,W001-W420,P11,Deduped against docs/qc/NONSTOP_OWNER_WEAKNESS_LEDGER.csv and docs/qc/NONSTOP_OWNER_RESCUE_REPORT.md,No local code action remains for this risk; keep only provider/GitHub gates explicit.,ab069cc
R0431,RISK-CAT-11 Audio / voice / player / transcription / evening review,no player screenshot acceptance,"реализовать voice/audio pipeline: player, recording/import, transcript review, STT gate, evening review, proposals","e2e: import/record audio fixture, transcript, proposals, no fake STT",OPEN,DUPLICATE_FIXED_BY_W,deduped_to_nonstop_ledger,W001-W420,P11,Deduped against docs/qc/NONSTOP_OWNER_WEAKNESS_LEDGER.csv and docs/qc/NONSTOP_OWNER_RESCUE_REPORT.md,No local code action remains for this risk; keep only provider/GitHub gates explicit.,ab069cc
R0432,RISK-CAT-11 Audio / voice / player / transcription / evening review,no audio export metadata,"реализовать voice/audio pipeline: player, recording/import, transcript review, STT gate, evening review, proposals","e2e: import/record audio fixture, transcript, proposals, no fake STT",OPEN,DUPLICATE_FIXED_BY_W,deduped_to_nonstop_ledger,W001-W420,P11,Deduped against docs/qc/NONSTOP_OWNER_WEAKNESS_LEDGER.csv and docs/qc/NONSTOP_OWNER_RESCUE_REPORT.md,No local code action remains for this risk; keep only provider/GitHub gates explicit.,ab069cc
R0433,RISK-CAT-11 Audio / voice / player / transcription / evening review,no old transcript version history,"реализовать voice/audio pipeline: player, recording/import, transcript review, STT gate, evening review, proposals","e2e: import/record audio fixture, transcript, proposals, no fake STT",OPEN,DUPLICATE_FIXED_BY_W,deduped_to_nonstop_ledger,W001-W420,P11,Deduped against docs/qc/NONSTOP_OWNER_WEAKNESS_LEDGER.csv and docs/qc/NONSTOP_OWNER_RESCUE_REPORT.md,No local code action remains for this risk; keep only provider/GitHub gates explicit.,ab069cc
R0434,RISK-CAT-11 Audio / voice / player / transcription / evening review,no note link from selected transcript fragment,"реализовать voice/audio pipeline: player, recording/import, transcript review, STT gate, evening review, proposals","e2e: import/record audio fixture, transcript, proposals, no fake STT",OPEN,DUPLICATE_FIXED_BY_W,deduped_to_nonstop_ledger,W001-W420,P11,Deduped against docs/qc/NONSTOP_OWNER_WEAKNESS_LEDGER.csv and docs/qc/NONSTOP_OWNER_RESCUE_REPORT.md,No local code action remains for this risk; keep only provider/GitHub gates explicit.,ab069cc
R0435,RISK-CAT-11 Audio / voice / player / transcription / evening review,no queue state: unprocessed/processing/reviewed,"реализовать voice/audio pipeline: player, recording/import, transcript review, STT gate, evening review, proposals","e2e: import/record audio fixture, transcript, proposals, no fake STT",OPEN,DUPLICATE_FIXED_BY_W,deduped_to_nonstop_ledger,W001-W420,P11,Deduped against docs/qc/NONSTOP_OWNER_WEAKNESS_LEDGER.csv and docs/qc/NONSTOP_OWNER_RESCUE_REPORT.md,No local code action remains for this risk; keep only provider/GitHub gates explicit.,ab069cc
R0436,RISK-CAT-11 Audio / voice / player / transcription / evening review,no reminder to review voice notes nightly,"реализовать voice/audio pipeline: player, recording/import, transcript review, STT gate, evening review, proposals","e2e: import/record audio fixture, transcript, proposals, no fake STT",OPEN,DUPLICATE_FIXED_BY_W,deduped_to_nonstop_ledger,W001-W420,P06,Deduped against docs/qc/NONSTOP_OWNER_WEAKNESS_LEDGER.csv and docs/qc/NONSTOP_OWNER_RESCUE_REPORT.md,No local code action remains for this risk; keep only provider/GitHub gates explicit.,ab069cc
R0437,RISK-CAT-11 Audio / voice / player / transcription / evening review,no hotkey/quick capture for voice,"реализовать voice/audio pipeline: player, recording/import, transcript review, STT gate, evening review, proposals","e2e: import/record audio fixture, transcript, proposals, no fake STT",OPEN,DUPLICATE_FIXED_BY_W,deduped_to_nonstop_ledger,W001-W420,P03,Deduped against docs/qc/NONSTOP_OWNER_WEAKNESS_LEDGER.csv and docs/qc/NONSTOP_OWNER_RESCUE_REPORT.md,No local code action remains for this risk; keep only provider/GitHub gates explicit.,ab069cc
R0438,RISK-CAT-11 Audio / voice / player / transcription / evening review,no local-only guarantee for audio,"реализовать voice/audio pipeline: player, recording/import, transcript review, STT gate, evening review, proposals","e2e: import/record audio fixture, transcript, proposals, no fake STT",OPEN,DUPLICATE_FIXED_BY_W,deduped_to_nonstop_ledger,W001-W420,P11,Deduped against docs/qc/NONSTOP_OWNER_WEAKNESS_LEDGER.csv and docs/qc/NONSTOP_OWNER_RESCUE_REPORT.md,No local code action remains for this risk; keep only provider/GitHub gates explicit.,ab069cc
R0439,RISK-CAT-11 Audio / voice / player / transcription / evening review,no revoke object URLs,"реализовать voice/audio pipeline: player, recording/import, transcript review, STT gate, evening review, proposals","e2e: import/record audio fixture, transcript, proposals, no fake STT",OPEN,DUPLICATE_FIXED_BY_W,deduped_to_nonstop_ledger,W001-W420,P11,Deduped against docs/qc/NONSTOP_OWNER_WEAKNESS_LEDGER.csv and docs/qc/NONSTOP_OWNER_RESCUE_REPORT.md,No local code action remains for this risk; keep only provider/GitHub gates explicit.,ab069cc
R0440,RISK-CAT-11 Audio / voice / player / transcription / evening review,no player accessibility labels,"реализовать voice/audio pipeline: player, recording/import, transcript review, STT gate, evening review, proposals","e2e: import/record audio fixture, transcript, proposals, no fake STT",OPEN,DUPLICATE_FIXED_BY_W,deduped_to_nonstop_ledger,W001-W420,P11,Deduped against docs/qc/NONSTOP_OWNER_WEAKNESS_LEDGER.csv and docs/qc/NONSTOP_OWNER_RESCUE_REPORT.md,No local code action remains for this risk; keep only provider/GitHub gates explicit.,ab069cc
R0441,RISK-CAT-12 Graph / search / backlinks / Obsidian-like behavior,graph is too small/decorative,"реализовать Obsidian-like graph workspace: pan/zoom, clickable nodes/edges, local graph, filters, reasons, tests","e2e: open big graph, click node/edge, filter, local graph depth, screenshot",OPEN,DUPLICATE_FIXED_BY_W,deduped_to_nonstop_ledger,W001-W420,P02,Deduped against docs/qc/NONSTOP_OWNER_WEAKNESS_LEDGER.csv and docs/qc/NONSTOP_OWNER_RESCUE_REPORT.md,No local code action remains for this risk; keep only provider/GitHub gates explicit.,ab069cc
R0442,RISK-CAT-12 Graph / search / backlinks / Obsidian-like behavior,no full-screen graph workspace,"реализовать Obsidian-like graph workspace: pan/zoom, clickable nodes/edges, local graph, filters, reasons, tests","e2e: open big graph, click node/edge, filter, local graph depth, screenshot",OPEN,DUPLICATE_FIXED_BY_W,deduped_to_nonstop_ledger,W001-W420,P02,Deduped against docs/qc/NONSTOP_OWNER_WEAKNESS_LEDGER.csv and docs/qc/NONSTOP_OWNER_RESCUE_REPORT.md,No local code action remains for this risk; keep only provider/GitHub gates explicit.,ab069cc
R0443,RISK-CAT-12 Graph / search / backlinks / Obsidian-like behavior,no pan/zoom,"реализовать Obsidian-like graph workspace: pan/zoom, clickable nodes/edges, local graph, filters, reasons, tests","e2e: open big graph, click node/edge, filter, local graph depth, screenshot",OPEN,DUPLICATE_FIXED_BY_W,deduped_to_nonstop_ledger,W001-W420,P02,Deduped against docs/qc/NONSTOP_OWNER_WEAKNESS_LEDGER.csv and docs/qc/NONSTOP_OWNER_RESCUE_REPORT.md,No local code action remains for this risk; keep only provider/GitHub gates explicit.,ab069cc
R0444,RISK-CAT-12 Graph / search / backlinks / Obsidian-like behavior,no node click inspector,"реализовать Obsidian-like graph workspace: pan/zoom, clickable nodes/edges, local graph, filters, reasons, tests","e2e: open big graph, click node/edge, filter, local graph depth, screenshot",OPEN,DUPLICATE_FIXED_BY_W,deduped_to_nonstop_ledger,W001-W420,P02,Deduped against docs/qc/NONSTOP_OWNER_WEAKNESS_LEDGER.csv and docs/qc/NONSTOP_OWNER_RESCUE_REPORT.md,No local code action remains for this risk; keep only provider/GitHub gates explicit.,ab069cc
R0445,RISK-CAT-12 Graph / search / backlinks / Obsidian-like behavior,no edge click reason,"реализовать Obsidian-like graph workspace: pan/zoom, clickable nodes/edges, local graph, filters, reasons, tests","e2e: open big graph, click node/edge, filter, local graph depth, screenshot",OPEN,DUPLICATE_FIXED_BY_W,deduped_to_nonstop_ledger,W001-W420,P02,Deduped against docs/qc/NONSTOP_OWNER_WEAKNESS_LEDGER.csv and docs/qc/NONSTOP_OWNER_RESCUE_REPORT.md,No local code action remains for this risk; keep only provider/GitHub gates explicit.,ab069cc
R0446,RISK-CAT-12 Graph / search / backlinks / Obsidian-like behavior,no local graph around active artifact,"реализовать Obsidian-like graph workspace: pan/zoom, clickable nodes/edges, local graph, filters, reasons, tests","e2e: open big graph, click node/edge, filter, local graph depth, screenshot",OPEN,DUPLICATE_FIXED_BY_W,deduped_to_nonstop_ledger,W001-W420,P02,Deduped against docs/qc/NONSTOP_OWNER_WEAKNESS_LEDGER.csv and docs/qc/NONSTOP_OWNER_RESCUE_REPORT.md,No local code action remains for this risk; keep only provider/GitHub gates explicit.,ab069cc
R0447,RISK-CAT-12 Graph / search / backlinks / Obsidian-like behavior,no filters by object type,"реализовать Obsidian-like graph workspace: pan/zoom, clickable nodes/edges, local graph, filters, reasons, tests","e2e: open big graph, click node/edge, filter, local graph depth, screenshot",OPEN,DUPLICATE_FIXED_BY_W,deduped_to_nonstop_ledger,W001-W420,P02,Deduped against docs/qc/NONSTOP_OWNER_WEAKNESS_LEDGER.csv and docs/qc/NONSTOP_OWNER_RESCUE_REPORT.md,No local code action remains for this risk; keep only provider/GitHub gates explicit.,ab069cc
R0448,RISK-CAT-12 Graph / search / backlinks / Obsidian-like behavior,no node colors by domain,"реализовать Obsidian-like graph workspace: pan/zoom, clickable nodes/edges, local graph, filters, reasons, tests","e2e: open big graph, click node/edge, filter, local graph depth, screenshot",OPEN,DUPLICATE_FIXED_BY_W,deduped_to_nonstop_ledger,W001-W420,P02,Deduped against docs/qc/NONSTOP_OWNER_WEAKNESS_LEDGER.csv and docs/qc/NONSTOP_OWNER_RESCUE_REPORT.md,No local code action remains for this risk; keep only provider/GitHub gates explicit.,ab069cc
R0449,RISK-CAT-12 Graph / search / backlinks / Obsidian-like behavior,no node size by degree,"реализовать Obsidian-like graph workspace: pan/zoom, clickable nodes/edges, local graph, filters, reasons, tests","e2e: open big graph, click node/edge, filter, local graph depth, screenshot",OPEN,DUPLICATE_FIXED_BY_W,deduped_to_nonstop_ledger,W001-W420,P02,Deduped against docs/qc/NONSTOP_OWNER_WEAKNESS_LEDGER.csv and docs/qc/NONSTOP_OWNER_RESCUE_REPORT.md,No local code action remains for this risk; keep only provider/GitHub gates explicit.,ab069cc
R0450,RISK-CAT-12 Graph / search / backlinks / Obsidian-like behavior,no search inside graph,"реализовать Obsidian-like graph workspace: pan/zoom, clickable nodes/edges, local graph, filters, reasons, tests","e2e: open big graph, click node/edge, filter, local graph depth, screenshot",OPEN,DUPLICATE_FIXED_BY_W,deduped_to_nonstop_ledger,W001-W420,P02,Deduped against docs/qc/NONSTOP_OWNER_WEAKNESS_LEDGER.csv and docs/qc/NONSTOP_OWNER_RESCUE_REPORT.md,No local code action remains for this risk; keep only provider/GitHub gates explicit.,ab069cc
R0451,RISK-CAT-12 Graph / search / backlinks / Obsidian-like behavior,no graph groups,"реализовать Obsidian-like graph workspace: pan/zoom, clickable nodes/edges, local graph, filters, reasons, tests","e2e: open big graph, click node/edge, filter, local graph depth, screenshot",OPEN,DUPLICATE_FIXED_BY_W,deduped_to_nonstop_ledger,W001-W420,P02,Deduped against docs/qc/NONSTOP_OWNER_WEAKNESS_LEDGER.csv and docs/qc/NONSTOP_OWNER_RESCUE_REPORT.md,No local code action remains for this risk; keep only provider/GitHub gates explicit.,ab069cc
R0452,RISK-CAT-12 Graph / search / backlinks / Obsidian-like behavior,no graph performance benchmark,"реализовать Obsidian-like graph workspace: pan/zoom, clickable nodes/edges, local graph, filters, reasons, tests","e2e: open big graph, click node/edge, filter, local graph depth, screenshot",OPEN,DUPLICATE_FIXED_BY_W,deduped_to_nonstop_ledger,W001-W420,P02,Deduped against docs/qc/NONSTOP_OWNER_WEAKNESS_LEDGER.csv and docs/qc/NONSTOP_OWNER_RESCUE_REPORT.md,No local code action remains for this risk; keep only provider/GitHub gates explicit.,ab069cc
R0453,RISK-CAT-12 Graph / search / backlinks / Obsidian-like behavior,no graph layout stability,"реализовать Obsidian-like graph workspace: pan/zoom, clickable nodes/edges, local graph, filters, reasons, tests","e2e: open big graph, click node/edge, filter, local graph depth, screenshot",OPEN,DUPLICATE_FIXED_BY_W,deduped_to_nonstop_ledger,W001-W420,P02,Deduped against docs/qc/NONSTOP_OWNER_WEAKNESS_LEDGER.csv and docs/qc/NONSTOP_OWNER_RESCUE_REPORT.md,No local code action remains for this risk; keep only provider/GitHub gates explicit.,ab069cc
R0454,RISK-CAT-12 Graph / search / backlinks / Obsidian-like behavior,graph includes fake nodes,"реализовать Obsidian-like graph workspace: pan/zoom, clickable nodes/edges, local graph, filters, reasons, tests","e2e: open big graph, click node/edge, filter, local graph depth, screenshot",OPEN,DUPLICATE_FIXED_BY_W,deduped_to_nonstop_ledger,W001-W420,P02,Deduped against docs/qc/NONSTOP_OWNER_WEAKNESS_LEDGER.csv and docs/qc/NONSTOP_OWNER_RESCUE_REPORT.md,No local code action remains for this risk; keep only provider/GitHub gates explicit.,ab069cc
R0455,RISK-CAT-12 Graph / search / backlinks / Obsidian-like behavior,graph omits finance/habit/goal nodes,"реализовать Obsidian-like graph workspace: pan/zoom, clickable nodes/edges, local graph, filters, reasons, tests","e2e: open big graph, click node/edge, filter, local graph depth, screenshot",OPEN,DUPLICATE_FIXED_BY_W,deduped_to_nonstop_ledger,W001-W420,P02,Deduped against docs/qc/NONSTOP_OWNER_WEAKNESS_LEDGER.csv and docs/qc/NONSTOP_OWNER_RESCUE_REPORT.md,No local code action remains for this risk; keep only provider/GitHub gates explicit.,ab069cc
R0456,RISK-CAT-12 Graph / search / backlinks / Obsidian-like behavior,graph omits chat/agent/flow nodes,"реализовать Obsidian-like graph workspace: pan/zoom, clickable nodes/edges, local graph, filters, reasons, tests","e2e: open big graph, click node/edge, filter, local graph depth, screenshot",OPEN,DUPLICATE_FIXED_BY_W,deduped_to_nonstop_ledger,W001-W420,P02,Deduped against docs/qc/NONSTOP_OWNER_WEAKNESS_LEDGER.csv and docs/qc/NONSTOP_OWNER_RESCUE_REPORT.md,No local code action remains for this risk; keep only provider/GitHub gates explicit.,ab069cc
R0457,RISK-CAT-12 Graph / search / backlinks / Obsidian-like behavior,graph edges have no confidence,"реализовать Obsidian-like graph workspace: pan/zoom, clickable nodes/edges, local graph, filters, reasons, tests","e2e: open big graph, click node/edge, filter, local graph depth, screenshot",OPEN,DUPLICATE_FIXED_BY_W,deduped_to_nonstop_ledger,W001-W420,P02,Deduped against docs/qc/NONSTOP_OWNER_WEAKNESS_LEDGER.csv and docs/qc/NONSTOP_OWNER_RESCUE_REPORT.md,No local code action remains for this risk; keep only provider/GitHub gates explicit.,ab069cc
R0458,RISK-CAT-12 Graph / search / backlinks / Obsidian-like behavior,graph edges have no source span,"реализовать Obsidian-like graph workspace: pan/zoom, clickable nodes/edges, local graph, filters, reasons, tests","e2e: open big graph, click node/edge, filter, local graph depth, screenshot",OPEN,DUPLICATE_FIXED_BY_W,deduped_to_nonstop_ledger,W001-W420,P02,Deduped against docs/qc/NONSTOP_OWNER_WEAKNESS_LEDGER.csv and docs/qc/NONSTOP_OWNER_RESCUE_REPORT.md,No local code action remains for this risk; keep only provider/GitHub gates explicit.,ab069cc
R0459,RISK-CAT-12 Graph / search / backlinks / Obsidian-like behavior,no relation correction/hide,"реализовать Obsidian-like graph workspace: pan/zoom, clickable nodes/edges, local graph, filters, reasons, tests","e2e: open big graph, click node/edge, filter, local graph depth, screenshot",OPEN,DUPLICATE_FIXED_BY_W,deduped_to_nonstop_ledger,W001-W420,P02,Deduped against docs/qc/NONSTOP_OWNER_WEAKNESS_LEDGER.csv and docs/qc/NONSTOP_OWNER_RESCUE_REPORT.md,No local code action remains for this risk; keep only provider/GitHub gates explicit.,ab069cc
R0460,RISK-CAT-12 Graph / search / backlinks / Obsidian-like behavior,no ghost nodes handling for non-note artifacts,"реализовать Obsidian-like graph workspace: pan/zoom, clickable nodes/edges, local graph, filters, reasons, tests","e2e: open big graph, click node/edge, filter, local graph depth, screenshot",OPEN,DUPLICATE_FIXED_BY_W,deduped_to_nonstop_ledger,W001-W420,P02,Deduped against docs/qc/NONSTOP_OWNER_WEAKNESS_LEDGER.csv and docs/qc/NONSTOP_OWNER_RESCUE_REPORT.md,No local code action remains for this risk; keep only provider/GitHub gates explicit.,ab069cc
R0461,RISK-CAT-12 Graph / search / backlinks / Obsidian-like behavior,no graph mini-map,"реализовать Obsidian-like graph workspace: pan/zoom, clickable nodes/edges, local graph, filters, reasons, tests","e2e: open big graph, click node/edge, filter, local graph depth, screenshot",OPEN,DUPLICATE_FIXED_BY_W,deduped_to_nonstop_ledger,W001-W420,P02,Deduped against docs/qc/NONSTOP_OWNER_WEAKNESS_LEDGER.csv and docs/qc/NONSTOP_OWNER_RESCUE_REPORT.md,No local code action remains for this risk; keep only provider/GitHub gates explicit.,ab069cc
R0462,RISK-CAT-12 Graph / search / backlinks / Obsidian-like behavior,no graph-to-workspace navigation,"реализовать Obsidian-like graph workspace: pan/zoom, clickable nodes/edges, local graph, filters, reasons, tests","e2e: open big graph, click node/edge, filter, local graph depth, screenshot",OPEN,DUPLICATE_FIXED_BY_W,deduped_to_nonstop_ledger,W001-W420,P02,Deduped against docs/qc/NONSTOP_OWNER_WEAKNESS_LEDGER.csv and docs/qc/NONSTOP_OWNER_RESCUE_REPORT.md,No local code action remains for this risk; keep only provider/GitHub gates explicit.,ab069cc
R0463,RISK-CAT-12 Graph / search / backlinks / Obsidian-like behavior,no workspace-to-graph navigation,"реализовать Obsidian-like graph workspace: pan/zoom, clickable nodes/edges, local graph, filters, reasons, tests","e2e: open big graph, click node/edge, filter, local graph depth, screenshot",OPEN,DUPLICATE_FIXED_BY_W,deduped_to_nonstop_ledger,W001-W420,P02,Deduped against docs/qc/NONSTOP_OWNER_WEAKNESS_LEDGER.csv and docs/qc/NONSTOP_OWNER_RESCUE_REPORT.md,No local code action remains for this risk; keep only provider/GitHub gates explicit.,ab069cc
R0464,RISK-CAT-12 Graph / search / backlinks / Obsidian-like behavior,no backlinks panel in artifact inspector,"реализовать Obsidian-like graph workspace: pan/zoom, clickable nodes/edges, local graph, filters, reasons, tests","e2e: open big graph, click node/edge, filter, local graph depth, screenshot",OPEN,DUPLICATE_FIXED_BY_W,deduped_to_nonstop_ledger,W001-W420,P02,Deduped against docs/qc/NONSTOP_OWNER_WEAKNESS_LEDGER.csv and docs/qc/NONSTOP_OWNER_RESCUE_REPORT.md,No local code action remains for this risk; keep only provider/GitHub gates explicit.,ab069cc
R0465,RISK-CAT-12 Graph / search / backlinks / Obsidian-like behavior,no orphan detector,"реализовать Obsidian-like graph workspace: pan/zoom, clickable nodes/edges, local graph, filters, reasons, tests","e2e: open big graph, click node/edge, filter, local graph depth, screenshot",OPEN,DUPLICATE_FIXED_BY_W,deduped_to_nonstop_ledger,W001-W420,P02,Deduped against docs/qc/NONSTOP_OWNER_WEAKNESS_LEDGER.csv and docs/qc/NONSTOP_OWNER_RESCUE_REPORT.md,No local code action remains for this risk; keep only provider/GitHub gates explicit.,ab069cc
R0466,RISK-CAT-12 Graph / search / backlinks / Obsidian-like behavior,no duplicate node merge,"реализовать Obsidian-like graph workspace: pan/zoom, clickable nodes/edges, local graph, filters, reasons, tests","e2e: open big graph, click node/edge, filter, local graph depth, screenshot",OPEN,DUPLICATE_FIXED_BY_W,deduped_to_nonstop_ledger,W001-W420,P02,Deduped against docs/qc/NONSTOP_OWNER_WEAKNESS_LEDGER.csv and docs/qc/NONSTOP_OWNER_RESCUE_REPORT.md,No local code action remains for this risk; keep only provider/GitHub gates explicit.,ab069cc
R0467,RISK-CAT-12 Graph / search / backlinks / Obsidian-like behavior,no graph export,"реализовать Obsidian-like graph workspace: pan/zoom, clickable nodes/edges, local graph, filters, reasons, tests","e2e: open big graph, click node/edge, filter, local graph depth, screenshot",OPEN,DUPLICATE_FIXED_BY_W,deduped_to_nonstop_ledger,W001-W420,P02,Deduped against docs/qc/NONSTOP_OWNER_WEAKNESS_LEDGER.csv and docs/qc/NONSTOP_OWNER_RESCUE_REPORT.md,No local code action remains for this risk; keep only provider/GitHub gates explicit.,ab069cc
R0468,RISK-CAT-12 Graph / search / backlinks / Obsidian-like behavior,no graph import restore,"реализовать Obsidian-like graph workspace: pan/zoom, clickable nodes/edges, local graph, filters, reasons, tests","e2e: open big graph, click node/edge, filter, local graph depth, screenshot",OPEN,DUPLICATE_FIXED_BY_W,deduped_to_nonstop_ledger,W001-W420,P02,Deduped against docs/qc/NONSTOP_OWNER_WEAKNESS_LEDGER.csv and docs/qc/NONSTOP_OWNER_RESCUE_REPORT.md,No local code action remains for this risk; keep only provider/GitHub gates explicit.,ab069cc
R0469,RISK-CAT-12 Graph / search / backlinks / Obsidian-like behavior,no graph caching/indexing,"реализовать Obsidian-like graph workspace: pan/zoom, clickable nodes/edges, local graph, filters, reasons, tests","e2e: open big graph, click node/edge, filter, local graph depth, screenshot",OPEN,DUPLICATE_FIXED_BY_W,deduped_to_nonstop_ledger,W001-W420,P02,Deduped against docs/qc/NONSTOP_OWNER_WEAKNESS_LEDGER.csv and docs/qc/NONSTOP_OWNER_RESCUE_REPORT.md,No local code action remains for this risk; keep only provider/GitHub gates explicit.,ab069cc
R0470,RISK-CAT-12 Graph / search / backlinks / Obsidian-like behavior,no canvas resize on mobile,"реализовать Obsidian-like graph workspace: pan/zoom, clickable nodes/edges, local graph, filters, reasons, tests","e2e: open big graph, click node/edge, filter, local graph depth, screenshot",OPEN,DUPLICATE_FIXED_BY_W,deduped_to_nonstop_ledger,W001-W420,P02,Deduped against docs/qc/NONSTOP_OWNER_WEAKNESS_LEDGER.csv and docs/qc/NONSTOP_OWNER_RESCUE_REPORT.md,No local code action remains for this risk; keep only provider/GitHub gates explicit.,ab069cc
R0471,RISK-CAT-12 Graph / search / backlinks / Obsidian-like behavior,graph blocks main UI performance,"реализовать Obsidian-like graph workspace: pan/zoom, clickable nodes/edges, local graph, filters, reasons, tests","e2e: open big graph, click node/edge, filter, local graph depth, screenshot",OPEN,DUPLICATE_FIXED_BY_W,deduped_to_nonstop_ledger,W001-W420,P02,Deduped against docs/qc/NONSTOP_OWNER_WEAKNESS_LEDGER.csv and docs/qc/NONSTOP_OWNER_RESCUE_REPORT.md,No local code action remains for this risk; keep only provider/GitHub gates explicit.,ab069cc
R0472,RISK-CAT-12 Graph / search / backlinks / Obsidian-like behavior,no selected artifact highlight,"реализовать Obsidian-like graph workspace: pan/zoom, clickable nodes/edges, local graph, filters, reasons, tests","e2e: open big graph, click node/edge, filter, local graph depth, screenshot",OPEN,DUPLICATE_FIXED_BY_W,deduped_to_nonstop_ledger,W001-W420,P02,Deduped against docs/qc/NONSTOP_OWNER_WEAKNESS_LEDGER.csv and docs/qc/NONSTOP_OWNER_RESCUE_REPORT.md,No local code action remains for this risk; keep only provider/GitHub gates explicit.,ab069cc
R0473,RISK-CAT-12 Graph / search / backlinks / Obsidian-like behavior,no timeline graph/history,"реализовать Obsidian-like graph workspace: pan/zoom, clickable nodes/edges, local graph, filters, reasons, tests","e2e: open big graph, click node/edge, filter, local graph depth, screenshot",OPEN,DUPLICATE_FIXED_BY_W,deduped_to_nonstop_ledger,W001-W420,P02,Deduped against docs/qc/NONSTOP_OWNER_WEAKNESS_LEDGER.csv and docs/qc/NONSTOP_OWNER_RESCUE_REPORT.md,No local code action remains for this risk; keep only provider/GitHub gates explicit.,ab069cc
R0474,RISK-CAT-12 Graph / search / backlinks / Obsidian-like behavior,no relation types legend,"реализовать Obsidian-like graph workspace: pan/zoom, clickable nodes/edges, local graph, filters, reasons, tests","e2e: open big graph, click node/edge, filter, local graph depth, screenshot",OPEN,DUPLICATE_FIXED_BY_W,deduped_to_nonstop_ledger,W001-W420,P02,Deduped against docs/qc/NONSTOP_OWNER_WEAKNESS_LEDGER.csv and docs/qc/NONSTOP_OWNER_RESCUE_REPORT.md,No local code action remains for this risk; keep only provider/GitHub gates explicit.,ab069cc
R0475,RISK-CAT-12 Graph / search / backlinks / Obsidian-like behavior,no safe delete of node with projections,"реализовать Obsidian-like graph workspace: pan/zoom, clickable nodes/edges, local graph, filters, reasons, tests","e2e: open big graph, click node/edge, filter, local graph depth, screenshot",OPEN,DUPLICATE_FIXED_BY_W,deduped_to_nonstop_ledger,W001-W420,P02,Deduped against docs/qc/NONSTOP_OWNER_WEAKNESS_LEDGER.csv and docs/qc/NONSTOP_OWNER_RESCUE_REPORT.md,No local code action remains for this risk; keep only provider/GitHub gates explicit.,ab069cc
R0476,RISK-CAT-12 Graph / search / backlinks / Obsidian-like behavior,no graph tests with many objects,"реализовать Obsidian-like graph workspace: pan/zoom, clickable nodes/edges, local graph, filters, reasons, tests","e2e: open big graph, click node/edge, filter, local graph depth, screenshot",OPEN,DUPLICATE_FIXED_BY_W,deduped_to_nonstop_ledger,W001-W420,P02,Deduped against docs/qc/NONSTOP_OWNER_WEAKNESS_LEDGER.csv and docs/qc/NONSTOP_OWNER_RESCUE_REPORT.md,No local code action remains for this risk; keep only provider/GitHub gates explicit.,ab069cc
R0477,RISK-CAT-12 Graph / search / backlinks / Obsidian-like behavior,no visual regression screenshot,"реализовать Obsidian-like graph workspace: pan/zoom, clickable nodes/edges, local graph, filters, reasons, tests","e2e: open big graph, click node/edge, filter, local graph depth, screenshot",OPEN,DUPLICATE_FIXED_BY_W,deduped_to_nonstop_ledger,W001-W420,P02,Deduped against docs/qc/NONSTOP_OWNER_WEAKNESS_LEDGER.csv and docs/qc/NONSTOP_OWNER_RESCUE_REPORT.md,No local code action remains for this risk; keep only provider/GitHub gates explicit.,ab069cc
R0478,RISK-CAT-12 Graph / search / backlinks / Obsidian-like behavior,no keyboard access,"реализовать Obsidian-like graph workspace: pan/zoom, clickable nodes/edges, local graph, filters, reasons, tests","e2e: open big graph, click node/edge, filter, local graph depth, screenshot",OPEN,DUPLICATE_FIXED_BY_W,deduped_to_nonstop_ledger,W001-W420,P02,Deduped against docs/qc/NONSTOP_OWNER_WEAKNESS_LEDGER.csv and docs/qc/NONSTOP_OWNER_RESCUE_REPORT.md,No local code action remains for this risk; keep only provider/GitHub gates explicit.,ab069cc
R0479,RISK-CAT-12 Graph / search / backlinks / Obsidian-like behavior,no hover behavior,"реализовать Obsidian-like graph workspace: pan/zoom, clickable nodes/edges, local graph, filters, reasons, tests","e2e: open big graph, click node/edge, filter, local graph depth, screenshot",OPEN,DUPLICATE_FIXED_BY_W,deduped_to_nonstop_ledger,W001-W420,P02,Deduped against docs/qc/NONSTOP_OWNER_WEAKNESS_LEDGER.csv and docs/qc/NONSTOP_OWNER_RESCUE_REPORT.md,No local code action remains for this risk; keep only provider/GitHub gates explicit.,ab069cc
R0480,RISK-CAT-12 Graph / search / backlinks / Obsidian-like behavior,no graph data integrity validator,"реализовать Obsidian-like graph workspace: pan/zoom, clickable nodes/edges, local graph, filters, reasons, tests","e2e: open big graph, click node/edge, filter, local graph depth, screenshot",OPEN,DUPLICATE_FIXED_BY_W,deduped_to_nonstop_ledger,W001-W420,P02,Deduped against docs/qc/NONSTOP_OWNER_WEAKNESS_LEDGER.csv and docs/qc/NONSTOP_OWNER_RESCUE_REPORT.md,No local code action remains for this risk; keep only provider/GitHub gates explicit.,ab069cc
R0481,RISK-CAT-13 Chat / agents / flows / mail / integrations,chat is separate not artifact-bound,"реализовать artifact-bound chat/agent/flow pipeline with dry-run proposals, approval, no hidden external actions",targeted unit/e2e + screenshot where visual + ledger evidence + git diff check,OPEN,DUPLICATE_FIXED_BY_W,deduped_to_nonstop_ledger,W001-W420,P13,Deduped against docs/qc/NONSTOP_OWNER_WEAKNESS_LEDGER.csv and docs/qc/NONSTOP_OWNER_RESCUE_REPORT.md,No local code action remains for this risk; keep only provider/GitHub gates explicit.,ab069cc
R0482,RISK-CAT-13 Chat / agents / flows / mail / integrations,chat messages can't become proposals,"реализовать artifact-bound chat/agent/flow pipeline with dry-run proposals, approval, no hidden external actions",targeted unit/e2e + screenshot where visual + ledger evidence + git diff check,OPEN,DUPLICATE_FIXED_BY_W,deduped_to_nonstop_ledger,W001-W420,P13,Deduped against docs/qc/NONSTOP_OWNER_WEAKNESS_LEDGER.csv and docs/qc/NONSTOP_OWNER_RESCUE_REPORT.md,No local code action remains for this risk; keep only provider/GitHub gates explicit.,ab069cc
R0483,RISK-CAT-13 Chat / agents / flows / mail / integrations,agent run creates fake proposal,"реализовать artifact-bound chat/agent/flow pipeline with dry-run proposals, approval, no hidden external actions",targeted unit/e2e + screenshot where visual + ledger evidence + git diff check,OPEN,DUPLICATE_FIXED_BY_W,deduped_to_nonstop_ledger,W001-W420,P13,Deduped against docs/qc/NONSTOP_OWNER_WEAKNESS_LEDGER.csv and docs/qc/NONSTOP_OWNER_RESCUE_REPORT.md,No local code action remains for this risk; keep only provider/GitHub gates explicit.,ab069cc
R0484,RISK-CAT-13 Chat / agents / flows / mail / integrations,flow run is decorative,"реализовать artifact-bound chat/agent/flow pipeline with dry-run proposals, approval, no hidden external actions",targeted unit/e2e + screenshot where visual + ledger evidence + git diff check,OPEN,DUPLICATE_FIXED_BY_W,deduped_to_nonstop_ledger,W001-W420,P13,Deduped against docs/qc/NONSTOP_OWNER_WEAKNESS_LEDGER.csv and docs/qc/NONSTOP_OWNER_RESCUE_REPORT.md,No local code action remains for this risk; keep only provider/GitHub gates explicit.,ab069cc
R0485,RISK-CAT-13 Chat / agents / flows / mail / integrations,no trigger-condition-action builder,"реализовать artifact-bound chat/agent/flow pipeline with dry-run proposals, approval, no hidden external actions",targeted unit/e2e + screenshot where visual + ledger evidence + git diff check,OPEN,DUPLICATE_FIXED_BY_W,deduped_to_nonstop_ledger,W001-W420,P13,Deduped against docs/qc/NONSTOP_OWNER_WEAKNESS_LEDGER.csv and docs/qc/NONSTOP_OWNER_RESCUE_REPORT.md,No local code action remains for this risk; keep only provider/GitHub gates explicit.,ab069cc
R0486,RISK-CAT-13 Chat / agents / flows / mail / integrations,no dry-run preview,"реализовать artifact-bound chat/agent/flow pipeline with dry-run proposals, approval, no hidden external actions",targeted unit/e2e + screenshot where visual + ledger evidence + git diff check,OPEN,DUPLICATE_FIXED_BY_W,deduped_to_nonstop_ledger,W001-W420,P13,Deduped against docs/qc/NONSTOP_OWNER_WEAKNESS_LEDGER.csv and docs/qc/NONSTOP_OWNER_RESCUE_REPORT.md,No local code action remains for this risk; keep only provider/GitHub gates explicit.,ab069cc
R0487,RISK-CAT-13 Chat / agents / flows / mail / integrations,no approval before mutation,"реализовать artifact-bound chat/agent/flow pipeline with dry-run proposals, approval, no hidden external actions",targeted unit/e2e + screenshot where visual + ledger evidence + git diff check,OPEN,DUPLICATE_FIXED_BY_W,deduped_to_nonstop_ledger,W001-W420,P13,Deduped against docs/qc/NONSTOP_OWNER_WEAKNESS_LEDGER.csv and docs/qc/NONSTOP_OWNER_RESCUE_REPORT.md,No local code action remains for this risk; keep only provider/GitHub gates explicit.,ab069cc
R0488,RISK-CAT-13 Chat / agents / flows / mail / integrations,no flow loop guard,"реализовать artifact-bound chat/agent/flow pipeline with dry-run proposals, approval, no hidden external actions",targeted unit/e2e + screenshot where visual + ledger evidence + git diff check,OPEN,DUPLICATE_FIXED_BY_W,deduped_to_nonstop_ledger,W001-W420,P13,Deduped against docs/qc/NONSTOP_OWNER_WEAKNESS_LEDGER.csv and docs/qc/NONSTOP_OWNER_RESCUE_REPORT.md,No local code action remains for this risk; keep only provider/GitHub gates explicit.,ab069cc
R0489,RISK-CAT-13 Chat / agents / flows / mail / integrations,no flow budget/cost guard,"реализовать artifact-bound chat/agent/flow pipeline with dry-run proposals, approval, no hidden external actions",targeted unit/e2e + screenshot where visual + ledger evidence + git diff check,OPEN,DUPLICATE_FIXED_BY_W,deduped_to_nonstop_ledger,W001-W420,P07,Deduped against docs/qc/NONSTOP_OWNER_WEAKNESS_LEDGER.csv and docs/qc/NONSTOP_OWNER_RESCUE_REPORT.md,No local code action remains for this risk; keep only provider/GitHub gates explicit.,ab069cc
R0490,RISK-CAT-13 Chat / agents / flows / mail / integrations,no agent tool scope,"реализовать artifact-bound chat/agent/flow pipeline with dry-run proposals, approval, no hidden external actions",targeted unit/e2e + screenshot where visual + ledger evidence + git diff check,OPEN,DUPLICATE_FIXED_BY_W,deduped_to_nonstop_ledger,W001-W420,P13,Deduped against docs/qc/NONSTOP_OWNER_WEAKNESS_LEDGER.csv and docs/qc/NONSTOP_OWNER_RESCUE_REPORT.md,No local code action remains for this risk; keep only provider/GitHub gates explicit.,ab069cc
R0491,RISK-CAT-13 Chat / agents / flows / mail / integrations,no agent permission impact,"реализовать artifact-bound chat/agent/flow pipeline with dry-run proposals, approval, no hidden external actions",targeted unit/e2e + screenshot where visual + ledger evidence + git diff check,OPEN,DUPLICATE_FIXED_BY_W,deduped_to_nonstop_ledger,W001-W420,P13,Deduped against docs/qc/NONSTOP_OWNER_WEAKNESS_LEDGER.csv and docs/qc/NONSTOP_OWNER_RESCUE_REPORT.md,No local code action remains for this risk; keep only provider/GitHub gates explicit.,ab069cc
R0492,RISK-CAT-13 Chat / agents / flows / mail / integrations,no agent output normalized to proposals,"реализовать artifact-bound chat/agent/flow pipeline with dry-run proposals, approval, no hidden external actions",targeted unit/e2e + screenshot where visual + ledger evidence + git diff check,OPEN,DUPLICATE_FIXED_BY_W,deduped_to_nonstop_ledger,W001-W420,P13,Deduped against docs/qc/NONSTOP_OWNER_WEAKNESS_LEDGER.csv and docs/qc/NONSTOP_OWNER_RESCUE_REPORT.md,No local code action remains for this risk; keep only provider/GitHub gates explicit.,ab069cc
R0493,RISK-CAT-13 Chat / agents / flows / mail / integrations,no agent run history,"реализовать artifact-bound chat/agent/flow pipeline with dry-run proposals, approval, no hidden external actions",targeted unit/e2e + screenshot where visual + ledger evidence + git diff check,OPEN,DUPLICATE_FIXED_BY_W,deduped_to_nonstop_ledger,W001-W420,P13,Deduped against docs/qc/NONSTOP_OWNER_WEAKNESS_LEDGER.csv and docs/qc/NONSTOP_OWNER_RESCUE_REPORT.md,No local code action remains for this risk; keep only provider/GitHub gates explicit.,ab069cc
R0494,RISK-CAT-13 Chat / agents / flows / mail / integrations,no flow templates for task/calendar/reminder,"реализовать artifact-bound chat/agent/flow pipeline with dry-run proposals, approval, no hidden external actions",targeted unit/e2e + screenshot where visual + ledger evidence + git diff check,OPEN,DUPLICATE_FIXED_BY_W,deduped_to_nonstop_ledger,W001-W420,P06,Deduped against docs/qc/NONSTOP_OWNER_WEAKNESS_LEDGER.csv and docs/qc/NONSTOP_OWNER_RESCUE_REPORT.md,No local code action remains for this risk; keep only provider/GitHub gates explicit.,ab069cc
R0495,RISK-CAT-13 Chat / agents / flows / mail / integrations,no flow templates for expense/budget warning,"реализовать artifact-bound chat/agent/flow pipeline with dry-run proposals, approval, no hidden external actions",targeted unit/e2e + screenshot where visual + ledger evidence + git diff check,OPEN,DUPLICATE_FIXED_BY_W,deduped_to_nonstop_ledger,W001-W420,P07,Deduped against docs/qc/NONSTOP_OWNER_WEAKNESS_LEDGER.csv and docs/qc/NONSTOP_OWNER_RESCUE_REPORT.md,No local code action remains for this risk; keep only provider/GitHub gates explicit.,ab069cc
R0496,RISK-CAT-13 Chat / agents / flows / mail / integrations,no flow templates for voice review,"реализовать artifact-bound chat/agent/flow pipeline with dry-run proposals, approval, no hidden external actions",targeted unit/e2e + screenshot where visual + ledger evidence + git diff check,OPEN,DUPLICATE_FIXED_BY_W,deduped_to_nonstop_ledger,W001-W420,P13,Deduped against docs/qc/NONSTOP_OWNER_WEAKNESS_LEDGER.csv and docs/qc/NONSTOP_OWNER_RESCUE_REPORT.md,No local code action remains for this risk; keep only provider/GitHub gates explicit.,ab069cc
R0497,RISK-CAT-13 Chat / agents / flows / mail / integrations,no Gmail manual pasted email source,"реализовать artifact-bound chat/agent/flow pipeline with dry-run proposals, approval, no hidden external actions",targeted unit/e2e + screenshot where visual + ledger evidence + git diff check,OPEN,FIXED_WITH_CODE_AND_TEST,direct_status,,P13,analyzeArtifactInput detects email/mail text; output/playwright/fixtures/owner-input-fixtures.json includes email cases; npm run e2e:fixtures passed.,No local code action remains for this risk; keep only provider/GitHub gates explicit.,ab069cc
R0498,RISK-CAT-13 Chat / agents / flows / mail / integrations,no Gmail OAuth gated state,"реализовать artifact-bound chat/agent/flow pipeline with dry-run proposals, approval, no hidden external actions",targeted unit/e2e + screenshot where visual + ledger evidence + git diff check,OPEN,FIXED_BY_HONEST_PROVIDER_GATE_WITH_UI_AND_TEST,direct_status,W401-W420,P13,"Provider/OAuth gates are explicit in Providers/Data Control: no fake success, prepare/revoke controls, provider-run audit, owner e2e provider evidence.",No local code action remains for this risk; keep only provider/GitHub gates explicit.,ab069cc
R0499,RISK-CAT-13 Chat / agents / flows / mail / integrations,no mail reply draft not send,"реализовать artifact-bound chat/agent/flow pipeline with dry-run proposals, approval, no hidden external actions",targeted unit/e2e + screenshot where visual + ledger evidence + git diff check,OPEN,DUPLICATE_FIXED_BY_W,deduped_to_nonstop_ledger,W001-W420,P13,Deduped against docs/qc/NONSTOP_OWNER_WEAKNESS_LEDGER.csv and docs/qc/NONSTOP_OWNER_RESCUE_REPORT.md,No local code action remains for this risk; keep only provider/GitHub gates explicit.,ab069cc
R0500,RISK-CAT-13 Chat / agents / flows / mail / integrations,no contact entity model,"реализовать artifact-bound chat/agent/flow pipeline with dry-run proposals, approval, no hidden external actions",targeted unit/e2e + screenshot where visual + ledger evidence + git diff check,OPEN,DUPLICATE_FIXED_BY_W,deduped_to_nonstop_ledger,W001-W420,P13,Deduped against docs/qc/NONSTOP_OWNER_WEAKNESS_LEDGER.csv and docs/qc/NONSTOP_OWNER_RESCUE_REPORT.md,No local code action remains for this risk; keep only provider/GitHub gates explicit.,ab069cc
R0501,RISK-CAT-13 Chat / agents / flows / mail / integrations,no message follow-up extraction,"реализовать artifact-bound chat/agent/flow pipeline with dry-run proposals, approval, no hidden external actions",targeted unit/e2e + screenshot where visual + ledger evidence + git diff check,OPEN,DUPLICATE_FIXED_BY_W,deduped_to_nonstop_ledger,W001-W420,P13,Deduped against docs/qc/NONSTOP_OWNER_WEAKNESS_LEDGER.csv and docs/qc/NONSTOP_OWNER_RESCUE_REPORT.md,No local code action remains for this risk; keep only provider/GitHub gates explicit.,ab069cc
R0502,RISK-CAT-13 Chat / agents / flows / mail / integrations,no meeting notes extraction,"реализовать artifact-bound chat/agent/flow pipeline with dry-run proposals, approval, no hidden external actions",targeted unit/e2e + screenshot where visual + ledger evidence + git diff check,OPEN,DUPLICATE_FIXED_BY_W,deduped_to_nonstop_ledger,W001-W420,P13,Deduped against docs/qc/NONSTOP_OWNER_WEAKNESS_LEDGER.csv and docs/qc/NONSTOP_OWNER_RESCUE_REPORT.md,No local code action remains for this risk; keep only provider/GitHub gates explicit.,ab069cc
R0503,RISK-CAT-13 Chat / agents / flows / mail / integrations,no chat context selected artifact display,"реализовать artifact-bound chat/agent/flow pipeline with dry-run proposals, approval, no hidden external actions",targeted unit/e2e + screenshot where visual + ledger evidence + git diff check,OPEN,DUPLICATE_FIXED_BY_W,deduped_to_nonstop_ledger,W001-W420,P13,Deduped against docs/qc/NONSTOP_OWNER_WEAKNESS_LEDGER.csv and docs/qc/NONSTOP_OWNER_RESCUE_REPORT.md,No local code action remains for this risk; keep only provider/GitHub gates explicit.,ab069cc
R0504,RISK-CAT-13 Chat / agents / flows / mail / integrations,no provider boundary on external send,"реализовать artifact-bound chat/agent/flow pipeline with dry-run proposals, approval, no hidden external actions",targeted unit/e2e + screenshot where visual + ledger evidence + git diff check,OPEN,FIXED_BY_HONEST_PROVIDER_GATE_WITH_UI_AND_TEST,direct_status,W401-W420,P13,"Provider/OAuth gates are explicit in Providers/Data Control: no fake success, prepare/revoke controls, provider-run audit, owner e2e provider evidence.",No local code action remains for this risk; keep only provider/GitHub gates explicit.,ab069cc
R0505,RISK-CAT-13 Chat / agents / flows / mail / integrations,no automation audit event,"реализовать artifact-bound chat/agent/flow pipeline with dry-run proposals, approval, no hidden external actions",targeted unit/e2e + screenshot where visual + ledger evidence + git diff check,OPEN,DUPLICATE_FIXED_BY_W,deduped_to_nonstop_ledger,W001-W420,P13,Deduped against docs/qc/NONSTOP_OWNER_WEAKNESS_LEDGER.csv and docs/qc/NONSTOP_OWNER_RESCUE_REPORT.md,No local code action remains for this risk; keep only provider/GitHub gates explicit.,ab069cc
R0506,RISK-CAT-13 Chat / agents / flows / mail / integrations,no rollback after approved flow,"реализовать artifact-bound chat/agent/flow pipeline with dry-run proposals, approval, no hidden external actions",targeted unit/e2e + screenshot where visual + ledger evidence + git diff check,OPEN,DUPLICATE_FIXED_BY_W,deduped_to_nonstop_ledger,W001-W420,P13,Deduped against docs/qc/NONSTOP_OWNER_WEAKNESS_LEDGER.csv and docs/qc/NONSTOP_OWNER_RESCUE_REPORT.md,No local code action remains for this risk; keep only provider/GitHub gates explicit.,ab069cc
R0507,RISK-CAT-13 Chat / agents / flows / mail / integrations,no rejected proposal trail,"реализовать artifact-bound chat/agent/flow pipeline with dry-run proposals, approval, no hidden external actions",targeted unit/e2e + screenshot where visual + ledger evidence + git diff check,OPEN,DUPLICATE_FIXED_BY_W,deduped_to_nonstop_ledger,W001-W420,P13,Deduped against docs/qc/NONSTOP_OWNER_WEAKNESS_LEDGER.csv and docs/qc/NONSTOP_OWNER_RESCUE_REPORT.md,No local code action remains for this risk; keep only provider/GitHub gates explicit.,ab069cc
R0508,RISK-CAT-13 Chat / agents / flows / mail / integrations,no agent disable/revoke,"реализовать artifact-bound chat/agent/flow pipeline with dry-run proposals, approval, no hidden external actions",targeted unit/e2e + screenshot where visual + ledger evidence + git diff check,OPEN,DUPLICATE_FIXED_BY_W,deduped_to_nonstop_ledger,W001-W420,P13,Deduped against docs/qc/NONSTOP_OWNER_WEAKNESS_LEDGER.csv and docs/qc/NONSTOP_OWNER_RESCUE_REPORT.md,No local code action remains for this risk; keep only provider/GitHub gates explicit.,ab069cc
R0509,RISK-CAT-13 Chat / agents / flows / mail / integrations,no integration status dashboard,"реализовать artifact-bound chat/agent/flow pipeline with dry-run proposals, approval, no hidden external actions",targeted unit/e2e + screenshot where visual + ledger evidence + git diff check,OPEN,DUPLICATE_FIXED_BY_W,deduped_to_nonstop_ledger,W001-W420,P13,Deduped against docs/qc/NONSTOP_OWNER_WEAKNESS_LEDGER.csv and docs/qc/NONSTOP_OWNER_RESCUE_REPORT.md,No local code action remains for this risk; keep only provider/GitHub gates explicit.,ab069cc
R0510,RISK-CAT-13 Chat / agents / flows / mail / integrations,no action queue,"реализовать artifact-bound chat/agent/flow pipeline with dry-run proposals, approval, no hidden external actions",targeted unit/e2e + screenshot where visual + ledger evidence + git diff check,OPEN,DUPLICATE_FIXED_BY_W,deduped_to_nonstop_ledger,W001-W420,P13,Deduped against docs/qc/NONSTOP_OWNER_WEAKNESS_LEDGER.csv and docs/qc/NONSTOP_OWNER_RESCUE_REPORT.md,No local code action remains for this risk; keep only provider/GitHub gates explicit.,ab069cc
R0511,RISK-CAT-13 Chat / agents / flows / mail / integrations,no duplicate tasks from repeated flows,"реализовать artifact-bound chat/agent/flow pipeline with dry-run proposals, approval, no hidden external actions",targeted unit/e2e + screenshot where visual + ledger evidence + git diff check,OPEN,DUPLICATE_FIXED_BY_W,deduped_to_nonstop_ledger,W001-W420,P06,Deduped against docs/qc/NONSTOP_OWNER_WEAKNESS_LEDGER.csv and docs/qc/NONSTOP_OWNER_RESCUE_REPORT.md,No local code action remains for this risk; keep only provider/GitHub gates explicit.,ab069cc
R0512,RISK-CAT-13 Chat / agents / flows / mail / integrations,no mail/file/chat cross-links,"реализовать artifact-bound chat/agent/flow pipeline with dry-run proposals, approval, no hidden external actions",targeted unit/e2e + screenshot where visual + ledger evidence + git diff check,OPEN,DUPLICATE_FIXED_BY_W,deduped_to_nonstop_ledger,W001-W420,P13,Deduped against docs/qc/NONSTOP_OWNER_WEAKNESS_LEDGER.csv and docs/qc/NONSTOP_OWNER_RESCUE_REPORT.md,No local code action remains for this risk; keep only provider/GitHub gates explicit.,ab069cc
R0513,RISK-CAT-13 Chat / agents / flows / mail / integrations,no tests for dry-run only,"реализовать artifact-bound chat/agent/flow pipeline with dry-run proposals, approval, no hidden external actions",targeted unit/e2e + screenshot where visual + ledger evidence + git diff check,OPEN,DUPLICATE_FIXED_BY_W,deduped_to_nonstop_ledger,W001-W420,P13,Deduped against docs/qc/NONSTOP_OWNER_WEAKNESS_LEDGER.csv and docs/qc/NONSTOP_OWNER_RESCUE_REPORT.md,No local code action remains for this risk; keep only provider/GitHub gates explicit.,ab069cc
R0514,RISK-CAT-13 Chat / agents / flows / mail / integrations,no tests for approval mutation,"реализовать artifact-bound chat/agent/flow pipeline with dry-run proposals, approval, no hidden external actions",targeted unit/e2e + screenshot where visual + ledger evidence + git diff check,OPEN,DUPLICATE_FIXED_BY_W,deduped_to_nonstop_ledger,W001-W420,P13,Deduped against docs/qc/NONSTOP_OWNER_WEAKNESS_LEDGER.csv and docs/qc/NONSTOP_OWNER_RESCUE_REPORT.md,No local code action remains for this risk; keep only provider/GitHub gates explicit.,ab069cc
R0515,RISK-CAT-13 Chat / agents / flows / mail / integrations,no tests for no hidden external calls,"реализовать artifact-bound chat/agent/flow pipeline with dry-run proposals, approval, no hidden external actions",targeted unit/e2e + screenshot where visual + ledger evidence + git diff check,OPEN,FIXED_BY_HONEST_PROVIDER_GATE_WITH_UI_AND_TEST,direct_status,W401-W420,P13,"Provider/OAuth gates are explicit in Providers/Data Control: no fake success, prepare/revoke controls, provider-run audit, owner e2e provider evidence.",No local code action remains for this risk; keep only provider/GitHub gates explicit.,ab069cc
R0516,RISK-CAT-13 Chat / agents / flows / mail / integrations,no n8n-like visual clarity,"реализовать artifact-bound chat/agent/flow pipeline with dry-run proposals, approval, no hidden external actions",targeted unit/e2e + screenshot where visual + ledger evidence + git diff check,OPEN,DUPLICATE_FIXED_BY_W,deduped_to_nonstop_ledger,W001-W420,P13,Deduped against docs/qc/NONSTOP_OWNER_WEAKNESS_LEDGER.csv and docs/qc/NONSTOP_OWNER_RESCUE_REPORT.md,No local code action remains for this risk; keep only provider/GitHub gates explicit.,ab069cc
R0517,RISK-CAT-13 Chat / agents / flows / mail / integrations,no command to inspect why agent suggested action,"реализовать artifact-bound chat/agent/flow pipeline with dry-run proposals, approval, no hidden external actions",targeted unit/e2e + screenshot where visual + ledger evidence + git diff check,OPEN,DUPLICATE_FIXED_BY_W,deduped_to_nonstop_ledger,W001-W420,P13,Deduped against docs/qc/NONSTOP_OWNER_WEAKNESS_LEDGER.csv and docs/qc/NONSTOP_OWNER_RESCUE_REPORT.md,No local code action remains for this risk; keep only provider/GitHub gates explicit.,ab069cc
R0518,RISK-CAT-13 Chat / agents / flows / mail / integrations,no chat search,"реализовать artifact-bound chat/agent/flow pipeline with dry-run proposals, approval, no hidden external actions",targeted unit/e2e + screenshot where visual + ledger evidence + git diff check,OPEN,DUPLICATE_FIXED_BY_W,deduped_to_nonstop_ledger,W001-W420,P13,Deduped against docs/qc/NONSTOP_OWNER_WEAKNESS_LEDGER.csv and docs/qc/NONSTOP_OWNER_RESCUE_REPORT.md,No local code action remains for this risk; keep only provider/GitHub gates explicit.,ab069cc
R0519,RISK-CAT-13 Chat / agents / flows / mail / integrations,no chat export,"реализовать artifact-bound chat/agent/flow pipeline with dry-run proposals, approval, no hidden external actions",targeted unit/e2e + screenshot where visual + ledger evidence + git diff check,OPEN,DUPLICATE_FIXED_BY_W,deduped_to_nonstop_ledger,W001-W420,P13,Deduped against docs/qc/NONSTOP_OWNER_WEAKNESS_LEDGER.csv and docs/qc/NONSTOP_OWNER_RESCUE_REPORT.md,No local code action remains for this risk; keep only provider/GitHub gates explicit.,ab069cc
R0520,RISK-CAT-13 Chat / agents / flows / mail / integrations,no owner credentials gate proof,"реализовать artifact-bound chat/agent/flow pipeline with dry-run proposals, approval, no hidden external actions",targeted unit/e2e + screenshot where visual + ledger evidence + git diff check,OPEN,FIXED_BY_HONEST_PROVIDER_GATE_WITH_UI_AND_TEST,direct_status,W401-W420,P13,"Provider/OAuth gates are explicit in Providers/Data Control: no fake success, prepare/revoke controls, provider-run audit, owner e2e provider evidence.",No local code action remains for this risk; keep only provider/GitHub gates explicit.,ab069cc
R0521,RISK-CAT-14 Ollama / providers / AI processing,Ollama button says ready without real probe,"реализовать provider gate: /api/tags probe, offline/reachable/models, explicit run, structured proposal output",mock/offline provider tests + real probe UI if service reachable; no silent mutation,OPEN,FIXED_BY_HONEST_PROVIDER_GATE_WITH_UI_AND_TEST,direct_status,W401-W420,P14,"Provider/OAuth gates are explicit in Providers/Data Control: no fake success, prepare/revoke controls, provider-run audit, owner e2e provider evidence.",No local code action remains for this risk; keep only provider/GitHub gates explicit.,ab069cc
R0522,RISK-CAT-14 Ollama / providers / AI processing,no /api/tags model list,"реализовать provider gate: /api/tags probe, offline/reachable/models, explicit run, structured proposal output",mock/offline provider tests + real probe UI if service reachable; no silent mutation,OPEN,FIXED_BY_HONEST_PROVIDER_GATE_WITH_UI_AND_TEST,direct_status,W401-W420,P14,"Provider/OAuth gates are explicit in Providers/Data Control: no fake success, prepare/revoke controls, provider-run audit, owner e2e provider evidence.",No local code action remains for this risk; keep only provider/GitHub gates explicit.,ab069cc
R0523,RISK-CAT-14 Ollama / providers / AI processing,no offline state with next action,"реализовать provider gate: /api/tags probe, offline/reachable/models, explicit run, structured proposal output",mock/offline provider tests + real probe UI if service reachable; no silent mutation,OPEN,FIXED_BY_HONEST_PROVIDER_GATE_WITH_UI_AND_TEST,direct_status,W401-W420,P14,"Provider/OAuth gates are explicit in Providers/Data Control: no fake success, prepare/revoke controls, provider-run audit, owner e2e provider evidence.",No local code action remains for this risk; keep only provider/GitHub gates explicit.,ab069cc
R0524,RISK-CAT-14 Ollama / providers / AI processing,no selected model,"реализовать provider gate: /api/tags probe, offline/reachable/models, explicit run, structured proposal output",mock/offline provider tests + real probe UI if service reachable; no silent mutation,OPEN,FIXED_BY_HONEST_PROVIDER_GATE_WITH_UI_AND_TEST,direct_status,W401-W420,P14,"Provider/OAuth gates are explicit in Providers/Data Control: no fake success, prepare/revoke controls, provider-run audit, owner e2e provider evidence.",No local code action remains for this risk; keep only provider/GitHub gates explicit.,ab069cc
R0525,RISK-CAT-14 Ollama / providers / AI processing,no model capability/cost/latency display,"реализовать provider gate: /api/tags probe, offline/reachable/models, explicit run, structured proposal output",mock/offline provider tests + real probe UI if service reachable; no silent mutation,OPEN,FIXED_BY_HONEST_PROVIDER_GATE_WITH_UI_AND_TEST,direct_status,W401-W420,P14,"Provider/OAuth gates are explicit in Providers/Data Control: no fake success, prepare/revoke controls, provider-run audit, owner e2e provider evidence.",No local code action remains for this risk; keep only provider/GitHub gates explicit.,ab069cc
R0526,RISK-CAT-14 Ollama / providers / AI processing,no explicit run button for AI analysis,"реализовать provider gate: /api/tags probe, offline/reachable/models, explicit run, structured proposal output",mock/offline provider tests + real probe UI if service reachable; no silent mutation,OPEN,FIXED_BY_HONEST_PROVIDER_GATE_WITH_UI_AND_TEST,direct_status,W401-W420,P14,"Provider/OAuth gates are explicit in Providers/Data Control: no fake success, prepare/revoke controls, provider-run audit, owner e2e provider evidence.",No local code action remains for this risk; keep only provider/GitHub gates explicit.,ab069cc
R0527,RISK-CAT-14 Ollama / providers / AI processing,AI output mutates notes silently,"реализовать provider gate: /api/tags probe, offline/reachable/models, explicit run, structured proposal output",mock/offline provider tests + real probe UI if service reachable; no silent mutation,OPEN,FIXED_BY_HONEST_PROVIDER_GATE_WITH_UI_AND_TEST,direct_status,W401-W420,P14,"Provider/OAuth gates are explicit in Providers/Data Control: no fake success, prepare/revoke controls, provider-run audit, owner e2e provider evidence.",No local code action remains for this risk; keep only provider/GitHub gates explicit.,ab069cc
R0528,RISK-CAT-14 Ollama / providers / AI processing,AI output not proposal-gated,"реализовать provider gate: /api/tags probe, offline/reachable/models, explicit run, structured proposal output",mock/offline provider tests + real probe UI if service reachable; no silent mutation,OPEN,FIXED_BY_HONEST_PROVIDER_GATE_WITH_UI_AND_TEST,direct_status,W401-W420,P14,"Provider/OAuth gates are explicit in Providers/Data Control: no fake success, prepare/revoke controls, provider-run audit, owner e2e provider evidence.",No local code action remains for this risk; keep only provider/GitHub gates explicit.,ab069cc
R0529,RISK-CAT-14 Ollama / providers / AI processing,AI prompt not visible/auditable,"реализовать provider gate: /api/tags probe, offline/reachable/models, explicit run, structured proposal output",mock/offline provider tests + real probe UI if service reachable; no silent mutation,OPEN,FIXED_BY_HONEST_PROVIDER_GATE_WITH_UI_AND_TEST,direct_status,W401-W420,P14,"Provider/OAuth gates are explicit in Providers/Data Control: no fake success, prepare/revoke controls, provider-run audit, owner e2e provider evidence.",No local code action remains for this risk; keep only provider/GitHub gates explicit.,ab069cc
R0530,RISK-CAT-14 Ollama / providers / AI processing,no prompt context preview,"реализовать provider gate: /api/tags probe, offline/reachable/models, explicit run, structured proposal output",mock/offline provider tests + real probe UI if service reachable; no silent mutation,OPEN,FIXED_BY_HONEST_PROVIDER_GATE_WITH_UI_AND_TEST,direct_status,W401-W420,P14,"Provider/OAuth gates are explicit in Providers/Data Control: no fake success, prepare/revoke controls, provider-run audit, owner e2e provider evidence.",No local code action remains for this risk; keep only provider/GitHub gates explicit.,ab069cc
R0531,RISK-CAT-14 Ollama / providers / AI processing,no sensitive data warning before provider call,"реализовать provider gate: /api/tags probe, offline/reachable/models, explicit run, structured proposal output",mock/offline provider tests + real probe UI if service reachable; no silent mutation,OPEN,FIXED_BY_HONEST_PROVIDER_GATE_WITH_UI_AND_TEST,direct_status,W401-W420,P14,"Provider/OAuth gates are explicit in Providers/Data Control: no fake success, prepare/revoke controls, provider-run audit, owner e2e provider evidence.",No local code action remains for this risk; keep only provider/GitHub gates explicit.,ab069cc
R0532,RISK-CAT-14 Ollama / providers / AI processing,no local-only model boundary,"реализовать provider gate: /api/tags probe, offline/reachable/models, explicit run, structured proposal output",mock/offline provider tests + real probe UI if service reachable; no silent mutation,OPEN,FIXED_BY_HONEST_PROVIDER_GATE_WITH_UI_AND_TEST,direct_status,W401-W420,P14,"Provider/OAuth gates are explicit in Providers/Data Control: no fake success, prepare/revoke controls, provider-run audit, owner e2e provider evidence.",No local code action remains for this risk; keep only provider/GitHub gates explicit.,ab069cc
R0533,RISK-CAT-14 Ollama / providers / AI processing,no timeout/cancel,"реализовать provider gate: /api/tags probe, offline/reachable/models, explicit run, structured proposal output",mock/offline provider tests + real probe UI if service reachable; no silent mutation,OPEN,FIXED_BY_HONEST_PROVIDER_GATE_WITH_UI_AND_TEST,direct_status,W401-W420,P14,"Provider/OAuth gates are explicit in Providers/Data Control: no fake success, prepare/revoke controls, provider-run audit, owner e2e provider evidence.",No local code action remains for this risk; keep only provider/GitHub gates explicit.,ab069cc
R0534,RISK-CAT-14 Ollama / providers / AI processing,no streaming state,"реализовать provider gate: /api/tags probe, offline/reachable/models, explicit run, structured proposal output",mock/offline provider tests + real probe UI if service reachable; no silent mutation,OPEN,FIXED_BY_HONEST_PROVIDER_GATE_WITH_UI_AND_TEST,direct_status,W401-W420,P14,"Provider/OAuth gates are explicit in Providers/Data Control: no fake success, prepare/revoke controls, provider-run audit, owner e2e provider evidence.",No local code action remains for this risk; keep only provider/GitHub gates explicit.,ab069cc
R0535,RISK-CAT-14 Ollama / providers / AI processing,no retry/error handling,"реализовать provider gate: /api/tags probe, offline/reachable/models, explicit run, structured proposal output",mock/offline provider tests + real probe UI if service reachable; no silent mutation,OPEN,FIXED_BY_HONEST_PROVIDER_GATE_WITH_UI_AND_TEST,direct_status,W401-W420,P14,"Provider/OAuth gates are explicit in Providers/Data Control: no fake success, prepare/revoke controls, provider-run audit, owner e2e provider evidence.",No local code action remains for this risk; keep only provider/GitHub gates explicit.,ab069cc
R0536,RISK-CAT-14 Ollama / providers / AI processing,no JSON schema validation for model output,"реализовать provider gate: /api/tags probe, offline/reachable/models, explicit run, structured proposal output",mock/offline provider tests + real probe UI if service reachable; no silent mutation,OPEN,FIXED_BY_HONEST_PROVIDER_GATE_WITH_UI_AND_TEST,direct_status,W401-W420,P04,"Provider/OAuth gates are explicit in Providers/Data Control: no fake success, prepare/revoke controls, provider-run audit, owner e2e provider evidence.",No local code action remains for this risk; keep only provider/GitHub gates explicit.,ab069cc
R0537,RISK-CAT-14 Ollama / providers / AI processing,no model output normalization,"реализовать provider gate: /api/tags probe, offline/reachable/models, explicit run, structured proposal output",mock/offline provider tests + real probe UI if service reachable; no silent mutation,OPEN,FIXED_BY_HONEST_PROVIDER_GATE_WITH_UI_AND_TEST,direct_status,W401-W420,P14,"Provider/OAuth gates are explicit in Providers/Data Control: no fake success, prepare/revoke controls, provider-run audit, owner e2e provider evidence.",No local code action remains for this risk; keep only provider/GitHub gates explicit.,ab069cc
R0538,RISK-CAT-14 Ollama / providers / AI processing,no compare manual parser vs Ollama parser,"реализовать provider gate: /api/tags probe, offline/reachable/models, explicit run, structured proposal output",mock/offline provider tests + real probe UI if service reachable; no silent mutation,OPEN,FIXED_BY_HONEST_PROVIDER_GATE_WITH_UI_AND_TEST,direct_status,W401-W420,P14,"Provider/OAuth gates are explicit in Providers/Data Control: no fake success, prepare/revoke controls, provider-run audit, owner e2e provider evidence.",No local code action remains for this risk; keep only provider/GitHub gates explicit.,ab069cc
R0539,RISK-CAT-14 Ollama / providers / AI processing,no hallucination/unsupported claim guard,"реализовать provider gate: /api/tags probe, offline/reachable/models, explicit run, structured proposal output",mock/offline provider tests + real probe UI if service reachable; no silent mutation,OPEN,FIXED_BY_HONEST_PROVIDER_GATE_WITH_UI_AND_TEST,direct_status,W401-W420,P14,"Provider/OAuth gates are explicit in Providers/Data Control: no fake success, prepare/revoke controls, provider-run audit, owner e2e provider evidence.",No local code action remains for this risk; keep only provider/GitHub gates explicit.,ab069cc
R0540,RISK-CAT-14 Ollama / providers / AI processing,no source quote grounding,"реализовать provider gate: /api/tags probe, offline/reachable/models, explicit run, structured proposal output",mock/offline provider tests + real probe UI if service reachable; no silent mutation,OPEN,FIXED_BY_HONEST_PROVIDER_GATE_WITH_UI_AND_TEST,direct_status,W401-W420,P14,"Provider/OAuth gates are explicit in Providers/Data Control: no fake success, prepare/revoke controls, provider-run audit, owner e2e provider evidence.",No local code action remains for this risk; keep only provider/GitHub gates explicit.,ab069cc
R0541,RISK-CAT-14 Ollama / providers / AI processing,no confidence/uncertainty,"реализовать provider gate: /api/tags probe, offline/reachable/models, explicit run, structured proposal output",mock/offline provider tests + real probe UI if service reachable; no silent mutation,OPEN,FIXED_BY_HONEST_PROVIDER_GATE_WITH_UI_AND_TEST,direct_status,W401-W420,P14,"Provider/OAuth gates are explicit in Providers/Data Control: no fake success, prepare/revoke controls, provider-run audit, owner e2e provider evidence.",No local code action remains for this risk; keep only provider/GitHub gates explicit.,ab069cc
R0542,RISK-CAT-14 Ollama / providers / AI processing,no AI processing queue,"реализовать provider gate: /api/tags probe, offline/reachable/models, explicit run, structured proposal output",mock/offline provider tests + real probe UI if service reachable; no silent mutation,OPEN,FIXED_BY_HONEST_PROVIDER_GATE_WITH_UI_AND_TEST,direct_status,W401-W420,P14,"Provider/OAuth gates are explicit in Providers/Data Control: no fake success, prepare/revoke controls, provider-run audit, owner e2e provider evidence.",No local code action remains for this risk; keep only provider/GitHub gates explicit.,ab069cc
R0543,RISK-CAT-14 Ollama / providers / AI processing,no AI for book summaries gated properly,"реализовать provider gate: /api/tags probe, offline/reachable/models, explicit run, structured proposal output",mock/offline provider tests + real probe UI if service reachable; no silent mutation,OPEN,FIXED_BY_HONEST_PROVIDER_GATE_WITH_UI_AND_TEST,direct_status,W401-W420,P10,"Provider/OAuth gates are explicit in Providers/Data Control: no fake success, prepare/revoke controls, provider-run audit, owner e2e provider evidence.",No local code action remains for this risk; keep only provider/GitHub gates explicit.,ab069cc
R0544,RISK-CAT-14 Ollama / providers / AI processing,no AI for transcript summaries gated properly,"реализовать provider gate: /api/tags probe, offline/reachable/models, explicit run, structured proposal output",mock/offline provider tests + real probe UI if service reachable; no silent mutation,OPEN,FIXED_BY_HONEST_PROVIDER_GATE_WITH_UI_AND_TEST,direct_status,W401-W420,P11,"Provider/OAuth gates are explicit in Providers/Data Control: no fake success, prepare/revoke controls, provider-run audit, owner e2e provider evidence.",No local code action remains for this risk; keep only provider/GitHub gates explicit.,ab069cc
R0545,RISK-CAT-14 Ollama / providers / AI processing,no AI for finance classification gated properly,"реализовать provider gate: /api/tags probe, offline/reachable/models, explicit run, structured proposal output",mock/offline provider tests + real probe UI if service reachable; no silent mutation,OPEN,FIXED_BY_HONEST_PROVIDER_GATE_WITH_UI_AND_TEST,direct_status,W401-W420,P07,"Provider/OAuth gates are explicit in Providers/Data Control: no fake success, prepare/revoke controls, provider-run audit, owner e2e provider evidence.",No local code action remains for this risk; keep only provider/GitHub gates explicit.,ab069cc
R0546,RISK-CAT-14 Ollama / providers / AI processing,no provider revoke/disconnect,"реализовать provider gate: /api/tags probe, offline/reachable/models, explicit run, structured proposal output",mock/offline provider tests + real probe UI if service reachable; no silent mutation,OPEN,FIXED_BY_HONEST_PROVIDER_GATE_WITH_UI_AND_TEST,direct_status,W401-W420,P14,"Provider/OAuth gates are explicit in Providers/Data Control: no fake success, prepare/revoke controls, provider-run audit, owner e2e provider evidence.",No local code action remains for this risk; keep only provider/GitHub gates explicit.,ab069cc
R0547,RISK-CAT-14 Ollama / providers / AI processing,no provider state in Data Control,"реализовать provider gate: /api/tags probe, offline/reachable/models, explicit run, structured proposal output",mock/offline provider tests + real probe UI if service reachable; no silent mutation,OPEN,FIXED_BY_HONEST_PROVIDER_GATE_WITH_UI_AND_TEST,direct_status,W401-W420,P14,"Provider/OAuth gates are explicit in Providers/Data Control: no fake success, prepare/revoke controls, provider-run audit, owner e2e provider evidence.",No local code action remains for this risk; keep only provider/GitHub gates explicit.,ab069cc
R0548,RISK-CAT-14 Ollama / providers / AI processing,no test with mocked reachable Ollama,"реализовать provider gate: /api/tags probe, offline/reachable/models, explicit run, structured proposal output",mock/offline provider tests + real probe UI if service reachable; no silent mutation,OPEN,FIXED_BY_HONEST_PROVIDER_GATE_WITH_UI_AND_TEST,direct_status,W401-W420,P14,"Provider/OAuth gates are explicit in Providers/Data Control: no fake success, prepare/revoke controls, provider-run audit, owner e2e provider evidence.",No local code action remains for this risk; keep only provider/GitHub gates explicit.,ab069cc
R0549,RISK-CAT-14 Ollama / providers / AI processing,no test with offline Ollama,"реализовать provider gate: /api/tags probe, offline/reachable/models, explicit run, structured proposal output",mock/offline provider tests + real probe UI if service reachable; no silent mutation,OPEN,FIXED_BY_HONEST_PROVIDER_GATE_WITH_UI_AND_TEST,direct_status,W401-W420,P14,"Provider/OAuth gates are explicit in Providers/Data Control: no fake success, prepare/revoke controls, provider-run audit, owner e2e provider evidence.",No local code action remains for this risk; keep only provider/GitHub gates explicit.,ab069cc
R0550,RISK-CAT-14 Ollama / providers / AI processing,no provider logs privacy policy,"реализовать provider gate: /api/tags probe, offline/reachable/models, explicit run, structured proposal output",mock/offline provider tests + real probe UI if service reachable; no silent mutation,OPEN,FIXED_BY_HONEST_PROVIDER_GATE_WITH_UI_AND_TEST,direct_status,W401-W420,P14,"Provider/OAuth gates are explicit in Providers/Data Control: no fake success, prepare/revoke controls, provider-run audit, owner e2e provider evidence.",No local code action remains for this risk; keep only provider/GitHub gates explicit.,ab069cc
R0551,RISK-CAT-14 Ollama / providers / AI processing,no model switch test,"реализовать provider gate: /api/tags probe, offline/reachable/models, explicit run, structured proposal output",mock/offline provider tests + real probe UI if service reachable; no silent mutation,OPEN,FIXED_BY_HONEST_PROVIDER_GATE_WITH_UI_AND_TEST,direct_status,W401-W420,P14,"Provider/OAuth gates are explicit in Providers/Data Control: no fake success, prepare/revoke controls, provider-run audit, owner e2e provider evidence.",No local code action remains for this risk; keep only provider/GitHub gates explicit.,ab069cc
R0552,RISK-CAT-14 Ollama / providers / AI processing,no embedding/vector boundary,"реализовать provider gate: /api/tags probe, offline/reachable/models, explicit run, structured proposal output",mock/offline provider tests + real probe UI if service reachable; no silent mutation,OPEN,FIXED_BY_HONEST_PROVIDER_GATE_WITH_UI_AND_TEST,direct_status,W401-W420,P14,"Provider/OAuth gates are explicit in Providers/Data Control: no fake success, prepare/revoke controls, provider-run audit, owner e2e provider evidence.",No local code action remains for this risk; keep only provider/GitHub gates explicit.,ab069cc
R0553,RISK-CAT-14 Ollama / providers / AI processing,no local embedding storage design,"реализовать provider gate: /api/tags probe, offline/reachable/models, explicit run, structured proposal output",mock/offline provider tests + real probe UI if service reachable; no silent mutation,OPEN,FIXED_BY_HONEST_PROVIDER_GATE_WITH_UI_AND_TEST,direct_status,W401-W420,P14,"Provider/OAuth gates are explicit in Providers/Data Control: no fake success, prepare/revoke controls, provider-run audit, owner e2e provider evidence.",No local code action remains for this risk; keep only provider/GitHub gates explicit.,ab069cc
R0554,RISK-CAT-14 Ollama / providers / AI processing,no fallback when AI unavailable,"реализовать provider gate: /api/tags probe, offline/reachable/models, explicit run, structured proposal output",mock/offline provider tests + real probe UI if service reachable; no silent mutation,OPEN,FIXED_BY_HONEST_PROVIDER_GATE_WITH_UI_AND_TEST,direct_status,W401-W420,P14,"Provider/OAuth gates are explicit in Providers/Data Control: no fake success, prepare/revoke controls, provider-run audit, owner e2e provider evidence.",No local code action remains for this risk; keep only provider/GitHub gates explicit.,ab069cc
R0555,RISK-CAT-14 Ollama / providers / AI processing,no AI cache linked to artifact version,"реализовать provider gate: /api/tags probe, offline/reachable/models, explicit run, structured proposal output",mock/offline provider tests + real probe UI if service reachable; no silent mutation,OPEN,FIXED_BY_HONEST_PROVIDER_GATE_WITH_UI_AND_TEST,direct_status,W401-W420,P14,"Provider/OAuth gates are explicit in Providers/Data Control: no fake success, prepare/revoke controls, provider-run audit, owner e2e provider evidence.",No local code action remains for this risk; keep only provider/GitHub gates explicit.,ab069cc
R0556,RISK-CAT-14 Ollama / providers / AI processing,no rate/cost guard,"реализовать provider gate: /api/tags probe, offline/reachable/models, explicit run, structured proposal output",mock/offline provider tests + real probe UI if service reachable; no silent mutation,OPEN,FIXED_BY_HONEST_PROVIDER_GATE_WITH_UI_AND_TEST,direct_status,W401-W420,P14,"Provider/OAuth gates are explicit in Providers/Data Control: no fake success, prepare/revoke controls, provider-run audit, owner e2e provider evidence.",No local code action remains for this risk; keep only provider/GitHub gates explicit.,ab069cc
R0557,RISK-CAT-14 Ollama / providers / AI processing,no batch processing controls,"реализовать provider gate: /api/tags probe, offline/reachable/models, explicit run, structured proposal output",mock/offline provider tests + real probe UI if service reachable; no silent mutation,OPEN,FIXED_BY_HONEST_PROVIDER_GATE_WITH_UI_AND_TEST,direct_status,W401-W420,P14,"Provider/OAuth gates are explicit in Providers/Data Control: no fake success, prepare/revoke controls, provider-run audit, owner e2e provider evidence.",No local code action remains for this risk; keep only provider/GitHub gates explicit.,ab069cc
R0558,RISK-CAT-14 Ollama / providers / AI processing,no AI-generated task duplicate guard,"реализовать provider gate: /api/tags probe, offline/reachable/models, explicit run, structured proposal output",mock/offline provider tests + real probe UI if service reachable; no silent mutation,OPEN,FIXED_BY_HONEST_PROVIDER_GATE_WITH_UI_AND_TEST,direct_status,W401-W420,P06,"Provider/OAuth gates are explicit in Providers/Data Control: no fake success, prepare/revoke controls, provider-run audit, owner e2e provider evidence.",No local code action remains for this risk; keep only provider/GitHub gates explicit.,ab069cc
R0559,RISK-CAT-14 Ollama / providers / AI processing,no user correction feedback loop,"реализовать provider gate: /api/tags probe, offline/reachable/models, explicit run, structured proposal output",mock/offline provider tests + real probe UI if service reachable; no silent mutation,OPEN,FIXED_BY_HONEST_PROVIDER_GATE_WITH_UI_AND_TEST,direct_status,W401-W420,P14,"Provider/OAuth gates are explicit in Providers/Data Control: no fake success, prepare/revoke controls, provider-run audit, owner e2e provider evidence.",No local code action remains for this risk; keep only provider/GitHub gates explicit.,ab069cc
R0560,RISK-CAT-14 Ollama / providers / AI processing,no Ollama docs link/help in UI,"реализовать provider gate: /api/tags probe, offline/reachable/models, explicit run, structured proposal output",mock/offline provider tests + real probe UI if service reachable; no silent mutation,OPEN,FIXED_BY_HONEST_PROVIDER_GATE_WITH_UI_AND_TEST,direct_status,W401-W420,P14,"Provider/OAuth gates are explicit in Providers/Data Control: no fake success, prepare/revoke controls, provider-run audit, owner e2e provider evidence.",No local code action remains for this risk; keep only provider/GitHub gates explicit.,ab069cc
R0561,RISK-CAT-15 Data Control / export / privacy / recovery,Data Control is receipt wall not useful control center,"реализовать control center: what changed, where stored, export/import, archive/recover, rollback, privacy scopes",targeted unit/e2e + screenshot where visual + ledger evidence + git diff check,OPEN,DUPLICATE_FIXED_BY_W,deduped_to_nonstop_ledger,W001-W420,P07,Deduped against docs/qc/NONSTOP_OWNER_WEAKNESS_LEDGER.csv and docs/qc/NONSTOP_OWNER_RESCUE_REPORT.md,No local code action remains for this risk; keep only provider/GitHub gates explicit.,ab069cc
R0562,RISK-CAT-15 Data Control / export / privacy / recovery,no last changes summary,"реализовать control center: what changed, where stored, export/import, archive/recover, rollback, privacy scopes",targeted unit/e2e + screenshot where visual + ledger evidence + git diff check,OPEN,DUPLICATE_FIXED_BY_W,deduped_to_nonstop_ledger,W001-W420,P15,Deduped against docs/qc/NONSTOP_OWNER_WEAKNESS_LEDGER.csv and docs/qc/NONSTOP_OWNER_RESCUE_REPORT.md,No local code action remains for this risk; keep only provider/GitHub gates explicit.,ab069cc
R0563,RISK-CAT-15 Data Control / export / privacy / recovery,no what changed/where stored for each mutation,"реализовать control center: what changed, where stored, export/import, archive/recover, rollback, privacy scopes",targeted unit/e2e + screenshot where visual + ledger evidence + git diff check,OPEN,DUPLICATE_FIXED_BY_W,deduped_to_nonstop_ledger,W001-W420,P15,Deduped against docs/qc/NONSTOP_OWNER_WEAKNESS_LEDGER.csv and docs/qc/NONSTOP_OWNER_RESCUE_REPORT.md,No local code action remains for this risk; keep only provider/GitHub gates explicit.,ab069cc
R0564,RISK-CAT-15 Data Control / export / privacy / recovery,no export all,"реализовать control center: what changed, where stored, export/import, archive/recover, rollback, privacy scopes",targeted unit/e2e + screenshot where visual + ledger evidence + git diff check,OPEN,DUPLICATE_FIXED_BY_W,deduped_to_nonstop_ledger,W001-W420,P15,Deduped against docs/qc/NONSTOP_OWNER_WEAKNESS_LEDGER.csv and docs/qc/NONSTOP_OWNER_RESCUE_REPORT.md,No local code action remains for this risk; keep only provider/GitHub gates explicit.,ab069cc
R0565,RISK-CAT-15 Data Control / export / privacy / recovery,no export selected artifact,"реализовать control center: what changed, where stored, export/import, archive/recover, rollback, privacy scopes",targeted unit/e2e + screenshot where visual + ledger evidence + git diff check,OPEN,DUPLICATE_FIXED_BY_W,deduped_to_nonstop_ledger,W001-W420,P15,Deduped against docs/qc/NONSTOP_OWNER_WEAKNESS_LEDGER.csv and docs/qc/NONSTOP_OWNER_RESCUE_REPORT.md,No local code action remains for this risk; keep only provider/GitHub gates explicit.,ab069cc
R0566,RISK-CAT-15 Data Control / export / privacy / recovery,no import restore,"реализовать control center: what changed, where stored, export/import, archive/recover, rollback, privacy scopes",targeted unit/e2e + screenshot where visual + ledger evidence + git diff check,OPEN,DUPLICATE_FIXED_BY_W,deduped_to_nonstop_ledger,W001-W420,P15,Deduped against docs/qc/NONSTOP_OWNER_WEAKNESS_LEDGER.csv and docs/qc/NONSTOP_OWNER_RESCUE_REPORT.md,No local code action remains for this risk; keep only provider/GitHub gates explicit.,ab069cc
R0567,RISK-CAT-15 Data Control / export / privacy / recovery,no backup manifest,"реализовать control center: what changed, where stored, export/import, archive/recover, rollback, privacy scopes",targeted unit/e2e + screenshot where visual + ledger evidence + git diff check,OPEN,DUPLICATE_FIXED_BY_W,deduped_to_nonstop_ledger,W001-W420,P15,Deduped against docs/qc/NONSTOP_OWNER_WEAKNESS_LEDGER.csv and docs/qc/NONSTOP_OWNER_RESCUE_REPORT.md,No local code action remains for this risk; keep only provider/GitHub gates explicit.,ab069cc
R0568,RISK-CAT-15 Data Control / export / privacy / recovery,no archive/recover for every object type,"реализовать control center: what changed, where stored, export/import, archive/recover, rollback, privacy scopes",targeted unit/e2e + screenshot where visual + ledger evidence + git diff check,OPEN,DUPLICATE_FIXED_BY_W,deduped_to_nonstop_ledger,W001-W420,P15,Deduped against docs/qc/NONSTOP_OWNER_WEAKNESS_LEDGER.csv and docs/qc/NONSTOP_OWNER_RESCUE_REPORT.md,No local code action remains for this risk; keep only provider/GitHub gates explicit.,ab069cc
R0569,RISK-CAT-15 Data Control / export / privacy / recovery,rollback only partial,"реализовать control center: what changed, where stored, export/import, archive/recover, rollback, privacy scopes",targeted unit/e2e + screenshot where visual + ledger evidence + git diff check,OPEN,DUPLICATE_FIXED_BY_W,deduped_to_nonstop_ledger,W001-W420,P15,Deduped against docs/qc/NONSTOP_OWNER_WEAKNESS_LEDGER.csv and docs/qc/NONSTOP_OWNER_RESCUE_REPORT.md,No local code action remains for this risk; keep only provider/GitHub gates explicit.,ab069cc
R0570,RISK-CAT-15 Data Control / export / privacy / recovery,no rollback snapshot before bulk apply,"реализовать control center: what changed, where stored, export/import, archive/recover, rollback, privacy scopes",targeted unit/e2e + screenshot where visual + ledger evidence + git diff check,OPEN,DUPLICATE_FIXED_BY_W,deduped_to_nonstop_ledger,W001-W420,P05,Deduped against docs/qc/NONSTOP_OWNER_WEAKNESS_LEDGER.csv and docs/qc/NONSTOP_OWNER_RESCUE_REPORT.md,No local code action remains for this risk; keep only provider/GitHub gates explicit.,ab069cc
R0571,RISK-CAT-15 Data Control / export / privacy / recovery,delete doesn't show affected graph/projections,"реализовать control center: what changed, where stored, export/import, archive/recover, rollback, privacy scopes",targeted unit/e2e + screenshot where visual + ledger evidence + git diff check,OPEN,DUPLICATE_FIXED_BY_W,deduped_to_nonstop_ledger,W001-W420,P12,Deduped against docs/qc/NONSTOP_OWNER_WEAKNESS_LEDGER.csv and docs/qc/NONSTOP_OWNER_RESCUE_REPORT.md,No local code action remains for this risk; keep only provider/GitHub gates explicit.,ab069cc
R0572,RISK-CAT-15 Data Control / export / privacy / recovery,no two-step destructive confirmation,"реализовать control center: what changed, where stored, export/import, archive/recover, rollback, privacy scopes",targeted unit/e2e + screenshot where visual + ledger evidence + git diff check,OPEN,DUPLICATE_FIXED_BY_W,deduped_to_nonstop_ledger,W001-W420,P15,Deduped against docs/qc/NONSTOP_OWNER_WEAKNESS_LEDGER.csv and docs/qc/NONSTOP_OWNER_RESCUE_REPORT.md,No local code action remains for this risk; keep only provider/GitHub gates explicit.,ab069cc
R0573,RISK-CAT-15 Data Control / export / privacy / recovery,no privacy scopes visible in normal UI,"реализовать control center: what changed, where stored, export/import, archive/recover, rollback, privacy scopes",targeted unit/e2e + screenshot where visual + ledger evidence + git diff check,OPEN,DUPLICATE_FIXED_BY_W,deduped_to_nonstop_ledger,W001-W420,P15,Deduped against docs/qc/NONSTOP_OWNER_WEAKNESS_LEDGER.csv and docs/qc/NONSTOP_OWNER_RESCUE_REPORT.md,No local code action remains for this risk; keep only provider/GitHub gates explicit.,ab069cc
R0574,RISK-CAT-15 Data Control / export / privacy / recovery,no sensitive finance/audio marker,"реализовать control center: what changed, where stored, export/import, archive/recover, rollback, privacy scopes",targeted unit/e2e + screenshot where visual + ledger evidence + git diff check,OPEN,DUPLICATE_FIXED_BY_W,deduped_to_nonstop_ledger,W001-W420,P07,Deduped against docs/qc/NONSTOP_OWNER_WEAKNESS_LEDGER.csv and docs/qc/NONSTOP_OWNER_RESCUE_REPORT.md,No local code action remains for this risk; keep only provider/GitHub gates explicit.,ab069cc
R0575,RISK-CAT-15 Data Control / export / privacy / recovery,no provider revoke,"реализовать control center: what changed, where stored, export/import, archive/recover, rollback, privacy scopes",targeted unit/e2e + screenshot where visual + ledger evidence + git diff check,OPEN,FIXED_BY_HONEST_PROVIDER_GATE_WITH_UI_AND_TEST,direct_status,W401-W420,P14,"Provider/OAuth gates are explicit in Providers/Data Control: no fake success, prepare/revoke controls, provider-run audit, owner e2e provider evidence.",No local code action remains for this risk; keep only provider/GitHub gates explicit.,ab069cc
R0576,RISK-CAT-15 Data Control / export / privacy / recovery,no storage usage map,"реализовать control center: what changed, where stored, export/import, archive/recover, rollback, privacy scopes",targeted unit/e2e + screenshot where visual + ledger evidence + git diff check,OPEN,DUPLICATE_FIXED_BY_W,deduped_to_nonstop_ledger,W001-W420,P15,Deduped against docs/qc/NONSTOP_OWNER_WEAKNESS_LEDGER.csv and docs/qc/NONSTOP_OWNER_RESCUE_REPORT.md,No local code action remains for this risk; keep only provider/GitHub gates explicit.,ab069cc
R0577,RISK-CAT-15 Data Control / export / privacy / recovery,no storage quota warning,"реализовать control center: what changed, where stored, export/import, archive/recover, rollback, privacy scopes",targeted unit/e2e + screenshot where visual + ledger evidence + git diff check,OPEN,DUPLICATE_FIXED_BY_W,deduped_to_nonstop_ledger,W001-W420,P15,Deduped against docs/qc/NONSTOP_OWNER_WEAKNESS_LEDGER.csv and docs/qc/NONSTOP_OWNER_RESCUE_REPORT.md,No local code action remains for this risk; keep only provider/GitHub gates explicit.,ab069cc
R0578,RISK-CAT-15 Data Control / export / privacy / recovery,no data location map,"реализовать control center: what changed, where stored, export/import, archive/recover, rollback, privacy scopes",targeted unit/e2e + screenshot where visual + ledger evidence + git diff check,OPEN,DUPLICATE_FIXED_BY_W,deduped_to_nonstop_ledger,W001-W420,P15,Deduped against docs/qc/NONSTOP_OWNER_WEAKNESS_LEDGER.csv and docs/qc/NONSTOP_OWNER_RESCUE_REPORT.md,No local code action remains for this risk; keep only provider/GitHub gates explicit.,ab069cc
R0579,RISK-CAT-15 Data Control / export / privacy / recovery,no local-only guarantee evidence,"реализовать control center: what changed, where stored, export/import, archive/recover, rollback, privacy scopes",targeted unit/e2e + screenshot where visual + ledger evidence + git diff check,OPEN,DUPLICATE_FIXED_BY_W,deduped_to_nonstop_ledger,W001-W420,P15,Deduped against docs/qc/NONSTOP_OWNER_WEAKNESS_LEDGER.csv and docs/qc/NONSTOP_OWNER_RESCUE_REPORT.md,No local code action remains for this risk; keep only provider/GitHub gates explicit.,ab069cc
R0580,RISK-CAT-15 Data Control / export / privacy / recovery,no audit event for edit operations,"реализовать control center: what changed, where stored, export/import, archive/recover, rollback, privacy scopes",targeted unit/e2e + screenshot where visual + ledger evidence + git diff check,OPEN,DUPLICATE_FIXED_BY_W,deduped_to_nonstop_ledger,W001-W420,P15,Deduped against docs/qc/NONSTOP_OWNER_WEAKNESS_LEDGER.csv and docs/qc/NONSTOP_OWNER_RESCUE_REPORT.md,No local code action remains for this risk; keep only provider/GitHub gates explicit.,ab069cc
R0581,RISK-CAT-15 Data Control / export / privacy / recovery,no audit event for AI proposals,"реализовать control center: what changed, where stored, export/import, archive/recover, rollback, privacy scopes",targeted unit/e2e + screenshot where visual + ledger evidence + git diff check,OPEN,DUPLICATE_FIXED_BY_W,deduped_to_nonstop_ledger,W001-W420,P15,Deduped against docs/qc/NONSTOP_OWNER_WEAKNESS_LEDGER.csv and docs/qc/NONSTOP_OWNER_RESCUE_REPORT.md,No local code action remains for this risk; keep only provider/GitHub gates explicit.,ab069cc
R0582,RISK-CAT-15 Data Control / export / privacy / recovery,no audit event for flow/agent runs,"реализовать control center: what changed, where stored, export/import, archive/recover, rollback, privacy scopes",targeted unit/e2e + screenshot where visual + ledger evidence + git diff check,OPEN,DUPLICATE_FIXED_BY_W,deduped_to_nonstop_ledger,W001-W420,P13,Deduped against docs/qc/NONSTOP_OWNER_WEAKNESS_LEDGER.csv and docs/qc/NONSTOP_OWNER_RESCUE_REPORT.md,No local code action remains for this risk; keep only provider/GitHub gates explicit.,ab069cc
R0583,RISK-CAT-15 Data Control / export / privacy / recovery,no audit event for file import,"реализовать control center: what changed, where stored, export/import, archive/recover, rollback, privacy scopes",targeted unit/e2e + screenshot where visual + ledger evidence + git diff check,OPEN,DUPLICATE_FIXED_BY_W,deduped_to_nonstop_ledger,W001-W420,P15,Deduped against docs/qc/NONSTOP_OWNER_WEAKNESS_LEDGER.csv and docs/qc/NONSTOP_OWNER_RESCUE_REPORT.md,No local code action remains for this risk; keep only provider/GitHub gates explicit.,ab069cc
R0584,RISK-CAT-15 Data Control / export / privacy / recovery,no audit event for export,"реализовать control center: what changed, where stored, export/import, archive/recover, rollback, privacy scopes",targeted unit/e2e + screenshot where visual + ledger evidence + git diff check,OPEN,DUPLICATE_FIXED_BY_W,deduped_to_nonstop_ledger,W001-W420,P15,Deduped against docs/qc/NONSTOP_OWNER_WEAKNESS_LEDGER.csv and docs/qc/NONSTOP_OWNER_RESCUE_REPORT.md,No local code action remains for this risk; keep only provider/GitHub gates explicit.,ab069cc
R0585,RISK-CAT-15 Data Control / export / privacy / recovery,no receipt IDs linked to objects,"реализовать control center: what changed, where stored, export/import, archive/recover, rollback, privacy scopes",targeted unit/e2e + screenshot where visual + ledger evidence + git diff check,OPEN,DUPLICATE_FIXED_BY_W,deduped_to_nonstop_ledger,W001-W420,P07,Deduped against docs/qc/NONSTOP_OWNER_WEAKNESS_LEDGER.csv and docs/qc/NONSTOP_OWNER_RESCUE_REPORT.md,No local code action remains for this risk; keep only provider/GitHub gates explicit.,ab069cc
R0586,RISK-CAT-15 Data Control / export / privacy / recovery,no human-readable receipts,"реализовать control center: what changed, where stored, export/import, archive/recover, rollback, privacy scopes",targeted unit/e2e + screenshot where visual + ledger evidence + git diff check,OPEN,DUPLICATE_FIXED_BY_W,deduped_to_nonstop_ledger,W001-W420,P07,Deduped against docs/qc/NONSTOP_OWNER_WEAKNESS_LEDGER.csv and docs/qc/NONSTOP_OWNER_RESCUE_REPORT.md,No local code action remains for this risk; keep only provider/GitHub gates explicit.,ab069cc
R0587,RISK-CAT-15 Data Control / export / privacy / recovery,no recovery for failed migration,"реализовать control center: what changed, where stored, export/import, archive/recover, rollback, privacy scopes",targeted unit/e2e + screenshot where visual + ledger evidence + git diff check,OPEN,DUPLICATE_FIXED_BY_W,deduped_to_nonstop_ledger,W001-W420,P15,Deduped against docs/qc/NONSTOP_OWNER_WEAKNESS_LEDGER.csv and docs/qc/NONSTOP_OWNER_RESCUE_REPORT.md,No local code action remains for this risk; keep only provider/GitHub gates explicit.,ab069cc
R0588,RISK-CAT-15 Data Control / export / privacy / recovery,no conflict resolution after restore,"реализовать control center: what changed, where stored, export/import, archive/recover, rollback, privacy scopes",targeted unit/e2e + screenshot where visual + ledger evidence + git diff check,OPEN,DUPLICATE_FIXED_BY_W,deduped_to_nonstop_ledger,W001-W420,P15,Deduped against docs/qc/NONSTOP_OWNER_WEAKNESS_LEDGER.csv and docs/qc/NONSTOP_OWNER_RESCUE_REPORT.md,No local code action remains for this risk; keep only provider/GitHub gates explicit.,ab069cc
R0589,RISK-CAT-15 Data Control / export / privacy / recovery,no export integrity check,"реализовать control center: what changed, where stored, export/import, archive/recover, rollback, privacy scopes",targeted unit/e2e + screenshot where visual + ledger evidence + git diff check,OPEN,DUPLICATE_FIXED_BY_W,deduped_to_nonstop_ledger,W001-W420,P15,Deduped against docs/qc/NONSTOP_OWNER_WEAKNESS_LEDGER.csv and docs/qc/NONSTOP_OWNER_RESCUE_REPORT.md,No local code action remains for this risk; keep only provider/GitHub gates explicit.,ab069cc
R0590,RISK-CAT-15 Data Control / export / privacy / recovery,no versioned schema in export,"реализовать control center: what changed, where stored, export/import, archive/recover, rollback, privacy scopes",targeted unit/e2e + screenshot where visual + ledger evidence + git diff check,OPEN,DUPLICATE_FIXED_BY_W,deduped_to_nonstop_ledger,W001-W420,P04,Deduped against docs/qc/NONSTOP_OWNER_WEAKNESS_LEDGER.csv and docs/qc/NONSTOP_OWNER_RESCUE_REPORT.md,No local code action remains for this risk; keep only provider/GitHub gates explicit.,ab069cc
R0591,RISK-CAT-15 Data Control / export / privacy / recovery,no privacy zone filters,"реализовать control center: what changed, where stored, export/import, archive/recover, rollback, privacy scopes",targeted unit/e2e + screenshot where visual + ledger evidence + git diff check,OPEN,DUPLICATE_FIXED_BY_W,deduped_to_nonstop_ledger,W001-W420,P15,Deduped against docs/qc/NONSTOP_OWNER_WEAKNESS_LEDGER.csv and docs/qc/NONSTOP_OWNER_RESCUE_REPORT.md,No local code action remains for this risk; keep only provider/GitHub gates explicit.,ab069cc
R0592,RISK-CAT-15 Data Control / export / privacy / recovery,no purge deleted data policy,"реализовать control center: what changed, where stored, export/import, archive/recover, rollback, privacy scopes",targeted unit/e2e + screenshot where visual + ledger evidence + git diff check,OPEN,DUPLICATE_FIXED_BY_W,deduped_to_nonstop_ledger,W001-W420,P15,Deduped against docs/qc/NONSTOP_OWNER_WEAKNESS_LEDGER.csv and docs/qc/NONSTOP_OWNER_RESCUE_REPORT.md,No local code action remains for this risk; keep only provider/GitHub gates explicit.,ab069cc
R0593,RISK-CAT-15 Data Control / export / privacy / recovery,no browser storage clear warning,"реализовать control center: what changed, where stored, export/import, archive/recover, rollback, privacy scopes",targeted unit/e2e + screenshot where visual + ledger evidence + git diff check,OPEN,DUPLICATE_FIXED_BY_W,deduped_to_nonstop_ledger,W001-W420,P15,Deduped against docs/qc/NONSTOP_OWNER_WEAKNESS_LEDGER.csv and docs/qc/NONSTOP_OWNER_RESCUE_REPORT.md,No local code action remains for this risk; keep only provider/GitHub gates explicit.,ab069cc
R0594,RISK-CAT-15 Data Control / export / privacy / recovery,no provider credentials storage policy,"реализовать control center: what changed, where stored, export/import, archive/recover, rollback, privacy scopes",targeted unit/e2e + screenshot where visual + ledger evidence + git diff check,OPEN,FIXED_BY_HONEST_PROVIDER_GATE_WITH_UI_AND_TEST,direct_status,W401-W420,P14,"Provider/OAuth gates are explicit in Providers/Data Control: no fake success, prepare/revoke controls, provider-run audit, owner e2e provider evidence.",No local code action remains for this risk; keep only provider/GitHub gates explicit.,ab069cc
R0595,RISK-CAT-15 Data Control / export / privacy / recovery,no revoke/rotate key guidance,"реализовать control center: what changed, where stored, export/import, archive/recover, rollback, privacy scopes",targeted unit/e2e + screenshot where visual + ledger evidence + git diff check,OPEN,DUPLICATE_FIXED_BY_W,deduped_to_nonstop_ledger,W001-W420,P15,Deduped against docs/qc/NONSTOP_OWNER_WEAKNESS_LEDGER.csv and docs/qc/NONSTOP_OWNER_RESCUE_REPORT.md,No local code action remains for this risk; keep only provider/GitHub gates explicit.,ab069cc
R0596,RISK-CAT-15 Data Control / export / privacy / recovery,no Data Control screenshots in acceptance,"реализовать control center: what changed, where stored, export/import, archive/recover, rollback, privacy scopes",targeted unit/e2e + screenshot where visual + ledger evidence + git diff check,OPEN,DUPLICATE_FIXED_BY_W,deduped_to_nonstop_ledger,W001-W420,P15,Deduped against docs/qc/NONSTOP_OWNER_WEAKNESS_LEDGER.csv and docs/qc/NONSTOP_OWNER_RESCUE_REPORT.md,No local code action remains for this risk; keep only provider/GitHub gates explicit.,ab069cc
R0597,RISK-CAT-15 Data Control / export / privacy / recovery,no test archive/recover all key types,"реализовать control center: what changed, where stored, export/import, archive/recover, rollback, privacy scopes",targeted unit/e2e + screenshot where visual + ledger evidence + git diff check,OPEN,DUPLICATE_FIXED_BY_W,deduped_to_nonstop_ledger,W001-W420,P15,Deduped against docs/qc/NONSTOP_OWNER_WEAKNESS_LEDGER.csv and docs/qc/NONSTOP_OWNER_RESCUE_REPORT.md,No local code action remains for this risk; keep only provider/GitHub gates explicit.,ab069cc
R0598,RISK-CAT-15 Data Control / export / privacy / recovery,no test export/import roundtrip,"реализовать control center: what changed, where stored, export/import, archive/recover, rollback, privacy scopes",targeted unit/e2e + screenshot where visual + ledger evidence + git diff check,OPEN,DUPLICATE_FIXED_BY_W,deduped_to_nonstop_ledger,W001-W420,P15,Deduped against docs/qc/NONSTOP_OWNER_WEAKNESS_LEDGER.csv and docs/qc/NONSTOP_OWNER_RESCUE_REPORT.md,No local code action remains for this risk; keep only provider/GitHub gates explicit.,ab069cc
R0599,RISK-CAT-15 Data Control / export / privacy / recovery,no test destructive preview,"реализовать control center: what changed, where stored, export/import, archive/recover, rollback, privacy scopes",targeted unit/e2e + screenshot where visual + ledger evidence + git diff check,OPEN,DUPLICATE_FIXED_BY_W,deduped_to_nonstop_ledger,W001-W420,P15,Deduped against docs/qc/NONSTOP_OWNER_WEAKNESS_LEDGER.csv and docs/qc/NONSTOP_OWNER_RESCUE_REPORT.md,No local code action remains for this risk; keep only provider/GitHub gates explicit.,ab069cc
R0600,RISK-CAT-15 Data Control / export / privacy / recovery,no test storage map,"реализовать control center: what changed, where stored, export/import, archive/recover, rollback, privacy scopes",targeted unit/e2e + screenshot where visual + ledger evidence + git diff check,OPEN,DUPLICATE_FIXED_BY_W,deduped_to_nonstop_ledger,W001-W420,P15,Deduped against docs/qc/NONSTOP_OWNER_WEAKNESS_LEDGER.csv and docs/qc/NONSTOP_OWNER_RESCUE_REPORT.md,No local code action remains for this risk; keep only provider/GitHub gates explicit.,ab069cc
R0601,RISK-CAT-16 Local-first storage / offline / performance,IndexedDB schema undefined,"укрепить storage: IndexedDB schema, migrations, quota, worker indexing, offline/stale/cache state, performance tests",IndexedDB migration/quota/performance/reload tests,OPEN,DUPLICATE_FIXED_BY_W,deduped_to_nonstop_ledger,W001-W420,P04,Deduped against docs/qc/NONSTOP_OWNER_WEAKNESS_LEDGER.csv and docs/qc/NONSTOP_OWNER_RESCUE_REPORT.md,No local code action remains for this risk; keep only provider/GitHub gates explicit.,ab069cc
R0602,RISK-CAT-16 Local-first storage / offline / performance,localStorage fallback loses large objects,"укрепить storage: IndexedDB schema, migrations, quota, worker indexing, offline/stale/cache state, performance tests",IndexedDB migration/quota/performance/reload tests,OPEN,DUPLICATE_FIXED_BY_W,deduped_to_nonstop_ledger,W001-W420,P16,Deduped against docs/qc/NONSTOP_OWNER_WEAKNESS_LEDGER.csv and docs/qc/NONSTOP_OWNER_RESCUE_REPORT.md,No local code action remains for this risk; keep only provider/GitHub gates explicit.,ab069cc
R0603,RISK-CAT-16 Local-first storage / offline / performance,large media stored as base64 causing bloat,"укрепить storage: IndexedDB schema, migrations, quota, worker indexing, offline/stale/cache state, performance tests",IndexedDB migration/quota/performance/reload tests,OPEN,DUPLICATE_FIXED_BY_W,deduped_to_nonstop_ledger,W001-W420,P16,Deduped against docs/qc/NONSTOP_OWNER_WEAKNESS_LEDGER.csv and docs/qc/NONSTOP_OWNER_RESCUE_REPORT.md,No local code action remains for this risk; keep only provider/GitHub gates explicit.,ab069cc
R0604,RISK-CAT-16 Local-first storage / offline / performance,no storage quota handling,"укрепить storage: IndexedDB schema, migrations, quota, worker indexing, offline/stale/cache state, performance tests",IndexedDB migration/quota/performance/reload tests,OPEN,DUPLICATE_FIXED_BY_W,deduped_to_nonstop_ledger,W001-W420,P16,Deduped against docs/qc/NONSTOP_OWNER_WEAKNESS_LEDGER.csv and docs/qc/NONSTOP_OWNER_RESCUE_REPORT.md,No local code action remains for this risk; keep only provider/GitHub gates explicit.,ab069cc
R0605,RISK-CAT-16 Local-first storage / offline / performance,no eviction risk warning,"укрепить storage: IndexedDB schema, migrations, quota, worker indexing, offline/stale/cache state, performance tests",IndexedDB migration/quota/performance/reload tests,OPEN,DUPLICATE_FIXED_BY_W,deduped_to_nonstop_ledger,W001-W420,P16,Deduped against docs/qc/NONSTOP_OWNER_WEAKNESS_LEDGER.csv and docs/qc/NONSTOP_OWNER_RESCUE_REPORT.md,No local code action remains for this risk; keep only provider/GitHub gates explicit.,ab069cc
R0606,RISK-CAT-16 Local-first storage / offline / performance,no async transaction error handling,"укрепить storage: IndexedDB schema, migrations, quota, worker indexing, offline/stale/cache state, performance tests",IndexedDB migration/quota/performance/reload tests,OPEN,DUPLICATE_FIXED_BY_W,deduped_to_nonstop_ledger,W001-W420,P16,Deduped against docs/qc/NONSTOP_OWNER_WEAKNESS_LEDGER.csv and docs/qc/NONSTOP_OWNER_RESCUE_REPORT.md,No local code action remains for this risk; keep only provider/GitHub gates explicit.,ab069cc
R0607,RISK-CAT-16 Local-first storage / offline / performance,no database migration tests,"укрепить storage: IndexedDB schema, migrations, quota, worker indexing, offline/stale/cache state, performance tests",IndexedDB migration/quota/performance/reload tests,OPEN,DUPLICATE_FIXED_BY_W,deduped_to_nonstop_ledger,W001-W420,P16,Deduped against docs/qc/NONSTOP_OWNER_WEAKNESS_LEDGER.csv and docs/qc/NONSTOP_OWNER_RESCUE_REPORT.md,No local code action remains for this risk; keep only provider/GitHub gates explicit.,ab069cc
R0608,RISK-CAT-16 Local-first storage / offline / performance,no persisted storage request/gate,"укрепить storage: IndexedDB schema, migrations, quota, worker indexing, offline/stale/cache state, performance tests",IndexedDB migration/quota/performance/reload tests,OPEN,DUPLICATE_FIXED_BY_W,deduped_to_nonstop_ledger,W001-W420,P16,Deduped against docs/qc/NONSTOP_OWNER_WEAKNESS_LEDGER.csv and docs/qc/NONSTOP_OWNER_RESCUE_REPORT.md,No local code action remains for this risk; keep only provider/GitHub gates explicit.,ab069cc
R0609,RISK-CAT-16 Local-first storage / offline / performance,no offline indicator,"укрепить storage: IndexedDB schema, migrations, quota, worker indexing, offline/stale/cache state, performance tests",IndexedDB migration/quota/performance/reload tests,OPEN,DUPLICATE_FIXED_BY_W,deduped_to_nonstop_ledger,W001-W420,P16,Deduped against docs/qc/NONSTOP_OWNER_WEAKNESS_LEDGER.csv and docs/qc/NONSTOP_OWNER_RESCUE_REPORT.md,No local code action remains for this risk; keep only provider/GitHub gates explicit.,ab069cc
R0610,RISK-CAT-16 Local-first storage / offline / performance,no service worker strategy,"укрепить storage: IndexedDB schema, migrations, quota, worker indexing, offline/stale/cache state, performance tests",IndexedDB migration/quota/performance/reload tests,OPEN,DUPLICATE_FIXED_BY_W,deduped_to_nonstop_ledger,W001-W420,P16,Deduped against docs/qc/NONSTOP_OWNER_WEAKNESS_LEDGER.csv and docs/qc/NONSTOP_OWNER_RESCUE_REPORT.md,No local code action remains for this risk; keep only provider/GitHub gates explicit.,ab069cc
R0611,RISK-CAT-16 Local-first storage / offline / performance,no cache invalidation,"укрепить storage: IndexedDB schema, migrations, quota, worker indexing, offline/stale/cache state, performance tests",IndexedDB migration/quota/performance/reload tests,OPEN,DUPLICATE_FIXED_BY_W,deduped_to_nonstop_ledger,W001-W420,P16,Deduped against docs/qc/NONSTOP_OWNER_WEAKNESS_LEDGER.csv and docs/qc/NONSTOP_OWNER_RESCUE_REPORT.md,No local code action remains for this risk; keep only provider/GitHub gates explicit.,ab069cc
R0612,RISK-CAT-16 Local-first storage / offline / performance,no search index incremental update,"укрепить storage: IndexedDB schema, migrations, quota, worker indexing, offline/stale/cache state, performance tests",IndexedDB migration/quota/performance/reload tests,OPEN,DUPLICATE_FIXED_BY_W,deduped_to_nonstop_ledger,W001-W420,P16,Deduped against docs/qc/NONSTOP_OWNER_WEAKNESS_LEDGER.csv and docs/qc/NONSTOP_OWNER_RESCUE_REPORT.md,No local code action remains for this risk; keep only provider/GitHub gates explicit.,ab069cc
R0613,RISK-CAT-16 Local-first storage / offline / performance,search blocks UI on large vault,"укрепить storage: IndexedDB schema, migrations, quota, worker indexing, offline/stale/cache state, performance tests",IndexedDB migration/quota/performance/reload tests,OPEN,DUPLICATE_FIXED_BY_W,deduped_to_nonstop_ledger,W001-W420,P16,Deduped against docs/qc/NONSTOP_OWNER_WEAKNESS_LEDGER.csv and docs/qc/NONSTOP_OWNER_RESCUE_REPORT.md,No local code action remains for this risk; keep only provider/GitHub gates explicit.,ab069cc
R0614,RISK-CAT-16 Local-first storage / offline / performance,graph layout blocks UI,"укрепить storage: IndexedDB schema, migrations, quota, worker indexing, offline/stale/cache state, performance tests",IndexedDB migration/quota/performance/reload tests,OPEN,DUPLICATE_FIXED_BY_W,deduped_to_nonstop_ledger,W001-W420,P12,Deduped against docs/qc/NONSTOP_OWNER_WEAKNESS_LEDGER.csv and docs/qc/NONSTOP_OWNER_RESCUE_REPORT.md,No local code action remains for this risk; keep only provider/GitHub gates explicit.,ab069cc
R0615,RISK-CAT-16 Local-first storage / offline / performance,no web worker for heavy indexing,"укрепить storage: IndexedDB schema, migrations, quota, worker indexing, offline/stale/cache state, performance tests",IndexedDB migration/quota/performance/reload tests,OPEN,DUPLICATE_FIXED_BY_W,deduped_to_nonstop_ledger,W001-W420,P16,Deduped against docs/qc/NONSTOP_OWNER_WEAKNESS_LEDGER.csv and docs/qc/NONSTOP_OWNER_RESCUE_REPORT.md,No local code action remains for this risk; keep only provider/GitHub gates explicit.,ab069cc
R0616,RISK-CAT-16 Local-first storage / offline / performance,no performance benchmark,"укрепить storage: IndexedDB schema, migrations, quota, worker indexing, offline/stale/cache state, performance tests",IndexedDB migration/quota/performance/reload tests,OPEN,DUPLICATE_FIXED_BY_W,deduped_to_nonstop_ledger,W001-W420,P16,Deduped against docs/qc/NONSTOP_OWNER_WEAKNESS_LEDGER.csv and docs/qc/NONSTOP_OWNER_RESCUE_REPORT.md,No local code action remains for this risk; keep only provider/GitHub gates explicit.,ab069cc
R0617,RISK-CAT-16 Local-first storage / offline / performance,no memory leak from object URLs,"укрепить storage: IndexedDB schema, migrations, quota, worker indexing, offline/stale/cache state, performance tests",IndexedDB migration/quota/performance/reload tests,OPEN,DUPLICATE_FIXED_BY_W,deduped_to_nonstop_ledger,W001-W420,P16,Deduped against docs/qc/NONSTOP_OWNER_WEAKNESS_LEDGER.csv and docs/qc/NONSTOP_OWNER_RESCUE_REPORT.md,No local code action remains for this risk; keep only provider/GitHub gates explicit.,ab069cc
R0618,RISK-CAT-16 Local-first storage / offline / performance,no cleanup for old blobs,"укрепить storage: IndexedDB schema, migrations, quota, worker indexing, offline/stale/cache state, performance tests",IndexedDB migration/quota/performance/reload tests,OPEN,DUPLICATE_FIXED_BY_W,deduped_to_nonstop_ledger,W001-W420,P16,Deduped against docs/qc/NONSTOP_OWNER_WEAKNESS_LEDGER.csv and docs/qc/NONSTOP_OWNER_RESCUE_REPORT.md,No local code action remains for this risk; keep only provider/GitHub gates explicit.,ab069cc
R0619,RISK-CAT-16 Local-first storage / offline / performance,no compression strategy,"укрепить storage: IndexedDB schema, migrations, quota, worker indexing, offline/stale/cache state, performance tests",IndexedDB migration/quota/performance/reload tests,OPEN,DUPLICATE_FIXED_BY_W,deduped_to_nonstop_ledger,W001-W420,P16,Deduped against docs/qc/NONSTOP_OWNER_WEAKNESS_LEDGER.csv and docs/qc/NONSTOP_OWNER_RESCUE_REPORT.md,No local code action remains for this risk; keep only provider/GitHub gates explicit.,ab069cc
R0620,RISK-CAT-16 Local-first storage / offline / performance,no fixture for 1k/10k objects,"укрепить storage: IndexedDB schema, migrations, quota, worker indexing, offline/stale/cache state, performance tests",IndexedDB migration/quota/performance/reload tests,OPEN,DUPLICATE_FIXED_BY_W,deduped_to_nonstop_ledger,W001-W420,P16,Deduped against docs/qc/NONSTOP_OWNER_WEAKNESS_LEDGER.csv and docs/qc/NONSTOP_OWNER_RESCUE_REPORT.md,No local code action remains for this risk; keep only provider/GitHub gates explicit.,ab069cc
R0621,RISK-CAT-16 Local-first storage / offline / performance,no slow-device mobile test,"укрепить storage: IndexedDB schema, migrations, quota, worker indexing, offline/stale/cache state, performance tests",IndexedDB migration/quota/performance/reload tests,OPEN,DUPLICATE_FIXED_BY_W,deduped_to_nonstop_ledger,W001-W420,P16,Deduped against docs/qc/NONSTOP_OWNER_WEAKNESS_LEDGER.csv and docs/qc/NONSTOP_OWNER_RESCUE_REPORT.md,No local code action remains for this risk; keep only provider/GitHub gates explicit.,ab069cc
R0622,RISK-CAT-16 Local-first storage / offline / performance,no first-load performance budget,"укрепить storage: IndexedDB schema, migrations, quota, worker indexing, offline/stale/cache state, performance tests",IndexedDB migration/quota/performance/reload tests,OPEN,DUPLICATE_FIXED_BY_W,deduped_to_nonstop_ledger,W001-W420,P07,Deduped against docs/qc/NONSTOP_OWNER_WEAKNESS_LEDGER.csv and docs/qc/NONSTOP_OWNER_RESCUE_REPORT.md,No local code action remains for this risk; keep only provider/GitHub gates explicit.,ab069cc
R0623,RISK-CAT-16 Local-first storage / offline / performance,no autosave debounce,"укрепить storage: IndexedDB schema, migrations, quota, worker indexing, offline/stale/cache state, performance tests",IndexedDB migration/quota/performance/reload tests,OPEN,DUPLICATE_FIXED_BY_W,deduped_to_nonstop_ledger,W001-W420,P16,Deduped against docs/qc/NONSTOP_OWNER_WEAKNESS_LEDGER.csv and docs/qc/NONSTOP_OWNER_RESCUE_REPORT.md,No local code action remains for this risk; keep only provider/GitHub gates explicit.,ab069cc
R0624,RISK-CAT-16 Local-first storage / offline / performance,no conflict handling between tabs,"укрепить storage: IndexedDB schema, migrations, quota, worker indexing, offline/stale/cache state, performance tests",IndexedDB migration/quota/performance/reload tests,OPEN,DUPLICATE_FIXED_BY_W,deduped_to_nonstop_ledger,W001-W420,P16,Deduped against docs/qc/NONSTOP_OWNER_WEAKNESS_LEDGER.csv and docs/qc/NONSTOP_OWNER_RESCUE_REPORT.md,No local code action remains for this risk; keep only provider/GitHub gates explicit.,ab069cc
R0625,RISK-CAT-16 Local-first storage / offline / performance,no storage corruption detection,"укрепить storage: IndexedDB schema, migrations, quota, worker indexing, offline/stale/cache state, performance tests",IndexedDB migration/quota/performance/reload tests,OPEN,DUPLICATE_FIXED_BY_W,deduped_to_nonstop_ledger,W001-W420,P16,Deduped against docs/qc/NONSTOP_OWNER_WEAKNESS_LEDGER.csv and docs/qc/NONSTOP_OWNER_RESCUE_REPORT.md,No local code action remains for this risk; keep only provider/GitHub gates explicit.,ab069cc
R0626,RISK-CAT-16 Local-first storage / offline / performance,no repository compact/repair,"укрепить storage: IndexedDB schema, migrations, quota, worker indexing, offline/stale/cache state, performance tests",IndexedDB migration/quota/performance/reload tests,OPEN,DUPLICATE_FIXED_BY_W,deduped_to_nonstop_ledger,W001-W420,P04,Deduped against docs/qc/NONSTOP_OWNER_WEAKNESS_LEDGER.csv and docs/qc/NONSTOP_OWNER_RESCUE_REPORT.md,No local code action remains for this risk; keep only provider/GitHub gates explicit.,ab069cc
R0627,RISK-CAT-16 Local-first storage / offline / performance,no object-level checksums,"укрепить storage: IndexedDB schema, migrations, quota, worker indexing, offline/stale/cache state, performance tests",IndexedDB migration/quota/performance/reload tests,OPEN,DUPLICATE_FIXED_BY_W,deduped_to_nonstop_ledger,W001-W420,P16,Deduped against docs/qc/NONSTOP_OWNER_WEAKNESS_LEDGER.csv and docs/qc/NONSTOP_OWNER_RESCUE_REPORT.md,No local code action remains for this risk; keep only provider/GitHub gates explicit.,ab069cc
R0628,RISK-CAT-16 Local-first storage / offline / performance,no upload/import progress,"укрепить storage: IndexedDB schema, migrations, quota, worker indexing, offline/stale/cache state, performance tests",IndexedDB migration/quota/performance/reload tests,OPEN,DUPLICATE_FIXED_BY_W,deduped_to_nonstop_ledger,W001-W420,P16,Deduped against docs/qc/NONSTOP_OWNER_WEAKNESS_LEDGER.csv and docs/qc/NONSTOP_OWNER_RESCUE_REPORT.md,No local code action remains for this risk; keep only provider/GitHub gates explicit.,ab069cc
R0629,RISK-CAT-16 Local-first storage / offline / performance,no transactional apply all,"укрепить storage: IndexedDB schema, migrations, quota, worker indexing, offline/stale/cache state, performance tests",IndexedDB migration/quota/performance/reload tests,OPEN,DUPLICATE_FIXED_BY_W,deduped_to_nonstop_ledger,W001-W420,P05,Deduped against docs/qc/NONSTOP_OWNER_WEAKNESS_LEDGER.csv and docs/qc/NONSTOP_OWNER_RESCUE_REPORT.md,No local code action remains for this risk; keep only provider/GitHub gates explicit.,ab069cc
R0630,RISK-CAT-16 Local-first storage / offline / performance,no rollback if transaction fails,"укрепить storage: IndexedDB schema, migrations, quota, worker indexing, offline/stale/cache state, performance tests",IndexedDB migration/quota/performance/reload tests,OPEN,DUPLICATE_FIXED_BY_W,deduped_to_nonstop_ledger,W001-W420,P15,Deduped against docs/qc/NONSTOP_OWNER_WEAKNESS_LEDGER.csv and docs/qc/NONSTOP_OWNER_RESCUE_REPORT.md,No local code action remains for this risk; keep only provider/GitHub gates explicit.,ab069cc
R0631,RISK-CAT-16 Local-first storage / offline / performance,no cache version display,"укрепить storage: IndexedDB schema, migrations, quota, worker indexing, offline/stale/cache state, performance tests",IndexedDB migration/quota/performance/reload tests,OPEN,DUPLICATE_FIXED_BY_W,deduped_to_nonstop_ledger,W001-W420,P16,Deduped against docs/qc/NONSTOP_OWNER_WEAKNESS_LEDGER.csv and docs/qc/NONSTOP_OWNER_RESCUE_REPORT.md,No local code action remains for this risk; keep only provider/GitHub gates explicit.,ab069cc
R0632,RISK-CAT-16 Local-first storage / offline / performance,no stale UI detector,"укрепить storage: IndexedDB schema, migrations, quota, worker indexing, offline/stale/cache state, performance tests",IndexedDB migration/quota/performance/reload tests,OPEN,DUPLICATE_FIXED_BY_W,deduped_to_nonstop_ledger,W001-W420,P16,Deduped against docs/qc/NONSTOP_OWNER_WEAKNESS_LEDGER.csv and docs/qc/NONSTOP_OWNER_RESCUE_REPORT.md,No local code action remains for this risk; keep only provider/GitHub gates explicit.,ab069cc
R0633,RISK-CAT-16 Local-first storage / offline / performance,no multiple tab sync,"укрепить storage: IndexedDB schema, migrations, quota, worker indexing, offline/stale/cache state, performance tests",IndexedDB migration/quota/performance/reload tests,OPEN,DUPLICATE_FIXED_BY_W,deduped_to_nonstop_ledger,W001-W420,P16,Deduped against docs/qc/NONSTOP_OWNER_WEAKNESS_LEDGER.csv and docs/qc/NONSTOP_OWNER_RESCUE_REPORT.md,No local code action remains for this risk; keep only provider/GitHub gates explicit.,ab069cc
R0634,RISK-CAT-16 Local-first storage / offline / performance,no crash recovery,"укрепить storage: IndexedDB schema, migrations, quota, worker indexing, offline/stale/cache state, performance tests",IndexedDB migration/quota/performance/reload tests,OPEN,DUPLICATE_FIXED_BY_W,deduped_to_nonstop_ledger,W001-W420,P15,Deduped against docs/qc/NONSTOP_OWNER_WEAKNESS_LEDGER.csv and docs/qc/NONSTOP_OWNER_RESCUE_REPORT.md,No local code action remains for this risk; keep only provider/GitHub gates explicit.,ab069cc
R0635,RISK-CAT-16 Local-first storage / offline / performance,no large audio warning,"укрепить storage: IndexedDB schema, migrations, quota, worker indexing, offline/stale/cache state, performance tests",IndexedDB migration/quota/performance/reload tests,OPEN,DUPLICATE_FIXED_BY_W,deduped_to_nonstop_ledger,W001-W420,P11,Deduped against docs/qc/NONSTOP_OWNER_WEAKNESS_LEDGER.csv and docs/qc/NONSTOP_OWNER_RESCUE_REPORT.md,No local code action remains for this risk; keep only provider/GitHub gates explicit.,ab069cc
R0636,RISK-CAT-16 Local-first storage / offline / performance,no lazy-load for workspaces,"укрепить storage: IndexedDB schema, migrations, quota, worker indexing, offline/stale/cache state, performance tests",IndexedDB migration/quota/performance/reload tests,OPEN,DUPLICATE_FIXED_BY_W,deduped_to_nonstop_ledger,W001-W420,P16,Deduped against docs/qc/NONSTOP_OWNER_WEAKNESS_LEDGER.csv and docs/qc/NONSTOP_OWNER_RESCUE_REPORT.md,No local code action remains for this risk; keep only provider/GitHub gates explicit.,ab069cc
R0637,RISK-CAT-16 Local-first storage / offline / performance,no virtualized lists,"укрепить storage: IndexedDB schema, migrations, quota, worker indexing, offline/stale/cache state, performance tests",IndexedDB migration/quota/performance/reload tests,OPEN,DUPLICATE_FIXED_BY_W,deduped_to_nonstop_ledger,W001-W420,P16,Deduped against docs/qc/NONSTOP_OWNER_WEAKNESS_LEDGER.csv and docs/qc/NONSTOP_OWNER_RESCUE_REPORT.md,No local code action remains for this risk; keep only provider/GitHub gates explicit.,ab069cc
R0638,RISK-CAT-16 Local-first storage / offline / performance,no graph data caching,"укрепить storage: IndexedDB schema, migrations, quota, worker indexing, offline/stale/cache state, performance tests",IndexedDB migration/quota/performance/reload tests,OPEN,DUPLICATE_FIXED_BY_W,deduped_to_nonstop_ledger,W001-W420,P12,Deduped against docs/qc/NONSTOP_OWNER_WEAKNESS_LEDGER.csv and docs/qc/NONSTOP_OWNER_RESCUE_REPORT.md,No local code action remains for this risk; keep only provider/GitHub gates explicit.,ab069cc
R0639,RISK-CAT-16 Local-first storage / offline / performance,no background indexing status,"укрепить storage: IndexedDB schema, migrations, quota, worker indexing, offline/stale/cache state, performance tests",IndexedDB migration/quota/performance/reload tests,OPEN,DUPLICATE_FIXED_BY_W,deduped_to_nonstop_ledger,W001-W420,P16,Deduped against docs/qc/NONSTOP_OWNER_WEAKNESS_LEDGER.csv and docs/qc/NONSTOP_OWNER_RESCUE_REPORT.md,No local code action remains for this risk; keep only provider/GitHub gates explicit.,ab069cc
R0640,RISK-CAT-16 Local-first storage / offline / performance,no persistent log cap/rotation,"укрепить storage: IndexedDB schema, migrations, quota, worker indexing, offline/stale/cache state, performance tests",IndexedDB migration/quota/performance/reload tests,OPEN,DUPLICATE_FIXED_BY_W,deduped_to_nonstop_ledger,W001-W420,P16,Deduped against docs/qc/NONSTOP_OWNER_WEAKNESS_LEDGER.csv and docs/qc/NONSTOP_OWNER_RESCUE_REPORT.md,No local code action remains for this risk; keep only provider/GitHub gates explicit.,ab069cc
R0641,RISK-CAT-17 Tests / fixtures / evidence / regression,too few e2e tests,"добавить owner-flow e2e, fixtures, screenshots, no-hardcoded audit, persistence/mobile/negative tests",must appear in npm run e2e:owner and ledger evidence,OPEN,DUPLICATE_FIXED_BY_W,deduped_to_nonstop_ledger,W001-W420,P20,Deduped against docs/qc/NONSTOP_OWNER_WEAKNESS_LEDGER.csv and docs/qc/NONSTOP_OWNER_RESCUE_REPORT.md,No local code action remains for this risk; keep only provider/GitHub gates explicit.,ab069cc
R0642,RISK-CAT-17 Tests / fixtures / evidence / regression,tests assert markers not behavior,"добавить owner-flow e2e, fixtures, screenshots, no-hardcoded audit, persistence/mobile/negative tests",must appear in npm run e2e:owner and ledger evidence,OPEN,DUPLICATE_FIXED_BY_W,deduped_to_nonstop_ledger,W001-W420,P20,Deduped against docs/qc/NONSTOP_OWNER_WEAKNESS_LEDGER.csv and docs/qc/NONSTOP_OWNER_RESCUE_REPORT.md,No local code action remains for this risk; keep only provider/GitHub gates explicit.,ab069cc
R0643,RISK-CAT-17 Tests / fixtures / evidence / regression,no fixture matrix,"добавить owner-flow e2e, fixtures, screenshots, no-hardcoded audit, persistence/mobile/negative tests",must appear in npm run e2e:owner and ledger evidence,OPEN,DUPLICATE_FIXED_BY_W,deduped_to_nonstop_ledger,W001-W420,P20,Deduped against docs/qc/NONSTOP_OWNER_WEAKNESS_LEDGER.csv and docs/qc/NONSTOP_OWNER_RESCUE_REPORT.md,No local code action remains for this risk; keep only provider/GitHub gates explicit.,ab069cc
R0644,RISK-CAT-17 Tests / fixtures / evidence / regression,no no-hardcoded-sample audit,"добавить owner-flow e2e, fixtures, screenshots, no-hardcoded audit, persistence/mobile/negative tests",must appear in npm run e2e:owner and ledger evidence,OPEN,DUPLICATE_FIXED_BY_W,deduped_to_nonstop_ledger,W001-W420,P20,Deduped against docs/qc/NONSTOP_OWNER_WEAKNESS_LEDGER.csv and docs/qc/NONSTOP_OWNER_RESCUE_REPORT.md,No local code action remains for this risk; keep only provider/GitHub gates explicit.,ab069cc
R0645,RISK-CAT-17 Tests / fixtures / evidence / regression,no visual screenshots for first screen,"добавить owner-flow e2e, fixtures, screenshots, no-hardcoded audit, persistence/mobile/negative tests",must appear in npm run e2e:owner and ledger evidence,OPEN,DUPLICATE_FIXED_BY_W,deduped_to_nonstop_ledger,W001-W420,P20,Deduped against docs/qc/NONSTOP_OWNER_WEAKNESS_LEDGER.csv and docs/qc/NONSTOP_OWNER_RESCUE_REPORT.md,No local code action remains for this risk; keep only provider/GitHub gates explicit.,ab069cc
R0646,RISK-CAT-17 Tests / fixtures / evidence / regression,no screenshots after apply,"добавить owner-flow e2e, fixtures, screenshots, no-hardcoded audit, persistence/mobile/negative tests",must appear in npm run e2e:owner and ledger evidence,OPEN,DUPLICATE_FIXED_BY_W,deduped_to_nonstop_ledger,W001-W420,P05,Deduped against docs/qc/NONSTOP_OWNER_WEAKNESS_LEDGER.csv and docs/qc/NONSTOP_OWNER_RESCUE_REPORT.md,No local code action remains for this risk; keep only provider/GitHub gates explicit.,ab069cc
R0647,RISK-CAT-17 Tests / fixtures / evidence / regression,no finance tests,"добавить owner-flow e2e, fixtures, screenshots, no-hardcoded audit, persistence/mobile/negative tests",must appear in npm run e2e:owner and ledger evidence,OPEN,DUPLICATE_FIXED_BY_W,deduped_to_nonstop_ledger,W001-W420,P07,Deduped against docs/qc/NONSTOP_OWNER_WEAKNESS_LEDGER.csv and docs/qc/NONSTOP_OWNER_RESCUE_REPORT.md,No local code action remains for this risk; keep only provider/GitHub gates explicit.,ab069cc
R0648,RISK-CAT-17 Tests / fixtures / evidence / regression,no habits/goals tests,"добавить owner-flow e2e, fixtures, screenshots, no-hardcoded audit, persistence/mobile/negative tests",must appear in npm run e2e:owner and ledger evidence,OPEN,DUPLICATE_FIXED_BY_W,deduped_to_nonstop_ledger,W001-W420,P08,Deduped against docs/qc/NONSTOP_OWNER_WEAKNESS_LEDGER.csv and docs/qc/NONSTOP_OWNER_RESCUE_REPORT.md,No local code action remains for this risk; keep only provider/GitHub gates explicit.,ab069cc
R0649,RISK-CAT-17 Tests / fixtures / evidence / regression,no calendar time slot tests,"добавить owner-flow e2e, fixtures, screenshots, no-hardcoded audit, persistence/mobile/negative tests",must appear in npm run e2e:owner and ledger evidence,OPEN,DUPLICATE_FIXED_BY_W,deduped_to_nonstop_ledger,W001-W420,P06,Deduped against docs/qc/NONSTOP_OWNER_WEAKNESS_LEDGER.csv and docs/qc/NONSTOP_OWNER_RESCUE_REPORT.md,No local code action remains for this risk; keep only provider/GitHub gates explicit.,ab069cc
R0650,RISK-CAT-17 Tests / fixtures / evidence / regression,no graph interaction tests,"добавить owner-flow e2e, fixtures, screenshots, no-hardcoded audit, persistence/mobile/negative tests",must appear in npm run e2e:owner and ledger evidence,OPEN,DUPLICATE_FIXED_BY_W,deduped_to_nonstop_ledger,W001-W420,P12,Deduped against docs/qc/NONSTOP_OWNER_WEAKNESS_LEDGER.csv and docs/qc/NONSTOP_OWNER_RESCUE_REPORT.md,No local code action remains for this risk; keep only provider/GitHub gates explicit.,ab069cc
R0651,RISK-CAT-17 Tests / fixtures / evidence / regression,no Ollama offline/reachable tests,"добавить owner-flow e2e, fixtures, screenshots, no-hardcoded audit, persistence/mobile/negative tests",must appear in npm run e2e:owner and ledger evidence,OPEN,FIXED_BY_HONEST_PROVIDER_GATE_WITH_UI_AND_TEST,direct_status,W401-W420,P14,"Provider/OAuth gates are explicit in Providers/Data Control: no fake success, prepare/revoke controls, provider-run audit, owner e2e provider evidence.",No local code action remains for this risk; keep only provider/GitHub gates explicit.,ab069cc
R0652,RISK-CAT-17 Tests / fixtures / evidence / regression,no audio transcript tests,"добавить owner-flow e2e, fixtures, screenshots, no-hardcoded audit, persistence/mobile/negative tests",must appear in npm run e2e:owner and ledger evidence,OPEN,DUPLICATE_FIXED_BY_W,deduped_to_nonstop_ledger,W001-W420,P11,Deduped against docs/qc/NONSTOP_OWNER_WEAKNESS_LEDGER.csv and docs/qc/NONSTOP_OWNER_RESCUE_REPORT.md,No local code action remains for this risk; keep only provider/GitHub gates explicit.,ab069cc
R0653,RISK-CAT-17 Tests / fixtures / evidence / regression,no file format tests,"добавить owner-flow e2e, fixtures, screenshots, no-hardcoded audit, persistence/mobile/negative tests",must appear in npm run e2e:owner and ledger evidence,OPEN,DUPLICATE_FIXED_BY_W,deduped_to_nonstop_ledger,W001-W420,P20,Deduped against docs/qc/NONSTOP_OWNER_WEAKNESS_LEDGER.csv and docs/qc/NONSTOP_OWNER_RESCUE_REPORT.md,No local code action remains for this risk; keep only provider/GitHub gates explicit.,ab069cc
R0654,RISK-CAT-17 Tests / fixtures / evidence / regression,no Data Control export/restore tests,"добавить owner-flow e2e, fixtures, screenshots, no-hardcoded audit, persistence/mobile/negative tests",must appear in npm run e2e:owner and ledger evidence,OPEN,DUPLICATE_FIXED_BY_W,deduped_to_nonstop_ledger,W001-W420,P15,Deduped against docs/qc/NONSTOP_OWNER_WEAKNESS_LEDGER.csv and docs/qc/NONSTOP_OWNER_RESCUE_REPORT.md,No local code action remains for this risk; keep only provider/GitHub gates explicit.,ab069cc
R0655,RISK-CAT-17 Tests / fixtures / evidence / regression,no mobile owner-flow test,"добавить owner-flow e2e, fixtures, screenshots, no-hardcoded audit, persistence/mobile/negative tests",must appear in npm run e2e:owner and ledger evidence,OPEN,DUPLICATE_FIXED_BY_W,deduped_to_nonstop_ledger,W001-W420,P13,Deduped against docs/qc/NONSTOP_OWNER_WEAKNESS_LEDGER.csv and docs/qc/NONSTOP_OWNER_RESCUE_REPORT.md,No local code action remains for this risk; keep only provider/GitHub gates explicit.,ab069cc
R0656,RISK-CAT-17 Tests / fixtures / evidence / regression,no accessibility smoke,"добавить owner-flow e2e, fixtures, screenshots, no-hardcoded audit, persistence/mobile/negative tests",must appear in npm run e2e:owner and ledger evidence,OPEN,DUPLICATE_FIXED_BY_W,deduped_to_nonstop_ledger,W001-W420,P18,Deduped against docs/qc/NONSTOP_OWNER_WEAKNESS_LEDGER.csv and docs/qc/NONSTOP_OWNER_RESCUE_REPORT.md,No local code action remains for this risk; keep only provider/GitHub gates explicit.,ab069cc
R0657,RISK-CAT-17 Tests / fixtures / evidence / regression,no performance benchmark,"добавить owner-flow e2e, fixtures, screenshots, no-hardcoded audit, persistence/mobile/negative tests",must appear in npm run e2e:owner and ledger evidence,OPEN,DUPLICATE_FIXED_BY_W,deduped_to_nonstop_ledger,W001-W420,P16,Deduped against docs/qc/NONSTOP_OWNER_WEAKNESS_LEDGER.csv and docs/qc/NONSTOP_OWNER_RESCUE_REPORT.md,No local code action remains for this risk; keep only provider/GitHub gates explicit.,ab069cc
R0658,RISK-CAT-17 Tests / fixtures / evidence / regression,no dead button audit with user flows,"добавить owner-flow e2e, fixtures, screenshots, no-hardcoded audit, persistence/mobile/negative tests",must appear in npm run e2e:owner and ledger evidence,OPEN,DUPLICATE_FIXED_BY_W,deduped_to_nonstop_ledger,W001-W420,P13,Deduped against docs/qc/NONSTOP_OWNER_WEAKNESS_LEDGER.csv and docs/qc/NONSTOP_OWNER_RESCUE_REPORT.md,No local code action remains for this risk; keep only provider/GitHub gates explicit.,ab069cc
R0659,RISK-CAT-17 Tests / fixtures / evidence / regression,no test for empty/loading/error states,"добавить owner-flow e2e, fixtures, screenshots, no-hardcoded audit, persistence/mobile/negative tests",must appear in npm run e2e:owner and ledger evidence,OPEN,DUPLICATE_FIXED_BY_W,deduped_to_nonstop_ledger,W001-W420,P20,Deduped against docs/qc/NONSTOP_OWNER_WEAKNESS_LEDGER.csv and docs/qc/NONSTOP_OWNER_RESCUE_REPORT.md,No local code action remains for this risk; keep only provider/GitHub gates explicit.,ab069cc
R0660,RISK-CAT-17 Tests / fixtures / evidence / regression,no test for migration from old state,"добавить owner-flow e2e, fixtures, screenshots, no-hardcoded audit, persistence/mobile/negative tests",must appear in npm run e2e:owner and ledger evidence,OPEN,DUPLICATE_FIXED_BY_W,deduped_to_nonstop_ledger,W001-W420,P20,Deduped against docs/qc/NONSTOP_OWNER_WEAKNESS_LEDGER.csv and docs/qc/NONSTOP_OWNER_RESCUE_REPORT.md,No local code action remains for this risk; keep only provider/GitHub gates explicit.,ab069cc
R0661,RISK-CAT-17 Tests / fixtures / evidence / regression,no test for reload persistence across domains,"добавить owner-flow e2e, fixtures, screenshots, no-hardcoded audit, persistence/mobile/negative tests",must appear in npm run e2e:owner and ledger evidence,OPEN,DUPLICATE_FIXED_BY_W,deduped_to_nonstop_ledger,W001-W420,P20,Deduped against docs/qc/NONSTOP_OWNER_WEAKNESS_LEDGER.csv and docs/qc/NONSTOP_OWNER_RESCUE_REPORT.md,No local code action remains for this risk; keep only provider/GitHub gates explicit.,ab069cc
R0662,RISK-CAT-17 Tests / fixtures / evidence / regression,no test for apply all atomicity,"добавить owner-flow e2e, fixtures, screenshots, no-hardcoded audit, persistence/mobile/negative tests",must appear in npm run e2e:owner and ledger evidence,OPEN,DUPLICATE_FIXED_BY_W,deduped_to_nonstop_ledger,W001-W420,P05,Deduped against docs/qc/NONSTOP_OWNER_WEAKNESS_LEDGER.csv and docs/qc/NONSTOP_OWNER_RESCUE_REPORT.md,No local code action remains for this risk; keep only provider/GitHub gates explicit.,ab069cc
R0663,RISK-CAT-17 Tests / fixtures / evidence / regression,no test for rejected proposals not mutating,"добавить owner-flow e2e, fixtures, screenshots, no-hardcoded audit, persistence/mobile/negative tests",must appear in npm run e2e:owner and ledger evidence,OPEN,DUPLICATE_FIXED_BY_W,deduped_to_nonstop_ledger,W001-W420,P20,Deduped against docs/qc/NONSTOP_OWNER_WEAKNESS_LEDGER.csv and docs/qc/NONSTOP_OWNER_RESCUE_REPORT.md,No local code action remains for this risk; keep only provider/GitHub gates explicit.,ab069cc
R0664,RISK-CAT-17 Tests / fixtures / evidence / regression,no test for archive/recover,"добавить owner-flow e2e, fixtures, screenshots, no-hardcoded audit, persistence/mobile/negative tests",must appear in npm run e2e:owner and ledger evidence,OPEN,DUPLICATE_FIXED_BY_W,deduped_to_nonstop_ledger,W001-W420,P15,Deduped against docs/qc/NONSTOP_OWNER_WEAKNESS_LEDGER.csv and docs/qc/NONSTOP_OWNER_RESCUE_REPORT.md,No local code action remains for this risk; keep only provider/GitHub gates explicit.,ab069cc
R0665,RISK-CAT-17 Tests / fixtures / evidence / regression,no test for provider gated actions,"добавить owner-flow e2e, fixtures, screenshots, no-hardcoded audit, persistence/mobile/negative tests",must appear in npm run e2e:owner and ledger evidence,OPEN,FIXED_BY_HONEST_PROVIDER_GATE_WITH_UI_AND_TEST,direct_status,W401-W420,P14,"Provider/OAuth gates are explicit in Providers/Data Control: no fake success, prepare/revoke controls, provider-run audit, owner e2e provider evidence.",No local code action remains for this risk; keep only provider/GitHub gates explicit.,ab069cc
R0666,RISK-CAT-17 Tests / fixtures / evidence / regression,no test for storage quota warning,"добавить owner-flow e2e, fixtures, screenshots, no-hardcoded audit, persistence/mobile/negative tests",must appear in npm run e2e:owner and ledger evidence,OPEN,DUPLICATE_FIXED_BY_W,deduped_to_nonstop_ledger,W001-W420,P16,Deduped against docs/qc/NONSTOP_OWNER_WEAKNESS_LEDGER.csv and docs/qc/NONSTOP_OWNER_RESCUE_REPORT.md,No local code action remains for this risk; keep only provider/GitHub gates explicit.,ab069cc
R0667,RISK-CAT-17 Tests / fixtures / evidence / regression,no test for Russian copy,"добавить owner-flow e2e, fixtures, screenshots, no-hardcoded audit, persistence/mobile/negative tests",must appear in npm run e2e:owner and ledger evidence,OPEN,DUPLICATE_FIXED_BY_W,deduped_to_nonstop_ledger,W001-W420,P20,Deduped against docs/qc/NONSTOP_OWNER_WEAKNESS_LEDGER.csv and docs/qc/NONSTOP_OWNER_RESCUE_REPORT.md,No local code action remains for this risk; keep only provider/GitHub gates explicit.,ab069cc
R0668,RISK-CAT-17 Tests / fixtures / evidence / regression,no test for color contrast/visual hierarchy,"добавить owner-flow e2e, fixtures, screenshots, no-hardcoded audit, persistence/mobile/negative tests",must appear in npm run e2e:owner and ledger evidence,OPEN,DUPLICATE_FIXED_BY_W,deduped_to_nonstop_ledger,W001-W420,P20,Deduped against docs/qc/NONSTOP_OWNER_WEAKNESS_LEDGER.csv and docs/qc/NONSTOP_OWNER_RESCUE_REPORT.md,No local code action remains for this risk; keep only provider/GitHub gates explicit.,ab069cc
R0669,RISK-CAT-17 Tests / fixtures / evidence / regression,no test for focus keyboard navigation,"добавить owner-flow e2e, fixtures, screenshots, no-hardcoded audit, persistence/mobile/negative tests",must appear in npm run e2e:owner and ledger evidence,OPEN,DUPLICATE_FIXED_BY_W,deduped_to_nonstop_ledger,W001-W420,P20,Deduped against docs/qc/NONSTOP_OWNER_WEAKNESS_LEDGER.csv and docs/qc/NONSTOP_OWNER_RESCUE_REPORT.md,No local code action remains for this risk; keep only provider/GitHub gates explicit.,ab069cc
R0670,RISK-CAT-17 Tests / fixtures / evidence / regression,no test data cleanup strategy,"добавить owner-flow e2e, fixtures, screenshots, no-hardcoded audit, persistence/mobile/negative tests",must appear in npm run e2e:owner and ledger evidence,OPEN,DUPLICATE_FIXED_BY_W,deduped_to_nonstop_ledger,W001-W420,P20,Deduped against docs/qc/NONSTOP_OWNER_WEAKNESS_LEDGER.csv and docs/qc/NONSTOP_OWNER_RESCUE_REPORT.md,No local code action remains for this risk; keep only provider/GitHub gates explicit.,ab069cc
R0671,RISK-CAT-17 Tests / fixtures / evidence / regression,no trace/video on failure,"добавить owner-flow e2e, fixtures, screenshots, no-hardcoded audit, persistence/mobile/negative tests",must appear in npm run e2e:owner and ledger evidence,OPEN,DUPLICATE_FIXED_BY_W,deduped_to_nonstop_ledger,W001-W420,P20,Deduped against docs/qc/NONSTOP_OWNER_WEAKNESS_LEDGER.csv and docs/qc/NONSTOP_OWNER_RESCUE_REPORT.md,No local code action remains for this risk; keep only provider/GitHub gates explicit.,ab069cc
R0672,RISK-CAT-17 Tests / fixtures / evidence / regression,no artifact screenshots linked to report,"добавить owner-flow e2e, fixtures, screenshots, no-hardcoded audit, persistence/mobile/negative tests",must appear in npm run e2e:owner and ledger evidence,OPEN,DUPLICATE_FIXED_BY_W,deduped_to_nonstop_ledger,W001-W420,P20,Deduped against docs/qc/NONSTOP_OWNER_WEAKNESS_LEDGER.csv and docs/qc/NONSTOP_OWNER_RESCUE_REPORT.md,No local code action remains for this risk; keep only provider/GitHub gates explicit.,ab069cc
R0673,RISK-CAT-17 Tests / fixtures / evidence / regression,no owner acceptance report,"добавить owner-flow e2e, fixtures, screenshots, no-hardcoded audit, persistence/mobile/negative tests",must appear in npm run e2e:owner and ledger evidence,OPEN,DUPLICATE_FIXED_BY_W,deduped_to_nonstop_ledger,W001-W420,P20,Deduped against docs/qc/NONSTOP_OWNER_WEAKNESS_LEDGER.csv and docs/qc/NONSTOP_OWNER_RESCUE_REPORT.md,No local code action remains for this risk; keep only provider/GitHub gates explicit.,ab069cc
R0674,RISK-CAT-17 Tests / fixtures / evidence / regression,no GitHub commit in report,"добавить owner-flow e2e, fixtures, screenshots, no-hardcoded audit, persistence/mobile/negative tests",must appear in npm run e2e:owner and ledger evidence,OPEN,DUPLICATE_FIXED_BY_W,deduped_to_nonstop_ledger,W001-W420,P20,Deduped against docs/qc/NONSTOP_OWNER_WEAKNESS_LEDGER.csv and docs/qc/NONSTOP_OWNER_RESCUE_REPORT.md,No local code action remains for this risk; keep only provider/GitHub gates explicit.,ab069cc
R0675,RISK-CAT-17 Tests / fixtures / evidence / regression,no test coverage map to ledger,"добавить owner-flow e2e, fixtures, screenshots, no-hardcoded audit, persistence/mobile/negative tests",must appear in npm run e2e:owner and ledger evidence,OPEN,DUPLICATE_FIXED_BY_W,deduped_to_nonstop_ledger,W001-W420,P20,Deduped against docs/qc/NONSTOP_OWNER_WEAKNESS_LEDGER.csv and docs/qc/NONSTOP_OWNER_RESCUE_REPORT.md,No local code action remains for this risk; keep only provider/GitHub gates explicit.,ab069cc
R0676,RISK-CAT-17 Tests / fixtures / evidence / regression,no fixture expected outputs schema,"добавить owner-flow e2e, fixtures, screenshots, no-hardcoded audit, persistence/mobile/negative tests",must appear in npm run e2e:owner and ledger evidence,OPEN,DUPLICATE_FIXED_BY_W,deduped_to_nonstop_ledger,W001-W420,P04,Deduped against docs/qc/NONSTOP_OWNER_WEAKNESS_LEDGER.csv and docs/qc/NONSTOP_OWNER_RESCUE_REPORT.md,No local code action remains for this risk; keep only provider/GitHub gates explicit.,ab069cc
R0677,RISK-CAT-17 Tests / fixtures / evidence / regression,no golden screenshots baseline,"добавить owner-flow e2e, fixtures, screenshots, no-hardcoded audit, persistence/mobile/negative tests",must appear in npm run e2e:owner and ledger evidence,OPEN,DUPLICATE_FIXED_BY_W,deduped_to_nonstop_ledger,W001-W420,P20,Deduped against docs/qc/NONSTOP_OWNER_WEAKNESS_LEDGER.csv and docs/qc/NONSTOP_OWNER_RESCUE_REPORT.md,No local code action remains for this risk; keep only provider/GitHub gates explicit.,ab069cc
R0678,RISK-CAT-17 Tests / fixtures / evidence / regression,no regression guard for old cockpit UI,"добавить owner-flow e2e, fixtures, screenshots, no-hardcoded audit, persistence/mobile/negative tests",must appear in npm run e2e:owner and ledger evidence,OPEN,DUPLICATE_FIXED_BY_W,deduped_to_nonstop_ledger,W001-W420,P02,Deduped against docs/qc/NONSTOP_OWNER_WEAKNESS_LEDGER.csv and docs/qc/NONSTOP_OWNER_RESCUE_REPORT.md,No local code action remains for this risk; keep only provider/GitHub gates explicit.,ab069cc
R0679,RISK-CAT-17 Tests / fixtures / evidence / regression,no smoke for route/workspace access,"добавить owner-flow e2e, fixtures, screenshots, no-hardcoded audit, persistence/mobile/negative tests",must appear in npm run e2e:owner and ledger evidence,OPEN,DUPLICATE_FIXED_BY_W,deduped_to_nonstop_ledger,W001-W420,P20,Deduped against docs/qc/NONSTOP_OWNER_WEAKNESS_LEDGER.csv and docs/qc/NONSTOP_OWNER_RESCUE_REPORT.md,No local code action remains for this risk; keep only provider/GitHub gates explicit.,ab069cc
R0680,RISK-CAT-17 Tests / fixtures / evidence / regression,no negative tests for fake AI/STT/OCR claims,"добавить owner-flow e2e, fixtures, screenshots, no-hardcoded audit, persistence/mobile/negative tests",must appear in npm run e2e:owner and ledger evidence,OPEN,FIXED_BY_HONEST_PROVIDER_GATE_WITH_UI_AND_TEST,direct_status,W401-W420,P11,"Provider/OAuth gates are explicit in Providers/Data Control: no fake success, prepare/revoke controls, provider-run audit, owner e2e provider evidence.",No local code action remains for this risk; keep only provider/GitHub gates explicit.,ab069cc
R0681,RISK-CAT-18 Mobile / PWA / notifications / device capture,mobile first viewport not capture-first,"реализовать mobile-first layout, touch targets, PWA/notification gates, voice/photo capture, no overflow tests",targeted unit/e2e + screenshot where visual + ledger evidence + git diff check,OPEN,DUPLICATE_FIXED_BY_W,deduped_to_nonstop_ledger,W001-W420,P03,Deduped against docs/qc/NONSTOP_OWNER_WEAKNESS_LEDGER.csv and docs/qc/NONSTOP_OWNER_RESCUE_REPORT.md,No local code action remains for this risk; keep only provider/GitHub gates explicit.,ab069cc
R0682,RISK-CAT-18 Mobile / PWA / notifications / device capture,horizontal overflow on mobile,"реализовать mobile-first layout, touch targets, PWA/notification gates, voice/photo capture, no overflow tests",targeted unit/e2e + screenshot where visual + ledger evidence + git diff check,OPEN,DUPLICATE_FIXED_BY_W,deduped_to_nonstop_ledger,W001-W420,P03,Deduped against docs/qc/NONSTOP_OWNER_WEAKNESS_LEDGER.csv and docs/qc/NONSTOP_OWNER_RESCUE_REPORT.md,No local code action remains for this risk; keep only provider/GitHub gates explicit.,ab069cc
R0683,RISK-CAT-18 Mobile / PWA / notifications / device capture,tiny buttons touch targets,"реализовать mobile-first layout, touch targets, PWA/notification gates, voice/photo capture, no overflow tests",targeted unit/e2e + screenshot where visual + ledger evidence + git diff check,OPEN,DUPLICATE_FIXED_BY_W,deduped_to_nonstop_ledger,W001-W420,P03,Deduped against docs/qc/NONSTOP_OWNER_WEAKNESS_LEDGER.csv and docs/qc/NONSTOP_OWNER_RESCUE_REPORT.md,No local code action remains for this risk; keep only provider/GitHub gates explicit.,ab069cc
R0684,RISK-CAT-18 Mobile / PWA / notifications / device capture,calendar unusable on phone,"реализовать mobile-first layout, touch targets, PWA/notification gates, voice/photo capture, no overflow tests",targeted unit/e2e + screenshot where visual + ledger evidence + git diff check,OPEN,DUPLICATE_FIXED_BY_W,deduped_to_nonstop_ledger,W001-W420,P03,Deduped against docs/qc/NONSTOP_OWNER_WEAKNESS_LEDGER.csv and docs/qc/NONSTOP_OWNER_RESCUE_REPORT.md,No local code action remains for this risk; keep only provider/GitHub gates explicit.,ab069cc
R0685,RISK-CAT-18 Mobile / PWA / notifications / device capture,graph unusable on phone,"реализовать mobile-first layout, touch targets, PWA/notification gates, voice/photo capture, no overflow tests",targeted unit/e2e + screenshot where visual + ledger evidence + git diff check,OPEN,DUPLICATE_FIXED_BY_W,deduped_to_nonstop_ledger,W001-W420,P03,Deduped against docs/qc/NONSTOP_OWNER_WEAKNESS_LEDGER.csv and docs/qc/NONSTOP_OWNER_RESCUE_REPORT.md,No local code action remains for this risk; keep only provider/GitHub gates explicit.,ab069cc
R0686,RISK-CAT-18 Mobile / PWA / notifications / device capture,finance entry too dense,"реализовать mobile-first layout, touch targets, PWA/notification gates, voice/photo capture, no overflow tests",targeted unit/e2e + screenshot where visual + ledger evidence + git diff check,OPEN,DUPLICATE_FIXED_BY_W,deduped_to_nonstop_ledger,W001-W420,P03,Deduped against docs/qc/NONSTOP_OWNER_WEAKNESS_LEDGER.csv and docs/qc/NONSTOP_OWNER_RESCUE_REPORT.md,No local code action remains for this risk; keep only provider/GitHub gates explicit.,ab069cc
R0687,RISK-CAT-18 Mobile / PWA / notifications / device capture,voice capture not prominent,"реализовать mobile-first layout, touch targets, PWA/notification gates, voice/photo capture, no overflow tests",targeted unit/e2e + screenshot where visual + ledger evidence + git diff check,OPEN,DUPLICATE_FIXED_BY_W,deduped_to_nonstop_ledger,W001-W420,P03,Deduped against docs/qc/NONSTOP_OWNER_WEAKNESS_LEDGER.csv and docs/qc/NONSTOP_OWNER_RESCUE_REPORT.md,No local code action remains for this risk; keep only provider/GitHub gates explicit.,ab069cc
R0688,RISK-CAT-18 Mobile / PWA / notifications / device capture,file input inaccessible on mobile,"реализовать mobile-first layout, touch targets, PWA/notification gates, voice/photo capture, no overflow tests",targeted unit/e2e + screenshot where visual + ledger evidence + git diff check,OPEN,DUPLICATE_FIXED_BY_W,deduped_to_nonstop_ledger,W001-W420,P03,Deduped against docs/qc/NONSTOP_OWNER_WEAKNESS_LEDGER.csv and docs/qc/NONSTOP_OWNER_RESCUE_REPORT.md,No local code action remains for this risk; keep only provider/GitHub gates explicit.,ab069cc
R0689,RISK-CAT-18 Mobile / PWA / notifications / device capture,camera/photo receipt flow missing,"реализовать mobile-first layout, touch targets, PWA/notification gates, voice/photo capture, no overflow tests",targeted unit/e2e + screenshot where visual + ledger evidence + git diff check,OPEN,DUPLICATE_FIXED_BY_W,deduped_to_nonstop_ledger,W001-W420,P03,Deduped against docs/qc/NONSTOP_OWNER_WEAKNESS_LEDGER.csv and docs/qc/NONSTOP_OWNER_RESCUE_REPORT.md,No local code action remains for this risk; keep only provider/GitHub gates explicit.,ab069cc
R0690,RISK-CAT-18 Mobile / PWA / notifications / device capture,notification permission not requested by gesture,"реализовать mobile-first layout, touch targets, PWA/notification gates, voice/photo capture, no overflow tests",targeted unit/e2e + screenshot where visual + ledger evidence + git diff check,OPEN,DUPLICATE_FIXED_BY_W,deduped_to_nonstop_ledger,W001-W420,P03,Deduped against docs/qc/NONSTOP_OWNER_WEAKNESS_LEDGER.csv and docs/qc/NONSTOP_OWNER_RESCUE_REPORT.md,No local code action remains for this risk; keep only provider/GitHub gates explicit.,ab069cc
R0691,RISK-CAT-18 Mobile / PWA / notifications / device capture,persistent notifications not service-worker backed,"реализовать mobile-first layout, touch targets, PWA/notification gates, voice/photo capture, no overflow tests",targeted unit/e2e + screenshot where visual + ledger evidence + git diff check,OPEN,DUPLICATE_FIXED_BY_W,deduped_to_nonstop_ledger,W001-W420,P03,Deduped against docs/qc/NONSTOP_OWNER_WEAKNESS_LEDGER.csv and docs/qc/NONSTOP_OWNER_RESCUE_REPORT.md,No local code action remains for this risk; keep only provider/GitHub gates explicit.,ab069cc
R0692,RISK-CAT-18 Mobile / PWA / notifications / device capture,offline PWA not implemented/gated,"реализовать mobile-first layout, touch targets, PWA/notification gates, voice/photo capture, no overflow tests",targeted unit/e2e + screenshot where visual + ledger evidence + git diff check,OPEN,DUPLICATE_FIXED_BY_W,deduped_to_nonstop_ledger,W001-W420,P03,Deduped against docs/qc/NONSTOP_OWNER_WEAKNESS_LEDGER.csv and docs/qc/NONSTOP_OWNER_RESCUE_REPORT.md,No local code action remains for this risk; keep only provider/GitHub gates explicit.,ab069cc
R0693,RISK-CAT-18 Mobile / PWA / notifications / device capture,home screen install not considered,"реализовать mobile-first layout, touch targets, PWA/notification gates, voice/photo capture, no overflow tests",targeted unit/e2e + screenshot where visual + ledger evidence + git diff check,OPEN,DUPLICATE_FIXED_BY_W,deduped_to_nonstop_ledger,W001-W420,P03,Deduped against docs/qc/NONSTOP_OWNER_WEAKNESS_LEDGER.csv and docs/qc/NONSTOP_OWNER_RESCUE_REPORT.md,No local code action remains for this risk; keep only provider/GitHub gates explicit.,ab069cc
R0694,RISK-CAT-18 Mobile / PWA / notifications / device capture,mobile audio controls awkward,"реализовать mobile-first layout, touch targets, PWA/notification gates, voice/photo capture, no overflow tests",targeted unit/e2e + screenshot where visual + ledger evidence + git diff check,OPEN,DUPLICATE_FIXED_BY_W,deduped_to_nonstop_ledger,W001-W420,P03,Deduped against docs/qc/NONSTOP_OWNER_WEAKNESS_LEDGER.csv and docs/qc/NONSTOP_OWNER_RESCUE_REPORT.md,No local code action remains for this risk; keep only provider/GitHub gates explicit.,ab069cc
R0695,RISK-CAT-18 Mobile / PWA / notifications / device capture,keyboard overlaps input,"реализовать mobile-first layout, touch targets, PWA/notification gates, voice/photo capture, no overflow tests",targeted unit/e2e + screenshot where visual + ledger evidence + git diff check,OPEN,DUPLICATE_FIXED_BY_W,deduped_to_nonstop_ledger,W001-W420,P03,Deduped against docs/qc/NONSTOP_OWNER_WEAKNESS_LEDGER.csv and docs/qc/NONSTOP_OWNER_RESCUE_REPORT.md,No local code action remains for this risk; keep only provider/GitHub gates explicit.,ab069cc
R0696,RISK-CAT-18 Mobile / PWA / notifications / device capture,no bottom nav,"реализовать mobile-first layout, touch targets, PWA/notification gates, voice/photo capture, no overflow tests",targeted unit/e2e + screenshot where visual + ledger evidence + git diff check,OPEN,DUPLICATE_FIXED_BY_W,deduped_to_nonstop_ledger,W001-W420,P03,Deduped against docs/qc/NONSTOP_OWNER_WEAKNESS_LEDGER.csv and docs/qc/NONSTOP_OWNER_RESCUE_REPORT.md,No local code action remains for this risk; keep only provider/GitHub gates explicit.,ab069cc
R0697,RISK-CAT-18 Mobile / PWA / notifications / device capture,no safe area handling,"реализовать mobile-first layout, touch targets, PWA/notification gates, voice/photo capture, no overflow tests",targeted unit/e2e + screenshot where visual + ledger evidence + git diff check,OPEN,DUPLICATE_FIXED_BY_W,deduped_to_nonstop_ledger,W001-W420,P03,Deduped against docs/qc/NONSTOP_OWNER_WEAKNESS_LEDGER.csv and docs/qc/NONSTOP_OWNER_RESCUE_REPORT.md,No local code action remains for this risk; keep only provider/GitHub gates explicit.,ab069cc
R0698,RISK-CAT-18 Mobile / PWA / notifications / device capture,no mobile scroll section hierarchy,"реализовать mobile-first layout, touch targets, PWA/notification gates, voice/photo capture, no overflow tests",targeted unit/e2e + screenshot where visual + ledger evidence + git diff check,OPEN,DUPLICATE_FIXED_BY_W,deduped_to_nonstop_ledger,W001-W420,P03,Deduped against docs/qc/NONSTOP_OWNER_WEAKNESS_LEDGER.csv and docs/qc/NONSTOP_OWNER_RESCUE_REPORT.md,No local code action remains for this risk; keep only provider/GitHub gates explicit.,ab069cc
R0699,RISK-CAT-18 Mobile / PWA / notifications / device capture,no mobile screenshot acceptance,"реализовать mobile-first layout, touch targets, PWA/notification gates, voice/photo capture, no overflow tests",targeted unit/e2e + screenshot where visual + ledger evidence + git diff check,OPEN,DUPLICATE_FIXED_BY_W,deduped_to_nonstop_ledger,W001-W420,P03,Deduped against docs/qc/NONSTOP_OWNER_WEAKNESS_LEDGER.csv and docs/qc/NONSTOP_OWNER_RESCUE_REPORT.md,No local code action remains for this risk; keep only provider/GitHub gates explicit.,ab069cc
R0700,RISK-CAT-18 Mobile / PWA / notifications / device capture,no mobile upload progress,"реализовать mobile-first layout, touch targets, PWA/notification gates, voice/photo capture, no overflow tests",targeted unit/e2e + screenshot where visual + ledger evidence + git diff check,OPEN,DUPLICATE_FIXED_BY_W,deduped_to_nonstop_ledger,W001-W420,P03,Deduped against docs/qc/NONSTOP_OWNER_WEAKNESS_LEDGER.csv and docs/qc/NONSTOP_OWNER_RESCUE_REPORT.md,No local code action remains for this risk; keep only provider/GitHub gates explicit.,ab069cc
R0701,RISK-CAT-18 Mobile / PWA / notifications / device capture,no mobile reminder center,"реализовать mobile-first layout, touch targets, PWA/notification gates, voice/photo capture, no overflow tests",targeted unit/e2e + screenshot where visual + ledger evidence + git diff check,OPEN,DUPLICATE_FIXED_BY_W,deduped_to_nonstop_ledger,W001-W420,P03,Deduped against docs/qc/NONSTOP_OWNER_WEAKNESS_LEDGER.csv and docs/qc/NONSTOP_OWNER_RESCUE_REPORT.md,No local code action remains for this risk; keep only provider/GitHub gates explicit.,ab069cc
R0702,RISK-CAT-18 Mobile / PWA / notifications / device capture,no mobile daily check-in,"реализовать mobile-first layout, touch targets, PWA/notification gates, voice/photo capture, no overflow tests",targeted unit/e2e + screenshot where visual + ledger evidence + git diff check,OPEN,DUPLICATE_FIXED_BY_W,deduped_to_nonstop_ledger,W001-W420,P03,Deduped against docs/qc/NONSTOP_OWNER_WEAKNESS_LEDGER.csv and docs/qc/NONSTOP_OWNER_RESCUE_REPORT.md,No local code action remains for this risk; keep only provider/GitHub gates explicit.,ab069cc
R0703,RISK-CAT-18 Mobile / PWA / notifications / device capture,no mobile quick task,"реализовать mobile-first layout, touch targets, PWA/notification gates, voice/photo capture, no overflow tests",targeted unit/e2e + screenshot where visual + ledger evidence + git diff check,OPEN,DUPLICATE_FIXED_BY_W,deduped_to_nonstop_ledger,W001-W420,P03,Deduped against docs/qc/NONSTOP_OWNER_WEAKNESS_LEDGER.csv and docs/qc/NONSTOP_OWNER_RESCUE_REPORT.md,No local code action remains for this risk; keep only provider/GitHub gates explicit.,ab069cc
R0704,RISK-CAT-18 Mobile / PWA / notifications / device capture,no mobile quick expense,"реализовать mobile-first layout, touch targets, PWA/notification gates, voice/photo capture, no overflow tests",targeted unit/e2e + screenshot where visual + ledger evidence + git diff check,OPEN,DUPLICATE_FIXED_BY_W,deduped_to_nonstop_ledger,W001-W420,P03,Deduped against docs/qc/NONSTOP_OWNER_WEAKNESS_LEDGER.csv and docs/qc/NONSTOP_OWNER_RESCUE_REPORT.md,No local code action remains for this risk; keep only provider/GitHub gates explicit.,ab069cc
R0705,RISK-CAT-18 Mobile / PWA / notifications / device capture,no mobile review queue,"реализовать mobile-first layout, touch targets, PWA/notification gates, voice/photo capture, no overflow tests",targeted unit/e2e + screenshot where visual + ledger evidence + git diff check,OPEN,DUPLICATE_FIXED_BY_W,deduped_to_nonstop_ledger,W001-W420,P03,Deduped against docs/qc/NONSTOP_OWNER_WEAKNESS_LEDGER.csv and docs/qc/NONSTOP_OWNER_RESCUE_REPORT.md,No local code action remains for this risk; keep only provider/GitHub gates explicit.,ab069cc
R0706,RISK-CAT-18 Mobile / PWA / notifications / device capture,no mobile voice notes evening review,"реализовать mobile-first layout, touch targets, PWA/notification gates, voice/photo capture, no overflow tests",targeted unit/e2e + screenshot where visual + ledger evidence + git diff check,OPEN,DUPLICATE_FIXED_BY_W,deduped_to_nonstop_ledger,W001-W420,P03,Deduped against docs/qc/NONSTOP_OWNER_WEAKNESS_LEDGER.csv and docs/qc/NONSTOP_OWNER_RESCUE_REPORT.md,No local code action remains for this risk; keep only provider/GitHub gates explicit.,ab069cc
R0707,RISK-CAT-18 Mobile / PWA / notifications / device capture,no responsive graph fallback list,"реализовать mobile-first layout, touch targets, PWA/notification gates, voice/photo capture, no overflow tests",targeted unit/e2e + screenshot where visual + ledger evidence + git diff check,OPEN,DUPLICATE_FIXED_BY_W,deduped_to_nonstop_ledger,W001-W420,P03,Deduped against docs/qc/NONSTOP_OWNER_WEAKNESS_LEDGER.csv and docs/qc/NONSTOP_OWNER_RESCUE_REPORT.md,No local code action remains for this risk; keep only provider/GitHub gates explicit.,ab069cc
R0708,RISK-CAT-18 Mobile / PWA / notifications / device capture,no swipe/accordion behavior,"реализовать mobile-first layout, touch targets, PWA/notification gates, voice/photo capture, no overflow tests",targeted unit/e2e + screenshot where visual + ledger evidence + git diff check,OPEN,DUPLICATE_FIXED_BY_W,deduped_to_nonstop_ledger,W001-W420,P03,Deduped against docs/qc/NONSTOP_OWNER_WEAKNESS_LEDGER.csv and docs/qc/NONSTOP_OWNER_RESCUE_REPORT.md,No local code action remains for this risk; keep only provider/GitHub gates explicit.,ab069cc
R0709,RISK-CAT-18 Mobile / PWA / notifications / device capture,no touch graph pan/zoom test,"реализовать mobile-first layout, touch targets, PWA/notification gates, voice/photo capture, no overflow tests",targeted unit/e2e + screenshot where visual + ledger evidence + git diff check,OPEN,DUPLICATE_FIXED_BY_W,deduped_to_nonstop_ledger,W001-W420,P03,Deduped against docs/qc/NONSTOP_OWNER_WEAKNESS_LEDGER.csv and docs/qc/NONSTOP_OWNER_RESCUE_REPORT.md,No local code action remains for this risk; keep only provider/GitHub gates explicit.,ab069cc
R0710,RISK-CAT-18 Mobile / PWA / notifications / device capture,no low bandwidth/offline state,"реализовать mobile-first layout, touch targets, PWA/notification gates, voice/photo capture, no overflow tests",targeted unit/e2e + screenshot where visual + ledger evidence + git diff check,OPEN,DUPLICATE_FIXED_BY_W,deduped_to_nonstop_ledger,W001-W420,P03,Deduped against docs/qc/NONSTOP_OWNER_WEAKNESS_LEDGER.csv and docs/qc/NONSTOP_OWNER_RESCUE_REPORT.md,No local code action remains for this risk; keep only provider/GitHub gates explicit.,ab069cc
R0711,RISK-CAT-18 Mobile / PWA / notifications / device capture,no device permission copy,"реализовать mobile-first layout, touch targets, PWA/notification gates, voice/photo capture, no overflow tests",targeted unit/e2e + screenshot where visual + ledger evidence + git diff check,OPEN,DUPLICATE_FIXED_BY_W,deduped_to_nonstop_ledger,W001-W420,P03,Deduped against docs/qc/NONSTOP_OWNER_WEAKNESS_LEDGER.csv and docs/qc/NONSTOP_OWNER_RESCUE_REPORT.md,No local code action remains for this risk; keep only provider/GitHub gates explicit.,ab069cc
R0712,RISK-CAT-18 Mobile / PWA / notifications / device capture,no PWA update/stale cache messaging,"реализовать mobile-first layout, touch targets, PWA/notification gates, voice/photo capture, no overflow tests",targeted unit/e2e + screenshot where visual + ledger evidence + git diff check,OPEN,DUPLICATE_FIXED_BY_W,deduped_to_nonstop_ledger,W001-W420,P03,Deduped against docs/qc/NONSTOP_OWNER_WEAKNESS_LEDGER.csv and docs/qc/NONSTOP_OWNER_RESCUE_REPORT.md,No local code action remains for this risk; keep only provider/GitHub gates explicit.,ab069cc
R0713,RISK-CAT-18 Mobile / PWA / notifications / device capture,no storage usage on mobile,"реализовать mobile-first layout, touch targets, PWA/notification gates, voice/photo capture, no overflow tests",targeted unit/e2e + screenshot where visual + ledger evidence + git diff check,OPEN,DUPLICATE_FIXED_BY_W,deduped_to_nonstop_ledger,W001-W420,P03,Deduped against docs/qc/NONSTOP_OWNER_WEAKNESS_LEDGER.csv and docs/qc/NONSTOP_OWNER_RESCUE_REPORT.md,No local code action remains for this risk; keep only provider/GitHub gates explicit.,ab069cc
R0714,RISK-CAT-18 Mobile / PWA / notifications / device capture,no import from share sheet boundary,"реализовать mobile-first layout, touch targets, PWA/notification gates, voice/photo capture, no overflow tests",targeted unit/e2e + screenshot where visual + ledger evidence + git diff check,OPEN,DUPLICATE_FIXED_BY_W,deduped_to_nonstop_ledger,W001-W420,P03,Deduped against docs/qc/NONSTOP_OWNER_WEAKNESS_LEDGER.csv and docs/qc/NONSTOP_OWNER_RESCUE_REPORT.md,No local code action remains for this risk; keep only provider/GitHub gates explicit.,ab069cc
R0715,RISK-CAT-18 Mobile / PWA / notifications / device capture,no QR/import shortcuts,"реализовать mobile-first layout, touch targets, PWA/notification gates, voice/photo capture, no overflow tests",targeted unit/e2e + screenshot where visual + ledger evidence + git diff check,OPEN,DUPLICATE_FIXED_BY_W,deduped_to_nonstop_ledger,W001-W420,P03,Deduped against docs/qc/NONSTOP_OWNER_WEAKNESS_LEDGER.csv and docs/qc/NONSTOP_OWNER_RESCUE_REPORT.md,No local code action remains for this risk; keep only provider/GitHub gates explicit.,ab069cc
R0716,RISK-CAT-18 Mobile / PWA / notifications / device capture,no mobile color contrast test,"реализовать mobile-first layout, touch targets, PWA/notification gates, voice/photo capture, no overflow tests",targeted unit/e2e + screenshot where visual + ledger evidence + git diff check,OPEN,DUPLICATE_FIXED_BY_W,deduped_to_nonstop_ledger,W001-W420,P03,Deduped against docs/qc/NONSTOP_OWNER_WEAKNESS_LEDGER.csv and docs/qc/NONSTOP_OWNER_RESCUE_REPORT.md,No local code action remains for this risk; keep only provider/GitHub gates explicit.,ab069cc
R0717,RISK-CAT-18 Mobile / PWA / notifications / device capture,no mobile accessibility labels,"реализовать mobile-first layout, touch targets, PWA/notification gates, voice/photo capture, no overflow tests",targeted unit/e2e + screenshot where visual + ledger evidence + git diff check,OPEN,DUPLICATE_FIXED_BY_W,deduped_to_nonstop_ledger,W001-W420,P03,Deduped against docs/qc/NONSTOP_OWNER_WEAKNESS_LEDGER.csv and docs/qc/NONSTOP_OWNER_RESCUE_REPORT.md,No local code action remains for this risk; keep only provider/GitHub gates explicit.,ab069cc
R0718,RISK-CAT-18 Mobile / PWA / notifications / device capture,no landscape/portrait handling,"реализовать mobile-first layout, touch targets, PWA/notification gates, voice/photo capture, no overflow tests",targeted unit/e2e + screenshot where visual + ledger evidence + git diff check,OPEN,DUPLICATE_FIXED_BY_W,deduped_to_nonstop_ledger,W001-W420,P03,Deduped against docs/qc/NONSTOP_OWNER_WEAKNESS_LEDGER.csv and docs/qc/NONSTOP_OWNER_RESCUE_REPORT.md,No local code action remains for this risk; keep only provider/GitHub gates explicit.,ab069cc
R0719,RISK-CAT-18 Mobile / PWA / notifications / device capture,no mobile nav to workspaces,"реализовать mobile-first layout, touch targets, PWA/notification gates, voice/photo capture, no overflow tests",targeted unit/e2e + screenshot where visual + ledger evidence + git diff check,OPEN,DUPLICATE_FIXED_BY_W,deduped_to_nonstop_ledger,W001-W420,P03,Deduped against docs/qc/NONSTOP_OWNER_WEAKNESS_LEDGER.csv and docs/qc/NONSTOP_OWNER_RESCUE_REPORT.md,No local code action remains for this risk; keep only provider/GitHub gates explicit.,ab069cc
R0720,RISK-CAT-18 Mobile / PWA / notifications / device capture,no mobile performance budget,"реализовать mobile-first layout, touch targets, PWA/notification gates, voice/photo capture, no overflow tests",targeted unit/e2e + screenshot where visual + ledger evidence + git diff check,OPEN,DUPLICATE_FIXED_BY_W,deduped_to_nonstop_ledger,W001-W420,P03,Deduped against docs/qc/NONSTOP_OWNER_WEAKNESS_LEDGER.csv and docs/qc/NONSTOP_OWNER_RESCUE_REPORT.md,No local code action remains for this risk; keep only provider/GitHub gates explicit.,ab069cc
R0721,RISK-CAT-19 Accessibility / localization / microcopy / visual design,English labels remain in Russian UI,"перевести copy, ввести design tokens, ARIA/focus/contrast/keyboard/error states, localization audit",targeted unit/e2e + screenshot where visual + ledger evidence + git diff check,OPEN,DUPLICATE_FIXED_BY_W,deduped_to_nonstop_ledger,W001-W420,P18,Deduped against docs/qc/NONSTOP_OWNER_WEAKNESS_LEDGER.csv and docs/qc/NONSTOP_OWNER_RESCUE_REPORT.md,No local code action remains for this risk; keep only provider/GitHub gates explicit.,ab069cc
R0722,RISK-CAT-19 Accessibility / localization / microcopy / visual design,technical terms shown before meaning,"перевести copy, ввести design tokens, ARIA/focus/contrast/keyboard/error states, localization audit",targeted unit/e2e + screenshot where visual + ledger evidence + git diff check,OPEN,DUPLICATE_FIXED_BY_W,deduped_to_nonstop_ledger,W001-W420,P18,Deduped against docs/qc/NONSTOP_OWNER_WEAKNESS_LEDGER.csv and docs/qc/NONSTOP_OWNER_RESCUE_REPORT.md,No local code action remains for this risk; keep only provider/GitHub gates explicit.,ab069cc
R0723,RISK-CAT-19 Accessibility / localization / microcopy / visual design,no consistent vocabulary for artifact/source/control,"перевести copy, ввести design tokens, ARIA/focus/contrast/keyboard/error states, localization audit",targeted unit/e2e + screenshot where visual + ledger evidence + git diff check,OPEN,DUPLICATE_FIXED_BY_W,deduped_to_nonstop_ledger,W001-W420,P15,Deduped against docs/qc/NONSTOP_OWNER_WEAKNESS_LEDGER.csv and docs/qc/NONSTOP_OWNER_RESCUE_REPORT.md,No local code action remains for this risk; keep only provider/GitHub gates explicit.,ab069cc
R0724,RISK-CAT-19 Accessibility / localization / microcopy / visual design,buttons use ambiguous verbs,"перевести copy, ввести design tokens, ARIA/focus/contrast/keyboard/error states, localization audit",targeted unit/e2e + screenshot where visual + ledger evidence + git diff check,OPEN,DUPLICATE_FIXED_BY_W,deduped_to_nonstop_ledger,W001-W420,P18,Deduped against docs/qc/NONSTOP_OWNER_WEAKNESS_LEDGER.csv and docs/qc/NONSTOP_OWNER_RESCUE_REPORT.md,No local code action remains for this risk; keep only provider/GitHub gates explicit.,ab069cc
R0725,RISK-CAT-19 Accessibility / localization / microcopy / visual design,no ARIA labels for icon buttons,"перевести copy, ввести design tokens, ARIA/focus/contrast/keyboard/error states, localization audit",targeted unit/e2e + screenshot where visual + ledger evidence + git diff check,OPEN,DUPLICATE_FIXED_BY_W,deduped_to_nonstop_ledger,W001-W420,P18,Deduped against docs/qc/NONSTOP_OWNER_WEAKNESS_LEDGER.csv and docs/qc/NONSTOP_OWNER_RESCUE_REPORT.md,No local code action remains for this risk; keep only provider/GitHub gates explicit.,ab069cc
R0726,RISK-CAT-19 Accessibility / localization / microcopy / visual design,keyboard navigation incomplete,"перевести copy, ввести design tokens, ARIA/focus/contrast/keyboard/error states, localization audit",targeted unit/e2e + screenshot where visual + ledger evidence + git diff check,OPEN,DUPLICATE_FIXED_BY_W,deduped_to_nonstop_ledger,W001-W420,P18,Deduped against docs/qc/NONSTOP_OWNER_WEAKNESS_LEDGER.csv and docs/qc/NONSTOP_OWNER_RESCUE_REPORT.md,No local code action remains for this risk; keep only provider/GitHub gates explicit.,ab069cc
R0727,RISK-CAT-19 Accessibility / localization / microcopy / visual design,focus outlines missing,"перевести copy, ввести design tokens, ARIA/focus/contrast/keyboard/error states, localization audit",targeted unit/e2e + screenshot where visual + ledger evidence + git diff check,OPEN,DUPLICATE_FIXED_BY_W,deduped_to_nonstop_ledger,W001-W420,P18,Deduped against docs/qc/NONSTOP_OWNER_WEAKNESS_LEDGER.csv and docs/qc/NONSTOP_OWNER_RESCUE_REPORT.md,No local code action remains for this risk; keep only provider/GitHub gates explicit.,ab069cc
R0728,RISK-CAT-19 Accessibility / localization / microcopy / visual design,contrast insufficient,"перевести copy, ввести design tokens, ARIA/focus/contrast/keyboard/error states, localization audit",targeted unit/e2e + screenshot where visual + ledger evidence + git diff check,OPEN,DUPLICATE_FIXED_BY_W,deduped_to_nonstop_ledger,W001-W420,P18,Deduped against docs/qc/NONSTOP_OWNER_WEAKNESS_LEDGER.csv and docs/qc/NONSTOP_OWNER_RESCUE_REPORT.md,No local code action remains for this risk; keep only provider/GitHub gates explicit.,ab069cc
R0729,RISK-CAT-19 Accessibility / localization / microcopy / visual design,color-only state coding,"перевести copy, ввести design tokens, ARIA/focus/contrast/keyboard/error states, localization audit",targeted unit/e2e + screenshot where visual + ledger evidence + git diff check,OPEN,DUPLICATE_FIXED_BY_W,deduped_to_nonstop_ledger,W001-W420,P18,Deduped against docs/qc/NONSTOP_OWNER_WEAKNESS_LEDGER.csv and docs/qc/NONSTOP_OWNER_RESCUE_REPORT.md,No local code action remains for this risk; keep only provider/GitHub gates explicit.,ab069cc
R0730,RISK-CAT-19 Accessibility / localization / microcopy / visual design,too-small typography,"перевести copy, ввести design tokens, ARIA/focus/contrast/keyboard/error states, localization audit",targeted unit/e2e + screenshot where visual + ledger evidence + git diff check,OPEN,DUPLICATE_FIXED_BY_W,deduped_to_nonstop_ledger,W001-W420,P12,Deduped against docs/qc/NONSTOP_OWNER_WEAKNESS_LEDGER.csv and docs/qc/NONSTOP_OWNER_RESCUE_REPORT.md,No local code action remains for this risk; keep only provider/GitHub gates explicit.,ab069cc
R0731,RISK-CAT-19 Accessibility / localization / microcopy / visual design,too-dense card spacing,"перевести copy, ввести design tokens, ARIA/focus/contrast/keyboard/error states, localization audit",targeted unit/e2e + screenshot where visual + ledger evidence + git diff check,OPEN,DUPLICATE_FIXED_BY_W,deduped_to_nonstop_ledger,W001-W420,P18,Deduped against docs/qc/NONSTOP_OWNER_WEAKNESS_LEDGER.csv and docs/qc/NONSTOP_OWNER_RESCUE_REPORT.md,No local code action remains for this risk; keep only provider/GitHub gates explicit.,ab069cc
R0732,RISK-CAT-19 Accessibility / localization / microcopy / visual design,no readable empty states,"перевести copy, ввести design tokens, ARIA/focus/contrast/keyboard/error states, localization audit",targeted unit/e2e + screenshot where visual + ledger evidence + git diff check,OPEN,DUPLICATE_FIXED_BY_W,deduped_to_nonstop_ledger,W001-W420,P18,Deduped against docs/qc/NONSTOP_OWNER_WEAKNESS_LEDGER.csv and docs/qc/NONSTOP_OWNER_RESCUE_REPORT.md,No local code action remains for this risk; keep only provider/GitHub gates explicit.,ab069cc
R0733,RISK-CAT-19 Accessibility / localization / microcopy / visual design,no error copy with recovery action,"перевести copy, ввести design tokens, ARIA/focus/contrast/keyboard/error states, localization audit",targeted unit/e2e + screenshot where visual + ledger evidence + git diff check,OPEN,DUPLICATE_FIXED_BY_W,deduped_to_nonstop_ledger,W001-W420,P15,Deduped against docs/qc/NONSTOP_OWNER_WEAKNESS_LEDGER.csv and docs/qc/NONSTOP_OWNER_RESCUE_REPORT.md,No local code action remains for this risk; keep only provider/GitHub gates explicit.,ab069cc
R0734,RISK-CAT-19 Accessibility / localization / microcopy / visual design,mojibake not audited,"перевести copy, ввести design tokens, ARIA/focus/contrast/keyboard/error states, localization audit",targeted unit/e2e + screenshot where visual + ledger evidence + git diff check,OPEN,DUPLICATE_FIXED_BY_W,deduped_to_nonstop_ledger,W001-W420,P18,Deduped against docs/qc/NONSTOP_OWNER_WEAKNESS_LEDGER.csv and docs/qc/NONSTOP_OWNER_RESCUE_REPORT.md,No local code action remains for this risk; keep only provider/GitHub gates explicit.,ab069cc
R0735,RISK-CAT-19 Accessibility / localization / microcopy / visual design,dates/currency locale wrong,"перевести copy, ввести design tokens, ARIA/focus/contrast/keyboard/error states, localization audit",targeted unit/e2e + screenshot where visual + ledger evidence + git diff check,OPEN,DUPLICATE_FIXED_BY_W,deduped_to_nonstop_ledger,W001-W420,P18,Deduped against docs/qc/NONSTOP_OWNER_WEAKNESS_LEDGER.csv and docs/qc/NONSTOP_OWNER_RESCUE_REPORT.md,No local code action remains for this risk; keep only provider/GitHub gates explicit.,ab069cc
R0736,RISK-CAT-19 Accessibility / localization / microcopy / visual design,time format inconsistent,"перевести copy, ввести design tokens, ARIA/focus/contrast/keyboard/error states, localization audit",targeted unit/e2e + screenshot where visual + ledger evidence + git diff check,OPEN,DUPLICATE_FIXED_BY_W,deduped_to_nonstop_ledger,W001-W420,P18,Deduped against docs/qc/NONSTOP_OWNER_WEAKNESS_LEDGER.csv and docs/qc/NONSTOP_OWNER_RESCUE_REPORT.md,No local code action remains for this risk; keep only provider/GitHub gates explicit.,ab069cc
R0737,RISK-CAT-19 Accessibility / localization / microcopy / visual design,confirmation copy unclear,"перевести copy, ввести design tokens, ARIA/focus/contrast/keyboard/error states, localization audit",targeted unit/e2e + screenshot where visual + ledger evidence + git diff check,OPEN,DUPLICATE_FIXED_BY_W,deduped_to_nonstop_ledger,W001-W420,P18,Deduped against docs/qc/NONSTOP_OWNER_WEAKNESS_LEDGER.csv and docs/qc/NONSTOP_OWNER_RESCUE_REPORT.md,No local code action remains for this risk; keep only provider/GitHub gates explicit.,ab069cc
R0738,RISK-CAT-19 Accessibility / localization / microcopy / visual design,provider boundary copy scary or vague,"перевести copy, ввести design tokens, ARIA/focus/contrast/keyboard/error states, localization audit",targeted unit/e2e + screenshot where visual + ledger evidence + git diff check,OPEN,FIXED_BY_HONEST_PROVIDER_GATE_WITH_UI_AND_TEST,direct_status,W401-W420,P14,"Provider/OAuth gates are explicit in Providers/Data Control: no fake success, prepare/revoke controls, provider-run audit, owner e2e provider evidence.",No local code action remains for this risk; keep only provider/GitHub gates explicit.,ab069cc
R0739,RISK-CAT-19 Accessibility / localization / microcopy / visual design,finance copy not trust-building,"перевести copy, ввести design tokens, ARIA/focus/contrast/keyboard/error states, localization audit",targeted unit/e2e + screenshot where visual + ledger evidence + git diff check,OPEN,DUPLICATE_FIXED_BY_W,deduped_to_nonstop_ledger,W001-W420,P07,Deduped against docs/qc/NONSTOP_OWNER_WEAKNESS_LEDGER.csv and docs/qc/NONSTOP_OWNER_RESCUE_REPORT.md,No local code action remains for this risk; keep only provider/GitHub gates explicit.,ab069cc
R0740,RISK-CAT-19 Accessibility / localization / microcopy / visual design,habit copy shameful,"перевести copy, ввести design tokens, ARIA/focus/contrast/keyboard/error states, localization audit",targeted unit/e2e + screenshot where visual + ledger evidence + git diff check,OPEN,DUPLICATE_FIXED_BY_W,deduped_to_nonstop_ledger,W001-W420,P08,Deduped against docs/qc/NONSTOP_OWNER_WEAKNESS_LEDGER.csv and docs/qc/NONSTOP_OWNER_RESCUE_REPORT.md,No local code action remains for this risk; keep only provider/GitHub gates explicit.,ab069cc
R0741,RISK-CAT-19 Accessibility / localization / microcopy / visual design,AI copy overpromises,"перевести copy, ввести design tokens, ARIA/focus/contrast/keyboard/error states, localization audit",targeted unit/e2e + screenshot where visual + ledger evidence + git diff check,OPEN,DUPLICATE_FIXED_BY_W,deduped_to_nonstop_ledger,W001-W420,P18,Deduped against docs/qc/NONSTOP_OWNER_WEAKNESS_LEDGER.csv and docs/qc/NONSTOP_OWNER_RESCUE_REPORT.md,No local code action remains for this risk; keep only provider/GitHub gates explicit.,ab069cc
R0742,RISK-CAT-19 Accessibility / localization / microcopy / visual design,STT/OCR copy fakes capability,"перевести copy, ввести design tokens, ARIA/focus/contrast/keyboard/error states, localization audit",targeted unit/e2e + screenshot where visual + ledger evidence + git diff check,OPEN,FIXED_BY_HONEST_PROVIDER_GATE_WITH_UI_AND_TEST,direct_status,W401-W420,P11,"Provider/OAuth gates are explicit in Providers/Data Control: no fake success, prepare/revoke controls, provider-run audit, owner e2e provider evidence.",No local code action remains for this risk; keep only provider/GitHub gates explicit.,ab069cc
R0743,RISK-CAT-19 Accessibility / localization / microcopy / visual design,graph legend unclear,"перевести copy, ввести design tokens, ARIA/focus/contrast/keyboard/error states, localization audit",targeted unit/e2e + screenshot where visual + ledger evidence + git diff check,OPEN,DUPLICATE_FIXED_BY_W,deduped_to_nonstop_ledger,W001-W420,P12,Deduped against docs/qc/NONSTOP_OWNER_WEAKNESS_LEDGER.csv and docs/qc/NONSTOP_OWNER_RESCUE_REPORT.md,No local code action remains for this risk; keep only provider/GitHub gates explicit.,ab069cc
R0744,RISK-CAT-19 Accessibility / localization / microcopy / visual design,calendar colors not meaningful,"перевести copy, ввести design tokens, ARIA/focus/contrast/keyboard/error states, localization audit",targeted unit/e2e + screenshot where visual + ledger evidence + git diff check,OPEN,DUPLICATE_FIXED_BY_W,deduped_to_nonstop_ledger,W001-W420,P06,Deduped against docs/qc/NONSTOP_OWNER_WEAKNESS_LEDGER.csv and docs/qc/NONSTOP_OWNER_RESCUE_REPORT.md,No local code action remains for this risk; keep only provider/GitHub gates explicit.,ab069cc
R0745,RISK-CAT-19 Accessibility / localization / microcopy / visual design,no theme tokens,"перевести copy, ввести design tokens, ARIA/focus/contrast/keyboard/error states, localization audit",targeted unit/e2e + screenshot where visual + ledger evidence + git diff check,OPEN,DUPLICATE_FIXED_BY_W,deduped_to_nonstop_ledger,W001-W420,P18,Deduped against docs/qc/NONSTOP_OWNER_WEAKNESS_LEDGER.csv and docs/qc/NONSTOP_OWNER_RESCUE_REPORT.md,No local code action remains for this risk; keep only provider/GitHub gates explicit.,ab069cc
R0746,RISK-CAT-19 Accessibility / localization / microcopy / visual design,no dark/light mode strategy,"перевести copy, ввести design tokens, ARIA/focus/contrast/keyboard/error states, localization audit",targeted unit/e2e + screenshot where visual + ledger evidence + git diff check,OPEN,DUPLICATE_FIXED_BY_W,deduped_to_nonstop_ledger,W001-W420,P18,Deduped against docs/qc/NONSTOP_OWNER_WEAKNESS_LEDGER.csv and docs/qc/NONSTOP_OWNER_RESCUE_REPORT.md,No local code action remains for this risk; keep only provider/GitHub gates explicit.,ab069cc
R0747,RISK-CAT-19 Accessibility / localization / microcopy / visual design,no reduced motion handling,"перевести copy, ввести design tokens, ARIA/focus/contrast/keyboard/error states, localization audit",targeted unit/e2e + screenshot where visual + ledger evidence + git diff check,OPEN,DUPLICATE_FIXED_BY_W,deduped_to_nonstop_ledger,W001-W420,P18,Deduped against docs/qc/NONSTOP_OWNER_WEAKNESS_LEDGER.csv and docs/qc/NONSTOP_OWNER_RESCUE_REPORT.md,No local code action remains for this risk; keep only provider/GitHub gates explicit.,ab069cc
R0748,RISK-CAT-19 Accessibility / localization / microcopy / visual design,screen reader flow not considered,"перевести copy, ввести design tokens, ARIA/focus/contrast/keyboard/error states, localization audit",targeted unit/e2e + screenshot where visual + ledger evidence + git diff check,OPEN,DUPLICATE_FIXED_BY_W,deduped_to_nonstop_ledger,W001-W420,P10,Deduped against docs/qc/NONSTOP_OWNER_WEAKNESS_LEDGER.csv and docs/qc/NONSTOP_OWNER_RESCUE_REPORT.md,No local code action remains for this risk; keep only provider/GitHub gates explicit.,ab069cc
R0749,RISK-CAT-19 Accessibility / localization / microcopy / visual design,no headings hierarchy,"перевести copy, ввести design tokens, ARIA/focus/contrast/keyboard/error states, localization audit",targeted unit/e2e + screenshot where visual + ledger evidence + git diff check,OPEN,DUPLICATE_FIXED_BY_W,deduped_to_nonstop_ledger,W001-W420,P18,Deduped against docs/qc/NONSTOP_OWNER_WEAKNESS_LEDGER.csv and docs/qc/NONSTOP_OWNER_RESCUE_REPORT.md,No local code action remains for this risk; keep only provider/GitHub gates explicit.,ab069cc
R0750,RISK-CAT-19 Accessibility / localization / microcopy / visual design,tables not responsive/accessible,"перевести copy, ввести design tokens, ARIA/focus/contrast/keyboard/error states, localization audit",targeted unit/e2e + screenshot where visual + ledger evidence + git diff check,OPEN,DUPLICATE_FIXED_BY_W,deduped_to_nonstop_ledger,W001-W420,P18,Deduped against docs/qc/NONSTOP_OWNER_WEAKNESS_LEDGER.csv and docs/qc/NONSTOP_OWNER_RESCUE_REPORT.md,No local code action remains for this risk; keep only provider/GitHub gates explicit.,ab069cc
R0751,RISK-CAT-19 Accessibility / localization / microcopy / visual design,form labels missing,"перевести copy, ввести design tokens, ARIA/focus/contrast/keyboard/error states, localization audit",targeted unit/e2e + screenshot where visual + ledger evidence + git diff check,OPEN,DUPLICATE_FIXED_BY_W,deduped_to_nonstop_ledger,W001-W420,P18,Deduped against docs/qc/NONSTOP_OWNER_WEAKNESS_LEDGER.csv and docs/qc/NONSTOP_OWNER_RESCUE_REPORT.md,No local code action remains for this risk; keep only provider/GitHub gates explicit.,ab069cc
R0752,RISK-CAT-19 Accessibility / localization / microcopy / visual design,inputs lack validation messages,"перевести copy, ввести design tokens, ARIA/focus/contrast/keyboard/error states, localization audit",targeted unit/e2e + screenshot where visual + ledger evidence + git diff check,OPEN,DUPLICATE_FIXED_BY_W,deduped_to_nonstop_ledger,W001-W420,P18,Deduped against docs/qc/NONSTOP_OWNER_WEAKNESS_LEDGER.csv and docs/qc/NONSTOP_OWNER_RESCUE_REPORT.md,No local code action remains for this risk; keep only provider/GitHub gates explicit.,ab069cc
R0753,RISK-CAT-19 Accessibility / localization / microcopy / visual design,toast messages vanish without trace,"перевести copy, ввести design tokens, ARIA/focus/contrast/keyboard/error states, localization audit",targeted unit/e2e + screenshot where visual + ledger evidence + git diff check,OPEN,DUPLICATE_FIXED_BY_W,deduped_to_nonstop_ledger,W001-W420,P18,Deduped against docs/qc/NONSTOP_OWNER_WEAKNESS_LEDGER.csv and docs/qc/NONSTOP_OWNER_RESCUE_REPORT.md,No local code action remains for this risk; keep only provider/GitHub gates explicit.,ab069cc
R0754,RISK-CAT-19 Accessibility / localization / microcopy / visual design,no undo affordance,"перевести copy, ввести design tokens, ARIA/focus/contrast/keyboard/error states, localization audit",targeted unit/e2e + screenshot where visual + ledger evidence + git diff check,OPEN,DUPLICATE_FIXED_BY_W,deduped_to_nonstop_ledger,W001-W420,P05,Deduped against docs/qc/NONSTOP_OWNER_WEAKNESS_LEDGER.csv and docs/qc/NONSTOP_OWNER_RESCUE_REPORT.md,No local code action remains for this risk; keep only provider/GitHub gates explicit.,ab069cc
R0755,RISK-CAT-19 Accessibility / localization / microcopy / visual design,no consistent status badges,"перевести copy, ввести design tokens, ARIA/focus/contrast/keyboard/error states, localization audit",targeted unit/e2e + screenshot where visual + ledger evidence + git diff check,OPEN,DUPLICATE_FIXED_BY_W,deduped_to_nonstop_ledger,W001-W420,P18,Deduped against docs/qc/NONSTOP_OWNER_WEAKNESS_LEDGER.csv and docs/qc/NONSTOP_OWNER_RESCUE_REPORT.md,No local code action remains for this risk; keep only provider/GitHub gates explicit.,ab069cc
R0756,RISK-CAT-19 Accessibility / localization / microcopy / visual design,no visual distinction draft/applied/archived,"перевести copy, ввести design tokens, ARIA/focus/contrast/keyboard/error states, localization audit",targeted unit/e2e + screenshot where visual + ledger evidence + git diff check,OPEN,DUPLICATE_FIXED_BY_W,deduped_to_nonstop_ledger,W001-W420,P18,Deduped against docs/qc/NONSTOP_OWNER_WEAKNESS_LEDGER.csv and docs/qc/NONSTOP_OWNER_RESCUE_REPORT.md,No local code action remains for this risk; keep only provider/GitHub gates explicit.,ab069cc
R0757,RISK-CAT-19 Accessibility / localization / microcopy / visual design,no onboarding microcopy,"перевести copy, ввести design tokens, ARIA/focus/contrast/keyboard/error states, localization audit",targeted unit/e2e + screenshot where visual + ledger evidence + git diff check,OPEN,DUPLICATE_FIXED_BY_W,deduped_to_nonstop_ledger,W001-W420,P18,Deduped against docs/qc/NONSTOP_OWNER_WEAKNESS_LEDGER.csv and docs/qc/NONSTOP_OWNER_RESCUE_REPORT.md,No local code action remains for this risk; keep only provider/GitHub gates explicit.,ab069cc
R0758,RISK-CAT-19 Accessibility / localization / microcopy / visual design,no human-friendly Data Control wording,"перевести copy, ввести design tokens, ARIA/focus/contrast/keyboard/error states, localization audit",targeted unit/e2e + screenshot where visual + ledger evidence + git diff check,OPEN,DUPLICATE_FIXED_BY_W,deduped_to_nonstop_ledger,W001-W420,P15,Deduped against docs/qc/NONSTOP_OWNER_WEAKNESS_LEDGER.csv and docs/qc/NONSTOP_OWNER_RESCUE_REPORT.md,No local code action remains for this risk; keep only provider/GitHub gates explicit.,ab069cc
R0759,RISK-CAT-19 Accessibility / localization / microcopy / visual design,no localization lint,"перевести copy, ввести design tokens, ARIA/focus/contrast/keyboard/error states, localization audit",targeted unit/e2e + screenshot where visual + ledger evidence + git diff check,OPEN,DUPLICATE_FIXED_BY_W,deduped_to_nonstop_ledger,W001-W420,P18,Deduped against docs/qc/NONSTOP_OWNER_WEAKNESS_LEDGER.csv and docs/qc/NONSTOP_OWNER_RESCUE_REPORT.md,No local code action remains for this risk; keep only provider/GitHub gates explicit.,ab069cc
R0760,RISK-CAT-19 Accessibility / localization / microcopy / visual design,no accessibility regression in CI/local,"перевести copy, ввести design tokens, ARIA/focus/contrast/keyboard/error states, localization audit",targeted unit/e2e + screenshot where visual + ledger evidence + git diff check,OPEN,DUPLICATE_FIXED_BY_W,deduped_to_nonstop_ledger,W001-W420,P18,Deduped against docs/qc/NONSTOP_OWNER_WEAKNESS_LEDGER.csv and docs/qc/NONSTOP_OWNER_RESCUE_REPORT.md,No local code action remains for this risk; keep only provider/GitHub gates explicit.,ab069cc
R0761,RISK-CAT-20 Security / privacy / sensitive data,credentials could be stored in localStorage,"ввести privacy/security gates: scopes, credential exclusion, XSS/file validation, consent, sensitive export warnings","negative tests: secrets ignored, external calls blocked, unsafe markdown/file types rejected",OPEN,FIXED_BY_HONEST_PROVIDER_GATE_WITH_UI_AND_TEST,direct_status,W401-W420,P16,"Provider/OAuth gates are explicit in Providers/Data Control: no fake success, prepare/revoke controls, provider-run audit, owner e2e provider evidence.",No local code action remains for this risk; keep only provider/GitHub gates explicit.,ab069cc
R0762,RISK-CAT-20 Security / privacy / sensitive data,secrets might be committed,"ввести privacy/security gates: scopes, credential exclusion, XSS/file validation, consent, sensitive export warnings","negative tests: secrets ignored, external calls blocked, unsafe markdown/file types rejected",OPEN,DUPLICATE_FIXED_BY_W,deduped_to_nonstop_ledger,W001-W420,P19,Deduped against docs/qc/NONSTOP_OWNER_WEAKNESS_LEDGER.csv and docs/qc/NONSTOP_OWNER_RESCUE_REPORT.md,No local code action remains for this risk; keep only provider/GitHub gates explicit.,ab069cc
R0763,RISK-CAT-20 Security / privacy / sensitive data,finance/audio/private notes lack sensitivity marking,"ввести privacy/security gates: scopes, credential exclusion, XSS/file validation, consent, sensitive export warnings","negative tests: secrets ignored, external calls blocked, unsafe markdown/file types rejected",OPEN,DUPLICATE_FIXED_BY_W,deduped_to_nonstop_ledger,W001-W420,P07,Deduped against docs/qc/NONSTOP_OWNER_WEAKNESS_LEDGER.csv and docs/qc/NONSTOP_OWNER_RESCUE_REPORT.md,No local code action remains for this risk; keep only provider/GitHub gates explicit.,ab069cc
R0764,RISK-CAT-20 Security / privacy / sensitive data,no provider permission model,"ввести privacy/security gates: scopes, credential exclusion, XSS/file validation, consent, sensitive export warnings","negative tests: secrets ignored, external calls blocked, unsafe markdown/file types rejected",OPEN,FIXED_BY_HONEST_PROVIDER_GATE_WITH_UI_AND_TEST,direct_status,W401-W420,P14,"Provider/OAuth gates are explicit in Providers/Data Control: no fake success, prepare/revoke controls, provider-run audit, owner e2e provider evidence.",No local code action remains for this risk; keep only provider/GitHub gates explicit.,ab069cc
R0765,RISK-CAT-20 Security / privacy / sensitive data,no explicit consent before external call,"ввести privacy/security gates: scopes, credential exclusion, XSS/file validation, consent, sensitive export warnings","negative tests: secrets ignored, external calls blocked, unsafe markdown/file types rejected",OPEN,FIXED_BY_HONEST_PROVIDER_GATE_WITH_UI_AND_TEST,direct_status,W401-W420,P19,"Provider/OAuth gates are explicit in Providers/Data Control: no fake success, prepare/revoke controls, provider-run audit, owner e2e provider evidence.",No local code action remains for this risk; keep only provider/GitHub gates explicit.,ab069cc
R0766,RISK-CAT-20 Security / privacy / sensitive data,no content redaction before AI call,"ввести privacy/security gates: scopes, credential exclusion, XSS/file validation, consent, sensitive export warnings","negative tests: secrets ignored, external calls blocked, unsafe markdown/file types rejected",OPEN,DUPLICATE_FIXED_BY_W,deduped_to_nonstop_ledger,W001-W420,P19,Deduped against docs/qc/NONSTOP_OWNER_WEAKNESS_LEDGER.csv and docs/qc/NONSTOP_OWNER_RESCUE_REPORT.md,No local code action remains for this risk; keep only provider/GitHub gates explicit.,ab069cc
R0767,RISK-CAT-20 Security / privacy / sensitive data,no private zone lock/gate,"ввести privacy/security gates: scopes, credential exclusion, XSS/file validation, consent, sensitive export warnings","negative tests: secrets ignored, external calls blocked, unsafe markdown/file types rejected",OPEN,DUPLICATE_FIXED_BY_W,deduped_to_nonstop_ledger,W001-W420,P19,Deduped against docs/qc/NONSTOP_OWNER_WEAKNESS_LEDGER.csv and docs/qc/NONSTOP_OWNER_RESCUE_REPORT.md,No local code action remains for this risk; keep only provider/GitHub gates explicit.,ab069cc
R0768,RISK-CAT-20 Security / privacy / sensitive data,no export warning for sensitive data,"ввести privacy/security gates: scopes, credential exclusion, XSS/file validation, consent, sensitive export warnings","negative tests: secrets ignored, external calls blocked, unsafe markdown/file types rejected",OPEN,DUPLICATE_FIXED_BY_W,deduped_to_nonstop_ledger,W001-W420,P15,Deduped against docs/qc/NONSTOP_OWNER_WEAKNESS_LEDGER.csv and docs/qc/NONSTOP_OWNER_RESCUE_REPORT.md,No local code action remains for this risk; keep only provider/GitHub gates explicit.,ab069cc
R0769,RISK-CAT-20 Security / privacy / sensitive data,no shared/public boundary,"ввести privacy/security gates: scopes, credential exclusion, XSS/file validation, consent, sensitive export warnings","negative tests: secrets ignored, external calls blocked, unsafe markdown/file types rejected",OPEN,DUPLICATE_FIXED_BY_W,deduped_to_nonstop_ledger,W001-W420,P19,Deduped against docs/qc/NONSTOP_OWNER_WEAKNESS_LEDGER.csv and docs/qc/NONSTOP_OWNER_RESCUE_REPORT.md,No local code action remains for this risk; keep only provider/GitHub gates explicit.,ab069cc
R0770,RISK-CAT-20 Security / privacy / sensitive data,no deletion/recovery policy,"ввести privacy/security gates: scopes, credential exclusion, XSS/file validation, consent, sensitive export warnings","negative tests: secrets ignored, external calls blocked, unsafe markdown/file types rejected",OPEN,DUPLICATE_FIXED_BY_W,deduped_to_nonstop_ledger,W001-W420,P15,Deduped against docs/qc/NONSTOP_OWNER_WEAKNESS_LEDGER.csv and docs/qc/NONSTOP_OWNER_RESCUE_REPORT.md,No local code action remains for this risk; keep only provider/GitHub gates explicit.,ab069cc
R0771,RISK-CAT-20 Security / privacy / sensitive data,no XSS audit for markdown rendering,"ввести privacy/security gates: scopes, credential exclusion, XSS/file validation, consent, sensitive export warnings","negative tests: secrets ignored, external calls blocked, unsafe markdown/file types rejected",OPEN,DUPLICATE_FIXED_BY_W,deduped_to_nonstop_ledger,W001-W420,P19,Deduped against docs/qc/NONSTOP_OWNER_WEAKNESS_LEDGER.csv and docs/qc/NONSTOP_OWNER_RESCUE_REPORT.md,No local code action remains for this risk; keep only provider/GitHub gates explicit.,ab069cc
R0772,RISK-CAT-20 Security / privacy / sensitive data,unsafe HTML in notes,"ввести privacy/security gates: scopes, credential exclusion, XSS/file validation, consent, sensitive export warnings","negative tests: secrets ignored, external calls blocked, unsafe markdown/file types rejected",OPEN,DUPLICATE_FIXED_BY_W,deduped_to_nonstop_ledger,W001-W420,P19,Deduped against docs/qc/NONSTOP_OWNER_WEAKNESS_LEDGER.csv and docs/qc/NONSTOP_OWNER_RESCUE_REPORT.md,No local code action remains for this risk; keep only provider/GitHub gates explicit.,ab069cc
R0773,RISK-CAT-20 Security / privacy / sensitive data,file type spoofing ignored,"ввести privacy/security gates: scopes, credential exclusion, XSS/file validation, consent, sensitive export warnings","negative tests: secrets ignored, external calls blocked, unsafe markdown/file types rejected",OPEN,DUPLICATE_FIXED_BY_W,deduped_to_nonstop_ledger,W001-W420,P19,Deduped against docs/qc/NONSTOP_OWNER_WEAKNESS_LEDGER.csv and docs/qc/NONSTOP_OWNER_RESCUE_REPORT.md,No local code action remains for this risk; keep only provider/GitHub gates explicit.,ab069cc
R0774,RISK-CAT-20 Security / privacy / sensitive data,audio/image metadata privacy ignored,"ввести privacy/security gates: scopes, credential exclusion, XSS/file validation, consent, sensitive export warnings","negative tests: secrets ignored, external calls blocked, unsafe markdown/file types rejected",OPEN,DUPLICATE_FIXED_BY_W,deduped_to_nonstop_ledger,W001-W420,P11,Deduped against docs/qc/NONSTOP_OWNER_WEAKNESS_LEDGER.csv and docs/qc/NONSTOP_OWNER_RESCUE_REPORT.md,No local code action remains for this risk; keep only provider/GitHub gates explicit.,ab069cc
R0775,RISK-CAT-20 Security / privacy / sensitive data,external links not handled safely,"ввести privacy/security gates: scopes, credential exclusion, XSS/file validation, consent, sensitive export warnings","negative tests: secrets ignored, external calls blocked, unsafe markdown/file types rejected",OPEN,FIXED_BY_HONEST_PROVIDER_GATE_WITH_UI_AND_TEST,direct_status,W401-W420,P19,"Provider/OAuth gates are explicit in Providers/Data Control: no fake success, prepare/revoke controls, provider-run audit, owner e2e provider evidence.",No local code action remains for this risk; keep only provider/GitHub gates explicit.,ab069cc
R0776,RISK-CAT-20 Security / privacy / sensitive data,no CSP/security headers for deployed mode,"ввести privacy/security gates: scopes, credential exclusion, XSS/file validation, consent, sensitive export warnings","negative tests: secrets ignored, external calls blocked, unsafe markdown/file types rejected",OPEN,DUPLICATE_FIXED_BY_W,deduped_to_nonstop_ledger,W001-W420,P19,Deduped against docs/qc/NONSTOP_OWNER_WEAKNESS_LEDGER.csv and docs/qc/NONSTOP_OWNER_RESCUE_REPORT.md,No local code action remains for this risk; keep only provider/GitHub gates explicit.,ab069cc
R0777,RISK-CAT-20 Security / privacy / sensitive data,no credential revocation UI,"ввести privacy/security gates: scopes, credential exclusion, XSS/file validation, consent, sensitive export warnings","negative tests: secrets ignored, external calls blocked, unsafe markdown/file types rejected",OPEN,FIXED_BY_HONEST_PROVIDER_GATE_WITH_UI_AND_TEST,direct_status,W401-W420,P19,"Provider/OAuth gates are explicit in Providers/Data Control: no fake success, prepare/revoke controls, provider-run audit, owner e2e provider evidence.",No local code action remains for this risk; keep only provider/GitHub gates explicit.,ab069cc
R0778,RISK-CAT-20 Security / privacy / sensitive data,no audit of third-party libraries,"ввести privacy/security gates: scopes, credential exclusion, XSS/file validation, consent, sensitive export warnings","negative tests: secrets ignored, external calls blocked, unsafe markdown/file types rejected",OPEN,DUPLICATE_FIXED_BY_W,deduped_to_nonstop_ledger,W001-W420,P19,Deduped against docs/qc/NONSTOP_OWNER_WEAKNESS_LEDGER.csv and docs/qc/NONSTOP_OWNER_RESCUE_REPORT.md,No local code action remains for this risk; keep only provider/GitHub gates explicit.,ab069cc
R0779,RISK-CAT-20 Security / privacy / sensitive data,no dependency vulnerability check,"ввести privacy/security gates: scopes, credential exclusion, XSS/file validation, consent, sensitive export warnings","negative tests: secrets ignored, external calls blocked, unsafe markdown/file types rejected",OPEN,DUPLICATE_FIXED_BY_W,deduped_to_nonstop_ledger,W001-W420,P19,Deduped against docs/qc/NONSTOP_OWNER_WEAKNESS_LEDGER.csv and docs/qc/NONSTOP_OWNER_RESCUE_REPORT.md,No local code action remains for this risk; keep only provider/GitHub gates explicit.,ab069cc
R0780,RISK-CAT-20 Security / privacy / sensitive data,no local encryption strategy or honest non-encryption label,"ввести privacy/security gates: scopes, credential exclusion, XSS/file validation, consent, sensitive export warnings","negative tests: secrets ignored, external calls blocked, unsafe markdown/file types rejected",OPEN,DUPLICATE_FIXED_BY_W,deduped_to_nonstop_ledger,W001-W420,P19,Deduped against docs/qc/NONSTOP_OWNER_WEAKNESS_LEDGER.csv and docs/qc/NONSTOP_OWNER_RESCUE_REPORT.md,No local code action remains for this risk; keep only provider/GitHub gates explicit.,ab069cc
R0781,RISK-CAT-20 Security / privacy / sensitive data,no backup privacy guidance,"ввести privacy/security gates: scopes, credential exclusion, XSS/file validation, consent, sensitive export warnings","negative tests: secrets ignored, external calls blocked, unsafe markdown/file types rejected",OPEN,DUPLICATE_FIXED_BY_W,deduped_to_nonstop_ledger,W001-W420,P19,Deduped against docs/qc/NONSTOP_OWNER_WEAKNESS_LEDGER.csv and docs/qc/NONSTOP_OWNER_RESCUE_REPORT.md,No local code action remains for this risk; keep only provider/GitHub gates explicit.,ab069cc
R0782,RISK-CAT-20 Security / privacy / sensitive data,no multi-user boundary,"ввести privacy/security gates: scopes, credential exclusion, XSS/file validation, consent, sensitive export warnings","negative tests: secrets ignored, external calls blocked, unsafe markdown/file types rejected",OPEN,DUPLICATE_FIXED_BY_W,deduped_to_nonstop_ledger,W001-W420,P19,Deduped against docs/qc/NONSTOP_OWNER_WEAKNESS_LEDGER.csv and docs/qc/NONSTOP_OWNER_RESCUE_REPORT.md,No local code action remains for this risk; keep only provider/GitHub gates explicit.,ab069cc
R0783,RISK-CAT-20 Security / privacy / sensitive data,no family/shared data permissions,"ввести privacy/security gates: scopes, credential exclusion, XSS/file validation, consent, sensitive export warnings","negative tests: secrets ignored, external calls blocked, unsafe markdown/file types rejected",OPEN,DUPLICATE_FIXED_BY_W,deduped_to_nonstop_ledger,W001-W420,P19,Deduped against docs/qc/NONSTOP_OWNER_WEAKNESS_LEDGER.csv and docs/qc/NONSTOP_OWNER_RESCUE_REPORT.md,No local code action remains for this risk; keep only provider/GitHub gates explicit.,ab069cc
R0784,RISK-CAT-20 Security / privacy / sensitive data,no provider token scope explanation,"ввести privacy/security gates: scopes, credential exclusion, XSS/file validation, consent, sensitive export warnings","negative tests: secrets ignored, external calls blocked, unsafe markdown/file types rejected",OPEN,FIXED_BY_HONEST_PROVIDER_GATE_WITH_UI_AND_TEST,direct_status,W401-W420,P14,"Provider/OAuth gates are explicit in Providers/Data Control: no fake success, prepare/revoke controls, provider-run audit, owner e2e provider evidence.",No local code action remains for this risk; keep only provider/GitHub gates explicit.,ab069cc
R0785,RISK-CAT-20 Security / privacy / sensitive data,no logs scrubbed for sensitive content,"ввести privacy/security gates: scopes, credential exclusion, XSS/file validation, consent, sensitive export warnings","negative tests: secrets ignored, external calls blocked, unsafe markdown/file types rejected",OPEN,DUPLICATE_FIXED_BY_W,deduped_to_nonstop_ledger,W001-W420,P19,Deduped against docs/qc/NONSTOP_OWNER_WEAKNESS_LEDGER.csv and docs/qc/NONSTOP_OWNER_RESCUE_REPORT.md,No local code action remains for this risk; keep only provider/GitHub gates explicit.,ab069cc
R0786,RISK-CAT-20 Security / privacy / sensitive data,no crash report privacy policy,"ввести privacy/security gates: scopes, credential exclusion, XSS/file validation, consent, sensitive export warnings","negative tests: secrets ignored, external calls blocked, unsafe markdown/file types rejected",OPEN,DUPLICATE_FIXED_BY_W,deduped_to_nonstop_ledger,W001-W420,P19,Deduped against docs/qc/NONSTOP_OWNER_WEAKNESS_LEDGER.csv and docs/qc/NONSTOP_OWNER_RESCUE_REPORT.md,No local code action remains for this risk; keep only provider/GitHub gates explicit.,ab069cc
R0787,RISK-CAT-20 Security / privacy / sensitive data,no medical/finance disclaimer boundary,"ввести privacy/security gates: scopes, credential exclusion, XSS/file validation, consent, sensitive export warnings","negative tests: secrets ignored, external calls blocked, unsafe markdown/file types rejected",OPEN,DUPLICATE_FIXED_BY_W,deduped_to_nonstop_ledger,W001-W420,P07,Deduped against docs/qc/NONSTOP_OWNER_WEAKNESS_LEDGER.csv and docs/qc/NONSTOP_OWNER_RESCUE_REPORT.md,No local code action remains for this risk; keep only provider/GitHub gates explicit.,ab069cc
R0788,RISK-CAT-20 Security / privacy / sensitive data,no data minimization in prompts,"ввести privacy/security gates: scopes, credential exclusion, XSS/file validation, consent, sensitive export warnings","negative tests: secrets ignored, external calls blocked, unsafe markdown/file types rejected",OPEN,DUPLICATE_FIXED_BY_W,deduped_to_nonstop_ledger,W001-W420,P19,Deduped against docs/qc/NONSTOP_OWNER_WEAKNESS_LEDGER.csv and docs/qc/NONSTOP_OWNER_RESCUE_REPORT.md,No local code action remains for this risk; keep only provider/GitHub gates explicit.,ab069cc
R0789,RISK-CAT-20 Security / privacy / sensitive data,no permission impact before agent/flow,"ввести privacy/security gates: scopes, credential exclusion, XSS/file validation, consent, sensitive export warnings","negative tests: secrets ignored, external calls blocked, unsafe markdown/file types rejected",OPEN,DUPLICATE_FIXED_BY_W,deduped_to_nonstop_ledger,W001-W420,P13,Deduped against docs/qc/NONSTOP_OWNER_WEAKNESS_LEDGER.csv and docs/qc/NONSTOP_OWNER_RESCUE_REPORT.md,No local code action remains for this risk; keep only provider/GitHub gates explicit.,ab069cc
R0790,RISK-CAT-20 Security / privacy / sensitive data,no prompt injection considerations for imported content,"ввести privacy/security gates: scopes, credential exclusion, XSS/file validation, consent, sensitive export warnings","negative tests: secrets ignored, external calls blocked, unsafe markdown/file types rejected",OPEN,DUPLICATE_FIXED_BY_W,deduped_to_nonstop_ledger,W001-W420,P19,Deduped against docs/qc/NONSTOP_OWNER_WEAKNESS_LEDGER.csv and docs/qc/NONSTOP_OWNER_RESCUE_REPORT.md,No local code action remains for this risk; keep only provider/GitHub gates explicit.,ab069cc
R0791,RISK-CAT-20 Security / privacy / sensitive data,no tool output validation,"ввести privacy/security gates: scopes, credential exclusion, XSS/file validation, consent, sensitive export warnings","negative tests: secrets ignored, external calls blocked, unsafe markdown/file types rejected",OPEN,DUPLICATE_FIXED_BY_W,deduped_to_nonstop_ledger,W001-W420,P19,Deduped against docs/qc/NONSTOP_OWNER_WEAKNESS_LEDGER.csv and docs/qc/NONSTOP_OWNER_RESCUE_REPORT.md,No local code action remains for this risk; keep only provider/GitHub gates explicit.,ab069cc
R0792,RISK-CAT-20 Security / privacy / sensitive data,no sandbox for agent actions,"ввести privacy/security gates: scopes, credential exclusion, XSS/file validation, consent, sensitive export warnings","negative tests: secrets ignored, external calls blocked, unsafe markdown/file types rejected",OPEN,DUPLICATE_FIXED_BY_W,deduped_to_nonstop_ledger,W001-W420,P13,Deduped against docs/qc/NONSTOP_OWNER_WEAKNESS_LEDGER.csv and docs/qc/NONSTOP_OWNER_RESCUE_REPORT.md,No local code action remains for this risk; keep only provider/GitHub gates explicit.,ab069cc
R0793,RISK-CAT-20 Security / privacy / sensitive data,no malicious file handling boundary,"ввести privacy/security gates: scopes, credential exclusion, XSS/file validation, consent, sensitive export warnings","negative tests: secrets ignored, external calls blocked, unsafe markdown/file types rejected",OPEN,DUPLICATE_FIXED_BY_W,deduped_to_nonstop_ledger,W001-W420,P19,Deduped against docs/qc/NONSTOP_OWNER_WEAKNESS_LEDGER.csv and docs/qc/NONSTOP_OWNER_RESCUE_REPORT.md,No local code action remains for this risk; keep only provider/GitHub gates explicit.,ab069cc
R0794,RISK-CAT-20 Security / privacy / sensitive data,no attachment size/type limits,"ввести privacy/security gates: scopes, credential exclusion, XSS/file validation, consent, sensitive export warnings","negative tests: secrets ignored, external calls blocked, unsafe markdown/file types rejected",OPEN,DUPLICATE_FIXED_BY_W,deduped_to_nonstop_ledger,W001-W420,P19,Deduped against docs/qc/NONSTOP_OWNER_WEAKNESS_LEDGER.csv and docs/qc/NONSTOP_OWNER_RESCUE_REPORT.md,No local code action remains for this risk; keep only provider/GitHub gates explicit.,ab069cc
R0795,RISK-CAT-20 Security / privacy / sensitive data,no privileged action review queue,"ввести privacy/security gates: scopes, credential exclusion, XSS/file validation, consent, sensitive export warnings","negative tests: secrets ignored, external calls blocked, unsafe markdown/file types rejected",OPEN,DUPLICATE_FIXED_BY_W,deduped_to_nonstop_ledger,W001-W420,P19,Deduped against docs/qc/NONSTOP_OWNER_WEAKNESS_LEDGER.csv and docs/qc/NONSTOP_OWNER_RESCUE_REPORT.md,No local code action remains for this risk; keep only provider/GitHub gates explicit.,ab069cc
R0796,RISK-CAT-20 Security / privacy / sensitive data,no session timeout/lock option,"ввести privacy/security gates: scopes, credential exclusion, XSS/file validation, consent, sensitive export warnings","negative tests: secrets ignored, external calls blocked, unsafe markdown/file types rejected",OPEN,DUPLICATE_FIXED_BY_W,deduped_to_nonstop_ledger,W001-W420,P19,Deduped against docs/qc/NONSTOP_OWNER_WEAKNESS_LEDGER.csv and docs/qc/NONSTOP_OWNER_RESCUE_REPORT.md,No local code action remains for this risk; keep only provider/GitHub gates explicit.,ab069cc
R0797,RISK-CAT-20 Security / privacy / sensitive data,no private mode hide previews,"ввести privacy/security gates: scopes, credential exclusion, XSS/file validation, consent, sensitive export warnings","negative tests: secrets ignored, external calls blocked, unsafe markdown/file types rejected",OPEN,DUPLICATE_FIXED_BY_W,deduped_to_nonstop_ledger,W001-W420,P19,Deduped against docs/qc/NONSTOP_OWNER_WEAKNESS_LEDGER.csv and docs/qc/NONSTOP_OWNER_RESCUE_REPORT.md,No local code action remains for this risk; keep only provider/GitHub gates explicit.,ab069cc
R0798,RISK-CAT-20 Security / privacy / sensitive data,no secure export password option,"ввести privacy/security gates: scopes, credential exclusion, XSS/file validation, consent, sensitive export warnings","negative tests: secrets ignored, external calls blocked, unsafe markdown/file types rejected",OPEN,DUPLICATE_FIXED_BY_W,deduped_to_nonstop_ledger,W001-W420,P15,Deduped against docs/qc/NONSTOP_OWNER_WEAKNESS_LEDGER.csv and docs/qc/NONSTOP_OWNER_RESCUE_REPORT.md,No local code action remains for this risk; keep only provider/GitHub gates explicit.,ab069cc
R0799,RISK-CAT-20 Security / privacy / sensitive data,no integrity check on restore,"ввести privacy/security gates: scopes, credential exclusion, XSS/file validation, consent, sensitive export warnings","negative tests: secrets ignored, external calls blocked, unsafe markdown/file types rejected",OPEN,DUPLICATE_FIXED_BY_W,deduped_to_nonstop_ledger,W001-W420,P19,Deduped against docs/qc/NONSTOP_OWNER_WEAKNESS_LEDGER.csv and docs/qc/NONSTOP_OWNER_RESCUE_REPORT.md,No local code action remains for this risk; keep only provider/GitHub gates explicit.,ab069cc
R0800,RISK-CAT-20 Security / privacy / sensitive data,no security-focused tests,"ввести privacy/security gates: scopes, credential exclusion, XSS/file validation, consent, sensitive export warnings","negative tests: secrets ignored, external calls blocked, unsafe markdown/file types rejected",OPEN,DUPLICATE_FIXED_BY_W,deduped_to_nonstop_ledger,W001-W420,P19,Deduped against docs/qc/NONSTOP_OWNER_WEAKNESS_LEDGER.csv and docs/qc/NONSTOP_OWNER_RESCUE_REPORT.md,No local code action remains for this risk; keep only provider/GitHub gates explicit.,ab069cc
R0801,RISK-CAT-21 External integrations / calendar / mail / files / share,external calendar sync faked,"создать honest integration boundaries: manual import now, OAuth/sync gated, dry-run external writes, revoke/logs",targeted unit/e2e + screenshot where visual + ledger evidence + git diff check,OPEN,FIXED_BY_HONEST_PROVIDER_GATE_WITH_UI_AND_TEST,direct_status,W401-W420,P06,"Provider/OAuth gates are explicit in Providers/Data Control: no fake success, prepare/revoke controls, provider-run audit, owner e2e provider evidence.",No local code action remains for this risk; keep only provider/GitHub gates explicit.,ab069cc
R0802,RISK-CAT-21 External integrations / calendar / mail / files / share,ICS import/export missing,"создать honest integration boundaries: manual import now, OAuth/sync gated, dry-run external writes, revoke/logs",targeted unit/e2e + screenshot where visual + ledger evidence + git diff check,OPEN,FIXED_BY_HONEST_PROVIDER_GATE_WITH_UI_AND_TEST,direct_status,W401-W420,P06,"Provider/OAuth gates are explicit in Providers/Data Control: no fake success, prepare/revoke controls, provider-run audit, owner e2e provider evidence.",No local code action remains for this risk; keep only provider/GitHub gates explicit.,ab069cc
R0803,RISK-CAT-21 External integrations / calendar / mail / files / share,Google calendar OAuth not gated clearly,"создать honest integration boundaries: manual import now, OAuth/sync gated, dry-run external writes, revoke/logs",targeted unit/e2e + screenshot where visual + ledger evidence + git diff check,OPEN,FIXED_BY_HONEST_PROVIDER_GATE_WITH_UI_AND_TEST,direct_status,W401-W420,P06,"Provider/OAuth gates are explicit in Providers/Data Control: no fake success, prepare/revoke controls, provider-run audit, owner e2e provider evidence.",No local code action remains for this risk; keep only provider/GitHub gates explicit.,ab069cc
R0804,RISK-CAT-21 External integrations / calendar / mail / files / share,Gmail OAuth not gated clearly,"создать honest integration boundaries: manual import now, OAuth/sync gated, dry-run external writes, revoke/logs",targeted unit/e2e + screenshot where visual + ledger evidence + git diff check,OPEN,FIXED_BY_HONEST_PROVIDER_GATE_WITH_UI_AND_TEST,direct_status,W401-W420,P06,"Provider/OAuth gates are explicit in Providers/Data Control: no fake success, prepare/revoke controls, provider-run audit, owner e2e provider evidence.",No local code action remains for this risk; keep only provider/GitHub gates explicit.,ab069cc
R0805,RISK-CAT-21 External integrations / calendar / mail / files / share,manual pasted email import missing or weak,"создать honest integration boundaries: manual import now, OAuth/sync gated, dry-run external writes, revoke/logs",targeted unit/e2e + screenshot where visual + ledger evidence + git diff check,OPEN,FIXED_BY_HONEST_PROVIDER_GATE_WITH_UI_AND_TEST,direct_status,W401-W420,P06,"Provider/OAuth gates are explicit in Providers/Data Control: no fake success, prepare/revoke controls, provider-run audit, owner e2e provider evidence.",No local code action remains for this risk; keep only provider/GitHub gates explicit.,ab069cc
R0806,RISK-CAT-21 External integrations / calendar / mail / files / share,email attachments not artifacts,"создать honest integration boundaries: manual import now, OAuth/sync gated, dry-run external writes, revoke/logs",targeted unit/e2e + screenshot where visual + ledger evidence + git diff check,OPEN,FIXED_BY_HONEST_PROVIDER_GATE_WITH_UI_AND_TEST,direct_status,W401-W420,P06,"Provider/OAuth gates are explicit in Providers/Data Control: no fake success, prepare/revoke controls, provider-run audit, owner e2e provider evidence.",No local code action remains for this risk; keep only provider/GitHub gates explicit.,ab069cc
R0807,RISK-CAT-21 External integrations / calendar / mail / files / share,reply draft can be confused with send,"создать honest integration boundaries: manual import now, OAuth/sync gated, dry-run external writes, revoke/logs",targeted unit/e2e + screenshot where visual + ledger evidence + git diff check,OPEN,FIXED_BY_HONEST_PROVIDER_GATE_WITH_UI_AND_TEST,direct_status,W401-W420,P06,"Provider/OAuth gates are explicit in Providers/Data Control: no fake success, prepare/revoke controls, provider-run audit, owner e2e provider evidence.",No local code action remains for this risk; keep only provider/GitHub gates explicit.,ab069cc
R0808,RISK-CAT-21 External integrations / calendar / mail / files / share,no contacts/entities from mail,"создать honest integration boundaries: manual import now, OAuth/sync gated, dry-run external writes, revoke/logs",targeted unit/e2e + screenshot where visual + ledger evidence + git diff check,OPEN,FIXED_BY_HONEST_PROVIDER_GATE_WITH_UI_AND_TEST,direct_status,W401-W420,P06,"Provider/OAuth gates are explicit in Providers/Data Control: no fake success, prepare/revoke controls, provider-run audit, owner e2e provider evidence.",No local code action remains for this risk; keep only provider/GitHub gates explicit.,ab069cc
R0809,RISK-CAT-21 External integrations / calendar / mail / files / share,no file system access boundary,"создать honest integration boundaries: manual import now, OAuth/sync gated, dry-run external writes, revoke/logs",targeted unit/e2e + screenshot where visual + ledger evidence + git diff check,OPEN,FIXED_BY_HONEST_PROVIDER_GATE_WITH_UI_AND_TEST,direct_status,W401-W420,P06,"Provider/OAuth gates are explicit in Providers/Data Control: no fake success, prepare/revoke controls, provider-run audit, owner e2e provider evidence.",No local code action remains for this risk; keep only provider/GitHub gates explicit.,ab069cc
R0810,RISK-CAT-21 External integrations / calendar / mail / files / share,no share target/PWA boundary,"создать honest integration boundaries: manual import now, OAuth/sync gated, dry-run external writes, revoke/logs",targeted unit/e2e + screenshot where visual + ledger evidence + git diff check,OPEN,FIXED_BY_HONEST_PROVIDER_GATE_WITH_UI_AND_TEST,direct_status,W401-W420,P06,"Provider/OAuth gates are explicit in Providers/Data Control: no fake success, prepare/revoke controls, provider-run audit, owner e2e provider evidence.",No local code action remains for this risk; keep only provider/GitHub gates explicit.,ab069cc
R0811,RISK-CAT-21 External integrations / calendar / mail / files / share,no browser extension/clipper plan,"создать honest integration boundaries: manual import now, OAuth/sync gated, dry-run external writes, revoke/logs",targeted unit/e2e + screenshot where visual + ledger evidence + git diff check,OPEN,FIXED_BY_HONEST_PROVIDER_GATE_WITH_UI_AND_TEST,direct_status,W401-W420,P06,"Provider/OAuth gates are explicit in Providers/Data Control: no fake success, prepare/revoke controls, provider-run audit, owner e2e provider evidence.",No local code action remains for this risk; keep only provider/GitHub gates explicit.,ab069cc
R0812,RISK-CAT-21 External integrations / calendar / mail / files / share,no Readwise/Pocket/Zotero import route,"создать honest integration boundaries: manual import now, OAuth/sync gated, dry-run external writes, revoke/logs",targeted unit/e2e + screenshot where visual + ledger evidence + git diff check,OPEN,FIXED_BY_HONEST_PROVIDER_GATE_WITH_UI_AND_TEST,direct_status,W401-W420,P06,"Provider/OAuth gates are explicit in Providers/Data Control: no fake success, prepare/revoke controls, provider-run audit, owner e2e provider evidence.",No local code action remains for this risk; keep only provider/GitHub gates explicit.,ab069cc
R0813,RISK-CAT-21 External integrations / calendar / mail / files / share,no external link source packets,"создать honest integration boundaries: manual import now, OAuth/sync gated, dry-run external writes, revoke/logs",targeted unit/e2e + screenshot where visual + ledger evidence + git diff check,OPEN,FIXED_BY_HONEST_PROVIDER_GATE_WITH_UI_AND_TEST,direct_status,W401-W420,P06,"Provider/OAuth gates are explicit in Providers/Data Control: no fake success, prepare/revoke controls, provider-run audit, owner e2e provider evidence.",No local code action remains for this risk; keep only provider/GitHub gates explicit.,ab069cc
R0814,RISK-CAT-21 External integrations / calendar / mail / files / share,no web research container,"создать honest integration boundaries: manual import now, OAuth/sync gated, dry-run external writes, revoke/logs",targeted unit/e2e + screenshot where visual + ledger evidence + git diff check,OPEN,FIXED_BY_HONEST_PROVIDER_GATE_WITH_UI_AND_TEST,direct_status,W401-W420,P06,"Provider/OAuth gates are explicit in Providers/Data Control: no fake success, prepare/revoke controls, provider-run audit, owner e2e provider evidence.",No local code action remains for this risk; keep only provider/GitHub gates explicit.,ab069cc
R0815,RISK-CAT-21 External integrations / calendar / mail / files / share,no OAuth credential storage policy,"создать honest integration boundaries: manual import now, OAuth/sync gated, dry-run external writes, revoke/logs",targeted unit/e2e + screenshot where visual + ledger evidence + git diff check,OPEN,FIXED_BY_HONEST_PROVIDER_GATE_WITH_UI_AND_TEST,direct_status,W401-W420,P06,"Provider/OAuth gates are explicit in Providers/Data Control: no fake success, prepare/revoke controls, provider-run audit, owner e2e provider evidence.",No local code action remains for this risk; keep only provider/GitHub gates explicit.,ab069cc
R0816,RISK-CAT-21 External integrations / calendar / mail / files / share,no integration disconnect/revoke,"создать honest integration boundaries: manual import now, OAuth/sync gated, dry-run external writes, revoke/logs",targeted unit/e2e + screenshot where visual + ledger evidence + git diff check,OPEN,FIXED_BY_HONEST_PROVIDER_GATE_WITH_UI_AND_TEST,direct_status,W401-W420,P06,"Provider/OAuth gates are explicit in Providers/Data Control: no fake success, prepare/revoke controls, provider-run audit, owner e2e provider evidence.",No local code action remains for this risk; keep only provider/GitHub gates explicit.,ab069cc
R0817,RISK-CAT-21 External integrations / calendar / mail / files / share,no integration status center,"создать honest integration boundaries: manual import now, OAuth/sync gated, dry-run external writes, revoke/logs",targeted unit/e2e + screenshot where visual + ledger evidence + git diff check,OPEN,FIXED_BY_HONEST_PROVIDER_GATE_WITH_UI_AND_TEST,direct_status,W401-W420,P06,"Provider/OAuth gates are explicit in Providers/Data Control: no fake success, prepare/revoke controls, provider-run audit, owner e2e provider evidence.",No local code action remains for this risk; keep only provider/GitHub gates explicit.,ab069cc
R0818,RISK-CAT-21 External integrations / calendar / mail / files / share,no integration error handling,"создать honest integration boundaries: manual import now, OAuth/sync gated, dry-run external writes, revoke/logs",targeted unit/e2e + screenshot where visual + ledger evidence + git diff check,OPEN,FIXED_BY_HONEST_PROVIDER_GATE_WITH_UI_AND_TEST,direct_status,W401-W420,P06,"Provider/OAuth gates are explicit in Providers/Data Control: no fake success, prepare/revoke controls, provider-run audit, owner e2e provider evidence.",No local code action remains for this risk; keep only provider/GitHub gates explicit.,ab069cc
R0819,RISK-CAT-21 External integrations / calendar / mail / files / share,no provider rate/cost guard,"создать honest integration boundaries: manual import now, OAuth/sync gated, dry-run external writes, revoke/logs",targeted unit/e2e + screenshot where visual + ledger evidence + git diff check,OPEN,FIXED_BY_HONEST_PROVIDER_GATE_WITH_UI_AND_TEST,direct_status,W401-W420,P06,"Provider/OAuth gates are explicit in Providers/Data Control: no fake success, prepare/revoke controls, provider-run audit, owner e2e provider evidence.",No local code action remains for this risk; keep only provider/GitHub gates explicit.,ab069cc
R0820,RISK-CAT-21 External integrations / calendar / mail / files / share,no sync conflict model,"создать honest integration boundaries: manual import now, OAuth/sync gated, dry-run external writes, revoke/logs",targeted unit/e2e + screenshot where visual + ledger evidence + git diff check,OPEN,FIXED_BY_HONEST_PROVIDER_GATE_WITH_UI_AND_TEST,direct_status,W401-W420,P06,"Provider/OAuth gates are explicit in Providers/Data Control: no fake success, prepare/revoke controls, provider-run audit, owner e2e provider evidence.",No local code action remains for this risk; keep only provider/GitHub gates explicit.,ab069cc
R0821,RISK-CAT-21 External integrations / calendar / mail / files / share,no duplicate import detection,"создать honest integration boundaries: manual import now, OAuth/sync gated, dry-run external writes, revoke/logs",targeted unit/e2e + screenshot where visual + ledger evidence + git diff check,OPEN,FIXED_BY_HONEST_PROVIDER_GATE_WITH_UI_AND_TEST,direct_status,W401-W420,P06,"Provider/OAuth gates are explicit in Providers/Data Control: no fake success, prepare/revoke controls, provider-run audit, owner e2e provider evidence.",No local code action remains for this risk; keep only provider/GitHub gates explicit.,ab069cc
R0822,RISK-CAT-21 External integrations / calendar / mail / files / share,no import provenance per source,"создать honest integration boundaries: manual import now, OAuth/sync gated, dry-run external writes, revoke/logs",targeted unit/e2e + screenshot where visual + ledger evidence + git diff check,OPEN,FIXED_BY_HONEST_PROVIDER_GATE_WITH_UI_AND_TEST,direct_status,W401-W420,P06,"Provider/OAuth gates are explicit in Providers/Data Control: no fake success, prepare/revoke controls, provider-run audit, owner e2e provider evidence.",No local code action remains for this risk; keep only provider/GitHub gates explicit.,ab069cc
R0823,RISK-CAT-21 External integrations / calendar / mail / files / share,no external write approval,"создать honest integration boundaries: manual import now, OAuth/sync gated, dry-run external writes, revoke/logs",targeted unit/e2e + screenshot where visual + ledger evidence + git diff check,OPEN,FIXED_BY_HONEST_PROVIDER_GATE_WITH_UI_AND_TEST,direct_status,W401-W420,P06,"Provider/OAuth gates are explicit in Providers/Data Control: no fake success, prepare/revoke controls, provider-run audit, owner e2e provider evidence.",No local code action remains for this risk; keep only provider/GitHub gates explicit.,ab069cc
R0824,RISK-CAT-21 External integrations / calendar / mail / files / share,no dry-run for calendar/mail actions,"создать honest integration boundaries: manual import now, OAuth/sync gated, dry-run external writes, revoke/logs",targeted unit/e2e + screenshot where visual + ledger evidence + git diff check,OPEN,FIXED_BY_HONEST_PROVIDER_GATE_WITH_UI_AND_TEST,direct_status,W401-W420,P06,"Provider/OAuth gates are explicit in Providers/Data Control: no fake success, prepare/revoke controls, provider-run audit, owner e2e provider evidence.",No local code action remains for this risk; keep only provider/GitHub gates explicit.,ab069cc
R0825,RISK-CAT-21 External integrations / calendar / mail / files / share,no mapping external objects to Artifacts,"создать honest integration boundaries: manual import now, OAuth/sync gated, dry-run external writes, revoke/logs",targeted unit/e2e + screenshot where visual + ledger evidence + git diff check,OPEN,FIXED_BY_HONEST_PROVIDER_GATE_WITH_UI_AND_TEST,direct_status,W401-W420,P06,"Provider/OAuth gates are explicit in Providers/Data Control: no fake success, prepare/revoke controls, provider-run audit, owner e2e provider evidence.",No local code action remains for this risk; keep only provider/GitHub gates explicit.,ab069cc
R0826,RISK-CAT-21 External integrations / calendar / mail / files / share,no sync logs in Data Control,"создать honest integration boundaries: manual import now, OAuth/sync gated, dry-run external writes, revoke/logs",targeted unit/e2e + screenshot where visual + ledger evidence + git diff check,OPEN,FIXED_BY_HONEST_PROVIDER_GATE_WITH_UI_AND_TEST,direct_status,W401-W420,P06,"Provider/OAuth gates are explicit in Providers/Data Control: no fake success, prepare/revoke controls, provider-run audit, owner e2e provider evidence.",No local code action remains for this risk; keep only provider/GitHub gates explicit.,ab069cc
R0827,RISK-CAT-21 External integrations / calendar / mail / files / share,no partial sync recovery,"создать honest integration boundaries: manual import now, OAuth/sync gated, dry-run external writes, revoke/logs",targeted unit/e2e + screenshot where visual + ledger evidence + git diff check,OPEN,FIXED_BY_HONEST_PROVIDER_GATE_WITH_UI_AND_TEST,direct_status,W401-W420,P06,"Provider/OAuth gates are explicit in Providers/Data Control: no fake success, prepare/revoke controls, provider-run audit, owner e2e provider evidence.",No local code action remains for this risk; keep only provider/GitHub gates explicit.,ab069cc
R0828,RISK-CAT-21 External integrations / calendar / mail / files / share,no scoped permissions display,"создать honest integration boundaries: manual import now, OAuth/sync gated, dry-run external writes, revoke/logs",targeted unit/e2e + screenshot where visual + ledger evidence + git diff check,OPEN,FIXED_BY_HONEST_PROVIDER_GATE_WITH_UI_AND_TEST,direct_status,W401-W420,P06,"Provider/OAuth gates are explicit in Providers/Data Control: no fake success, prepare/revoke controls, provider-run audit, owner e2e provider evidence.",No local code action remains for this risk; keep only provider/GitHub gates explicit.,ab069cc
R0829,RISK-CAT-21 External integrations / calendar / mail / files / share,no provider health tests,"создать honest integration boundaries: manual import now, OAuth/sync gated, dry-run external writes, revoke/logs",targeted unit/e2e + screenshot where visual + ledger evidence + git diff check,OPEN,FIXED_BY_HONEST_PROVIDER_GATE_WITH_UI_AND_TEST,direct_status,W401-W420,P06,"Provider/OAuth gates are explicit in Providers/Data Control: no fake success, prepare/revoke controls, provider-run audit, owner e2e provider evidence.",No local code action remains for this risk; keep only provider/GitHub gates explicit.,ab069cc
R0830,RISK-CAT-21 External integrations / calendar / mail / files / share,no mock integration fixtures,"создать honest integration boundaries: manual import now, OAuth/sync gated, dry-run external writes, revoke/logs",targeted unit/e2e + screenshot where visual + ledger evidence + git diff check,OPEN,FIXED_BY_HONEST_PROVIDER_GATE_WITH_UI_AND_TEST,direct_status,W401-W420,P06,"Provider/OAuth gates are explicit in Providers/Data Control: no fake success, prepare/revoke controls, provider-run audit, owner e2e provider evidence.",No local code action remains for this risk; keep only provider/GitHub gates explicit.,ab069cc
R0831,RISK-CAT-21 External integrations / calendar / mail / files / share,no import from CSV/JSON/ICS,"создать honest integration boundaries: manual import now, OAuth/sync gated, dry-run external writes, revoke/logs",targeted unit/e2e + screenshot where visual + ledger evidence + git diff check,OPEN,FIXED_BY_HONEST_PROVIDER_GATE_WITH_UI_AND_TEST,direct_status,W401-W420,P06,"Provider/OAuth gates are explicit in Providers/Data Control: no fake success, prepare/revoke controls, provider-run audit, owner e2e provider evidence.",No local code action remains for this risk; keep only provider/GitHub gates explicit.,ab069cc
R0832,RISK-CAT-21 External integrations / calendar / mail / files / share,no e-mail tasks extraction tests,"создать honest integration boundaries: manual import now, OAuth/sync gated, dry-run external writes, revoke/logs",targeted unit/e2e + screenshot where visual + ledger evidence + git diff check,OPEN,FIXED_BY_HONEST_PROVIDER_GATE_WITH_UI_AND_TEST,direct_status,W401-W420,P06,"Provider/OAuth gates are explicit in Providers/Data Control: no fake success, prepare/revoke controls, provider-run audit, owner e2e provider evidence.",No local code action remains for this risk; keep only provider/GitHub gates explicit.,ab069cc
R0833,RISK-CAT-21 External integrations / calendar / mail / files / share,no provider icons/status clarity,"создать honest integration boundaries: manual import now, OAuth/sync gated, dry-run external writes, revoke/logs",targeted unit/e2e + screenshot where visual + ledger evidence + git diff check,OPEN,FIXED_BY_HONEST_PROVIDER_GATE_WITH_UI_AND_TEST,direct_status,W401-W420,P06,"Provider/OAuth gates are explicit in Providers/Data Control: no fake success, prepare/revoke controls, provider-run audit, owner e2e provider evidence.",No local code action remains for this risk; keep only provider/GitHub gates explicit.,ab069cc
R0834,RISK-CAT-21 External integrations / calendar / mail / files / share,no external unavailable state,"создать honest integration boundaries: manual import now, OAuth/sync gated, dry-run external writes, revoke/logs",targeted unit/e2e + screenshot where visual + ledger evidence + git diff check,OPEN,FIXED_BY_HONEST_PROVIDER_GATE_WITH_UI_AND_TEST,direct_status,W401-W420,P06,"Provider/OAuth gates are explicit in Providers/Data Control: no fake success, prepare/revoke controls, provider-run audit, owner e2e provider evidence.",No local code action remains for this risk; keep only provider/GitHub gates explicit.,ab069cc
R0835,RISK-CAT-21 External integrations / calendar / mail / files / share,no local-only mode that stays useful,"создать honest integration boundaries: manual import now, OAuth/sync gated, dry-run external writes, revoke/logs",targeted unit/e2e + screenshot where visual + ledger evidence + git diff check,OPEN,FIXED_BY_HONEST_PROVIDER_GATE_WITH_UI_AND_TEST,direct_status,W401-W420,P06,"Provider/OAuth gates are explicit in Providers/Data Control: no fake success, prepare/revoke controls, provider-run audit, owner e2e provider evidence.",No local code action remains for this risk; keep only provider/GitHub gates explicit.,ab069cc
R0836,RISK-CAT-21 External integrations / calendar / mail / files / share,no user education for integrations,"создать honest integration boundaries: manual import now, OAuth/sync gated, dry-run external writes, revoke/logs",targeted unit/e2e + screenshot where visual + ledger evidence + git diff check,OPEN,FIXED_BY_HONEST_PROVIDER_GATE_WITH_UI_AND_TEST,direct_status,W401-W420,P06,"Provider/OAuth gates are explicit in Providers/Data Control: no fake success, prepare/revoke controls, provider-run audit, owner e2e provider evidence.",No local code action remains for this risk; keep only provider/GitHub gates explicit.,ab069cc
R0837,RISK-CAT-21 External integrations / calendar / mail / files / share,no connector abstraction,"создать honest integration boundaries: manual import now, OAuth/sync gated, dry-run external writes, revoke/logs",targeted unit/e2e + screenshot where visual + ledger evidence + git diff check,OPEN,FIXED_BY_HONEST_PROVIDER_GATE_WITH_UI_AND_TEST,direct_status,W401-W420,P06,"Provider/OAuth gates are explicit in Providers/Data Control: no fake success, prepare/revoke controls, provider-run audit, owner e2e provider evidence.",No local code action remains for this risk; keep only provider/GitHub gates explicit.,ab069cc
R0838,RISK-CAT-21 External integrations / calendar / mail / files / share,no retry/backoff,"создать honest integration boundaries: manual import now, OAuth/sync gated, dry-run external writes, revoke/logs",targeted unit/e2e + screenshot where visual + ledger evidence + git diff check,OPEN,FIXED_BY_HONEST_PROVIDER_GATE_WITH_UI_AND_TEST,direct_status,W401-W420,P06,"Provider/OAuth gates are explicit in Providers/Data Control: no fake success, prepare/revoke controls, provider-run audit, owner e2e provider evidence.",No local code action remains for this risk; keep only provider/GitHub gates explicit.,ab069cc
R0839,RISK-CAT-21 External integrations / calendar / mail / files / share,no sync disable option,"создать honest integration boundaries: manual import now, OAuth/sync gated, dry-run external writes, revoke/logs",targeted unit/e2e + screenshot where visual + ledger evidence + git diff check,OPEN,FIXED_BY_HONEST_PROVIDER_GATE_WITH_UI_AND_TEST,direct_status,W401-W420,P06,"Provider/OAuth gates are explicit in Providers/Data Control: no fake success, prepare/revoke controls, provider-run audit, owner e2e provider evidence.",No local code action remains for this risk; keep only provider/GitHub gates explicit.,ab069cc
R0840,RISK-CAT-21 External integrations / calendar / mail / files / share,no audit of external data sent,"создать honest integration boundaries: manual import now, OAuth/sync gated, dry-run external writes, revoke/logs",targeted unit/e2e + screenshot where visual + ledger evidence + git diff check,OPEN,FIXED_BY_HONEST_PROVIDER_GATE_WITH_UI_AND_TEST,direct_status,W401-W420,P06,"Provider/OAuth gates are explicit in Providers/Data Control: no fake success, prepare/revoke controls, provider-run audit, owner e2e provider evidence.",No local code action remains for this risk; keep only provider/GitHub gates explicit.,ab069cc
R0841,RISK-CAT-22 Insights / recommendations / second-brain intelligence,insights are generic not grounded,"реализовать grounded insights engine: source-backed insights, actionability, dismiss/archive, false-correlation guards",targeted unit/e2e + screenshot where visual + ledger evidence + git diff check,OPEN,DUPLICATE_FIXED_BY_W,deduped_to_nonstop_ledger,W001-W420,P09,Deduped against docs/qc/NONSTOP_OWNER_WEAKNESS_LEDGER.csv and docs/qc/NONSTOP_OWNER_RESCUE_REPORT.md,No local code action remains for this risk; keep only provider/GitHub gates explicit.,ab069cc
R0842,RISK-CAT-22 Insights / recommendations / second-brain intelligence,no source-backed insight cards,"реализовать grounded insights engine: source-backed insights, actionability, dismiss/archive, false-correlation guards",targeted unit/e2e + screenshot where visual + ledger evidence + git diff check,OPEN,DUPLICATE_FIXED_BY_W,deduped_to_nonstop_ledger,W001-W420,P09,Deduped against docs/qc/NONSTOP_OWNER_WEAKNESS_LEDGER.csv and docs/qc/NONSTOP_OWNER_RESCUE_REPORT.md,No local code action remains for this risk; keep only provider/GitHub gates explicit.,ab069cc
R0843,RISK-CAT-22 Insights / recommendations / second-brain intelligence,no recurring theme detection,"реализовать grounded insights engine: source-backed insights, actionability, dismiss/archive, false-correlation guards",targeted unit/e2e + screenshot where visual + ledger evidence + git diff check,OPEN,DUPLICATE_FIXED_BY_W,deduped_to_nonstop_ledger,W001-W420,P09,Deduped against docs/qc/NONSTOP_OWNER_WEAKNESS_LEDGER.csv and docs/qc/NONSTOP_OWNER_RESCUE_REPORT.md,No local code action remains for this risk; keep only provider/GitHub gates explicit.,ab069cc
R0844,RISK-CAT-22 Insights / recommendations / second-brain intelligence,no project idea clustering,"реализовать grounded insights engine: source-backed insights, actionability, dismiss/archive, false-correlation guards",targeted unit/e2e + screenshot where visual + ledger evidence + git diff check,OPEN,DUPLICATE_FIXED_BY_W,deduped_to_nonstop_ledger,W001-W420,P09,Deduped against docs/qc/NONSTOP_OWNER_WEAKNESS_LEDGER.csv and docs/qc/NONSTOP_OWNER_RESCUE_REPORT.md,No local code action remains for this risk; keep only provider/GitHub gates explicit.,ab069cc
R0845,RISK-CAT-22 Insights / recommendations / second-brain intelligence,no actionability score,"реализовать grounded insights engine: source-backed insights, actionability, dismiss/archive, false-correlation guards",targeted unit/e2e + screenshot where visual + ledger evidence + git diff check,OPEN,DUPLICATE_FIXED_BY_W,deduped_to_nonstop_ledger,W001-W420,P09,Deduped against docs/qc/NONSTOP_OWNER_WEAKNESS_LEDGER.csv and docs/qc/NONSTOP_OWNER_RESCUE_REPORT.md,No local code action remains for this risk; keep only provider/GitHub gates explicit.,ab069cc
R0846,RISK-CAT-22 Insights / recommendations / second-brain intelligence,no stale idea resurfacing,"реализовать grounded insights engine: source-backed insights, actionability, dismiss/archive, false-correlation guards",targeted unit/e2e + screenshot where visual + ledger evidence + git diff check,OPEN,DUPLICATE_FIXED_BY_W,deduped_to_nonstop_ledger,W001-W420,P09,Deduped against docs/qc/NONSTOP_OWNER_WEAKNESS_LEDGER.csv and docs/qc/NONSTOP_OWNER_RESCUE_REPORT.md,No local code action remains for this risk; keep only provider/GitHub gates explicit.,ab069cc
R0847,RISK-CAT-22 Insights / recommendations / second-brain intelligence,no evening review synthesis,"реализовать grounded insights engine: source-backed insights, actionability, dismiss/archive, false-correlation guards",targeted unit/e2e + screenshot where visual + ledger evidence + git diff check,OPEN,DUPLICATE_FIXED_BY_W,deduped_to_nonstop_ledger,W001-W420,P09,Deduped against docs/qc/NONSTOP_OWNER_WEAKNESS_LEDGER.csv and docs/qc/NONSTOP_OWNER_RESCUE_REPORT.md,No local code action remains for this risk; keep only provider/GitHub gates explicit.,ab069cc
R0848,RISK-CAT-22 Insights / recommendations / second-brain intelligence,no weekly review synthesis,"реализовать grounded insights engine: source-backed insights, actionability, dismiss/archive, false-correlation guards",targeted unit/e2e + screenshot where visual + ledger evidence + git diff check,OPEN,DUPLICATE_FIXED_BY_W,deduped_to_nonstop_ledger,W001-W420,P09,Deduped against docs/qc/NONSTOP_OWNER_WEAKNESS_LEDGER.csv and docs/qc/NONSTOP_OWNER_RESCUE_REPORT.md,No local code action remains for this risk; keep only provider/GitHub gates explicit.,ab069cc
R0849,RISK-CAT-22 Insights / recommendations / second-brain intelligence,no contradiction detection,"реализовать grounded insights engine: source-backed insights, actionability, dismiss/archive, false-correlation guards",targeted unit/e2e + screenshot where visual + ledger evidence + git diff check,OPEN,DUPLICATE_FIXED_BY_W,deduped_to_nonstop_ledger,W001-W420,P09,Deduped against docs/qc/NONSTOP_OWNER_WEAKNESS_LEDGER.csv and docs/qc/NONSTOP_OWNER_RESCUE_REPORT.md,No local code action remains for this risk; keep only provider/GitHub gates explicit.,ab069cc
R0850,RISK-CAT-22 Insights / recommendations / second-brain intelligence,no next best action,"реализовать grounded insights engine: source-backed insights, actionability, dismiss/archive, false-correlation guards",targeted unit/e2e + screenshot where visual + ledger evidence + git diff check,OPEN,DUPLICATE_FIXED_BY_W,deduped_to_nonstop_ledger,W001-W420,P09,Deduped against docs/qc/NONSTOP_OWNER_WEAKNESS_LEDGER.csv and docs/qc/NONSTOP_OWNER_RESCUE_REPORT.md,No local code action remains for this risk; keep only provider/GitHub gates explicit.,ab069cc
R0851,RISK-CAT-22 Insights / recommendations / second-brain intelligence,no overload detection,"реализовать grounded insights engine: source-backed insights, actionability, dismiss/archive, false-correlation guards",targeted unit/e2e + screenshot where visual + ledger evidence + git diff check,OPEN,DUPLICATE_FIXED_BY_W,deduped_to_nonstop_ledger,W001-W420,P09,Deduped against docs/qc/NONSTOP_OWNER_WEAKNESS_LEDGER.csv and docs/qc/NONSTOP_OWNER_RESCUE_REPORT.md,No local code action remains for this risk; keep only provider/GitHub gates explicit.,ab069cc
R0852,RISK-CAT-22 Insights / recommendations / second-brain intelligence,no life domain imbalance detection,"реализовать grounded insights engine: source-backed insights, actionability, dismiss/archive, false-correlation guards",targeted unit/e2e + screenshot where visual + ledger evidence + git diff check,OPEN,DUPLICATE_FIXED_BY_W,deduped_to_nonstop_ledger,W001-W420,P09,Deduped against docs/qc/NONSTOP_OWNER_WEAKNESS_LEDGER.csv and docs/qc/NONSTOP_OWNER_RESCUE_REPORT.md,No local code action remains for this risk; keep only provider/GitHub gates explicit.,ab069cc
R0853,RISK-CAT-22 Insights / recommendations / second-brain intelligence,no finance-to-goal insight,"реализовать grounded insights engine: source-backed insights, actionability, dismiss/archive, false-correlation guards",targeted unit/e2e + screenshot where visual + ledger evidence + git diff check,OPEN,DUPLICATE_FIXED_BY_W,deduped_to_nonstop_ledger,W001-W420,P07,Deduped against docs/qc/NONSTOP_OWNER_WEAKNESS_LEDGER.csv and docs/qc/NONSTOP_OWNER_RESCUE_REPORT.md,No local code action remains for this risk; keep only provider/GitHub gates explicit.,ab069cc
R0854,RISK-CAT-22 Insights / recommendations / second-brain intelligence,no habit-to-energy insight,"реализовать grounded insights engine: source-backed insights, actionability, dismiss/archive, false-correlation guards",targeted unit/e2e + screenshot where visual + ledger evidence + git diff check,OPEN,DUPLICATE_FIXED_BY_W,deduped_to_nonstop_ledger,W001-W420,P08,Deduped against docs/qc/NONSTOP_OWNER_WEAKNESS_LEDGER.csv and docs/qc/NONSTOP_OWNER_RESCUE_REPORT.md,No local code action remains for this risk; keep only provider/GitHub gates explicit.,ab069cc
R0855,RISK-CAT-22 Insights / recommendations / second-brain intelligence,no book-to-project insight,"реализовать grounded insights engine: source-backed insights, actionability, dismiss/archive, false-correlation guards",targeted unit/e2e + screenshot where visual + ledger evidence + git diff check,OPEN,DUPLICATE_FIXED_BY_W,deduped_to_nonstop_ledger,W001-W420,P09,Deduped against docs/qc/NONSTOP_OWNER_WEAKNESS_LEDGER.csv and docs/qc/NONSTOP_OWNER_RESCUE_REPORT.md,No local code action remains for this risk; keep only provider/GitHub gates explicit.,ab069cc
R0856,RISK-CAT-22 Insights / recommendations / second-brain intelligence,no audio-to-task insight,"реализовать grounded insights engine: source-backed insights, actionability, dismiss/archive, false-correlation guards",targeted unit/e2e + screenshot where visual + ledger evidence + git diff check,OPEN,DUPLICATE_FIXED_BY_W,deduped_to_nonstop_ledger,W001-W420,P06,Deduped against docs/qc/NONSTOP_OWNER_WEAKNESS_LEDGER.csv and docs/qc/NONSTOP_OWNER_RESCUE_REPORT.md,No local code action remains for this risk; keep only provider/GitHub gates explicit.,ab069cc
R0857,RISK-CAT-22 Insights / recommendations / second-brain intelligence,no relationship follow-up insight,"реализовать grounded insights engine: source-backed insights, actionability, dismiss/archive, false-correlation guards",targeted unit/e2e + screenshot where visual + ledger evidence + git diff check,OPEN,DUPLICATE_FIXED_BY_W,deduped_to_nonstop_ledger,W001-W420,P09,Deduped against docs/qc/NONSTOP_OWNER_WEAKNESS_LEDGER.csv and docs/qc/NONSTOP_OWNER_RESCUE_REPORT.md,No local code action remains for this risk; keep only provider/GitHub gates explicit.,ab069cc
R0858,RISK-CAT-22 Insights / recommendations / second-brain intelligence,no home/admin deadline insight,"реализовать grounded insights engine: source-backed insights, actionability, dismiss/archive, false-correlation guards",targeted unit/e2e + screenshot where visual + ledger evidence + git diff check,OPEN,DUPLICATE_FIXED_BY_W,deduped_to_nonstop_ledger,W001-W420,P09,Deduped against docs/qc/NONSTOP_OWNER_WEAKNESS_LEDGER.csv and docs/qc/NONSTOP_OWNER_RESCUE_REPORT.md,No local code action remains for this risk; keep only provider/GitHub gates explicit.,ab069cc
R0859,RISK-CAT-22 Insights / recommendations / second-brain intelligence,no confidence/why explanation,"реализовать grounded insights engine: source-backed insights, actionability, dismiss/archive, false-correlation guards",targeted unit/e2e + screenshot where visual + ledger evidence + git diff check,OPEN,DUPLICATE_FIXED_BY_W,deduped_to_nonstop_ledger,W001-W420,P09,Deduped against docs/qc/NONSTOP_OWNER_WEAKNESS_LEDGER.csv and docs/qc/NONSTOP_OWNER_RESCUE_REPORT.md,No local code action remains for this risk; keep only provider/GitHub gates explicit.,ab069cc
R0860,RISK-CAT-22 Insights / recommendations / second-brain intelligence,no user correction feedback,"реализовать grounded insights engine: source-backed insights, actionability, dismiss/archive, false-correlation guards",targeted unit/e2e + screenshot where visual + ledger evidence + git diff check,OPEN,DUPLICATE_FIXED_BY_W,deduped_to_nonstop_ledger,W001-W420,P09,Deduped against docs/qc/NONSTOP_OWNER_WEAKNESS_LEDGER.csv and docs/qc/NONSTOP_OWNER_RESCUE_REPORT.md,No local code action remains for this risk; keep only provider/GitHub gates explicit.,ab069cc
R0861,RISK-CAT-22 Insights / recommendations / second-brain intelligence,no insight archive/dismiss,"реализовать grounded insights engine: source-backed insights, actionability, dismiss/archive, false-correlation guards",targeted unit/e2e + screenshot where visual + ledger evidence + git diff check,OPEN,DUPLICATE_FIXED_BY_W,deduped_to_nonstop_ledger,W001-W420,P09,Deduped against docs/qc/NONSTOP_OWNER_WEAKNESS_LEDGER.csv and docs/qc/NONSTOP_OWNER_RESCUE_REPORT.md,No local code action remains for this risk; keep only provider/GitHub gates explicit.,ab069cc
R0862,RISK-CAT-22 Insights / recommendations / second-brain intelligence,no insight recurrence guard,"реализовать grounded insights engine: source-backed insights, actionability, dismiss/archive, false-correlation guards",targeted unit/e2e + screenshot where visual + ledger evidence + git diff check,OPEN,DUPLICATE_FIXED_BY_W,deduped_to_nonstop_ledger,W001-W420,P09,Deduped against docs/qc/NONSTOP_OWNER_WEAKNESS_LEDGER.csv and docs/qc/NONSTOP_OWNER_RESCUE_REPORT.md,No local code action remains for this risk; keep only provider/GitHub gates explicit.,ab069cc
R0863,RISK-CAT-22 Insights / recommendations / second-brain intelligence,no priority model,"реализовать grounded insights engine: source-backed insights, actionability, dismiss/archive, false-correlation guards",targeted unit/e2e + screenshot where visual + ledger evidence + git diff check,OPEN,DUPLICATE_FIXED_BY_W,deduped_to_nonstop_ledger,W001-W420,P09,Deduped against docs/qc/NONSTOP_OWNER_WEAKNESS_LEDGER.csv and docs/qc/NONSTOP_OWNER_RESCUE_REPORT.md,No local code action remains for this risk; keep only provider/GitHub gates explicit.,ab069cc
R0864,RISK-CAT-22 Insights / recommendations / second-brain intelligence,no due-soon/time-sensitive insights,"реализовать grounded insights engine: source-backed insights, actionability, dismiss/archive, false-correlation guards",targeted unit/e2e + screenshot where visual + ledger evidence + git diff check,OPEN,DUPLICATE_FIXED_BY_W,deduped_to_nonstop_ledger,W001-W420,P09,Deduped against docs/qc/NONSTOP_OWNER_WEAKNESS_LEDGER.csv and docs/qc/NONSTOP_OWNER_RESCUE_REPORT.md,No local code action remains for this risk; keep only provider/GitHub gates explicit.,ab069cc
R0865,RISK-CAT-22 Insights / recommendations / second-brain intelligence,no insight graph edges,"реализовать grounded insights engine: source-backed insights, actionability, dismiss/archive, false-correlation guards",targeted unit/e2e + screenshot where visual + ledger evidence + git diff check,OPEN,DUPLICATE_FIXED_BY_W,deduped_to_nonstop_ledger,W001-W420,P09,Deduped against docs/qc/NONSTOP_OWNER_WEAKNESS_LEDGER.csv and docs/qc/NONSTOP_OWNER_RESCUE_REPORT.md,No local code action remains for this risk; keep only provider/GitHub gates explicit.,ab069cc
R0866,RISK-CAT-22 Insights / recommendations / second-brain intelligence,no insight Data Control trail,"реализовать grounded insights engine: source-backed insights, actionability, dismiss/archive, false-correlation guards",targeted unit/e2e + screenshot where visual + ledger evidence + git diff check,OPEN,DUPLICATE_FIXED_BY_W,deduped_to_nonstop_ledger,W001-W420,P09,Deduped against docs/qc/NONSTOP_OWNER_WEAKNESS_LEDGER.csv and docs/qc/NONSTOP_OWNER_RESCUE_REPORT.md,No local code action remains for this risk; keep only provider/GitHub gates explicit.,ab069cc
R0867,RISK-CAT-22 Insights / recommendations / second-brain intelligence,no local/manual mode without AI,"реализовать grounded insights engine: source-backed insights, actionability, dismiss/archive, false-correlation guards",targeted unit/e2e + screenshot where visual + ledger evidence + git diff check,OPEN,DUPLICATE_FIXED_BY_W,deduped_to_nonstop_ledger,W001-W420,P09,Deduped against docs/qc/NONSTOP_OWNER_WEAKNESS_LEDGER.csv and docs/qc/NONSTOP_OWNER_RESCUE_REPORT.md,No local code action remains for this risk; keep only provider/GitHub gates explicit.,ab069cc
R0868,RISK-CAT-22 Insights / recommendations / second-brain intelligence,no AI-assisted mode with approval,"реализовать grounded insights engine: source-backed insights, actionability, dismiss/archive, false-correlation guards",targeted unit/e2e + screenshot where visual + ledger evidence + git diff check,OPEN,DUPLICATE_FIXED_BY_W,deduped_to_nonstop_ledger,W001-W420,P09,Deduped against docs/qc/NONSTOP_OWNER_WEAKNESS_LEDGER.csv and docs/qc/NONSTOP_OWNER_RESCUE_REPORT.md,No local code action remains for this risk; keep only provider/GitHub gates explicit.,ab069cc
R0869,RISK-CAT-22 Insights / recommendations / second-brain intelligence,no testing of insight quality fixtures,"реализовать grounded insights engine: source-backed insights, actionability, dismiss/archive, false-correlation guards",targeted unit/e2e + screenshot where visual + ledger evidence + git diff check,OPEN,DUPLICATE_FIXED_BY_W,deduped_to_nonstop_ledger,W001-W420,P09,Deduped against docs/qc/NONSTOP_OWNER_WEAKNESS_LEDGER.csv and docs/qc/NONSTOP_OWNER_RESCUE_REPORT.md,No local code action remains for this risk; keep only provider/GitHub gates explicit.,ab069cc
R0870,RISK-CAT-22 Insights / recommendations / second-brain intelligence,no false correlation guard,"реализовать grounded insights engine: source-backed insights, actionability, dismiss/archive, false-correlation guards",targeted unit/e2e + screenshot where visual + ledger evidence + git diff check,OPEN,DUPLICATE_FIXED_BY_W,deduped_to_nonstop_ledger,W001-W420,P09,Deduped against docs/qc/NONSTOP_OWNER_WEAKNESS_LEDGER.csv and docs/qc/NONSTOP_OWNER_RESCUE_REPORT.md,No local code action remains for this risk; keep only provider/GitHub gates explicit.,ab069cc
R0871,RISK-CAT-22 Insights / recommendations / second-brain intelligence,no harmful/shaming insight guard,"реализовать grounded insights engine: source-backed insights, actionability, dismiss/archive, false-correlation guards",targeted unit/e2e + screenshot where visual + ledger evidence + git diff check,OPEN,DUPLICATE_FIXED_BY_W,deduped_to_nonstop_ledger,W001-W420,P09,Deduped against docs/qc/NONSTOP_OWNER_WEAKNESS_LEDGER.csv and docs/qc/NONSTOP_OWNER_RESCUE_REPORT.md,No local code action remains for this risk; keep only provider/GitHub gates explicit.,ab069cc
R0872,RISK-CAT-22 Insights / recommendations / second-brain intelligence,no privacy scope for insights,"реализовать grounded insights engine: source-backed insights, actionability, dismiss/archive, false-correlation guards",targeted unit/e2e + screenshot where visual + ledger evidence + git diff check,OPEN,DUPLICATE_FIXED_BY_W,deduped_to_nonstop_ledger,W001-W420,P09,Deduped against docs/qc/NONSTOP_OWNER_WEAKNESS_LEDGER.csv and docs/qc/NONSTOP_OWNER_RESCUE_REPORT.md,No local code action remains for this risk; keep only provider/GitHub gates explicit.,ab069cc
R0873,RISK-CAT-22 Insights / recommendations / second-brain intelligence,no dashboard placement of insights,"реализовать grounded insights engine: source-backed insights, actionability, dismiss/archive, false-correlation guards",targeted unit/e2e + screenshot where visual + ledger evidence + git diff check,OPEN,DUPLICATE_FIXED_BY_W,deduped_to_nonstop_ledger,W001-W420,P09,Deduped against docs/qc/NONSTOP_OWNER_WEAKNESS_LEDGER.csv and docs/qc/NONSTOP_OWNER_RESCUE_REPORT.md,No local code action remains for this risk; keep only provider/GitHub gates explicit.,ab069cc
R0874,RISK-CAT-22 Insights / recommendations / second-brain intelligence,no insights linked to wheel of balance,"реализовать grounded insights engine: source-backed insights, actionability, dismiss/archive, false-correlation guards",targeted unit/e2e + screenshot where visual + ledger evidence + git diff check,OPEN,DUPLICATE_FIXED_BY_W,deduped_to_nonstop_ledger,W001-W420,P09,Deduped against docs/qc/NONSTOP_OWNER_WEAKNESS_LEDGER.csv and docs/qc/NONSTOP_OWNER_RESCUE_REPORT.md,No local code action remains for this risk; keep only provider/GitHub gates explicit.,ab069cc
R0875,RISK-CAT-22 Insights / recommendations / second-brain intelligence,no measure: acted/ignored/useful,"реализовать grounded insights engine: source-backed insights, actionability, dismiss/archive, false-correlation guards",targeted unit/e2e + screenshot where visual + ledger evidence + git diff check,OPEN,DUPLICATE_FIXED_BY_W,deduped_to_nonstop_ledger,W001-W420,P09,Deduped against docs/qc/NONSTOP_OWNER_WEAKNESS_LEDGER.csv and docs/qc/NONSTOP_OWNER_RESCUE_REPORT.md,No local code action remains for this risk; keep only provider/GitHub gates explicit.,ab069cc
R0876,RISK-CAT-22 Insights / recommendations / second-brain intelligence,no insight not repeating after dismissed,"реализовать grounded insights engine: source-backed insights, actionability, dismiss/archive, false-correlation guards",targeted unit/e2e + screenshot where visual + ledger evidence + git diff check,OPEN,DUPLICATE_FIXED_BY_W,deduped_to_nonstop_ledger,W001-W420,P09,Deduped against docs/qc/NONSTOP_OWNER_WEAKNESS_LEDGER.csv and docs/qc/NONSTOP_OWNER_RESCUE_REPORT.md,No local code action remains for this risk; keep only provider/GitHub gates explicit.,ab069cc
R0877,RISK-CAT-22 Insights / recommendations / second-brain intelligence,no cross-domain insight map,"реализовать grounded insights engine: source-backed insights, actionability, dismiss/archive, false-correlation guards",targeted unit/e2e + screenshot where visual + ledger evidence + git diff check,OPEN,DUPLICATE_FIXED_BY_W,deduped_to_nonstop_ledger,W001-W420,P09,Deduped against docs/qc/NONSTOP_OWNER_WEAKNESS_LEDGER.csv and docs/qc/NONSTOP_OWNER_RESCUE_REPORT.md,No local code action remains for this risk; keep only provider/GitHub gates explicit.,ab069cc
R0878,RISK-CAT-22 Insights / recommendations / second-brain intelligence,no source strength per insight,"реализовать grounded insights engine: source-backed insights, actionability, dismiss/archive, false-correlation guards",targeted unit/e2e + screenshot where visual + ledger evidence + git diff check,OPEN,DUPLICATE_FIXED_BY_W,deduped_to_nonstop_ledger,W001-W420,P09,Deduped against docs/qc/NONSTOP_OWNER_WEAKNESS_LEDGER.csv and docs/qc/NONSTOP_OWNER_RESCUE_REPORT.md,No local code action remains for this risk; keep only provider/GitHub gates explicit.,ab069cc
R0879,RISK-CAT-22 Insights / recommendations / second-brain intelligence,no review queue for insight proposals,"реализовать grounded insights engine: source-backed insights, actionability, dismiss/archive, false-correlation guards",targeted unit/e2e + screenshot where visual + ledger evidence + git diff check,OPEN,DUPLICATE_FIXED_BY_W,deduped_to_nonstop_ledger,W001-W420,P09,Deduped against docs/qc/NONSTOP_OWNER_WEAKNESS_LEDGER.csv and docs/qc/NONSTOP_OWNER_RESCUE_REPORT.md,No local code action remains for this risk; keep only provider/GitHub gates explicit.,ab069cc
R0880,RISK-CAT-22 Insights / recommendations / second-brain intelligence,no long-term knowledge evolution timeline,"реализовать grounded insights engine: source-backed insights, actionability, dismiss/archive, false-correlation guards",targeted unit/e2e + screenshot where visual + ledger evidence + git diff check,OPEN,DUPLICATE_FIXED_BY_W,deduped_to_nonstop_ledger,W001-W420,P09,Deduped against docs/qc/NONSTOP_OWNER_WEAKNESS_LEDGER.csv and docs/qc/NONSTOP_OWNER_RESCUE_REPORT.md,No local code action remains for this risk; keep only provider/GitHub gates explicit.,ab069cc
R0881,RISK-CAT-23 Life domains / health / home / food / travel / relationships,health data mixed with generic notes,"добавить доменные Artifact projections: health/home/food/travel/relationships with privacy, graph/control/tests",targeted unit/e2e + screenshot where visual + ledger evidence + git diff check,OPEN,DUPLICATE_FIXED_BY_W,deduped_to_nonstop_ledger,W001-W420,P22,Deduped against docs/qc/NONSTOP_OWNER_WEAKNESS_LEDGER.csv and docs/qc/NONSTOP_OWNER_RESCUE_REPORT.md,No local code action remains for this risk; keep only provider/GitHub gates explicit.,ab069cc
R0882,RISK-CAT-23 Life domains / health / home / food / travel / relationships,sleep/energy/stress not first-class signals,"добавить доменные Artifact projections: health/home/food/travel/relationships with privacy, graph/control/tests",targeted unit/e2e + screenshot where visual + ledger evidence + git diff check,OPEN,DUPLICATE_FIXED_BY_W,deduped_to_nonstop_ledger,W001-W420,P22,Deduped against docs/qc/NONSTOP_OWNER_WEAKNESS_LEDGER.csv and docs/qc/NONSTOP_OWNER_RESCUE_REPORT.md,No local code action remains for this risk; keep only provider/GitHub gates explicit.,ab069cc
R0883,RISK-CAT-23 Life domains / health / home / food / travel / relationships,symptom tracker not gated as non-medical,"добавить доменные Artifact projections: health/home/food/travel/relationships with privacy, graph/control/tests",targeted unit/e2e + screenshot where visual + ledger evidence + git diff check,OPEN,DUPLICATE_FIXED_BY_W,deduped_to_nonstop_ledger,W001-W420,P22,Deduped against docs/qc/NONSTOP_OWNER_WEAKNESS_LEDGER.csv and docs/qc/NONSTOP_OWNER_RESCUE_REPORT.md,No local code action remains for this risk; keep only provider/GitHub gates explicit.,ab069cc
R0884,RISK-CAT-23 Life domains / health / home / food / travel / relationships,medication reminders not modeled,"добавить доменные Artifact projections: health/home/food/travel/relationships with privacy, graph/control/tests",targeted unit/e2e + screenshot where visual + ledger evidence + git diff check,OPEN,DUPLICATE_FIXED_BY_W,deduped_to_nonstop_ledger,W001-W420,P06,Deduped against docs/qc/NONSTOP_OWNER_WEAKNESS_LEDGER.csv and docs/qc/NONSTOP_OWNER_RESCUE_REPORT.md,No local code action remains for this risk; keep only provider/GitHub gates explicit.,ab069cc
R0885,RISK-CAT-23 Life domains / health / home / food / travel / relationships,workout tasks not linked to energy/nutrition,"добавить доменные Artifact projections: health/home/food/travel/relationships with privacy, graph/control/tests",targeted unit/e2e + screenshot where visual + ledger evidence + git diff check,OPEN,DUPLICATE_FIXED_BY_W,deduped_to_nonstop_ledger,W001-W420,P06,Deduped against docs/qc/NONSTOP_OWNER_WEAKNESS_LEDGER.csv and docs/qc/NONSTOP_OWNER_RESCUE_REPORT.md,No local code action remains for this risk; keep only provider/GitHub gates explicit.,ab069cc
R0886,RISK-CAT-23 Life domains / health / home / food / travel / relationships,home tasks not linked to objects/rooms,"добавить доменные Artifact projections: health/home/food/travel/relationships with privacy, graph/control/tests",targeted unit/e2e + screenshot where visual + ledger evidence + git diff check,OPEN,DUPLICATE_FIXED_BY_W,deduped_to_nonstop_ledger,W001-W420,P06,Deduped against docs/qc/NONSTOP_OWNER_WEAKNESS_LEDGER.csv and docs/qc/NONSTOP_OWNER_RESCUE_REPORT.md,No local code action remains for this risk; keep only provider/GitHub gates explicit.,ab069cc
R0887,RISK-CAT-23 Life domains / health / home / food / travel / relationships,inventory absent,"добавить доменные Artifact projections: health/home/food/travel/relationships with privacy, graph/control/tests",targeted unit/e2e + screenshot where visual + ledger evidence + git diff check,OPEN,DUPLICATE_FIXED_BY_W,deduped_to_nonstop_ledger,W001-W420,P22,Deduped against docs/qc/NONSTOP_OWNER_WEAKNESS_LEDGER.csv and docs/qc/NONSTOP_OWNER_RESCUE_REPORT.md,No local code action remains for this risk; keep only provider/GitHub gates explicit.,ab069cc
R0888,RISK-CAT-23 Life domains / health / home / food / travel / relationships,pantry/expiration absent,"добавить доменные Artifact projections: health/home/food/travel/relationships with privacy, graph/control/tests",targeted unit/e2e + screenshot where visual + ledger evidence + git diff check,OPEN,DUPLICATE_FIXED_BY_W,deduped_to_nonstop_ledger,W001-W420,P22,Deduped against docs/qc/NONSTOP_OWNER_WEAKNESS_LEDGER.csv and docs/qc/NONSTOP_OWNER_RESCUE_REPORT.md,No local code action remains for this risk; keep only provider/GitHub gates explicit.,ab069cc
R0889,RISK-CAT-23 Life domains / health / home / food / travel / relationships,grocery list not tied to budget/meal plan,"добавить доменные Artifact projections: health/home/food/travel/relationships with privacy, graph/control/tests",targeted unit/e2e + screenshot where visual + ledger evidence + git diff check,OPEN,DUPLICATE_FIXED_BY_W,deduped_to_nonstop_ledger,W001-W420,P07,Deduped against docs/qc/NONSTOP_OWNER_WEAKNESS_LEDGER.csv and docs/qc/NONSTOP_OWNER_RESCUE_REPORT.md,No local code action remains for this risk; keep only provider/GitHub gates explicit.,ab069cc
R0890,RISK-CAT-23 Life domains / health / home / food / travel / relationships,meal plan not tied to calendar,"добавить доменные Artifact projections: health/home/food/travel/relationships with privacy, graph/control/tests",targeted unit/e2e + screenshot where visual + ledger evidence + git diff check,OPEN,DUPLICATE_FIXED_BY_W,deduped_to_nonstop_ledger,W001-W420,P06,Deduped against docs/qc/NONSTOP_OWNER_WEAKNESS_LEDGER.csv and docs/qc/NONSTOP_OWNER_RESCUE_REPORT.md,No local code action remains for this risk; keep only provider/GitHub gates explicit.,ab069cc
R0891,RISK-CAT-23 Life domains / health / home / food / travel / relationships,food spending not tied to nutrition,"добавить доменные Artifact projections: health/home/food/travel/relationships with privacy, graph/control/tests",targeted unit/e2e + screenshot where visual + ledger evidence + git diff check,OPEN,DUPLICATE_FIXED_BY_W,deduped_to_nonstop_ledger,W001-W420,P22,Deduped against docs/qc/NONSTOP_OWNER_WEAKNESS_LEDGER.csv and docs/qc/NONSTOP_OWNER_RESCUE_REPORT.md,No local code action remains for this risk; keep only provider/GitHub gates explicit.,ab069cc
R0892,RISK-CAT-23 Life domains / health / home / food / travel / relationships,travel object absent,"добавить доменные Artifact projections: health/home/food/travel/relationships with privacy, graph/control/tests",targeted unit/e2e + screenshot where visual + ledger evidence + git diff check,OPEN,DUPLICATE_FIXED_BY_W,deduped_to_nonstop_ledger,W001-W420,P22,Deduped against docs/qc/NONSTOP_OWNER_WEAKNESS_LEDGER.csv and docs/qc/NONSTOP_OWNER_RESCUE_REPORT.md,No local code action remains for this risk; keep only provider/GitHub gates explicit.,ab069cc
R0893,RISK-CAT-23 Life domains / health / home / food / travel / relationships,travel documents not linked to trip,"добавить доменные Artifact projections: health/home/food/travel/relationships with privacy, graph/control/tests",targeted unit/e2e + screenshot where visual + ledger evidence + git diff check,OPEN,DUPLICATE_FIXED_BY_W,deduped_to_nonstop_ledger,W001-W420,P22,Deduped against docs/qc/NONSTOP_OWNER_WEAKNESS_LEDGER.csv and docs/qc/NONSTOP_OWNER_RESCUE_REPORT.md,No local code action remains for this risk; keep only provider/GitHub gates explicit.,ab069cc
R0894,RISK-CAT-23 Life domains / health / home / food / travel / relationships,trip expenses not grouped,"добавить доменные Artifact projections: health/home/food/travel/relationships with privacy, graph/control/tests",targeted unit/e2e + screenshot where visual + ledger evidence + git diff check,OPEN,DUPLICATE_FIXED_BY_W,deduped_to_nonstop_ledger,W001-W420,P22,Deduped against docs/qc/NONSTOP_OWNER_WEAKNESS_LEDGER.csv and docs/qc/NONSTOP_OWNER_RESCUE_REPORT.md,No local code action remains for this risk; keep only provider/GitHub gates explicit.,ab069cc
R0895,RISK-CAT-23 Life domains / health / home / food / travel / relationships,packing list absent,"добавить доменные Artifact projections: health/home/food/travel/relationships with privacy, graph/control/tests",targeted unit/e2e + screenshot where visual + ledger evidence + git diff check,OPEN,DUPLICATE_FIXED_BY_W,deduped_to_nonstop_ledger,W001-W420,P22,Deduped against docs/qc/NONSTOP_OWNER_WEAKNESS_LEDGER.csv and docs/qc/NONSTOP_OWNER_RESCUE_REPORT.md,No local code action remains for this risk; keep only provider/GitHub gates explicit.,ab069cc
R0896,RISK-CAT-23 Life domains / health / home / food / travel / relationships,relationship follow-up absent,"добавить доменные Artifact projections: health/home/food/travel/relationships with privacy, graph/control/tests",targeted unit/e2e + screenshot where visual + ledger evidence + git diff check,OPEN,DUPLICATE_FIXED_BY_W,deduped_to_nonstop_ledger,W001-W420,P22,Deduped against docs/qc/NONSTOP_OWNER_WEAKNESS_LEDGER.csv and docs/qc/NONSTOP_OWNER_RESCUE_REPORT.md,No local code action remains for this risk; keep only provider/GitHub gates explicit.,ab069cc
R0897,RISK-CAT-23 Life domains / health / home / food / travel / relationships,birthdays/gifts absent,"добавить доменные Artifact projections: health/home/food/travel/relationships with privacy, graph/control/tests",targeted unit/e2e + screenshot where visual + ledger evidence + git diff check,OPEN,DUPLICATE_FIXED_BY_W,deduped_to_nonstop_ledger,W001-W420,P22,Deduped against docs/qc/NONSTOP_OWNER_WEAKNESS_LEDGER.csv and docs/qc/NONSTOP_OWNER_RESCUE_REPORT.md,No local code action remains for this risk; keep only provider/GitHub gates explicit.,ab069cc
R0898,RISK-CAT-23 Life domains / health / home / food / travel / relationships,social debts/follow-ups not tracked,"добавить доменные Artifact projections: health/home/food/travel/relationships with privacy, graph/control/tests",targeted unit/e2e + screenshot where visual + ledger evidence + git diff check,OPEN,DUPLICATE_FIXED_BY_W,deduped_to_nonstop_ledger,W001-W420,P22,Deduped against docs/qc/NONSTOP_OWNER_WEAKNESS_LEDGER.csv and docs/qc/NONSTOP_OWNER_RESCUE_REPORT.md,No local code action remains for this risk; keep only provider/GitHub gates explicit.,ab069cc
R0899,RISK-CAT-23 Life domains / health / home / food / travel / relationships,family shared mode not scoped,"добавить доменные Artifact projections: health/home/food/travel/relationships with privacy, graph/control/tests",targeted unit/e2e + screenshot where visual + ledger evidence + git diff check,OPEN,DUPLICATE_FIXED_BY_W,deduped_to_nonstop_ledger,W001-W420,P22,Deduped against docs/qc/NONSTOP_OWNER_WEAKNESS_LEDGER.csv and docs/qc/NONSTOP_OWNER_RESCUE_REPORT.md,No local code action remains for this risk; keep only provider/GitHub gates explicit.,ab069cc
R0900,RISK-CAT-23 Life domains / health / home / food / travel / relationships,home maintenance schedule absent,"добавить доменные Artifact projections: health/home/food/travel/relationships with privacy, graph/control/tests",targeted unit/e2e + screenshot where visual + ledger evidence + git diff check,OPEN,DUPLICATE_FIXED_BY_W,deduped_to_nonstop_ledger,W001-W420,P22,Deduped against docs/qc/NONSTOP_OWNER_WEAKNESS_LEDGER.csv and docs/qc/NONSTOP_OWNER_RESCUE_REPORT.md,No local code action remains for this risk; keep only provider/GitHub gates explicit.,ab069cc
R0901,RISK-CAT-23 Life domains / health / home / food / travel / relationships,car/service reminders absent,"добавить доменные Artifact projections: health/home/food/travel/relationships with privacy, graph/control/tests",targeted unit/e2e + screenshot where visual + ledger evidence + git diff check,OPEN,DUPLICATE_FIXED_BY_W,deduped_to_nonstop_ledger,W001-W420,P06,Deduped against docs/qc/NONSTOP_OWNER_WEAKNESS_LEDGER.csv and docs/qc/NONSTOP_OWNER_RESCUE_REPORT.md,No local code action remains for this risk; keep only provider/GitHub gates explicit.,ab069cc
R0902,RISK-CAT-23 Life domains / health / home / food / travel / relationships,house documents absent,"добавить доменные Artifact projections: health/home/food/travel/relationships with privacy, graph/control/tests",targeted unit/e2e + screenshot where visual + ledger evidence + git diff check,OPEN,DUPLICATE_FIXED_BY_W,deduped_to_nonstop_ledger,W001-W420,P22,Deduped against docs/qc/NONSTOP_OWNER_WEAKNESS_LEDGER.csv and docs/qc/NONSTOP_OWNER_RESCUE_REPORT.md,No local code action remains for this risk; keep only provider/GitHub gates explicit.,ab069cc
R0903,RISK-CAT-23 Life domains / health / home / food / travel / relationships,warranty/receipt objects absent,"добавить доменные Artifact projections: health/home/food/travel/relationships with privacy, graph/control/tests",targeted unit/e2e + screenshot where visual + ledger evidence + git diff check,OPEN,DUPLICATE_FIXED_BY_W,deduped_to_nonstop_ledger,W001-W420,P07,Deduped against docs/qc/NONSTOP_OWNER_WEAKNESS_LEDGER.csv and docs/qc/NONSTOP_OWNER_RESCUE_REPORT.md,No local code action remains for this risk; keep only provider/GitHub gates explicit.,ab069cc
R0904,RISK-CAT-23 Life domains / health / home / food / travel / relationships,health privacy zones absent,"добавить доменные Artifact projections: health/home/food/travel/relationships with privacy, graph/control/tests",targeted unit/e2e + screenshot where visual + ledger evidence + git diff check,OPEN,DUPLICATE_FIXED_BY_W,deduped_to_nonstop_ledger,W001-W420,P19,Deduped against docs/qc/NONSTOP_OWNER_WEAKNESS_LEDGER.csv and docs/qc/NONSTOP_OWNER_RESCUE_REPORT.md,No local code action remains for this risk; keep only provider/GitHub gates explicit.,ab069cc
R0905,RISK-CAT-23 Life domains / health / home / food / travel / relationships,fitness/habit/goals not integrated,"добавить доменные Artifact projections: health/home/food/travel/relationships with privacy, graph/control/tests",targeted unit/e2e + screenshot where visual + ledger evidence + git diff check,OPEN,DUPLICATE_FIXED_BY_W,deduped_to_nonstop_ledger,W001-W420,P08,Deduped against docs/qc/NONSTOP_OWNER_WEAKNESS_LEDGER.csv and docs/qc/NONSTOP_OWNER_RESCUE_REPORT.md,No local code action remains for this risk; keep only provider/GitHub gates explicit.,ab069cc
R0906,RISK-CAT-23 Life domains / health / home / food / travel / relationships,mood journal absent,"добавить доменные Artifact projections: health/home/food/travel/relationships with privacy, graph/control/tests",targeted unit/e2e + screenshot where visual + ledger evidence + git diff check,OPEN,DUPLICATE_FIXED_BY_W,deduped_to_nonstop_ledger,W001-W420,P22,Deduped against docs/qc/NONSTOP_OWNER_WEAKNESS_LEDGER.csv and docs/qc/NONSTOP_OWNER_RESCUE_REPORT.md,No local code action remains for this risk; keep only provider/GitHub gates explicit.,ab069cc
R0907,RISK-CAT-23 Life domains / health / home / food / travel / relationships,resource-aware day planning absent,"добавить доменные Artifact projections: health/home/food/travel/relationships with privacy, graph/control/tests",targeted unit/e2e + screenshot where visual + ledger evidence + git diff check,OPEN,DUPLICATE_FIXED_BY_W,deduped_to_nonstop_ledger,W001-W420,P22,Deduped against docs/qc/NONSTOP_OWNER_WEAKNESS_LEDGER.csv and docs/qc/NONSTOP_OWNER_RESCUE_REPORT.md,No local code action remains for this risk; keep only provider/GitHub gates explicit.,ab069cc
R0908,RISK-CAT-23 Life domains / health / home / food / travel / relationships,zero-resource mode absent,"добавить доменные Artifact projections: health/home/food/travel/relationships with privacy, graph/control/tests",targeted unit/e2e + screenshot where visual + ledger evidence + git diff check,OPEN,DUPLICATE_FIXED_BY_W,deduped_to_nonstop_ledger,W001-W420,P22,Deduped against docs/qc/NONSTOP_OWNER_WEAKNESS_LEDGER.csv and docs/qc/NONSTOP_OWNER_RESCUE_REPORT.md,No local code action remains for this risk; keep only provider/GitHub gates explicit.,ab069cc
R0909,RISK-CAT-23 Life domains / health / home / food / travel / relationships,wheel of balance domains not tied to data,"добавить доменные Artifact projections: health/home/food/travel/relationships with privacy, graph/control/tests",targeted unit/e2e + screenshot where visual + ledger evidence + git diff check,OPEN,DUPLICATE_FIXED_BY_W,deduped_to_nonstop_ledger,W001-W420,P22,Deduped against docs/qc/NONSTOP_OWNER_WEAKNESS_LEDGER.csv and docs/qc/NONSTOP_OWNER_RESCUE_REPORT.md,No local code action remains for this risk; keep only provider/GitHub gates explicit.,ab069cc
R0910,RISK-CAT-23 Life domains / health / home / food / travel / relationships,domain dashboards are disconnected,"добавить доменные Artifact projections: health/home/food/travel/relationships with privacy, graph/control/tests",targeted unit/e2e + screenshot where visual + ledger evidence + git diff check,OPEN,DUPLICATE_FIXED_BY_W,deduped_to_nonstop_ledger,W001-W420,P22,Deduped against docs/qc/NONSTOP_OWNER_WEAKNESS_LEDGER.csv and docs/qc/NONSTOP_OWNER_RESCUE_REPORT.md,No local code action remains for this risk; keep only provider/GitHub gates explicit.,ab069cc
R0911,RISK-CAT-23 Life domains / health / home / food / travel / relationships,domain objects not graph-linked,"добавить доменные Artifact projections: health/home/food/travel/relationships with privacy, graph/control/tests",targeted unit/e2e + screenshot where visual + ledger evidence + git diff check,OPEN,DUPLICATE_FIXED_BY_W,deduped_to_nonstop_ledger,W001-W420,P12,Deduped against docs/qc/NONSTOP_OWNER_WEAKNESS_LEDGER.csv and docs/qc/NONSTOP_OWNER_RESCUE_REPORT.md,No local code action remains for this risk; keep only provider/GitHub gates explicit.,ab069cc
R0912,RISK-CAT-23 Life domains / health / home / food / travel / relationships,domain metrics not explained,"добавить доменные Artifact projections: health/home/food/travel/relationships with privacy, graph/control/tests",targeted unit/e2e + screenshot where visual + ledger evidence + git diff check,OPEN,DUPLICATE_FIXED_BY_W,deduped_to_nonstop_ledger,W001-W420,P22,Deduped against docs/qc/NONSTOP_OWNER_WEAKNESS_LEDGER.csv and docs/qc/NONSTOP_OWNER_RESCUE_REPORT.md,No local code action remains for this risk; keep only provider/GitHub gates explicit.,ab069cc
R0913,RISK-CAT-23 Life domains / health / home / food / travel / relationships,domain setup too heavy,"добавить доменные Artifact projections: health/home/food/travel/relationships with privacy, graph/control/tests",targeted unit/e2e + screenshot where visual + ledger evidence + git diff check,OPEN,DUPLICATE_FIXED_BY_W,deduped_to_nonstop_ledger,W001-W420,P22,Deduped against docs/qc/NONSTOP_OWNER_WEAKNESS_LEDGER.csv and docs/qc/NONSTOP_OWNER_RESCUE_REPORT.md,No local code action remains for this risk; keep only provider/GitHub gates explicit.,ab069cc
R0914,RISK-CAT-23 Life domains / health / home / food / travel / relationships,domain empty states not actionable,"добавить доменные Artifact projections: health/home/food/travel/relationships with privacy, graph/control/tests",targeted unit/e2e + screenshot where visual + ledger evidence + git diff check,OPEN,DUPLICATE_FIXED_BY_W,deduped_to_nonstop_ledger,W001-W420,P22,Deduped against docs/qc/NONSTOP_OWNER_WEAKNESS_LEDGER.csv and docs/qc/NONSTOP_OWNER_RESCUE_REPORT.md,No local code action remains for this risk; keep only provider/GitHub gates explicit.,ab069cc
R0915,RISK-CAT-23 Life domains / health / home / food / travel / relationships,domain export not complete,"добавить доменные Artifact projections: health/home/food/travel/relationships with privacy, graph/control/tests",targeted unit/e2e + screenshot where visual + ledger evidence + git diff check,OPEN,DUPLICATE_FIXED_BY_W,deduped_to_nonstop_ledger,W001-W420,P15,Deduped against docs/qc/NONSTOP_OWNER_WEAKNESS_LEDGER.csv and docs/qc/NONSTOP_OWNER_RESCUE_REPORT.md,No local code action remains for this risk; keep only provider/GitHub gates explicit.,ab069cc
R0916,RISK-CAT-23 Life domains / health / home / food / travel / relationships,domain Data Control missing,"добавить доменные Artifact projections: health/home/food/travel/relationships with privacy, graph/control/tests",targeted unit/e2e + screenshot where visual + ledger evidence + git diff check,OPEN,DUPLICATE_FIXED_BY_W,deduped_to_nonstop_ledger,W001-W420,P15,Deduped against docs/qc/NONSTOP_OWNER_WEAKNESS_LEDGER.csv and docs/qc/NONSTOP_OWNER_RESCUE_REPORT.md,No local code action remains for this risk; keep only provider/GitHub gates explicit.,ab069cc
R0917,RISK-CAT-23 Life domains / health / home / food / travel / relationships,domain permissions missing,"добавить доменные Artifact projections: health/home/food/travel/relationships with privacy, graph/control/tests",targeted unit/e2e + screenshot where visual + ledger evidence + git diff check,OPEN,DUPLICATE_FIXED_BY_W,deduped_to_nonstop_ledger,W001-W420,P22,Deduped against docs/qc/NONSTOP_OWNER_WEAKNESS_LEDGER.csv and docs/qc/NONSTOP_OWNER_RESCUE_REPORT.md,No local code action remains for this risk; keep only provider/GitHub gates explicit.,ab069cc
R0918,RISK-CAT-23 Life domains / health / home / food / travel / relationships,domain fixtures missing,"добавить доменные Artifact projections: health/home/food/travel/relationships with privacy, graph/control/tests",targeted unit/e2e + screenshot where visual + ledger evidence + git diff check,OPEN,DUPLICATE_FIXED_BY_W,deduped_to_nonstop_ledger,W001-W420,P20,Deduped against docs/qc/NONSTOP_OWNER_WEAKNESS_LEDGER.csv and docs/qc/NONSTOP_OWNER_RESCUE_REPORT.md,No local code action remains for this risk; keep only provider/GitHub gates explicit.,ab069cc
R0919,RISK-CAT-23 Life domains / health / home / food / travel / relationships,domain mobile capture missing,"добавить доменные Artifact projections: health/home/food/travel/relationships with privacy, graph/control/tests",targeted unit/e2e + screenshot where visual + ledger evidence + git diff check,OPEN,DUPLICATE_FIXED_BY_W,deduped_to_nonstop_ledger,W001-W420,P03,Deduped against docs/qc/NONSTOP_OWNER_WEAKNESS_LEDGER.csv and docs/qc/NONSTOP_OWNER_RESCUE_REPORT.md,No local code action remains for this risk; keep only provider/GitHub gates explicit.,ab069cc
R0920,RISK-CAT-23 Life domains / health / home / food / travel / relationships,domain review rituals missing,"добавить доменные Artifact projections: health/home/food/travel/relationships with privacy, graph/control/tests",targeted unit/e2e + screenshot where visual + ledger evidence + git diff check,OPEN,DUPLICATE_FIXED_BY_W,deduped_to_nonstop_ledger,W001-W420,P22,Deduped against docs/qc/NONSTOP_OWNER_WEAKNESS_LEDGER.csv and docs/qc/NONSTOP_OWNER_RESCUE_REPORT.md,No local code action remains for this risk; keep only provider/GitHub gates explicit.,ab069cc
R0921,RISK-CAT-24 Errors / migrations / corruption / recovery,old IndexedDB state keeps old cockpit,"реализовать error/migration/recovery system: empty/loading/error states, reversible migrations, repair/export prompts",targeted unit/e2e + screenshot where visual + ledger evidence + git diff check,OPEN,DUPLICATE_FIXED_BY_W,deduped_to_nonstop_ledger,W001-W420,P02,Deduped against docs/qc/NONSTOP_OWNER_WEAKNESS_LEDGER.csv and docs/qc/NONSTOP_OWNER_RESCUE_REPORT.md,No local code action remains for this risk; keep only provider/GitHub gates explicit.,ab069cc
R0922,RISK-CAT-24 Errors / migrations / corruption / recovery,migration silently drops data,"реализовать error/migration/recovery system: empty/loading/error states, reversible migrations, repair/export prompts",targeted unit/e2e + screenshot where visual + ledger evidence + git diff check,OPEN,DUPLICATE_FIXED_BY_W,deduped_to_nonstop_ledger,W001-W420,P15,Deduped against docs/qc/NONSTOP_OWNER_WEAKNESS_LEDGER.csv and docs/qc/NONSTOP_OWNER_RESCUE_REPORT.md,No local code action remains for this risk; keep only provider/GitHub gates explicit.,ab069cc
R0923,RISK-CAT-24 Errors / migrations / corruption / recovery,migration creates duplicate objects,"реализовать error/migration/recovery system: empty/loading/error states, reversible migrations, repair/export prompts",targeted unit/e2e + screenshot where visual + ledger evidence + git diff check,OPEN,DUPLICATE_FIXED_BY_W,deduped_to_nonstop_ledger,W001-W420,P15,Deduped against docs/qc/NONSTOP_OWNER_WEAKNESS_LEDGER.csv and docs/qc/NONSTOP_OWNER_RESCUE_REPORT.md,No local code action remains for this risk; keep only provider/GitHub gates explicit.,ab069cc
R0924,RISK-CAT-24 Errors / migrations / corruption / recovery,migration doesn't log receipt,"реализовать error/migration/recovery system: empty/loading/error states, reversible migrations, repair/export prompts",targeted unit/e2e + screenshot where visual + ledger evidence + git diff check,OPEN,DUPLICATE_FIXED_BY_W,deduped_to_nonstop_ledger,W001-W420,P07,Deduped against docs/qc/NONSTOP_OWNER_WEAKNESS_LEDGER.csv and docs/qc/NONSTOP_OWNER_RESCUE_REPORT.md,No local code action remains for this risk; keep only provider/GitHub gates explicit.,ab069cc
R0925,RISK-CAT-24 Errors / migrations / corruption / recovery,migration not reversible,"реализовать error/migration/recovery system: empty/loading/error states, reversible migrations, repair/export prompts",targeted unit/e2e + screenshot where visual + ledger evidence + git diff check,OPEN,DUPLICATE_FIXED_BY_W,deduped_to_nonstop_ledger,W001-W420,P15,Deduped against docs/qc/NONSTOP_OWNER_WEAKNESS_LEDGER.csv and docs/qc/NONSTOP_OWNER_RESCUE_REPORT.md,No local code action remains for this risk; keep only provider/GitHub gates explicit.,ab069cc
R0926,RISK-CAT-24 Errors / migrations / corruption / recovery,schema changes broad and unsafe,"реализовать error/migration/recovery system: empty/loading/error states, reversible migrations, repair/export prompts",targeted unit/e2e + screenshot where visual + ledger evidence + git diff check,OPEN,DUPLICATE_FIXED_BY_W,deduped_to_nonstop_ledger,W001-W420,P04,Deduped against docs/qc/NONSTOP_OWNER_WEAKNESS_LEDGER.csv and docs/qc/NONSTOP_OWNER_RESCUE_REPORT.md,No local code action remains for this risk; keep only provider/GitHub gates explicit.,ab069cc
R0927,RISK-CAT-24 Errors / migrations / corruption / recovery,empty states show blank panels,"реализовать error/migration/recovery system: empty/loading/error states, reversible migrations, repair/export prompts",targeted unit/e2e + screenshot where visual + ledger evidence + git diff check,OPEN,DUPLICATE_FIXED_BY_W,deduped_to_nonstop_ledger,W001-W420,P15,Deduped against docs/qc/NONSTOP_OWNER_WEAKNESS_LEDGER.csv and docs/qc/NONSTOP_OWNER_RESCUE_REPORT.md,No local code action remains for this risk; keep only provider/GitHub gates explicit.,ab069cc
R0928,RISK-CAT-24 Errors / migrations / corruption / recovery,load errors hidden,"реализовать error/migration/recovery system: empty/loading/error states, reversible migrations, repair/export prompts",targeted unit/e2e + screenshot where visual + ledger evidence + git diff check,OPEN,DUPLICATE_FIXED_BY_W,deduped_to_nonstop_ledger,W001-W420,P15,Deduped against docs/qc/NONSTOP_OWNER_WEAKNESS_LEDGER.csv and docs/qc/NONSTOP_OWNER_RESCUE_REPORT.md,No local code action remains for this risk; keep only provider/GitHub gates explicit.,ab069cc
R0929,RISK-CAT-24 Errors / migrations / corruption / recovery,parse errors lose input,"реализовать error/migration/recovery system: empty/loading/error states, reversible migrations, repair/export prompts",targeted unit/e2e + screenshot where visual + ledger evidence + git diff check,OPEN,DUPLICATE_FIXED_BY_W,deduped_to_nonstop_ledger,W001-W420,P15,Deduped against docs/qc/NONSTOP_OWNER_WEAKNESS_LEDGER.csv and docs/qc/NONSTOP_OWNER_RESCUE_REPORT.md,No local code action remains for this risk; keep only provider/GitHub gates explicit.,ab069cc
R0930,RISK-CAT-24 Errors / migrations / corruption / recovery,file import errors vague,"реализовать error/migration/recovery system: empty/loading/error states, reversible migrations, repair/export prompts",targeted unit/e2e + screenshot where visual + ledger evidence + git diff check,OPEN,DUPLICATE_FIXED_BY_W,deduped_to_nonstop_ledger,W001-W420,P15,Deduped against docs/qc/NONSTOP_OWNER_WEAKNESS_LEDGER.csv and docs/qc/NONSTOP_OWNER_RESCUE_REPORT.md,No local code action remains for this risk; keep only provider/GitHub gates explicit.,ab069cc
R0931,RISK-CAT-24 Errors / migrations / corruption / recovery,audio import errors vague,"реализовать error/migration/recovery system: empty/loading/error states, reversible migrations, repair/export prompts",targeted unit/e2e + screenshot where visual + ledger evidence + git diff check,OPEN,DUPLICATE_FIXED_BY_W,deduped_to_nonstop_ledger,W001-W420,P11,Deduped against docs/qc/NONSTOP_OWNER_WEAKNESS_LEDGER.csv and docs/qc/NONSTOP_OWNER_RESCUE_REPORT.md,No local code action remains for this risk; keep only provider/GitHub gates explicit.,ab069cc
R0932,RISK-CAT-24 Errors / migrations / corruption / recovery,storage quota errors not handled,"реализовать error/migration/recovery system: empty/loading/error states, reversible migrations, repair/export prompts",targeted unit/e2e + screenshot where visual + ledger evidence + git diff check,OPEN,DUPLICATE_FIXED_BY_W,deduped_to_nonstop_ledger,W001-W420,P15,Deduped against docs/qc/NONSTOP_OWNER_WEAKNESS_LEDGER.csv and docs/qc/NONSTOP_OWNER_RESCUE_REPORT.md,No local code action remains for this risk; keep only provider/GitHub gates explicit.,ab069cc
R0933,RISK-CAT-24 Errors / migrations / corruption / recovery,provider errors too technical,"реализовать error/migration/recovery system: empty/loading/error states, reversible migrations, repair/export prompts",targeted unit/e2e + screenshot where visual + ledger evidence + git diff check,OPEN,FIXED_BY_HONEST_PROVIDER_GATE_WITH_UI_AND_TEST,direct_status,W401-W420,P14,"Provider/OAuth gates are explicit in Providers/Data Control: no fake success, prepare/revoke controls, provider-run audit, owner e2e provider evidence.",No local code action remains for this risk; keep only provider/GitHub gates explicit.,ab069cc
R0934,RISK-CAT-24 Errors / migrations / corruption / recovery,graph render errors break page,"реализовать error/migration/recovery system: empty/loading/error states, reversible migrations, repair/export prompts",targeted unit/e2e + screenshot where visual + ledger evidence + git diff check,OPEN,DUPLICATE_FIXED_BY_W,deduped_to_nonstop_ledger,W001-W420,P12,Deduped against docs/qc/NONSTOP_OWNER_WEAKNESS_LEDGER.csv and docs/qc/NONSTOP_OWNER_RESCUE_REPORT.md,No local code action remains for this risk; keep only provider/GitHub gates explicit.,ab069cc
R0935,RISK-CAT-24 Errors / migrations / corruption / recovery,calendar time parse errors not reviewable,"реализовать error/migration/recovery system: empty/loading/error states, reversible migrations, repair/export prompts",targeted unit/e2e + screenshot where visual + ledger evidence + git diff check,OPEN,DUPLICATE_FIXED_BY_W,deduped_to_nonstop_ledger,W001-W420,P06,Deduped against docs/qc/NONSTOP_OWNER_WEAKNESS_LEDGER.csv and docs/qc/NONSTOP_OWNER_RESCUE_REPORT.md,No local code action remains for this risk; keep only provider/GitHub gates explicit.,ab069cc
R0936,RISK-CAT-24 Errors / migrations / corruption / recovery,finance parse errors misapply money,"реализовать error/migration/recovery system: empty/loading/error states, reversible migrations, repair/export prompts",targeted unit/e2e + screenshot where visual + ledger evidence + git diff check,OPEN,DUPLICATE_FIXED_BY_W,deduped_to_nonstop_ledger,W001-W420,P05,Deduped against docs/qc/NONSTOP_OWNER_WEAKNESS_LEDGER.csv and docs/qc/NONSTOP_OWNER_RESCUE_REPORT.md,No local code action remains for this risk; keep only provider/GitHub gates explicit.,ab069cc
R0937,RISK-CAT-24 Errors / migrations / corruption / recovery,apply all failure partial without recovery,"реализовать error/migration/recovery system: empty/loading/error states, reversible migrations, repair/export prompts",targeted unit/e2e + screenshot where visual + ledger evidence + git diff check,OPEN,DUPLICATE_FIXED_BY_W,deduped_to_nonstop_ledger,W001-W420,P05,Deduped against docs/qc/NONSTOP_OWNER_WEAKNESS_LEDGER.csv and docs/qc/NONSTOP_OWNER_RESCUE_REPORT.md,No local code action remains for this risk; keep only provider/GitHub gates explicit.,ab069cc
R0938,RISK-CAT-24 Errors / migrations / corruption / recovery,archive/restore failure lacks guidance,"реализовать error/migration/recovery system: empty/loading/error states, reversible migrations, repair/export prompts",targeted unit/e2e + screenshot where visual + ledger evidence + git diff check,OPEN,DUPLICATE_FIXED_BY_W,deduped_to_nonstop_ledger,W001-W420,P15,Deduped against docs/qc/NONSTOP_OWNER_WEAKNESS_LEDGER.csv and docs/qc/NONSTOP_OWNER_RESCUE_REPORT.md,No local code action remains for this risk; keep only provider/GitHub gates explicit.,ab069cc
R0939,RISK-CAT-24 Errors / migrations / corruption / recovery,delete preview mismatch,"реализовать error/migration/recovery system: empty/loading/error states, reversible migrations, repair/export prompts",targeted unit/e2e + screenshot where visual + ledger evidence + git diff check,OPEN,DUPLICATE_FIXED_BY_W,deduped_to_nonstop_ledger,W001-W420,P15,Deduped against docs/qc/NONSTOP_OWNER_WEAKNESS_LEDGER.csv and docs/qc/NONSTOP_OWNER_RESCUE_REPORT.md,No local code action remains for this risk; keep only provider/GitHub gates explicit.,ab069cc
R0940,RISK-CAT-24 Errors / migrations / corruption / recovery,export failure no retry,"реализовать error/migration/recovery system: empty/loading/error states, reversible migrations, repair/export prompts",targeted unit/e2e + screenshot where visual + ledger evidence + git diff check,OPEN,DUPLICATE_FIXED_BY_W,deduped_to_nonstop_ledger,W001-W420,P15,Deduped against docs/qc/NONSTOP_OWNER_WEAKNESS_LEDGER.csv and docs/qc/NONSTOP_OWNER_RESCUE_REPORT.md,No local code action remains for this risk; keep only provider/GitHub gates explicit.,ab069cc
R0941,RISK-CAT-24 Errors / migrations / corruption / recovery,import restore conflict unresolved,"реализовать error/migration/recovery system: empty/loading/error states, reversible migrations, repair/export prompts",targeted unit/e2e + screenshot where visual + ledger evidence + git diff check,OPEN,DUPLICATE_FIXED_BY_W,deduped_to_nonstop_ledger,W001-W420,P15,Deduped against docs/qc/NONSTOP_OWNER_WEAKNESS_LEDGER.csv and docs/qc/NONSTOP_OWNER_RESCUE_REPORT.md,No local code action remains for this risk; keep only provider/GitHub gates explicit.,ab069cc
R0942,RISK-CAT-24 Errors / migrations / corruption / recovery,stale cache after deploy,"реализовать error/migration/recovery system: empty/loading/error states, reversible migrations, repair/export prompts",targeted unit/e2e + screenshot where visual + ledger evidence + git diff check,OPEN,DUPLICATE_FIXED_BY_W,deduped_to_nonstop_ledger,W001-W420,P15,Deduped against docs/qc/NONSTOP_OWNER_WEAKNESS_LEDGER.csv and docs/qc/NONSTOP_OWNER_RESCUE_REPORT.md,No local code action remains for this risk; keep only provider/GitHub gates explicit.,ab069cc
R0943,RISK-CAT-24 Errors / migrations / corruption / recovery,browser reload loses unsaved input,"реализовать error/migration/recovery system: empty/loading/error states, reversible migrations, repair/export prompts",targeted unit/e2e + screenshot where visual + ledger evidence + git diff check,OPEN,DUPLICATE_FIXED_BY_W,deduped_to_nonstop_ledger,W001-W420,P15,Deduped against docs/qc/NONSTOP_OWNER_WEAKNESS_LEDGER.csv and docs/qc/NONSTOP_OWNER_RESCUE_REPORT.md,No local code action remains for this risk; keep only provider/GitHub gates explicit.,ab069cc
R0944,RISK-CAT-24 Errors / migrations / corruption / recovery,autosave overwrites manually edited content,"реализовать error/migration/recovery system: empty/loading/error states, reversible migrations, repair/export prompts",targeted unit/e2e + screenshot where visual + ledger evidence + git diff check,OPEN,DUPLICATE_FIXED_BY_W,deduped_to_nonstop_ledger,W001-W420,P15,Deduped against docs/qc/NONSTOP_OWNER_WEAKNESS_LEDGER.csv and docs/qc/NONSTOP_OWNER_RESCUE_REPORT.md,No local code action remains for this risk; keep only provider/GitHub gates explicit.,ab069cc
R0945,RISK-CAT-24 Errors / migrations / corruption / recovery,concurrent tabs create conflicts,"реализовать error/migration/recovery system: empty/loading/error states, reversible migrations, repair/export prompts",targeted unit/e2e + screenshot where visual + ledger evidence + git diff check,OPEN,DUPLICATE_FIXED_BY_W,deduped_to_nonstop_ledger,W001-W420,P15,Deduped against docs/qc/NONSTOP_OWNER_WEAKNESS_LEDGER.csv and docs/qc/NONSTOP_OWNER_RESCUE_REPORT.md,No local code action remains for this risk; keep only provider/GitHub gates explicit.,ab069cc
R0946,RISK-CAT-24 Errors / migrations / corruption / recovery,date/time localization bugs,"реализовать error/migration/recovery system: empty/loading/error states, reversible migrations, repair/export prompts",targeted unit/e2e + screenshot where visual + ledger evidence + git diff check,OPEN,DUPLICATE_FIXED_BY_W,deduped_to_nonstop_ledger,W001-W420,P15,Deduped against docs/qc/NONSTOP_OWNER_WEAKNESS_LEDGER.csv and docs/qc/NONSTOP_OWNER_RESCUE_REPORT.md,No local code action remains for this risk; keep only provider/GitHub gates explicit.,ab069cc
R0947,RISK-CAT-24 Errors / migrations / corruption / recovery,negative/zero amounts mishandled,"реализовать error/migration/recovery system: empty/loading/error states, reversible migrations, repair/export prompts",targeted unit/e2e + screenshot where visual + ledger evidence + git diff check,OPEN,DUPLICATE_FIXED_BY_W,deduped_to_nonstop_ledger,W001-W420,P15,Deduped against docs/qc/NONSTOP_OWNER_WEAKNESS_LEDGER.csv and docs/qc/NONSTOP_OWNER_RESCUE_REPORT.md,No local code action remains for this risk; keep only provider/GitHub gates explicit.,ab069cc
R0948,RISK-CAT-24 Errors / migrations / corruption / recovery,malformed files crash parser,"реализовать error/migration/recovery system: empty/loading/error states, reversible migrations, repair/export prompts",targeted unit/e2e + screenshot where visual + ledger evidence + git diff check,OPEN,DUPLICATE_FIXED_BY_W,deduped_to_nonstop_ledger,W001-W420,P15,Deduped against docs/qc/NONSTOP_OWNER_WEAKNESS_LEDGER.csv and docs/qc/NONSTOP_OWNER_RESCUE_REPORT.md,No local code action remains for this risk; keep only provider/GitHub gates explicit.,ab069cc
R0949,RISK-CAT-24 Errors / migrations / corruption / recovery,unsupported MIME not gated,"реализовать error/migration/recovery system: empty/loading/error states, reversible migrations, repair/export prompts",targeted unit/e2e + screenshot where visual + ledger evidence + git diff check,OPEN,DUPLICATE_FIXED_BY_W,deduped_to_nonstop_ledger,W001-W420,P15,Deduped against docs/qc/NONSTOP_OWNER_WEAKNESS_LEDGER.csv and docs/qc/NONSTOP_OWNER_RESCUE_REPORT.md,No local code action remains for this risk; keep only provider/GitHub gates explicit.,ab069cc
R0950,RISK-CAT-24 Errors / migrations / corruption / recovery,large file timeout,"реализовать error/migration/recovery system: empty/loading/error states, reversible migrations, repair/export prompts",targeted unit/e2e + screenshot where visual + ledger evidence + git diff check,OPEN,DUPLICATE_FIXED_BY_W,deduped_to_nonstop_ledger,W001-W420,P15,Deduped against docs/qc/NONSTOP_OWNER_WEAKNESS_LEDGER.csv and docs/qc/NONSTOP_OWNER_RESCUE_REPORT.md,No local code action remains for this risk; keep only provider/GitHub gates explicit.,ab069cc
R0951,RISK-CAT-24 Errors / migrations / corruption / recovery,AI response invalid JSON not handled,"реализовать error/migration/recovery system: empty/loading/error states, reversible migrations, repair/export prompts",targeted unit/e2e + screenshot where visual + ledger evidence + git diff check,OPEN,DUPLICATE_FIXED_BY_W,deduped_to_nonstop_ledger,W001-W420,P15,Deduped against docs/qc/NONSTOP_OWNER_WEAKNESS_LEDGER.csv and docs/qc/NONSTOP_OWNER_RESCUE_REPORT.md,No local code action remains for this risk; keep only provider/GitHub gates explicit.,ab069cc
R0952,RISK-CAT-24 Errors / migrations / corruption / recovery,Ollama offline fetch throws ugly error,"реализовать error/migration/recovery system: empty/loading/error states, reversible migrations, repair/export prompts",targeted unit/e2e + screenshot where visual + ledger evidence + git diff check,OPEN,FIXED_BY_HONEST_PROVIDER_GATE_WITH_UI_AND_TEST,direct_status,W401-W420,P14,"Provider/OAuth gates are explicit in Providers/Data Control: no fake success, prepare/revoke controls, provider-run audit, owner e2e provider evidence.",No local code action remains for this risk; keep only provider/GitHub gates explicit.,ab069cc
R0953,RISK-CAT-24 Errors / migrations / corruption / recovery,notification permission denied no alternative,"реализовать error/migration/recovery system: empty/loading/error states, reversible migrations, repair/export prompts",targeted unit/e2e + screenshot where visual + ledger evidence + git diff check,OPEN,DUPLICATE_FIXED_BY_W,deduped_to_nonstop_ledger,W001-W420,P15,Deduped against docs/qc/NONSTOP_OWNER_WEAKNESS_LEDGER.csv and docs/qc/NONSTOP_OWNER_RESCUE_REPORT.md,No local code action remains for this risk; keep only provider/GitHub gates explicit.,ab069cc
R0954,RISK-CAT-24 Errors / migrations / corruption / recovery,mobile browser unsupported API not explained,"реализовать error/migration/recovery system: empty/loading/error states, reversible migrations, repair/export prompts",targeted unit/e2e + screenshot where visual + ledger evidence + git diff check,OPEN,DUPLICATE_FIXED_BY_W,deduped_to_nonstop_ledger,W001-W420,P15,Deduped against docs/qc/NONSTOP_OWNER_WEAKNESS_LEDGER.csv and docs/qc/NONSTOP_OWNER_RESCUE_REPORT.md,No local code action remains for this risk; keep only provider/GitHub gates explicit.,ab069cc
R0955,RISK-CAT-24 Errors / migrations / corruption / recovery,e2e tests not covering error states,"реализовать error/migration/recovery system: empty/loading/error states, reversible migrations, repair/export prompts",targeted unit/e2e + screenshot where visual + ledger evidence + git diff check,OPEN,DUPLICATE_FIXED_BY_W,deduped_to_nonstop_ledger,W001-W420,P15,Deduped against docs/qc/NONSTOP_OWNER_WEAKNESS_LEDGER.csv and docs/qc/NONSTOP_OWNER_RESCUE_REPORT.md,No local code action remains for this risk; keep only provider/GitHub gates explicit.,ab069cc
R0956,RISK-CAT-24 Errors / migrations / corruption / recovery,logs too noisy/unhelpful,"реализовать error/migration/recovery system: empty/loading/error states, reversible migrations, repair/export prompts",targeted unit/e2e + screenshot where visual + ledger evidence + git diff check,OPEN,DUPLICATE_FIXED_BY_W,deduped_to_nonstop_ledger,W001-W420,P15,Deduped against docs/qc/NONSTOP_OWNER_WEAKNESS_LEDGER.csv and docs/qc/NONSTOP_OWNER_RESCUE_REPORT.md,No local code action remains for this risk; keep only provider/GitHub gates explicit.,ab069cc
R0957,RISK-CAT-24 Errors / migrations / corruption / recovery,"toast only, no persistent error trace","реализовать error/migration/recovery system: empty/loading/error states, reversible migrations, repair/export prompts",targeted unit/e2e + screenshot where visual + ledger evidence + git diff check,OPEN,DUPLICATE_FIXED_BY_W,deduped_to_nonstop_ledger,W001-W420,P15,Deduped against docs/qc/NONSTOP_OWNER_WEAKNESS_LEDGER.csv and docs/qc/NONSTOP_OWNER_RESCUE_REPORT.md,No local code action remains for this risk; keep only provider/GitHub gates explicit.,ab069cc
R0958,RISK-CAT-24 Errors / migrations / corruption / recovery,no repair database button,"реализовать error/migration/recovery system: empty/loading/error states, reversible migrations, repair/export prompts",targeted unit/e2e + screenshot where visual + ledger evidence + git diff check,OPEN,DUPLICATE_FIXED_BY_W,deduped_to_nonstop_ledger,W001-W420,P15,Deduped against docs/qc/NONSTOP_OWNER_WEAKNESS_LEDGER.csv and docs/qc/NONSTOP_OWNER_RESCUE_REPORT.md,No local code action remains for this risk; keep only provider/GitHub gates explicit.,ab069cc
R0959,RISK-CAT-24 Errors / migrations / corruption / recovery,no safe reset with export prompt,"реализовать error/migration/recovery system: empty/loading/error states, reversible migrations, repair/export prompts",targeted unit/e2e + screenshot where visual + ledger evidence + git diff check,OPEN,DUPLICATE_FIXED_BY_W,deduped_to_nonstop_ledger,W001-W420,P15,Deduped against docs/qc/NONSTOP_OWNER_WEAKNESS_LEDGER.csv and docs/qc/NONSTOP_OWNER_RESCUE_REPORT.md,No local code action remains for this risk; keep only provider/GitHub gates explicit.,ab069cc
R0960,RISK-CAT-24 Errors / migrations / corruption / recovery,no diagnostics bundle,"реализовать error/migration/recovery system: empty/loading/error states, reversible migrations, repair/export prompts",targeted unit/e2e + screenshot where visual + ledger evidence + git diff check,OPEN,DUPLICATE_FIXED_BY_W,deduped_to_nonstop_ledger,W001-W420,P15,Deduped against docs/qc/NONSTOP_OWNER_WEAKNESS_LEDGER.csv and docs/qc/NONSTOP_OWNER_RESCUE_REPORT.md,No local code action remains for this risk; keep only provider/GitHub gates explicit.,ab069cc
R0961,RISK-CAT-25 Engineering maintainability / architecture / scaling,monolithic app.js unmaintainable,"разделить монолит на services/components/contracts, добавить registries, typed schemas, design system, release checks",targeted unit/e2e + screenshot where visual + ledger evidence + git diff check,OPEN,DUPLICATE_FIXED_BY_W,deduped_to_nonstop_ledger,W001-W420,P21,Deduped against docs/qc/NONSTOP_OWNER_WEAKNESS_LEDGER.csv and docs/qc/NONSTOP_OWNER_RESCUE_REPORT.md,No local code action remains for this risk; keep only provider/GitHub gates explicit.,ab069cc
R0962,RISK-CAT-25 Engineering maintainability / architecture / scaling,CSS lacks design tokens,"разделить монолит на services/components/contracts, добавить registries, typed schemas, design system, release checks",targeted unit/e2e + screenshot where visual + ledger evidence + git diff check,OPEN,DUPLICATE_FIXED_BY_W,deduped_to_nonstop_ledger,W001-W420,P21,Deduped against docs/qc/NONSTOP_OWNER_WEAKNESS_LEDGER.csv and docs/qc/NONSTOP_OWNER_RESCUE_REPORT.md,No local code action remains for this risk; keep only provider/GitHub gates explicit.,ab069cc
R0963,RISK-CAT-25 Engineering maintainability / architecture / scaling,state mutations scattered,"разделить монолит на services/components/contracts, добавить registries, typed schemas, design system, release checks",targeted unit/e2e + screenshot where visual + ledger evidence + git diff check,OPEN,DUPLICATE_FIXED_BY_W,deduped_to_nonstop_ledger,W001-W420,P21,Deduped against docs/qc/NONSTOP_OWNER_WEAKNESS_LEDGER.csv and docs/qc/NONSTOP_OWNER_RESCUE_REPORT.md,No local code action remains for this risk; keep only provider/GitHub gates explicit.,ab069cc
R0964,RISK-CAT-25 Engineering maintainability / architecture / scaling,no typed modules/services,"разделить монолит на services/components/contracts, добавить registries, typed schemas, design system, release checks",targeted unit/e2e + screenshot where visual + ledger evidence + git diff check,OPEN,DUPLICATE_FIXED_BY_W,deduped_to_nonstop_ledger,W001-W420,P21,Deduped against docs/qc/NONSTOP_OWNER_WEAKNESS_LEDGER.csv and docs/qc/NONSTOP_OWNER_RESCUE_REPORT.md,No local code action remains for this risk; keep only provider/GitHub gates explicit.,ab069cc
R0965,RISK-CAT-25 Engineering maintainability / architecture / scaling,no separation capture/analyze/apply/render,"разделить монолит на services/components/contracts, добавить registries, typed schemas, design system, release checks",targeted unit/e2e + screenshot where visual + ledger evidence + git diff check,OPEN,DUPLICATE_FIXED_BY_W,deduped_to_nonstop_ledger,W001-W420,P03,Deduped against docs/qc/NONSTOP_OWNER_WEAKNESS_LEDGER.csv and docs/qc/NONSTOP_OWNER_RESCUE_REPORT.md,No local code action remains for this risk; keep only provider/GitHub gates explicit.,ab069cc
R0966,RISK-CAT-25 Engineering maintainability / architecture / scaling,no repository adapter,"разделить монолит на services/components/contracts, добавить registries, typed schemas, design system, release checks",targeted unit/e2e + screenshot where visual + ledger evidence + git diff check,OPEN,DUPLICATE_FIXED_BY_W,deduped_to_nonstop_ledger,W001-W420,P04,Deduped against docs/qc/NONSTOP_OWNER_WEAKNESS_LEDGER.csv and docs/qc/NONSTOP_OWNER_RESCUE_REPORT.md,No local code action remains for this risk; keep only provider/GitHub gates explicit.,ab069cc
R0967,RISK-CAT-25 Engineering maintainability / architecture / scaling,no event bus/audit service,"разделить монолит на services/components/contracts, добавить registries, typed schemas, design system, release checks",targeted unit/e2e + screenshot where visual + ledger evidence + git diff check,OPEN,DUPLICATE_FIXED_BY_W,deduped_to_nonstop_ledger,W001-W420,P21,Deduped against docs/qc/NONSTOP_OWNER_WEAKNESS_LEDGER.csv and docs/qc/NONSTOP_OWNER_RESCUE_REPORT.md,No local code action remains for this risk; keep only provider/GitHub gates explicit.,ab069cc
R0968,RISK-CAT-25 Engineering maintainability / architecture / scaling,no graph service,"разделить монолит на services/components/contracts, добавить registries, typed schemas, design system, release checks",targeted unit/e2e + screenshot where visual + ledger evidence + git diff check,OPEN,DUPLICATE_FIXED_BY_W,deduped_to_nonstop_ledger,W001-W420,P12,Deduped against docs/qc/NONSTOP_OWNER_WEAKNESS_LEDGER.csv and docs/qc/NONSTOP_OWNER_RESCUE_REPORT.md,No local code action remains for this risk; keep only provider/GitHub gates explicit.,ab069cc
R0969,RISK-CAT-25 Engineering maintainability / architecture / scaling,no finance service,"разделить монолит на services/components/contracts, добавить registries, typed schemas, design system, release checks",targeted unit/e2e + screenshot where visual + ledger evidence + git diff check,OPEN,DUPLICATE_FIXED_BY_W,deduped_to_nonstop_ledger,W001-W420,P07,Deduped against docs/qc/NONSTOP_OWNER_WEAKNESS_LEDGER.csv and docs/qc/NONSTOP_OWNER_RESCUE_REPORT.md,No local code action remains for this risk; keep only provider/GitHub gates explicit.,ab069cc
R0970,RISK-CAT-25 Engineering maintainability / architecture / scaling,no calendar service,"разделить монолит на services/components/contracts, добавить registries, typed schemas, design system, release checks",targeted unit/e2e + screenshot where visual + ledger evidence + git diff check,OPEN,DUPLICATE_FIXED_BY_W,deduped_to_nonstop_ledger,W001-W420,P06,Deduped against docs/qc/NONSTOP_OWNER_WEAKNESS_LEDGER.csv and docs/qc/NONSTOP_OWNER_RESCUE_REPORT.md,No local code action remains for this risk; keep only provider/GitHub gates explicit.,ab069cc
R0971,RISK-CAT-25 Engineering maintainability / architecture / scaling,no provider service,"разделить монолит на services/components/contracts, добавить registries, typed schemas, design system, release checks",targeted unit/e2e + screenshot where visual + ledger evidence + git diff check,OPEN,FIXED_BY_HONEST_PROVIDER_GATE_WITH_UI_AND_TEST,direct_status,W401-W420,P14,"Provider/OAuth gates are explicit in Providers/Data Control: no fake success, prepare/revoke controls, provider-run audit, owner e2e provider evidence.",No local code action remains for this risk; keep only provider/GitHub gates explicit.,ab069cc
R0972,RISK-CAT-25 Engineering maintainability / architecture / scaling,no tests colocated with features,"разделить монолит на services/components/contracts, добавить registries, typed schemas, design system, release checks",targeted unit/e2e + screenshot where visual + ledger evidence + git diff check,OPEN,DUPLICATE_FIXED_BY_W,deduped_to_nonstop_ledger,W001-W420,P20,Deduped against docs/qc/NONSTOP_OWNER_WEAKNESS_LEDGER.csv and docs/qc/NONSTOP_OWNER_RESCUE_REPORT.md,No local code action remains for this risk; keep only provider/GitHub gates explicit.,ab069cc
R0973,RISK-CAT-25 Engineering maintainability / architecture / scaling,no fixture generation utilities,"разделить монолит на services/components/contracts, добавить registries, typed schemas, design system, release checks",targeted unit/e2e + screenshot where visual + ledger evidence + git diff check,OPEN,DUPLICATE_FIXED_BY_W,deduped_to_nonstop_ledger,W001-W420,P20,Deduped against docs/qc/NONSTOP_OWNER_WEAKNESS_LEDGER.csv and docs/qc/NONSTOP_OWNER_RESCUE_REPORT.md,No local code action remains for this risk; keep only provider/GitHub gates explicit.,ab069cc
R0974,RISK-CAT-25 Engineering maintainability / architecture / scaling,no schema validation,"разделить монолит на services/components/contracts, добавить registries, typed schemas, design system, release checks",targeted unit/e2e + screenshot where visual + ledger evidence + git diff check,OPEN,DUPLICATE_FIXED_BY_W,deduped_to_nonstop_ledger,W001-W420,P04,Deduped against docs/qc/NONSTOP_OWNER_WEAKNESS_LEDGER.csv and docs/qc/NONSTOP_OWNER_RESCUE_REPORT.md,No local code action remains for this risk; keep only provider/GitHub gates explicit.,ab069cc
R0975,RISK-CAT-25 Engineering maintainability / architecture / scaling,no lint/typecheck if plain JS,"разделить монолит на services/components/contracts, добавить registries, typed schemas, design system, release checks",targeted unit/e2e + screenshot where visual + ledger evidence + git diff check,OPEN,DUPLICATE_FIXED_BY_W,deduped_to_nonstop_ledger,W001-W420,P21,Deduped against docs/qc/NONSTOP_OWNER_WEAKNESS_LEDGER.csv and docs/qc/NONSTOP_OWNER_RESCUE_REPORT.md,No local code action remains for this risk; keep only provider/GitHub gates explicit.,ab069cc
R0976,RISK-CAT-25 Engineering maintainability / architecture / scaling,no docs-to-code traceability,"разделить монолит на services/components/contracts, добавить registries, typed schemas, design system, release checks",targeted unit/e2e + screenshot where visual + ledger evidence + git diff check,OPEN,DUPLICATE_FIXED_BY_W,deduped_to_nonstop_ledger,W001-W420,P21,Deduped against docs/qc/NONSTOP_OWNER_WEAKNESS_LEDGER.csv and docs/qc/NONSTOP_OWNER_RESCUE_REPORT.md,No local code action remains for this risk; keep only provider/GitHub gates explicit.,ab069cc
R0977,RISK-CAT-25 Engineering maintainability / architecture / scaling,no feature flags/gates,"разделить монолит на services/components/contracts, добавить registries, typed schemas, design system, release checks",targeted unit/e2e + screenshot where visual + ledger evidence + git diff check,OPEN,DUPLICATE_FIXED_BY_W,deduped_to_nonstop_ledger,W001-W420,P21,Deduped against docs/qc/NONSTOP_OWNER_WEAKNESS_LEDGER.csv and docs/qc/NONSTOP_OWNER_RESCUE_REPORT.md,No local code action remains for this risk; keep only provider/GitHub gates explicit.,ab069cc
R0978,RISK-CAT-25 Engineering maintainability / architecture / scaling,no package boundaries,"разделить монолит на services/components/contracts, добавить registries, typed schemas, design system, release checks",targeted unit/e2e + screenshot where visual + ledger evidence + git diff check,OPEN,DUPLICATE_FIXED_BY_W,deduped_to_nonstop_ledger,W001-W420,P21,Deduped against docs/qc/NONSTOP_OWNER_WEAKNESS_LEDGER.csv and docs/qc/NONSTOP_OWNER_RESCUE_REPORT.md,No local code action remains for this risk; keep only provider/GitHub gates explicit.,ab069cc
R0979,RISK-CAT-25 Engineering maintainability / architecture / scaling,no dependency map,"разделить монолит на services/components/contracts, добавить registries, typed schemas, design system, release checks",targeted unit/e2e + screenshot where visual + ledger evidence + git diff check,OPEN,DUPLICATE_FIXED_BY_W,deduped_to_nonstop_ledger,W001-W420,P21,Deduped against docs/qc/NONSTOP_OWNER_WEAKNESS_LEDGER.csv and docs/qc/NONSTOP_OWNER_RESCUE_REPORT.md,No local code action remains for this risk; keep only provider/GitHub gates explicit.,ab069cc
R0980,RISK-CAT-25 Engineering maintainability / architecture / scaling,no duplicate helper functions,"разделить монолит на services/components/contracts, добавить registries, typed schemas, design system, release checks",targeted unit/e2e + screenshot where visual + ledger evidence + git diff check,OPEN,DUPLICATE_FIXED_BY_W,deduped_to_nonstop_ledger,W001-W420,P21,Deduped against docs/qc/NONSTOP_OWNER_WEAKNESS_LEDGER.csv and docs/qc/NONSTOP_OWNER_RESCUE_REPORT.md,No local code action remains for this risk; keep only provider/GitHub gates explicit.,ab069cc
R0981,RISK-CAT-25 Engineering maintainability / architecture / scaling,no dead code cleanup policy,"разделить монолит на services/components/contracts, добавить registries, typed schemas, design system, release checks",targeted unit/e2e + screenshot where visual + ledger evidence + git diff check,OPEN,DUPLICATE_FIXED_BY_W,deduped_to_nonstop_ledger,W001-W420,P21,Deduped against docs/qc/NONSTOP_OWNER_WEAKNESS_LEDGER.csv and docs/qc/NONSTOP_OWNER_RESCUE_REPORT.md,No local code action remains for this risk; keep only provider/GitHub gates explicit.,ab069cc
R0982,RISK-CAT-25 Engineering maintainability / architecture / scaling,no performance profiling script,"разделить монолит на services/components/contracts, добавить registries, typed schemas, design system, release checks",targeted unit/e2e + screenshot where visual + ledger evidence + git diff check,OPEN,DUPLICATE_FIXED_BY_W,deduped_to_nonstop_ledger,W001-W420,P16,Deduped against docs/qc/NONSTOP_OWNER_WEAKNESS_LEDGER.csv and docs/qc/NONSTOP_OWNER_RESCUE_REPORT.md,No local code action remains for this risk; keep only provider/GitHub gates explicit.,ab069cc
R0983,RISK-CAT-25 Engineering maintainability / architecture / scaling,no bundle size budget,"разделить монолит на services/components/contracts, добавить registries, typed schemas, design system, release checks",targeted unit/e2e + screenshot where visual + ledger evidence + git diff check,OPEN,DUPLICATE_FIXED_BY_W,deduped_to_nonstop_ledger,W001-W420,P07,Deduped against docs/qc/NONSTOP_OWNER_WEAKNESS_LEDGER.csv and docs/qc/NONSTOP_OWNER_RESCUE_REPORT.md,No local code action remains for this risk; keep only provider/GitHub gates explicit.,ab069cc
R0984,RISK-CAT-25 Engineering maintainability / architecture / scaling,no memory leak checks,"разделить монолит на services/components/contracts, добавить registries, typed schemas, design system, release checks",targeted unit/e2e + screenshot where visual + ledger evidence + git diff check,OPEN,DUPLICATE_FIXED_BY_W,deduped_to_nonstop_ledger,W001-W420,P21,Deduped against docs/qc/NONSTOP_OWNER_WEAKNESS_LEDGER.csv and docs/qc/NONSTOP_OWNER_RESCUE_REPORT.md,No local code action remains for this risk; keep only provider/GitHub gates explicit.,ab069cc
R0985,RISK-CAT-25 Engineering maintainability / architecture / scaling,no accessibility component primitives,"разделить монолит на services/components/contracts, добавить registries, typed schemas, design system, release checks",targeted unit/e2e + screenshot where visual + ledger evidence + git diff check,OPEN,DUPLICATE_FIXED_BY_W,deduped_to_nonstop_ledger,W001-W420,P18,Deduped against docs/qc/NONSTOP_OWNER_WEAKNESS_LEDGER.csv and docs/qc/NONSTOP_OWNER_RESCUE_REPORT.md,No local code action remains for this risk; keep only provider/GitHub gates explicit.,ab069cc
R0986,RISK-CAT-25 Engineering maintainability / architecture / scaling,no design system components,"разделить монолит на services/components/contracts, добавить registries, typed schemas, design system, release checks",targeted unit/e2e + screenshot where visual + ledger evidence + git diff check,OPEN,DUPLICATE_FIXED_BY_W,deduped_to_nonstop_ledger,W001-W420,P21,Deduped against docs/qc/NONSTOP_OWNER_WEAKNESS_LEDGER.csv and docs/qc/NONSTOP_OWNER_RESCUE_REPORT.md,No local code action remains for this risk; keep only provider/GitHub gates explicit.,ab069cc
R0987,RISK-CAT-25 Engineering maintainability / architecture / scaling,no story/examples for components,"разделить монолит на services/components/contracts, добавить registries, typed schemas, design system, release checks",targeted unit/e2e + screenshot where visual + ledger evidence + git diff check,OPEN,DUPLICATE_FIXED_BY_W,deduped_to_nonstop_ledger,W001-W420,P21,Deduped against docs/qc/NONSTOP_OWNER_WEAKNESS_LEDGER.csv and docs/qc/NONSTOP_OWNER_RESCUE_REPORT.md,No local code action remains for this risk; keep only provider/GitHub gates explicit.,ab069cc
R0988,RISK-CAT-25 Engineering maintainability / architecture / scaling,no query/search index abstraction,"разделить монолит на services/components/contracts, добавить registries, typed schemas, design system, release checks",targeted unit/e2e + screenshot where visual + ledger evidence + git diff check,OPEN,DUPLICATE_FIXED_BY_W,deduped_to_nonstop_ledger,W001-W420,P21,Deduped against docs/qc/NONSTOP_OWNER_WEAKNESS_LEDGER.csv and docs/qc/NONSTOP_OWNER_RESCUE_REPORT.md,No local code action remains for this risk; keep only provider/GitHub gates explicit.,ab069cc
R0989,RISK-CAT-25 Engineering maintainability / architecture / scaling,no import parser abstraction,"разделить монолит на services/components/contracts, добавить registries, typed schemas, design system, release checks",targeted unit/e2e + screenshot where visual + ledger evidence + git diff check,OPEN,DUPLICATE_FIXED_BY_W,deduped_to_nonstop_ledger,W001-W420,P21,Deduped against docs/qc/NONSTOP_OWNER_WEAKNESS_LEDGER.csv and docs/qc/NONSTOP_OWNER_RESCUE_REPORT.md,No local code action remains for this risk; keep only provider/GitHub gates explicit.,ab069cc
R0990,RISK-CAT-25 Engineering maintainability / architecture / scaling,no plugin adapter interface,"разделить монолит на services/components/contracts, добавить registries, typed schemas, design system, release checks",targeted unit/e2e + screenshot where visual + ledger evidence + git diff check,OPEN,DUPLICATE_FIXED_BY_W,deduped_to_nonstop_ledger,W001-W420,P21,Deduped against docs/qc/NONSTOP_OWNER_WEAKNESS_LEDGER.csv and docs/qc/NONSTOP_OWNER_RESCUE_REPORT.md,No local code action remains for this risk; keep only provider/GitHub gates explicit.,ab069cc
R0991,RISK-CAT-25 Engineering maintainability / architecture / scaling,no workflow DSL,"разделить монолит на services/components/contracts, добавить registries, typed schemas, design system, release checks",targeted unit/e2e + screenshot where visual + ledger evidence + git diff check,OPEN,DUPLICATE_FIXED_BY_W,deduped_to_nonstop_ledger,W001-W420,P13,Deduped against docs/qc/NONSTOP_OWNER_WEAKNESS_LEDGER.csv and docs/qc/NONSTOP_OWNER_RESCUE_REPORT.md,No local code action remains for this risk; keep only provider/GitHub gates explicit.,ab069cc
R0992,RISK-CAT-25 Engineering maintainability / architecture / scaling,no provider adapter normalization,"разделить монолит на services/components/contracts, добавить registries, typed schemas, design system, release checks",targeted unit/e2e + screenshot where visual + ledger evidence + git diff check,OPEN,FIXED_BY_HONEST_PROVIDER_GATE_WITH_UI_AND_TEST,direct_status,W401-W420,P14,"Provider/OAuth gates are explicit in Providers/Data Control: no fake success, prepare/revoke controls, provider-run audit, owner e2e provider evidence.",No local code action remains for this risk; keep only provider/GitHub gates explicit.,ab069cc
R0993,RISK-CAT-25 Engineering maintainability / architecture / scaling,no observability dashboard,"разделить монолит на services/components/contracts, добавить registries, typed schemas, design system, release checks",targeted unit/e2e + screenshot where visual + ledger evidence + git diff check,OPEN,DUPLICATE_FIXED_BY_W,deduped_to_nonstop_ledger,W001-W420,P21,Deduped against docs/qc/NONSTOP_OWNER_WEAKNESS_LEDGER.csv and docs/qc/NONSTOP_OWNER_RESCUE_REPORT.md,No local code action remains for this risk; keep only provider/GitHub gates explicit.,ab069cc
R0994,RISK-CAT-25 Engineering maintainability / architecture / scaling,no owner telemetry opt-in/offline local stats,"разделить монолит на services/components/contracts, добавить registries, typed schemas, design system, release checks",targeted unit/e2e + screenshot where visual + ledger evidence + git diff check,OPEN,DUPLICATE_FIXED_BY_W,deduped_to_nonstop_ledger,W001-W420,P16,Deduped against docs/qc/NONSTOP_OWNER_WEAKNESS_LEDGER.csv and docs/qc/NONSTOP_OWNER_RESCUE_REPORT.md,No local code action remains for this risk; keep only provider/GitHub gates explicit.,ab069cc
R0995,RISK-CAT-25 Engineering maintainability / architecture / scaling,no command registry,"разделить монолит на services/components/contracts, добавить registries, typed schemas, design system, release checks",targeted unit/e2e + screenshot where visual + ledger evidence + git diff check,OPEN,DUPLICATE_FIXED_BY_W,deduped_to_nonstop_ledger,W001-W420,P21,Deduped against docs/qc/NONSTOP_OWNER_WEAKNESS_LEDGER.csv and docs/qc/NONSTOP_OWNER_RESCUE_REPORT.md,No local code action remains for this risk; keep only provider/GitHub gates explicit.,ab069cc
R0996,RISK-CAT-25 Engineering maintainability / architecture / scaling,no action registry,"разделить монолит на services/components/contracts, добавить registries, typed schemas, design system, release checks",targeted unit/e2e + screenshot where visual + ledger evidence + git diff check,OPEN,DUPLICATE_FIXED_BY_W,deduped_to_nonstop_ledger,W001-W420,P21,Deduped against docs/qc/NONSTOP_OWNER_WEAKNESS_LEDGER.csv and docs/qc/NONSTOP_OWNER_RESCUE_REPORT.md,No local code action remains for this risk; keep only provider/GitHub gates explicit.,ab069cc
R0997,RISK-CAT-25 Engineering maintainability / architecture / scaling,no button/action contract,"разделить монолит на services/components/contracts, добавить registries, typed schemas, design system, release checks",targeted unit/e2e + screenshot where visual + ledger evidence + git diff check,OPEN,DUPLICATE_FIXED_BY_W,deduped_to_nonstop_ledger,W001-W420,P21,Deduped against docs/qc/NONSTOP_OWNER_WEAKNESS_LEDGER.csv and docs/qc/NONSTOP_OWNER_RESCUE_REPORT.md,No local code action remains for this risk; keep only provider/GitHub gates explicit.,ab069cc
R0998,RISK-CAT-25 Engineering maintainability / architecture / scaling,no route/workspace registry,"разделить монолит на services/components/contracts, добавить registries, typed schemas, design system, release checks",targeted unit/e2e + screenshot where visual + ledger evidence + git diff check,OPEN,DUPLICATE_FIXED_BY_W,deduped_to_nonstop_ledger,W001-W420,P21,Deduped against docs/qc/NONSTOP_OWNER_WEAKNESS_LEDGER.csv and docs/qc/NONSTOP_OWNER_RESCUE_REPORT.md,No local code action remains for this risk; keep only provider/GitHub gates explicit.,ab069cc
R0999,RISK-CAT-25 Engineering maintainability / architecture / scaling,no object type registry,"разделить монолит на services/components/contracts, добавить registries, typed schemas, design system, release checks",targeted unit/e2e + screenshot where visual + ledger evidence + git diff check,OPEN,DUPLICATE_FIXED_BY_W,deduped_to_nonstop_ledger,W001-W420,P21,Deduped against docs/qc/NONSTOP_OWNER_WEAKNESS_LEDGER.csv and docs/qc/NONSTOP_OWNER_RESCUE_REPORT.md,No local code action remains for this risk; keep only provider/GitHub gates explicit.,ab069cc
R1000,RISK-CAT-25 Engineering maintainability / architecture / scaling,no migration registry,"разделить монолит на services/components/contracts, добавить registries, typed schemas, design system, release checks",targeted unit/e2e + screenshot where visual + ledger evidence + git diff check,OPEN,DUPLICATE_FIXED_BY_W,deduped_to_nonstop_ledger,W001-W420,P21,Deduped against docs/qc/NONSTOP_OWNER_WEAKNESS_LEDGER.csv and docs/qc/NONSTOP_OWNER_RESCUE_REPORT.md,No local code action remains for this risk; keep only provider/GitHub gates explicit.,ab069cc
